match_key,year,round,home,away,team,player,tries,goals,fg1,fg2,date,url
1980-Round 1-Maroons-v-Blues,1980,Round 1,Maroons,Blues,Blues,Chris Anderson,0,0,0,0,8-Jul-1980,https://afltables.com/rl/soo/game1.html
1980-Round 1-Maroons-v-Blues,1980,Round 1,Maroons,Blues,Blues,Mick Cronin,0,2,0,0,8-Jul-1980,https://afltables.com/rl/soo/game1.html
1980-Round 1-Maroons-v-Blues,1980,Round 1,Maroons,Blues,Blues,Steve Rogers,0,0,0,0,8-Jul-1980,https://afltables.com/rl/soo/game1.html
1980-Round 1-Maroons-v-Blues,1980,Round 1,Maroons,Blues,Blues,Greg Brentnall,1,0,0,0,8-Jul-1980,https://afltables.com/rl/soo/game1.html
1980-Round 1-Maroons-v-Blues,1980,Round 1,Maroons,Blues,Blues,Alan Thompson,0,0,0,0,8-Jul-1980,https://afltables.com/rl/soo/game1.html
1980-Round 1-Maroons-v-Blues,1980,Round 1,Maroons,Blues,Blues,Tom Raudonikis,1,0,0,0,8-Jul-1980,https://afltables.com/rl/soo/game1.html
1980-Round 1-Maroons-v-Blues,1980,Round 1,Maroons,Blues,Blues,Jim Leis,0,0,0,0,8-Jul-1980,https://afltables.com/rl/soo/game1.html
1980-Round 1-Maroons-v-Blues,1980,Round 1,Maroons,Blues,Blues,Graeme Wynn,0,0,0,0,8-Jul-1980,https://afltables.com/rl/soo/game1.html
1980-Round 1-Maroons-v-Blues,1980,Round 1,Maroons,Blues,Blues,Bob Cooper,0,0,0,0,8-Jul-1980,https://afltables.com/rl/soo/game1.html
1980-Round 1-Maroons-v-Blues,1980,Round 1,Maroons,Blues,Blues,Craig Young,0,0,0,0,8-Jul-1980,https://afltables.com/rl/soo/game1.html
1980-Round 1-Maroons-v-Blues,1980,Round 1,Maroons,Blues,Blues,Steve Edge,0,0,0,0,8-Jul-1980,https://afltables.com/rl/soo/game1.html
1980-Round 1-Maroons-v-Blues,1980,Round 1,Maroons,Blues,Blues,Gary Hambly,0,0,0,0,8-Jul-1980,https://afltables.com/rl/soo/game1.html
1980-Round 1-Maroons-v-Blues,1980,Round 1,Maroons,Blues,Blues,Steve Martin,0,0,0,0,8-Jul-1980,https://afltables.com/rl/soo/game1.html
1980-Round 1-Maroons-v-Blues,1980,Round 1,Maroons,Blues,Blues,Robert Stone,0,0,0,0,8-Jul-1980,https://afltables.com/rl/soo/game1.html
1980-Round 1-Maroons-v-Blues,1980,Round 1,Maroons,Blues,Maroons,Kerry Boustead,1,0,0,0,8-Jul-1980,https://afltables.com/rl/soo/game1.html
1980-Round 1-Maroons-v-Blues,1980,Round 1,Maroons,Blues,Maroons,Mal Meninga,0,7,0,0,8-Jul-1980,https://afltables.com/rl/soo/game1.html
1980-Round 1-Maroons-v-Blues,1980,Round 1,Maroons,Blues,Maroons,Chris Close,1,0,0,0,8-Jul-1980,https://afltables.com/rl/soo/game1.html
1980-Round 1-Maroons-v-Blues,1980,Round 1,Maroons,Blues,Maroons,Brad Backer,0,0,0,0,8-Jul-1980,https://afltables.com/rl/soo/game1.html
1980-Round 1-Maroons-v-Blues,1980,Round 1,Maroons,Blues,Maroons,Alan Smith,0,0,0,0,8-Jul-1980,https://afltables.com/rl/soo/game1.html
1980-Round 1-Maroons-v-Blues,1980,Round 1,Maroons,Blues,Maroons,Greg Oliphant,0,0,0,0,8-Jul-1980,https://afltables.com/rl/soo/game1.html
1980-Round 1-Maroons-v-Blues,1980,Round 1,Maroons,Blues,Maroons,Wally Lewis,0,0,0,0,8-Jul-1980,https://afltables.com/rl/soo/game1.html
1980-Round 1-Maroons-v-Blues,1980,Round 1,Maroons,Blues,Maroons,Rod Reddy,0,0,0,0,8-Jul-1980,https://afltables.com/rl/soo/game1.html
1980-Round 1-Maroons-v-Blues,1980,Round 1,Maroons,Blues,Maroons,Rohan Hancock,0,0,0,0,8-Jul-1980,https://afltables.com/rl/soo/game1.html
1980-Round 1-Maroons-v-Blues,1980,Round 1,Maroons,Blues,Maroons,Arthur Beetson,0,0,0,0,8-Jul-1980,https://afltables.com/rl/soo/game1.html
1980-Round 1-Maroons-v-Blues,1980,Round 1,Maroons,Blues,Maroons,Johnny Lang,0,0,0,0,8-Jul-1980,https://afltables.com/rl/soo/game1.html
1980-Round 1-Maroons-v-Blues,1980,Round 1,Maroons,Blues,Maroons,Rod Morris,0,0,0,0,8-Jul-1980,https://afltables.com/rl/soo/game1.html
1980-Round 1-Maroons-v-Blues,1980,Round 1,Maroons,Blues,Maroons,Norm Carr,0,0,0,0,8-Jul-1980,https://afltables.com/rl/soo/game1.html
1980-Round 1-Maroons-v-Blues,1980,Round 1,Maroons,Blues,Maroons,Bruce Astill,0,0,0,0,8-Jul-1980,https://afltables.com/rl/soo/game1.html
1981-Round 1-Maroons-v-Blues,1981,Round 1,Maroons,Blues,Blues,Terry Fahey,0,0,0,0,28-Jul-1981,https://afltables.com/rl/soo/game2.html
1981-Round 1-Maroons-v-Blues,1981,Round 1,Maroons,Blues,Blues,Mick Cronin,1,3,0,0,28-Jul-1981,https://afltables.com/rl/soo/game2.html
1981-Round 1-Maroons-v-Blues,1981,Round 1,Maroons,Blues,Blues,Steve Rogers,0,0,0,0,28-Jul-1981,https://afltables.com/rl/soo/game2.html
1981-Round 1-Maroons-v-Blues,1981,Round 1,Maroons,Blues,Blues,Eric Grothe(P0),2,0,0,0,28-Jul-1981,https://afltables.com/rl/soo/game2.html
1981-Round 1-Maroons-v-Blues,1981,Round 1,Maroons,Blues,Blues,Terry Lamb,0,0,0,0,28-Jul-1981,https://afltables.com/rl/soo/game2.html
1981-Round 1-Maroons-v-Blues,1981,Round 1,Maroons,Blues,Blues,Peter Sterling,0,0,0,0,28-Jul-1981,https://afltables.com/rl/soo/game2.html
1981-Round 1-Maroons-v-Blues,1981,Round 1,Maroons,Blues,Blues,Ray Price,0,0,0,0,28-Jul-1981,https://afltables.com/rl/soo/game2.html
1981-Round 1-Maroons-v-Blues,1981,Round 1,Maroons,Blues,Blues,Les Boyd,0,0,0,0,28-Jul-1981,https://afltables.com/rl/soo/game2.html
1981-Round 1-Maroons-v-Blues,1981,Round 1,Maroons,Blues,Blues,Peter Tunks,0,0,0,0,28-Jul-1981,https://afltables.com/rl/soo/game2.html
1981-Round 1-Maroons-v-Blues,1981,Round 1,Maroons,Blues,Blues,Ron Hilditch,0,0,0,0,28-Jul-1981,https://afltables.com/rl/soo/game2.html
1981-Round 1-Maroons-v-Blues,1981,Round 1,Maroons,Blues,Blues,Barry Jensen,0,0,0,0,28-Jul-1981,https://afltables.com/rl/soo/game2.html
1981-Round 1-Maroons-v-Blues,1981,Round 1,Maroons,Blues,Blues,Steve Bowden,0,0,0,0,28-Jul-1981,https://afltables.com/rl/soo/game2.html
1981-Round 1-Maroons-v-Blues,1981,Round 1,Maroons,Blues,Blues,Garry Dowling,0,0,0,0,28-Jul-1981,https://afltables.com/rl/soo/game2.html
1981-Round 1-Maroons-v-Blues,1981,Round 1,Maroons,Blues,Blues,Graeme O'Grady,0,0,0,0,28-Jul-1981,https://afltables.com/rl/soo/game2.html
1981-Round 1-Maroons-v-Blues,1981,Round 1,Maroons,Blues,Maroons,Brad Backer,1,0,0,0,28-Jul-1981,https://afltables.com/rl/soo/game2.html
1981-Round 1-Maroons-v-Blues,1981,Round 1,Maroons,Blues,Maroons,Mal Meninga,1,5,0,0,28-Jul-1981,https://afltables.com/rl/soo/game2.html
1981-Round 1-Maroons-v-Blues,1981,Round 1,Maroons,Blues,Maroons,Chris Close,1,0,0,0,28-Jul-1981,https://afltables.com/rl/soo/game2.html
1981-Round 1-Maroons-v-Blues,1981,Round 1,Maroons,Blues,Maroons,Mitch Brennan,0,0,0,0,28-Jul-1981,https://afltables.com/rl/soo/game2.html
1981-Round 1-Maroons-v-Blues,1981,Round 1,Maroons,Blues,Maroons,Wally Lewis,1,0,0,0,28-Jul-1981,https://afltables.com/rl/soo/game2.html
1981-Round 1-Maroons-v-Blues,1981,Round 1,Maroons,Blues,Maroons,Ross Henrick,0,0,0,0,28-Jul-1981,https://afltables.com/rl/soo/game2.html
1981-Round 1-Maroons-v-Blues,1981,Round 1,Maroons,Blues,Maroons,Chris Phelan,0,0,0,0,28-Jul-1981,https://afltables.com/rl/soo/game2.html
1981-Round 1-Maroons-v-Blues,1981,Round 1,Maroons,Blues,Maroons,Paul McCabe,0,0,0,0,28-Jul-1981,https://afltables.com/rl/soo/game2.html
1981-Round 1-Maroons-v-Blues,1981,Round 1,Maroons,Blues,Maroons,Rohan Hancock,0,0,0,0,28-Jul-1981,https://afltables.com/rl/soo/game2.html
1981-Round 1-Maroons-v-Blues,1981,Round 1,Maroons,Blues,Maroons,Rod Morris,0,0,0,0,28-Jul-1981,https://afltables.com/rl/soo/game2.html
1981-Round 1-Maroons-v-Blues,1981,Round 1,Maroons,Blues,Maroons,Greg Conescu,0,0,0,0,28-Jul-1981,https://afltables.com/rl/soo/game2.html
1981-Round 1-Maroons-v-Blues,1981,Round 1,Maroons,Blues,Maroons,Paul Khan,0,0,0,0,28-Jul-1981,https://afltables.com/rl/soo/game2.html
1981-Round 1-Maroons-v-Blues,1981,Round 1,Maroons,Blues,Maroons,Norm Carr,0,0,0,0,28-Jul-1981,https://afltables.com/rl/soo/game2.html
1981-Round 1-Maroons-v-Blues,1981,Round 1,Maroons,Blues,Maroons,Mark Murray,0,0,0,0,28-Jul-1981,https://afltables.com/rl/soo/game2.html
1982-Game 1-Maroons-v-Blues,1982,Game 1,Maroons,Blues,Blues,Chris Anderson,0,0,0,0,1-Jun-1982,https://afltables.com/rl/soo/game3.html
1982-Game 1-Maroons-v-Blues,1982,Game 1,Maroons,Blues,Blues,Mick Cronin,0,4,0,0,1-Jun-1982,https://afltables.com/rl/soo/game3.html
1982-Game 1-Maroons-v-Blues,1982,Game 1,Maroons,Blues,Blues,Steve Rogers,0,0,0,0,1-Jun-1982,https://afltables.com/rl/soo/game3.html
1982-Game 1-Maroons-v-Blues,1982,Game 1,Maroons,Blues,Blues,Ziggy Niszczot,2,0,0,0,1-Jun-1982,https://afltables.com/rl/soo/game3.html
1982-Game 1-Maroons-v-Blues,1982,Game 1,Maroons,Blues,Blues,Alan Thompson,0,0,0,0,1-Jun-1982,https://afltables.com/rl/soo/game3.html
1982-Game 1-Maroons-v-Blues,1982,Game 1,Maroons,Blues,Blues,Steve Mortimer,1,0,0,0,1-Jun-1982,https://afltables.com/rl/soo/game3.html
1982-Game 1-Maroons-v-Blues,1982,Game 1,Maroons,Blues,Blues,Ray Price,0,0,0,0,1-Jun-1982,https://afltables.com/rl/soo/game3.html
1982-Game 1-Maroons-v-Blues,1982,Game 1,Maroons,Blues,Blues,John Muggleton,0,0,0,0,1-Jun-1982,https://afltables.com/rl/soo/game3.html
1982-Game 1-Maroons-v-Blues,1982,Game 1,Maroons,Blues,Blues,Tony Rampling,0,0,0,0,1-Jun-1982,https://afltables.com/rl/soo/game3.html
1982-Game 1-Maroons-v-Blues,1982,Game 1,Maroons,Blues,Blues,Craig Young,0,0,0,0,1-Jun-1982,https://afltables.com/rl/soo/game3.html
1982-Game 1-Maroons-v-Blues,1982,Game 1,Maroons,Blues,Blues,Max Krilich,0,0,0,0,1-Jun-1982,https://afltables.com/rl/soo/game3.html
1982-Game 1-Maroons-v-Blues,1982,Game 1,Maroons,Blues,Blues,John Coveney,0,0,0,0,1-Jun-1982,https://afltables.com/rl/soo/game3.html
1982-Game 1-Maroons-v-Blues,1982,Game 1,Maroons,Blues,Blues,Brad Izzard,1,0,0,0,1-Jun-1982,https://afltables.com/rl/soo/game3.html
1982-Game 1-Maroons-v-Blues,1982,Game 1,Maroons,Blues,Blues,Royce Ayliffe,0,0,0,0,1-Jun-1982,https://afltables.com/rl/soo/game3.html
1982-Game 1-Maroons-v-Blues,1982,Game 1,Maroons,Blues,Maroons,John Ribot,1,0,0,0,1-Jun-1982,https://afltables.com/rl/soo/game3.html
1982-Game 1-Maroons-v-Blues,1982,Game 1,Maroons,Blues,Maroons,Mitch Brennan,1,0,0,0,1-Jun-1982,https://afltables.com/rl/soo/game3.html
1982-Game 1-Maroons-v-Blues,1982,Game 1,Maroons,Blues,Maroons,Mal Meninga,0,5,0,0,1-Jun-1982,https://afltables.com/rl/soo/game3.html
1982-Game 1-Maroons-v-Blues,1982,Game 1,Maroons,Blues,Maroons,Kerry Boustead,0,0,0,0,1-Jun-1982,https://afltables.com/rl/soo/game3.html
1982-Game 1-Maroons-v-Blues,1982,Game 1,Maroons,Blues,Maroons,Wally Lewis,0,0,0,0,1-Jun-1982,https://afltables.com/rl/soo/game3.html
1982-Game 1-Maroons-v-Blues,1982,Game 1,Maroons,Blues,Maroons,Mark Murray,0,0,0,0,1-Jun-1982,https://afltables.com/rl/soo/game3.html
1982-Game 1-Maroons-v-Blues,1982,Game 1,Maroons,Blues,Maroons,Paul Vautin,0,0,0,0,1-Jun-1982,https://afltables.com/rl/soo/game3.html
1982-Game 1-Maroons-v-Blues,1982,Game 1,Maroons,Blues,Maroons,Paul McCabe,0,0,0,0,1-Jun-1982,https://afltables.com/rl/soo/game3.html
1982-Game 1-Maroons-v-Blues,1982,Game 1,Maroons,Blues,Maroons,Bruce Walker,0,0,0,0,1-Jun-1982,https://afltables.com/rl/soo/game3.html
1982-Game 1-Maroons-v-Blues,1982,Game 1,Maroons,Blues,Maroons,Rohan Hancock,0,0,0,0,1-Jun-1982,https://afltables.com/rl/soo/game3.html
1982-Game 1-Maroons-v-Blues,1982,Game 1,Maroons,Blues,Maroons,John Dowling,0,0,0,0,1-Jun-1982,https://afltables.com/rl/soo/game3.html
1982-Game 1-Maroons-v-Blues,1982,Game 1,Maroons,Blues,Maroons,Paul Khan,0,0,0,0,1-Jun-1982,https://afltables.com/rl/soo/game3.html
1982-Game 1-Maroons-v-Blues,1982,Game 1,Maroons,Blues,Maroons,Bob Kellaway,0,0,0,0,1-Jun-1982,https://afltables.com/rl/soo/game3.html
1982-Game 1-Maroons-v-Blues,1982,Game 1,Maroons,Blues,Maroons,Gene Miles,0,0,0,0,1-Jun-1982,https://afltables.com/rl/soo/game3.html
1982-Game 2-Maroons-v-Blues,1982,Game 2,Maroons,Blues,Blues,Ziggy Niszczot,0,0,0,0,8-Jun-1982,https://afltables.com/rl/soo/game4.html
1982-Game 2-Maroons-v-Blues,1982,Game 2,Maroons,Blues,Blues,Steve Rogers,0,0,0,0,8-Jun-1982,https://afltables.com/rl/soo/game4.html
1982-Game 2-Maroons-v-Blues,1982,Game 2,Maroons,Blues,Blues,Brad Izzard,1,0,0,0,8-Jun-1982,https://afltables.com/rl/soo/game4.html
1982-Game 2-Maroons-v-Blues,1982,Game 2,Maroons,Blues,Blues,Tony Melrose,0,2,0,0,8-Jun-1982,https://afltables.com/rl/soo/game4.html
1982-Game 2-Maroons-v-Blues,1982,Game 2,Maroons,Blues,Blues,Alan Thompson,0,0,0,0,8-Jun-1982,https://afltables.com/rl/soo/game4.html
1982-Game 2-Maroons-v-Blues,1982,Game 2,Maroons,Blues,Blues,Steve Mortimer,0,0,0,0,8-Jun-1982,https://afltables.com/rl/soo/game4.html
1982-Game 2-Maroons-v-Blues,1982,Game 2,Maroons,Blues,Blues,Ray Price,0,0,0,0,8-Jun-1982,https://afltables.com/rl/soo/game4.html
1982-Game 2-Maroons-v-Blues,1982,Game 2,Maroons,Blues,Blues,Tony Rampling,0,0,0,0,8-Jun-1982,https://afltables.com/rl/soo/game4.html
1982-Game 2-Maroons-v-Blues,1982,Game 2,Maroons,Blues,Blues,John Muggleton,0,0,0,0,8-Jun-1982,https://afltables.com/rl/soo/game4.html
1982-Game 2-Maroons-v-Blues,1982,Game 2,Maroons,Blues,Blues,Craig Young,0,0,0,0,8-Jun-1982,https://afltables.com/rl/soo/game4.html
1982-Game 2-Maroons-v-Blues,1982,Game 2,Maroons,Blues,Blues,Max Krilich,0,0,0,0,8-Jun-1982,https://afltables.com/rl/soo/game4.html
1982-Game 2-Maroons-v-Blues,1982,Game 2,Maroons,Blues,Blues,John Coveney,0,0,0,0,8-Jun-1982,https://afltables.com/rl/soo/game4.html
1982-Game 2-Maroons-v-Blues,1982,Game 2,Maroons,Blues,Blues,Brett Kenny,0,0,0,0,8-Jun-1982,https://afltables.com/rl/soo/game4.html
1982-Game 2-Maroons-v-Blues,1982,Game 2,Maroons,Blues,Blues,Royce Ayliffe,0,0,0,0,8-Jun-1982,https://afltables.com/rl/soo/game4.html
1982-Game 2-Maroons-v-Blues,1982,Game 2,Maroons,Blues,Maroons,John Ribot,1,0,0,0,8-Jun-1982,https://afltables.com/rl/soo/game4.html
1982-Game 2-Maroons-v-Blues,1982,Game 2,Maroons,Blues,Maroons,Gene Miles,1,0,0,0,8-Jun-1982,https://afltables.com/rl/soo/game4.html
1982-Game 2-Maroons-v-Blues,1982,Game 2,Maroons,Blues,Maroons,Greg Quinn,0,0,0,0,8-Jun-1982,https://afltables.com/rl/soo/game4.html
1982-Game 2-Maroons-v-Blues,1982,Game 2,Maroons,Blues,Maroons,Brad Backer,0,0,0,0,8-Jun-1982,https://afltables.com/rl/soo/game4.html
1982-Game 2-Maroons-v-Blues,1982,Game 2,Maroons,Blues,Maroons,Wally Lewis,0,0,0,0,8-Jun-1982,https://afltables.com/rl/soo/game4.html
1982-Game 2-Maroons-v-Blues,1982,Game 2,Maroons,Blues,Maroons,Mark Murray,0,0,0,0,8-Jun-1982,https://afltables.com/rl/soo/game4.html
1982-Game 2-Maroons-v-Blues,1982,Game 2,Maroons,Blues,Maroons,Norm Carr,0,0,0,0,8-Jun-1982,https://afltables.com/rl/soo/game4.html
1982-Game 2-Maroons-v-Blues,1982,Game 2,Maroons,Blues,Maroons,Rohan Hancock,0,0,0,0,8-Jun-1982,https://afltables.com/rl/soo/game4.html
1982-Game 2-Maroons-v-Blues,1982,Game 2,Maroons,Blues,Maroons,Paul McCabe,0,0,0,0,8-Jun-1982,https://afltables.com/rl/soo/game4.html
1982-Game 2-Maroons-v-Blues,1982,Game 2,Maroons,Blues,Maroons,Paul Khan,0,0,0,0,8-Jun-1982,https://afltables.com/rl/soo/game4.html
1982-Game 2-Maroons-v-Blues,1982,Game 2,Maroons,Blues,Maroons,John Dowling,0,0,0,0,8-Jun-1982,https://afltables.com/rl/soo/game4.html
1982-Game 2-Maroons-v-Blues,1982,Game 2,Maroons,Blues,Maroons,Rod Morris,0,0,0,0,8-Jun-1982,https://afltables.com/rl/soo/game4.html
1982-Game 2-Maroons-v-Blues,1982,Game 2,Maroons,Blues,Maroons,Greg Holben,0,0,0,0,8-Jun-1982,https://afltables.com/rl/soo/game4.html
1982-Game 2-Maroons-v-Blues,1982,Game 2,Maroons,Blues,Maroons,Paul Vautin,1,0,0,0,8-Jun-1982,https://afltables.com/rl/soo/game4.html
1982-Game 3-Blues-v-Maroons,1982,Game 3,Blues,Maroons,Blues,Phillip Duke,1,0,0,0,22-Jun-1982,https://afltables.com/rl/soo/game5.html
1982-Game 3-Blues-v-Maroons,1982,Game 3,Blues,Maroons,Blues,Brad Izzard,0,0,0,0,22-Jun-1982,https://afltables.com/rl/soo/game5.html
1982-Game 3-Blues-v-Maroons,1982,Game 3,Blues,Maroons,Blues,Mick Cronin,0,1,0,0,22-Jun-1982,https://afltables.com/rl/soo/game5.html
1982-Game 3-Blues-v-Maroons,1982,Game 3,Blues,Maroons,Blues,Terry Fahey,0,0,0,0,22-Jun-1982,https://afltables.com/rl/soo/game5.html
1982-Game 3-Blues-v-Maroons,1982,Game 3,Blues,Maroons,Blues,Brett Kenny,0,0,0,0,22-Jun-1982,https://afltables.com/rl/soo/game5.html
1982-Game 3-Blues-v-Maroons,1982,Game 3,Blues,Maroons,Blues,Steve Mortimer,0,0,0,0,22-Jun-1982,https://afltables.com/rl/soo/game5.html
1982-Game 3-Blues-v-Maroons,1982,Game 3,Blues,Maroons,Blues,Ray Price,0,0,0,0,22-Jun-1982,https://afltables.com/rl/soo/game5.html
1982-Game 3-Blues-v-Maroons,1982,Game 3,Blues,Maroons,Blues,Les Boyd,0,0,0,0,22-Jun-1982,https://afltables.com/rl/soo/game5.html
1982-Game 3-Blues-v-Maroons,1982,Game 3,Blues,Maroons,Blues,Paul Merlo,0,0,0,0,22-Jun-1982,https://afltables.com/rl/soo/game5.html
1982-Game 3-Blues-v-Maroons,1982,Game 3,Blues,Maroons,Blues,Royce Ayliffe,0,0,0,0,22-Jun-1982,https://afltables.com/rl/soo/game5.html
1982-Game 3-Blues-v-Maroons,1982,Game 3,Blues,Maroons,Blues,Max Krilich,0,0,0,0,22-Jun-1982,https://afltables.com/rl/soo/game5.html
1982-Game 3-Blues-v-Maroons,1982,Game 3,Blues,Maroons,Blues,Don McKinnon,0,0,0,0,22-Jun-1982,https://afltables.com/rl/soo/game5.html
1982-Game 3-Blues-v-Maroons,1982,Game 3,Blues,Maroons,Blues,Alan Thompson,0,0,0,0,22-Jun-1982,https://afltables.com/rl/soo/game5.html
1982-Game 3-Blues-v-Maroons,1982,Game 3,Blues,Maroons,Blues,Craig Young,0,0,0,0,22-Jun-1982,https://afltables.com/rl/soo/game5.html
1982-Game 3-Blues-v-Maroons,1982,Game 3,Blues,Maroons,Maroons,Kerry Boustead,0,0,0,0,22-Jun-1982,https://afltables.com/rl/soo/game5.html
1982-Game 3-Blues-v-Maroons,1982,Game 3,Blues,Maroons,Maroons,Gene Miles,0,0,0,0,22-Jun-1982,https://afltables.com/rl/soo/game5.html
1982-Game 3-Blues-v-Maroons,1982,Game 3,Blues,Maroons,Maroons,Mal Meninga,0,2,0,0,22-Jun-1982,https://afltables.com/rl/soo/game5.html
1982-Game 3-Blues-v-Maroons,1982,Game 3,Blues,Maroons,Maroons,John Ribot,0,0,0,0,22-Jun-1982,https://afltables.com/rl/soo/game5.html
1982-Game 3-Blues-v-Maroons,1982,Game 3,Blues,Maroons,Maroons,Wally Lewis,1,0,0,0,22-Jun-1982,https://afltables.com/rl/soo/game5.html
1982-Game 3-Blues-v-Maroons,1982,Game 3,Blues,Maroons,Maroons,Mark Murray,0,0,0,0,22-Jun-1982,https://afltables.com/rl/soo/game5.html
1982-Game 3-Blues-v-Maroons,1982,Game 3,Blues,Maroons,Maroons,Norm Carr,0,0,0,0,22-Jun-1982,https://afltables.com/rl/soo/game5.html
1982-Game 3-Blues-v-Maroons,1982,Game 3,Blues,Maroons,Maroons,Rohan Hancock,1,0,0,0,22-Jun-1982,https://afltables.com/rl/soo/game5.html
1982-Game 3-Blues-v-Maroons,1982,Game 3,Blues,Maroons,Maroons,Paul McCabe,0,0,0,0,22-Jun-1982,https://afltables.com/rl/soo/game5.html
1982-Game 3-Blues-v-Maroons,1982,Game 3,Blues,Maroons,Maroons,Rod Morris,0,0,0,0,22-Jun-1982,https://afltables.com/rl/soo/game5.html
1982-Game 3-Blues-v-Maroons,1982,Game 3,Blues,Maroons,Maroons,John Dowling,0,0,0,0,22-Jun-1982,https://afltables.com/rl/soo/game5.html
1982-Game 3-Blues-v-Maroons,1982,Game 3,Blues,Maroons,Maroons,Paul Khan,0,0,0,0,22-Jun-1982,https://afltables.com/rl/soo/game5.html
1982-Game 3-Blues-v-Maroons,1982,Game 3,Blues,Maroons,Maroons,Tony Currie,0,0,0,0,22-Jun-1982,https://afltables.com/rl/soo/game5.html
1982-Game 3-Blues-v-Maroons,1982,Game 3,Blues,Maroons,Maroons,Paul Vautin,0,0,0,0,22-Jun-1982,https://afltables.com/rl/soo/game5.html
1983-Game 1-Maroons-v-Blues,1983,Game 1,Maroons,Blues,Blues,Chris Anderson,0,0,0,0,7-Jun-1983,https://afltables.com/rl/soo/game6.html
1983-Game 1-Maroons-v-Blues,1983,Game 1,Maroons,Blues,Blues,Phil Sigsworth,0,2,0,0,7-Jun-1983,https://afltables.com/rl/soo/game6.html
1983-Game 1-Maroons-v-Blues,1983,Game 1,Maroons,Blues,Blues,Brett Kenny,0,0,0,0,7-Jun-1983,https://afltables.com/rl/soo/game6.html
1983-Game 1-Maroons-v-Blues,1983,Game 1,Maroons,Blues,Blues,Eric Grothe(P0),1,0,0,0,7-Jun-1983,https://afltables.com/rl/soo/game6.html
1983-Game 1-Maroons-v-Blues,1983,Game 1,Maroons,Blues,Blues,Alan Thompson,0,0,0,0,7-Jun-1983,https://afltables.com/rl/soo/game6.html
1983-Game 1-Maroons-v-Blues,1983,Game 1,Maroons,Blues,Blues,Peter Sterling,0,0,0,0,7-Jun-1983,https://afltables.com/rl/soo/game6.html
1983-Game 1-Maroons-v-Blues,1983,Game 1,Maroons,Blues,Blues,Ray Price,0,0,0,0,7-Jun-1983,https://afltables.com/rl/soo/game6.html
1983-Game 1-Maroons-v-Blues,1983,Game 1,Maroons,Blues,Blues,Wayne Pearce,0,0,0,0,7-Jun-1983,https://afltables.com/rl/soo/game6.html
1983-Game 1-Maroons-v-Blues,1983,Game 1,Maroons,Blues,Blues,Les Boyd,0,0,0,0,7-Jun-1983,https://afltables.com/rl/soo/game6.html
1983-Game 1-Maroons-v-Blues,1983,Game 1,Maroons,Blues,Blues,Geoff Bugden,0,0,0,0,7-Jun-1983,https://afltables.com/rl/soo/game6.html
1983-Game 1-Maroons-v-Blues,1983,Game 1,Maroons,Blues,Blues,Max Krilich,0,0,0,0,7-Jun-1983,https://afltables.com/rl/soo/game6.html
1983-Game 1-Maroons-v-Blues,1983,Game 1,Maroons,Blues,Blues,Geoff Gerard,0,0,0,0,7-Jun-1983,https://afltables.com/rl/soo/game6.html
1983-Game 1-Maroons-v-Blues,1983,Game 1,Maroons,Blues,Blues,Steve Ella,1,0,0,0,7-Jun-1983,https://afltables.com/rl/soo/game6.html
1983-Game 1-Maroons-v-Blues,1983,Game 1,Maroons,Blues,Blues,Ray Brown,0,0,0,0,7-Jun-1983,https://afltables.com/rl/soo/game6.html
1983-Game 1-Maroons-v-Blues,1983,Game 1,Maroons,Blues,Maroons,John Ribot,0,0,0,0,7-Jun-1983,https://afltables.com/rl/soo/game6.html
1983-Game 1-Maroons-v-Blues,1983,Game 1,Maroons,Blues,Maroons,Mal Meninga,0,6,0,0,7-Jun-1983,https://afltables.com/rl/soo/game6.html
1983-Game 1-Maroons-v-Blues,1983,Game 1,Maroons,Blues,Maroons,Gene Miles,0,0,0,0,7-Jun-1983,https://afltables.com/rl/soo/game6.html
1983-Game 1-Maroons-v-Blues,1983,Game 1,Maroons,Blues,Maroons,Steve Stacey,0,0,0,0,7-Jun-1983,https://afltables.com/rl/soo/game6.html
1983-Game 1-Maroons-v-Blues,1983,Game 1,Maroons,Blues,Maroons,Wally Lewis,2,0,0,0,7-Jun-1983,https://afltables.com/rl/soo/game6.html
1983-Game 1-Maroons-v-Blues,1983,Game 1,Maroons,Blues,Maroons,Mark Murray,1,0,0,0,7-Jun-1983,https://afltables.com/rl/soo/game6.html
1983-Game 1-Maroons-v-Blues,1983,Game 1,Maroons,Blues,Maroons,Wally Fullerton-Smith,0,0,0,0,7-Jun-1983,https://afltables.com/rl/soo/game6.html
1983-Game 1-Maroons-v-Blues,1983,Game 1,Maroons,Blues,Maroons,Paul Vautin,0,0,0,0,7-Jun-1983,https://afltables.com/rl/soo/game6.html
1983-Game 1-Maroons-v-Blues,1983,Game 1,Maroons,Blues,Maroons,Bryan Niebling,0,0,0,0,7-Jun-1983,https://afltables.com/rl/soo/game6.html
1983-Game 1-Maroons-v-Blues,1983,Game 1,Maroons,Blues,Maroons,Darryl Brohman,0,0,0,0,7-Jun-1983,https://afltables.com/rl/soo/game6.html
1983-Game 1-Maroons-v-Blues,1983,Game 1,Maroons,Blues,Maroons,Greg Conescu,0,0,0,0,7-Jun-1983,https://afltables.com/rl/soo/game6.html
1983-Game 1-Maroons-v-Blues,1983,Game 1,Maroons,Blues,Maroons,Brad Tessmann,0,0,0,0,7-Jun-1983,https://afltables.com/rl/soo/game6.html
1983-Game 1-Maroons-v-Blues,1983,Game 1,Maroons,Blues,Maroons,Brett French,0,0,0,0,7-Jun-1983,https://afltables.com/rl/soo/game6.html
1983-Game 1-Maroons-v-Blues,1983,Game 1,Maroons,Blues,Maroons,Dave Brown(E2),0,0,0,0,7-Jun-1983,https://afltables.com/rl/soo/game6.html
1983-Game 2-Blues-v-Maroons,1983,Game 2,Blues,Maroons,Blues,Neil Hunt,1,0,0,0,21-Jun-1983,https://afltables.com/rl/soo/game7.html
1983-Game 2-Blues-v-Maroons,1983,Game 2,Blues,Maroons,Blues,Mick Cronin,0,1,0,0,21-Jun-1983,https://afltables.com/rl/soo/game7.html
1983-Game 2-Blues-v-Maroons,1983,Game 2,Blues,Maroons,Blues,Steve Ella,1,0,0,0,21-Jun-1983,https://afltables.com/rl/soo/game7.html
1983-Game 2-Blues-v-Maroons,1983,Game 2,Blues,Maroons,Blues,Eric Grothe(P0),0,0,0,0,21-Jun-1983,https://afltables.com/rl/soo/game7.html
1983-Game 2-Blues-v-Maroons,1983,Game 2,Blues,Maroons,Blues,Brett Kenny,0,0,0,0,21-Jun-1983,https://afltables.com/rl/soo/game7.html
1983-Game 2-Blues-v-Maroons,1983,Game 2,Blues,Maroons,Blues,Peter Sterling,0,0,0,0,21-Jun-1983,https://afltables.com/rl/soo/game7.html
1983-Game 2-Blues-v-Maroons,1983,Game 2,Blues,Maroons,Blues,Ray Price,0,0,0,0,21-Jun-1983,https://afltables.com/rl/soo/game7.html
1983-Game 2-Blues-v-Maroons,1983,Game 2,Blues,Maroons,Blues,Paul Field,0,0,0,0,21-Jun-1983,https://afltables.com/rl/soo/game7.html
1983-Game 2-Blues-v-Maroons,1983,Game 2,Blues,Maroons,Blues,Gavin Miller,0,0,0,0,21-Jun-1983,https://afltables.com/rl/soo/game7.html
1983-Game 2-Blues-v-Maroons,1983,Game 2,Blues,Maroons,Blues,Lindsay Johnston,0,0,0,0,21-Jun-1983,https://afltables.com/rl/soo/game7.html
1983-Game 2-Blues-v-Maroons,1983,Game 2,Blues,Maroons,Blues,Ray Brown,0,0,0,0,21-Jun-1983,https://afltables.com/rl/soo/game7.html
1983-Game 2-Blues-v-Maroons,1983,Game 2,Blues,Maroons,Blues,Geoff Gerard,0,0,0,0,21-Jun-1983,https://afltables.com/rl/soo/game7.html
1983-Game 2-Blues-v-Maroons,1983,Game 2,Blues,Maroons,Blues,Steve Mortimer,0,0,0,0,21-Jun-1983,https://afltables.com/rl/soo/game7.html
1983-Game 2-Blues-v-Maroons,1983,Game 2,Blues,Maroons,Blues,Stan Jurd,0,0,0,0,21-Jun-1983,https://afltables.com/rl/soo/game7.html
1983-Game 2-Blues-v-Maroons,1983,Game 2,Blues,Maroons,Maroons,Terry Butler,0,0,0,0,21-Jun-1983,https://afltables.com/rl/soo/game7.html
1983-Game 2-Blues-v-Maroons,1983,Game 2,Blues,Maroons,Maroons,Mal Meninga,1,1,0,0,21-Jun-1983,https://afltables.com/rl/soo/game7.html
1983-Game 2-Blues-v-Maroons,1983,Game 2,Blues,Maroons,Maroons,Gene Miles,0,0,0,0,21-Jun-1983,https://afltables.com/rl/soo/game7.html
1983-Game 2-Blues-v-Maroons,1983,Game 2,Blues,Maroons,Maroons,Chris Close,0,0,0,0,21-Jun-1983,https://afltables.com/rl/soo/game7.html
1983-Game 2-Blues-v-Maroons,1983,Game 2,Blues,Maroons,Maroons,Wally Lewis,0,0,0,0,21-Jun-1983,https://afltables.com/rl/soo/game7.html
1983-Game 2-Blues-v-Maroons,1983,Game 2,Blues,Maroons,Maroons,Mark Murray,0,0,0,0,21-Jun-1983,https://afltables.com/rl/soo/game7.html
1983-Game 2-Blues-v-Maroons,1983,Game 2,Blues,Maroons,Maroons,Paul Vautin,0,0,0,0,21-Jun-1983,https://afltables.com/rl/soo/game7.html
1983-Game 2-Blues-v-Maroons,1983,Game 2,Blues,Maroons,Maroons,Wally Fullerton-Smith,0,0,0,0,21-Jun-1983,https://afltables.com/rl/soo/game7.html
1983-Game 2-Blues-v-Maroons,1983,Game 2,Blues,Maroons,Maroons,Bryan Niebling,0,0,0,0,21-Jun-1983,https://afltables.com/rl/soo/game7.html
1983-Game 2-Blues-v-Maroons,1983,Game 2,Blues,Maroons,Maroons,Dave Brown(E2),0,0,0,0,21-Jun-1983,https://afltables.com/rl/soo/game7.html
1983-Game 2-Blues-v-Maroons,1983,Game 2,Blues,Maroons,Maroons,Greg Conescu,0,0,0,0,21-Jun-1983,https://afltables.com/rl/soo/game7.html
1983-Game 2-Blues-v-Maroons,1983,Game 2,Blues,Maroons,Maroons,Brad Tessmann,0,0,0,0,21-Jun-1983,https://afltables.com/rl/soo/game7.html
1983-Game 2-Blues-v-Maroons,1983,Game 2,Blues,Maroons,Maroons,Brett French,0,0,0,0,21-Jun-1983,https://afltables.com/rl/soo/game7.html
1983-Game 2-Blues-v-Maroons,1983,Game 2,Blues,Maroons,Maroons,Ross Henrick,0,0,0,0,21-Jun-1983,https://afltables.com/rl/soo/game7.html
1983-Game 3-Maroons-v-Blues,1983,Game 3,Maroons,Blues,Blues,Neil Hunt,0,0,0,0,28-Jun-1983,https://afltables.com/rl/soo/game8.html
1983-Game 3-Maroons-v-Blues,1983,Game 3,Maroons,Blues,Blues,Mick Cronin,0,3,0,0,28-Jun-1983,https://afltables.com/rl/soo/game8.html
1983-Game 3-Maroons-v-Blues,1983,Game 3,Maroons,Blues,Blues,Steve Ella,0,0,0,0,28-Jun-1983,https://afltables.com/rl/soo/game8.html
1983-Game 3-Maroons-v-Blues,1983,Game 3,Maroons,Blues,Blues,Chris Anderson,3,0,0,0,28-Jun-1983,https://afltables.com/rl/soo/game8.html
1983-Game 3-Maroons-v-Blues,1983,Game 3,Maroons,Blues,Blues,Brett Kenny,0,0,0,0,28-Jun-1983,https://afltables.com/rl/soo/game8.html
1983-Game 3-Maroons-v-Blues,1983,Game 3,Maroons,Blues,Blues,Steve Mortimer,1,0,0,0,28-Jun-1983,https://afltables.com/rl/soo/game8.html
1983-Game 3-Maroons-v-Blues,1983,Game 3,Maroons,Blues,Blues,Gavin Miller,0,0,0,0,28-Jun-1983,https://afltables.com/rl/soo/game8.html
1983-Game 3-Maroons-v-Blues,1983,Game 3,Maroons,Blues,Blues,Paul Field,0,0,0,0,28-Jun-1983,https://afltables.com/rl/soo/game8.html
1983-Game 3-Maroons-v-Blues,1983,Game 3,Maroons,Blues,Blues,Stan Jurd,0,0,0,0,28-Jun-1983,https://afltables.com/rl/soo/game8.html
1983-Game 3-Maroons-v-Blues,1983,Game 3,Maroons,Blues,Blues,Lindsay Johnston,0,0,0,0,28-Jun-1983,https://afltables.com/rl/soo/game8.html
1983-Game 3-Maroons-v-Blues,1983,Game 3,Maroons,Blues,Blues,Max Krilich,0,0,0,0,28-Jun-1983,https://afltables.com/rl/soo/game8.html
1983-Game 3-Maroons-v-Blues,1983,Game 3,Maroons,Blues,Blues,Geoff Bugden,0,0,0,0,28-Jun-1983,https://afltables.com/rl/soo/game8.html
1983-Game 3-Maroons-v-Blues,1983,Game 3,Maroons,Blues,Blues,Kevin Hastings,0,0,0,0,28-Jun-1983,https://afltables.com/rl/soo/game8.html
1983-Game 3-Maroons-v-Blues,1983,Game 3,Maroons,Blues,Blues,Ray Brown,0,0,0,0,28-Jun-1983,https://afltables.com/rl/soo/game8.html
1983-Game 3-Maroons-v-Blues,1983,Game 3,Maroons,Blues,Maroons,Steve Stacey,1,0,0,0,28-Jun-1983,https://afltables.com/rl/soo/game8.html
1983-Game 3-Maroons-v-Blues,1983,Game 3,Maroons,Blues,Maroons,Mal Meninga,0,6,0,0,28-Jun-1983,https://afltables.com/rl/soo/game8.html
1983-Game 3-Maroons-v-Blues,1983,Game 3,Maroons,Blues,Maroons,Gene Miles,1,0,0,0,28-Jun-1983,https://afltables.com/rl/soo/game8.html
1983-Game 3-Maroons-v-Blues,1983,Game 3,Maroons,Blues,Maroons,Mitch Brennan,2,0,0,0,28-Jun-1983,https://afltables.com/rl/soo/game8.html
1983-Game 3-Maroons-v-Blues,1983,Game 3,Maroons,Blues,Maroons,Wally Lewis,0,0,1,0,28-Jun-1983,https://afltables.com/rl/soo/game8.html
1983-Game 3-Maroons-v-Blues,1983,Game 3,Maroons,Blues,Maroons,Mark Murray,0,0,0,0,28-Jun-1983,https://afltables.com/rl/soo/game8.html
1983-Game 3-Maroons-v-Blues,1983,Game 3,Maroons,Blues,Maroons,Paul Vautin,0,0,0,0,28-Jun-1983,https://afltables.com/rl/soo/game8.html
1983-Game 3-Maroons-v-Blues,1983,Game 3,Maroons,Blues,Maroons,Wally Fullerton-Smith,0,0,0,0,28-Jun-1983,https://afltables.com/rl/soo/game8.html
1983-Game 3-Maroons-v-Blues,1983,Game 3,Maroons,Blues,Maroons,Bryan Niebling,1,0,0,0,28-Jun-1983,https://afltables.com/rl/soo/game8.html
1983-Game 3-Maroons-v-Blues,1983,Game 3,Maroons,Blues,Maroons,Dave Brown(E2),1,0,0,0,28-Jun-1983,https://afltables.com/rl/soo/game8.html
1983-Game 3-Maroons-v-Blues,1983,Game 3,Maroons,Blues,Maroons,Greg Conescu,1,0,0,0,28-Jun-1983,https://afltables.com/rl/soo/game8.html
1983-Game 3-Maroons-v-Blues,1983,Game 3,Maroons,Blues,Maroons,Brad Tessmann,0,0,0,0,28-Jun-1983,https://afltables.com/rl/soo/game8.html
1983-Game 3-Maroons-v-Blues,1983,Game 3,Maroons,Blues,Maroons,Bruce Astill,0,0,0,0,28-Jun-1983,https://afltables.com/rl/soo/game8.html
1983-Game 3-Maroons-v-Blues,1983,Game 3,Maroons,Blues,Maroons,Gavin Jones,0,0,0,0,28-Jun-1983,https://afltables.com/rl/soo/game8.html
1984-Game 1-Maroons-v-Blues,1984,Game 1,Maroons,Blues,Blues,Eric Grothe(P0),0,0,0,0,29-May-1984,https://afltables.com/rl/soo/game9.html
1984-Game 1-Maroons-v-Blues,1984,Game 1,Maroons,Blues,Blues,Steve Ella,0,0,0,0,29-May-1984,https://afltables.com/rl/soo/game9.html
1984-Game 1-Maroons-v-Blues,1984,Game 1,Maroons,Blues,Blues,Brett Kenny,0,0,0,0,29-May-1984,https://afltables.com/rl/soo/game9.html
1984-Game 1-Maroons-v-Blues,1984,Game 1,Maroons,Blues,Blues,Ross Conlon,0,4,0,0,29-May-1984,https://afltables.com/rl/soo/game9.html
1984-Game 1-Maroons-v-Blues,1984,Game 1,Maroons,Blues,Blues,Alan Thompson,0,0,0,0,29-May-1984,https://afltables.com/rl/soo/game9.html
1984-Game 1-Maroons-v-Blues,1984,Game 1,Maroons,Blues,Blues,Peter Sterling,0,0,0,0,29-May-1984,https://afltables.com/rl/soo/game9.html
1984-Game 1-Maroons-v-Blues,1984,Game 1,Maroons,Blues,Blues,Ray Price,0,0,0,0,29-May-1984,https://afltables.com/rl/soo/game9.html
1984-Game 1-Maroons-v-Blues,1984,Game 1,Maroons,Blues,Blues,Wayne Pearce,0,0,0,0,29-May-1984,https://afltables.com/rl/soo/game9.html
1984-Game 1-Maroons-v-Blues,1984,Game 1,Maroons,Blues,Blues,Noel Cleal,1,0,0,0,29-May-1984,https://afltables.com/rl/soo/game9.html
1984-Game 1-Maroons-v-Blues,1984,Game 1,Maroons,Blues,Blues,Craig Young,0,0,0,0,29-May-1984,https://afltables.com/rl/soo/game9.html
1984-Game 1-Maroons-v-Blues,1984,Game 1,Maroons,Blues,Blues,Rex Wright,0,0,0,0,29-May-1984,https://afltables.com/rl/soo/game9.html
1984-Game 1-Maroons-v-Blues,1984,Game 1,Maroons,Blues,Blues,Steve Roach,0,0,0,0,29-May-1984,https://afltables.com/rl/soo/game9.html
1984-Game 1-Maroons-v-Blues,1984,Game 1,Maroons,Blues,Blues,Brian Hetherington,0,0,0,0,29-May-1984,https://afltables.com/rl/soo/game9.html
1984-Game 1-Maroons-v-Blues,1984,Game 1,Maroons,Blues,Blues,Pat Jarvis,0,0,0,0,29-May-1984,https://afltables.com/rl/soo/game9.html
1984-Game 1-Maroons-v-Blues,1984,Game 1,Maroons,Blues,Maroons,Kerry Boustead,3,0,0,0,29-May-1984,https://afltables.com/rl/soo/game9.html
1984-Game 1-Maroons-v-Blues,1984,Game 1,Maroons,Blues,Maroons,Mal Meninga,0,2,0,0,29-May-1984,https://afltables.com/rl/soo/game9.html
1984-Game 1-Maroons-v-Blues,1984,Game 1,Maroons,Blues,Maroons,Gene Miles,1,0,0,0,29-May-1984,https://afltables.com/rl/soo/game9.html
1984-Game 1-Maroons-v-Blues,1984,Game 1,Maroons,Blues,Maroons,Chris Close,0,0,0,0,29-May-1984,https://afltables.com/rl/soo/game9.html
1984-Game 1-Maroons-v-Blues,1984,Game 1,Maroons,Blues,Maroons,Wally Lewis,1,0,1,0,29-May-1984,https://afltables.com/rl/soo/game9.html
1984-Game 1-Maroons-v-Blues,1984,Game 1,Maroons,Blues,Maroons,Mark Murray,0,0,0,0,29-May-1984,https://afltables.com/rl/soo/game9.html
1984-Game 1-Maroons-v-Blues,1984,Game 1,Maroons,Blues,Maroons,Paul Vautin,1,0,0,0,29-May-1984,https://afltables.com/rl/soo/game9.html
1984-Game 1-Maroons-v-Blues,1984,Game 1,Maroons,Blues,Maroons,Wally Fullerton-Smith,0,0,0,0,29-May-1984,https://afltables.com/rl/soo/game9.html
1984-Game 1-Maroons-v-Blues,1984,Game 1,Maroons,Blues,Maroons,Bryan Niebling,0,0,0,0,29-May-1984,https://afltables.com/rl/soo/game9.html
1984-Game 1-Maroons-v-Blues,1984,Game 1,Maroons,Blues,Maroons,Dave Brown(E2),0,0,0,0,29-May-1984,https://afltables.com/rl/soo/game9.html
1984-Game 1-Maroons-v-Blues,1984,Game 1,Maroons,Blues,Maroons,Greg Conescu,0,0,0,0,29-May-1984,https://afltables.com/rl/soo/game9.html
1984-Game 1-Maroons-v-Blues,1984,Game 1,Maroons,Blues,Maroons,Greg Dowling,0,0,0,0,29-May-1984,https://afltables.com/rl/soo/game9.html
1984-Game 1-Maroons-v-Blues,1984,Game 1,Maroons,Blues,Maroons,Brett French,0,0,0,0,29-May-1984,https://afltables.com/rl/soo/game9.html
1984-Game 1-Maroons-v-Blues,1984,Game 1,Maroons,Blues,Maroons,Bob Lindner,0,0,0,0,29-May-1984,https://afltables.com/rl/soo/game9.html
1984-Game 2-Blues-v-Maroons,1984,Game 2,Blues,Maroons,Blues,Ross Conlon,0,1,0,0,19-Jun-1984,https://afltables.com/rl/soo/game10.html
1984-Game 2-Blues-v-Maroons,1984,Game 2,Blues,Maroons,Blues,Brett Kenny,0,0,0,0,19-Jun-1984,https://afltables.com/rl/soo/game10.html
1984-Game 2-Blues-v-Maroons,1984,Game 2,Blues,Maroons,Blues,Andrew Farrar,0,0,0,0,19-Jun-1984,https://afltables.com/rl/soo/game10.html
1984-Game 2-Blues-v-Maroons,1984,Game 2,Blues,Maroons,Blues,Eric Grothe(P0),0,0,0,0,19-Jun-1984,https://afltables.com/rl/soo/game10.html
1984-Game 2-Blues-v-Maroons,1984,Game 2,Blues,Maroons,Blues,Terry Lamb,0,0,0,0,19-Jun-1984,https://afltables.com/rl/soo/game10.html
1984-Game 2-Blues-v-Maroons,1984,Game 2,Blues,Maroons,Blues,Steve Mortimer,0,0,0,0,19-Jun-1984,https://afltables.com/rl/soo/game10.html
1984-Game 2-Blues-v-Maroons,1984,Game 2,Blues,Maroons,Blues,Ray Price,0,0,0,0,19-Jun-1984,https://afltables.com/rl/soo/game10.html
1984-Game 2-Blues-v-Maroons,1984,Game 2,Blues,Maroons,Blues,Wayne Pearce,0,0,0,0,19-Jun-1984,https://afltables.com/rl/soo/game10.html
1984-Game 2-Blues-v-Maroons,1984,Game 2,Blues,Maroons,Blues,Noel Cleal,0,0,0,0,19-Jun-1984,https://afltables.com/rl/soo/game10.html
1984-Game 2-Blues-v-Maroons,1984,Game 2,Blues,Maroons,Blues,Steve Roach,0,0,0,0,19-Jun-1984,https://afltables.com/rl/soo/game10.html
1984-Game 2-Blues-v-Maroons,1984,Game 2,Blues,Maroons,Blues,Royce Simmons,0,0,0,0,19-Jun-1984,https://afltables.com/rl/soo/game10.html
1984-Game 2-Blues-v-Maroons,1984,Game 2,Blues,Maroons,Blues,Peter Tunks,0,0,0,0,19-Jun-1984,https://afltables.com/rl/soo/game10.html
1984-Game 2-Blues-v-Maroons,1984,Game 2,Blues,Maroons,Blues,Steve Ella,0,0,0,0,19-Jun-1984,https://afltables.com/rl/soo/game10.html
1984-Game 2-Blues-v-Maroons,1984,Game 2,Blues,Maroons,Blues,Pat Jarvis,0,0,0,0,19-Jun-1984,https://afltables.com/rl/soo/game10.html
1984-Game 2-Blues-v-Maroons,1984,Game 2,Blues,Maroons,Maroons,Kerry Boustead,0,0,0,0,19-Jun-1984,https://afltables.com/rl/soo/game10.html
1984-Game 2-Blues-v-Maroons,1984,Game 2,Blues,Maroons,Maroons,Chris Close,0,0,0,0,19-Jun-1984,https://afltables.com/rl/soo/game10.html
1984-Game 2-Blues-v-Maroons,1984,Game 2,Blues,Maroons,Maroons,Gene Miles,1,0,0,0,19-Jun-1984,https://afltables.com/rl/soo/game10.html
1984-Game 2-Blues-v-Maroons,1984,Game 2,Blues,Maroons,Maroons,Mal Meninga,0,3,0,0,19-Jun-1984,https://afltables.com/rl/soo/game10.html
1984-Game 2-Blues-v-Maroons,1984,Game 2,Blues,Maroons,Maroons,Wally Lewis,0,0,0,0,19-Jun-1984,https://afltables.com/rl/soo/game10.html
1984-Game 2-Blues-v-Maroons,1984,Game 2,Blues,Maroons,Maroons,Mark Murray,0,0,0,0,19-Jun-1984,https://afltables.com/rl/soo/game10.html
1984-Game 2-Blues-v-Maroons,1984,Game 2,Blues,Maroons,Maroons,Paul Vautin,0,0,0,0,19-Jun-1984,https://afltables.com/rl/soo/game10.html
1984-Game 2-Blues-v-Maroons,1984,Game 2,Blues,Maroons,Maroons,Wally Fullerton-Smith,0,0,0,0,19-Jun-1984,https://afltables.com/rl/soo/game10.html
1984-Game 2-Blues-v-Maroons,1984,Game 2,Blues,Maroons,Maroons,Bryan Niebling,0,0,0,0,19-Jun-1984,https://afltables.com/rl/soo/game10.html
1984-Game 2-Blues-v-Maroons,1984,Game 2,Blues,Maroons,Maroons,Dave Brown(E2),0,0,0,0,19-Jun-1984,https://afltables.com/rl/soo/game10.html
1984-Game 2-Blues-v-Maroons,1984,Game 2,Blues,Maroons,Maroons,Greg Conescu,0,0,0,0,19-Jun-1984,https://afltables.com/rl/soo/game10.html
1984-Game 2-Blues-v-Maroons,1984,Game 2,Blues,Maroons,Maroons,Greg Dowling,1,0,0,0,19-Jun-1984,https://afltables.com/rl/soo/game10.html
1984-Game 2-Blues-v-Maroons,1984,Game 2,Blues,Maroons,Maroons,Bob Lindner,0,0,0,0,19-Jun-1984,https://afltables.com/rl/soo/game10.html
1984-Game 2-Blues-v-Maroons,1984,Game 2,Blues,Maroons,Maroons,Tony Currie,0,0,0,0,19-Jun-1984,https://afltables.com/rl/soo/game10.html
1984-Game 3-Maroons-v-Blues,1984,Game 3,Maroons,Blues,Blues,Steve Morris,0,0,0,0,17-Jul-1984,https://afltables.com/rl/soo/game11.html
1984-Game 3-Maroons-v-Blues,1984,Game 3,Maroons,Blues,Blues,Chris Mortimer,0,0,0,0,17-Jul-1984,https://afltables.com/rl/soo/game11.html
1984-Game 3-Maroons-v-Blues,1984,Game 3,Maroons,Blues,Blues,Brian Johnston,2,0,0,0,17-Jul-1984,https://afltables.com/rl/soo/game11.html
1984-Game 3-Maroons-v-Blues,1984,Game 3,Maroons,Blues,Blues,Ross Conlon,0,5,0,0,17-Jul-1984,https://afltables.com/rl/soo/game11.html
1984-Game 3-Maroons-v-Blues,1984,Game 3,Maroons,Blues,Blues,Brett Kenny,0,0,0,0,17-Jul-1984,https://afltables.com/rl/soo/game11.html
1984-Game 3-Maroons-v-Blues,1984,Game 3,Maroons,Blues,Blues,Steve Mortimer,0,0,0,0,17-Jul-1984,https://afltables.com/rl/soo/game11.html
1984-Game 3-Maroons-v-Blues,1984,Game 3,Maroons,Blues,Blues,Peter Wynn,0,0,0,0,17-Jul-1984,https://afltables.com/rl/soo/game11.html
1984-Game 3-Maroons-v-Blues,1984,Game 3,Maroons,Blues,Blues,Noel Cleal,1,0,0,0,17-Jul-1984,https://afltables.com/rl/soo/game11.html
1984-Game 3-Maroons-v-Blues,1984,Game 3,Maroons,Blues,Blues,Chris Walsh,0,0,0,0,17-Jul-1984,https://afltables.com/rl/soo/game11.html
1984-Game 3-Maroons-v-Blues,1984,Game 3,Maroons,Blues,Blues,Pat Jarvis,0,0,0,0,17-Jul-1984,https://afltables.com/rl/soo/game11.html
1984-Game 3-Maroons-v-Blues,1984,Game 3,Maroons,Blues,Blues,Royce Simmons,0,0,0,0,17-Jul-1984,https://afltables.com/rl/soo/game11.html
1984-Game 3-Maroons-v-Blues,1984,Game 3,Maroons,Blues,Blues,Steve Roach,0,0,0,0,17-Jul-1984,https://afltables.com/rl/soo/game11.html
1984-Game 3-Maroons-v-Blues,1984,Game 3,Maroons,Blues,Blues,Mick Potter,0,0,0,0,17-Jul-1984,https://afltables.com/rl/soo/game11.html
1984-Game 3-Maroons-v-Blues,1984,Game 3,Maroons,Blues,Blues,Peter Tunks,0,0,0,0,17-Jul-1984,https://afltables.com/rl/soo/game11.html
1984-Game 3-Maroons-v-Blues,1984,Game 3,Maroons,Blues,Maroons,John Ribot,0,0,0,0,17-Jul-1984,https://afltables.com/rl/soo/game11.html
1984-Game 3-Maroons-v-Blues,1984,Game 3,Maroons,Blues,Maroons,Mal Meninga,0,2,0,0,17-Jul-1984,https://afltables.com/rl/soo/game11.html
1984-Game 3-Maroons-v-Blues,1984,Game 3,Maroons,Blues,Maroons,Brett French,0,0,0,0,17-Jul-1984,https://afltables.com/rl/soo/game11.html
1984-Game 3-Maroons-v-Blues,1984,Game 3,Maroons,Blues,Maroons,Kerry Boustead,1,0,0,0,17-Jul-1984,https://afltables.com/rl/soo/game11.html
1984-Game 3-Maroons-v-Blues,1984,Game 3,Maroons,Blues,Maroons,Wally Lewis,0,0,0,0,17-Jul-1984,https://afltables.com/rl/soo/game11.html
1984-Game 3-Maroons-v-Blues,1984,Game 3,Maroons,Blues,Maroons,Ross Henrick,0,0,0,0,17-Jul-1984,https://afltables.com/rl/soo/game11.html
1984-Game 3-Maroons-v-Blues,1984,Game 3,Maroons,Blues,Maroons,Bob Lindner,1,0,0,0,17-Jul-1984,https://afltables.com/rl/soo/game11.html
1984-Game 3-Maroons-v-Blues,1984,Game 3,Maroons,Blues,Maroons,Wally Fullerton-Smith,0,0,0,0,17-Jul-1984,https://afltables.com/rl/soo/game11.html
1984-Game 3-Maroons-v-Blues,1984,Game 3,Maroons,Blues,Maroons,Chris Phelan,0,0,0,0,17-Jul-1984,https://afltables.com/rl/soo/game11.html
1984-Game 3-Maroons-v-Blues,1984,Game 3,Maroons,Blues,Maroons,Dave Brown(E2),0,0,0,0,17-Jul-1984,https://afltables.com/rl/soo/game11.html
1984-Game 3-Maroons-v-Blues,1984,Game 3,Maroons,Blues,Maroons,Greg Conescu,0,0,0,0,17-Jul-1984,https://afltables.com/rl/soo/game11.html
1984-Game 3-Maroons-v-Blues,1984,Game 3,Maroons,Blues,Maroons,Greg Dowling,0,0,0,0,17-Jul-1984,https://afltables.com/rl/soo/game11.html
1984-Game 3-Maroons-v-Blues,1984,Game 3,Maroons,Blues,Maroons,Bob Kellaway,0,0,0,0,17-Jul-1984,https://afltables.com/rl/soo/game11.html
1984-Game 3-Maroons-v-Blues,1984,Game 3,Maroons,Blues,Maroons,Tony Currie,0,0,0,0,17-Jul-1984,https://afltables.com/rl/soo/game11.html
1985-Game 1-Maroons-v-Blues,1985,Game 1,Maroons,Blues,Blues,Eric Grothe(P0),0,0,0,0,28-May-1985,https://afltables.com/rl/soo/game12.html
1985-Game 1-Maroons-v-Blues,1985,Game 1,Maroons,Blues,Blues,Michael O'Connor,2,5,0,0,28-May-1985,https://afltables.com/rl/soo/game12.html
1985-Game 1-Maroons-v-Blues,1985,Game 1,Maroons,Blues,Blues,Chris Mortimer,0,0,0,0,28-May-1985,https://afltables.com/rl/soo/game12.html
1985-Game 1-Maroons-v-Blues,1985,Game 1,Maroons,Blues,Blues,John Ferguson,0,0,0,0,28-May-1985,https://afltables.com/rl/soo/game12.html
1985-Game 1-Maroons-v-Blues,1985,Game 1,Maroons,Blues,Blues,Brett Kenny,0,0,0,0,28-May-1985,https://afltables.com/rl/soo/game12.html
1985-Game 1-Maroons-v-Blues,1985,Game 1,Maroons,Blues,Blues,Steve Mortimer,0,0,0,0,28-May-1985,https://afltables.com/rl/soo/game12.html
1985-Game 1-Maroons-v-Blues,1985,Game 1,Maroons,Blues,Blues,Wayne Pearce,0,0,0,0,28-May-1985,https://afltables.com/rl/soo/game12.html
1985-Game 1-Maroons-v-Blues,1985,Game 1,Maroons,Blues,Blues,Peter Wynn,0,0,0,0,28-May-1985,https://afltables.com/rl/soo/game12.html
1985-Game 1-Maroons-v-Blues,1985,Game 1,Maroons,Blues,Blues,Noel Cleal,0,0,0,0,28-May-1985,https://afltables.com/rl/soo/game12.html
1985-Game 1-Maroons-v-Blues,1985,Game 1,Maroons,Blues,Blues,Steve Roach,0,0,0,0,28-May-1985,https://afltables.com/rl/soo/game12.html
1985-Game 1-Maroons-v-Blues,1985,Game 1,Maroons,Blues,Blues,Benny Elias,0,0,0,0,28-May-1985,https://afltables.com/rl/soo/game12.html
1985-Game 1-Maroons-v-Blues,1985,Game 1,Maroons,Blues,Blues,Pat Jarvis,0,0,0,0,28-May-1985,https://afltables.com/rl/soo/game12.html
1985-Game 1-Maroons-v-Blues,1985,Game 1,Maroons,Blues,Blues,Steve Ella,0,0,0,0,28-May-1985,https://afltables.com/rl/soo/game12.html
1985-Game 1-Maroons-v-Blues,1985,Game 1,Maroons,Blues,Blues,Peter Tunks,0,0,0,0,28-May-1985,https://afltables.com/rl/soo/game12.html
1985-Game 1-Maroons-v-Blues,1985,Game 1,Maroons,Blues,Maroons,John Ribot,0,0,0,0,28-May-1985,https://afltables.com/rl/soo/game12.html
1985-Game 1-Maroons-v-Blues,1985,Game 1,Maroons,Blues,Maroons,Mal Meninga,0,1,0,0,28-May-1985,https://afltables.com/rl/soo/game12.html
1985-Game 1-Maroons-v-Blues,1985,Game 1,Maroons,Blues,Maroons,Chris Close,0,0,0,0,28-May-1985,https://afltables.com/rl/soo/game12.html
1985-Game 1-Maroons-v-Blues,1985,Game 1,Maroons,Blues,Maroons,Dale Shearer,0,0,0,0,28-May-1985,https://afltables.com/rl/soo/game12.html
1985-Game 1-Maroons-v-Blues,1985,Game 1,Maroons,Blues,Maroons,Wally Lewis,0,0,0,0,28-May-1985,https://afltables.com/rl/soo/game12.html
1985-Game 1-Maroons-v-Blues,1985,Game 1,Maroons,Blues,Maroons,Mark Murray,0,0,0,0,28-May-1985,https://afltables.com/rl/soo/game12.html
1985-Game 1-Maroons-v-Blues,1985,Game 1,Maroons,Blues,Maroons,Bob Lindner,0,0,0,0,28-May-1985,https://afltables.com/rl/soo/game12.html
1985-Game 1-Maroons-v-Blues,1985,Game 1,Maroons,Blues,Maroons,Paul McCabe,0,0,0,0,28-May-1985,https://afltables.com/rl/soo/game12.html
1985-Game 1-Maroons-v-Blues,1985,Game 1,Maroons,Blues,Maroons,Paul Vautin,0,0,0,0,28-May-1985,https://afltables.com/rl/soo/game12.html
1985-Game 1-Maroons-v-Blues,1985,Game 1,Maroons,Blues,Maroons,Dave Brown(E2),0,0,0,0,28-May-1985,https://afltables.com/rl/soo/game12.html
1985-Game 1-Maroons-v-Blues,1985,Game 1,Maroons,Blues,Maroons,Greg Conescu,0,0,0,0,28-May-1985,https://afltables.com/rl/soo/game12.html
1985-Game 1-Maroons-v-Blues,1985,Game 1,Maroons,Blues,Maroons,Greg Dowling,0,0,0,0,28-May-1985,https://afltables.com/rl/soo/game12.html
1985-Game 1-Maroons-v-Blues,1985,Game 1,Maroons,Blues,Maroons,Brett French,0,0,0,0,28-May-1985,https://afltables.com/rl/soo/game12.html
1985-Game 1-Maroons-v-Blues,1985,Game 1,Maroons,Blues,Maroons,Ian French,0,0,0,0,28-May-1985,https://afltables.com/rl/soo/game12.html
1985-Game 2-Blues-v-Maroons,1985,Game 2,Blues,Maroons,Blues,Eric Grothe(P0),0,0,0,0,11-Jun-1985,https://afltables.com/rl/soo/game13.html
1985-Game 2-Blues-v-Maroons,1985,Game 2,Blues,Maroons,Blues,Michael O'Connor,0,4,1,0,11-Jun-1985,https://afltables.com/rl/soo/game13.html
1985-Game 2-Blues-v-Maroons,1985,Game 2,Blues,Maroons,Blues,Chris Mortimer,1,0,0,0,11-Jun-1985,https://afltables.com/rl/soo/game13.html
1985-Game 2-Blues-v-Maroons,1985,Game 2,Blues,Maroons,Blues,John Ferguson,0,0,0,0,11-Jun-1985,https://afltables.com/rl/soo/game13.html
1985-Game 2-Blues-v-Maroons,1985,Game 2,Blues,Maroons,Blues,Brett Kenny,1,0,0,0,11-Jun-1985,https://afltables.com/rl/soo/game13.html
1985-Game 2-Blues-v-Maroons,1985,Game 2,Blues,Maroons,Blues,Steve Mortimer,0,0,0,0,11-Jun-1985,https://afltables.com/rl/soo/game13.html
1985-Game 2-Blues-v-Maroons,1985,Game 2,Blues,Maroons,Blues,Wayne Pearce,0,0,0,0,11-Jun-1985,https://afltables.com/rl/soo/game13.html
1985-Game 2-Blues-v-Maroons,1985,Game 2,Blues,Maroons,Blues,Peter Wynn,0,0,0,0,11-Jun-1985,https://afltables.com/rl/soo/game13.html
1985-Game 2-Blues-v-Maroons,1985,Game 2,Blues,Maroons,Blues,Noel Cleal,0,0,0,0,11-Jun-1985,https://afltables.com/rl/soo/game13.html
1985-Game 2-Blues-v-Maroons,1985,Game 2,Blues,Maroons,Blues,Steve Roach,0,0,0,0,11-Jun-1985,https://afltables.com/rl/soo/game13.html
1985-Game 2-Blues-v-Maroons,1985,Game 2,Blues,Maroons,Blues,Benny Elias,1,0,0,0,11-Jun-1985,https://afltables.com/rl/soo/game13.html
1985-Game 2-Blues-v-Maroons,1985,Game 2,Blues,Maroons,Blues,Pat Jarvis,0,0,0,0,11-Jun-1985,https://afltables.com/rl/soo/game13.html
1985-Game 2-Blues-v-Maroons,1985,Game 2,Blues,Maroons,Blues,Steve Ella,0,0,0,0,11-Jun-1985,https://afltables.com/rl/soo/game13.html
1985-Game 2-Blues-v-Maroons,1985,Game 2,Blues,Maroons,Blues,Peter Tunks,0,0,0,0,11-Jun-1985,https://afltables.com/rl/soo/game13.html
1985-Game 2-Blues-v-Maroons,1985,Game 2,Blues,Maroons,Maroons,John Ribot,0,0,0,0,11-Jun-1985,https://afltables.com/rl/soo/game13.html
1985-Game 2-Blues-v-Maroons,1985,Game 2,Blues,Maroons,Maroons,Mal Meninga,0,3,0,0,11-Jun-1985,https://afltables.com/rl/soo/game13.html
1985-Game 2-Blues-v-Maroons,1985,Game 2,Blues,Maroons,Maroons,Chris Close,0,0,0,0,11-Jun-1985,https://afltables.com/rl/soo/game13.html
1985-Game 2-Blues-v-Maroons,1985,Game 2,Blues,Maroons,Maroons,Dale Shearer,0,0,0,0,11-Jun-1985,https://afltables.com/rl/soo/game13.html
1985-Game 2-Blues-v-Maroons,1985,Game 2,Blues,Maroons,Maroons,Wally Lewis,0,0,0,0,11-Jun-1985,https://afltables.com/rl/soo/game13.html
1985-Game 2-Blues-v-Maroons,1985,Game 2,Blues,Maroons,Maroons,Mark Murray,0,0,0,0,11-Jun-1985,https://afltables.com/rl/soo/game13.html
1985-Game 2-Blues-v-Maroons,1985,Game 2,Blues,Maroons,Maroons,Bob Lindner,1,0,0,0,11-Jun-1985,https://afltables.com/rl/soo/game13.html
1985-Game 2-Blues-v-Maroons,1985,Game 2,Blues,Maroons,Maroons,Wally Fullerton-Smith,0,0,0,0,11-Jun-1985,https://afltables.com/rl/soo/game13.html
1985-Game 2-Blues-v-Maroons,1985,Game 2,Blues,Maroons,Maroons,Paul Vautin,0,0,0,0,11-Jun-1985,https://afltables.com/rl/soo/game13.html
1985-Game 2-Blues-v-Maroons,1985,Game 2,Blues,Maroons,Maroons,Dave Brown(E2),0,0,0,0,11-Jun-1985,https://afltables.com/rl/soo/game13.html
1985-Game 2-Blues-v-Maroons,1985,Game 2,Blues,Maroons,Maroons,Greg Conescu,0,0,0,0,11-Jun-1985,https://afltables.com/rl/soo/game13.html
1985-Game 2-Blues-v-Maroons,1985,Game 2,Blues,Maroons,Maroons,Greg Dowling,0,0,0,0,11-Jun-1985,https://afltables.com/rl/soo/game13.html
1985-Game 2-Blues-v-Maroons,1985,Game 2,Blues,Maroons,Maroons,Tony Currie,0,0,0,0,11-Jun-1985,https://afltables.com/rl/soo/game13.html
1985-Game 2-Blues-v-Maroons,1985,Game 2,Blues,Maroons,Maroons,Ian French,1,0,0,0,11-Jun-1985,https://afltables.com/rl/soo/game13.html
1985-Game 3-Maroons-v-Blues,1985,Game 3,Maroons,Blues,Blues,John Ferguson,0,0,0,0,23-Jul-1985,https://afltables.com/rl/soo/game14.html
1985-Game 3-Maroons-v-Blues,1985,Game 3,Maroons,Blues,Blues,Chris Mortimer,0,0,0,0,23-Jul-1985,https://afltables.com/rl/soo/game14.html
1985-Game 3-Maroons-v-Blues,1985,Game 3,Maroons,Blues,Blues,Michael O'Connor,0,1,0,0,23-Jul-1985,https://afltables.com/rl/soo/game14.html
1985-Game 3-Maroons-v-Blues,1985,Game 3,Maroons,Blues,Blues,Eric Grothe(P0),0,0,0,0,23-Jul-1985,https://afltables.com/rl/soo/game14.html
1985-Game 3-Maroons-v-Blues,1985,Game 3,Maroons,Blues,Blues,Brett Kenny,0,0,0,0,23-Jul-1985,https://afltables.com/rl/soo/game14.html
1985-Game 3-Maroons-v-Blues,1985,Game 3,Maroons,Blues,Blues,Des Hasler,0,0,0,0,23-Jul-1985,https://afltables.com/rl/soo/game14.html
1985-Game 3-Maroons-v-Blues,1985,Game 3,Maroons,Blues,Blues,Wayne Pearce,0,0,0,0,23-Jul-1985,https://afltables.com/rl/soo/game14.html
1985-Game 3-Maroons-v-Blues,1985,Game 3,Maroons,Blues,Blues,David Brooks,0,0,0,0,23-Jul-1985,https://afltables.com/rl/soo/game14.html
1985-Game 3-Maroons-v-Blues,1985,Game 3,Maroons,Blues,Blues,Peter Wynn,0,0,0,0,23-Jul-1985,https://afltables.com/rl/soo/game14.html
1985-Game 3-Maroons-v-Blues,1985,Game 3,Maroons,Blues,Blues,Pat Jarvis,0,0,0,0,23-Jul-1985,https://afltables.com/rl/soo/game14.html
1985-Game 3-Maroons-v-Blues,1985,Game 3,Maroons,Blues,Blues,Benny Elias,0,0,0,0,23-Jul-1985,https://afltables.com/rl/soo/game14.html
1985-Game 3-Maroons-v-Blues,1985,Game 3,Maroons,Blues,Blues,Steve Roach,0,0,0,0,23-Jul-1985,https://afltables.com/rl/soo/game14.html
1985-Game 3-Maroons-v-Blues,1985,Game 3,Maroons,Blues,Blues,Steve Ella,1,0,0,0,23-Jul-1985,https://afltables.com/rl/soo/game14.html
1985-Game 3-Maroons-v-Blues,1985,Game 3,Maroons,Blues,Blues,Tony Rampling,0,0,0,0,23-Jul-1985,https://afltables.com/rl/soo/game14.html
1985-Game 3-Maroons-v-Blues,1985,Game 3,Maroons,Blues,Maroons,Dale Shearer,2,0,0,0,23-Jul-1985,https://afltables.com/rl/soo/game14.html
1985-Game 3-Maroons-v-Blues,1985,Game 3,Maroons,Blues,Maroons,Mal Meninga,0,2,0,0,23-Jul-1985,https://afltables.com/rl/soo/game14.html
1985-Game 3-Maroons-v-Blues,1985,Game 3,Maroons,Blues,Maroons,Chris Close,0,0,0,0,23-Jul-1985,https://afltables.com/rl/soo/game14.html
1985-Game 3-Maroons-v-Blues,1985,Game 3,Maroons,Blues,Maroons,John Ribot,1,0,0,0,23-Jul-1985,https://afltables.com/rl/soo/game14.html
1985-Game 3-Maroons-v-Blues,1985,Game 3,Maroons,Blues,Maroons,Wally Lewis,0,0,0,0,23-Jul-1985,https://afltables.com/rl/soo/game14.html
1985-Game 3-Maroons-v-Blues,1985,Game 3,Maroons,Blues,Maroons,Mark Murray,0,0,0,0,23-Jul-1985,https://afltables.com/rl/soo/game14.html
1985-Game 3-Maroons-v-Blues,1985,Game 3,Maroons,Blues,Maroons,Paul Vautin,0,0,0,0,23-Jul-1985,https://afltables.com/rl/soo/game14.html
1985-Game 3-Maroons-v-Blues,1985,Game 3,Maroons,Blues,Maroons,Wally Fullerton-Smith,0,0,0,0,23-Jul-1985,https://afltables.com/rl/soo/game14.html
1985-Game 3-Maroons-v-Blues,1985,Game 3,Maroons,Blues,Maroons,Ian French,1,0,0,0,23-Jul-1985,https://afltables.com/rl/soo/game14.html
1985-Game 3-Maroons-v-Blues,1985,Game 3,Maroons,Blues,Maroons,Dave Brown(E2),0,0,0,0,23-Jul-1985,https://afltables.com/rl/soo/game14.html
1985-Game 3-Maroons-v-Blues,1985,Game 3,Maroons,Blues,Maroons,Greg Conescu,0,0,0,0,23-Jul-1985,https://afltables.com/rl/soo/game14.html
1985-Game 3-Maroons-v-Blues,1985,Game 3,Maroons,Blues,Maroons,Greg Dowling,0,0,0,0,23-Jul-1985,https://afltables.com/rl/soo/game14.html
1985-Game 3-Maroons-v-Blues,1985,Game 3,Maroons,Blues,Maroons,Tony Currie,0,0,0,0,23-Jul-1985,https://afltables.com/rl/soo/game14.html
1985-Game 3-Maroons-v-Blues,1985,Game 3,Maroons,Blues,Maroons,Cavill Heugh,0,0,0,0,23-Jul-1985,https://afltables.com/rl/soo/game14.html
1986-Game 1-Maroons-v-Blues,1986,Game 1,Maroons,Blues,Blues,Steve Morris,0,0,0,0,27-May-1986,https://afltables.com/rl/soo/game15.html
1986-Game 1-Maroons-v-Blues,1986,Game 1,Maroons,Blues,Blues,Michael O'Connor,0,3,0,0,27-May-1986,https://afltables.com/rl/soo/game15.html
1986-Game 1-Maroons-v-Blues,1986,Game 1,Maroons,Blues,Blues,Chris Mortimer,1,0,0,0,27-May-1986,https://afltables.com/rl/soo/game15.html
1986-Game 1-Maroons-v-Blues,1986,Game 1,Maroons,Blues,Blues,Andrew Farrar,1,0,0,0,27-May-1986,https://afltables.com/rl/soo/game15.html
1986-Game 1-Maroons-v-Blues,1986,Game 1,Maroons,Blues,Blues,Brett Kenny,0,0,0,0,27-May-1986,https://afltables.com/rl/soo/game15.html
1986-Game 1-Maroons-v-Blues,1986,Game 1,Maroons,Blues,Blues,Peter Sterling,0,0,0,0,27-May-1986,https://afltables.com/rl/soo/game15.html
1986-Game 1-Maroons-v-Blues,1986,Game 1,Maroons,Blues,Blues,Wayne Pearce,0,0,0,0,27-May-1986,https://afltables.com/rl/soo/game15.html
1986-Game 1-Maroons-v-Blues,1986,Game 1,Maroons,Blues,Blues,Noel Cleal,0,0,0,0,27-May-1986,https://afltables.com/rl/soo/game15.html
1986-Game 1-Maroons-v-Blues,1986,Game 1,Maroons,Blues,Blues,Steve Folkes,0,0,0,0,27-May-1986,https://afltables.com/rl/soo/game15.html
1986-Game 1-Maroons-v-Blues,1986,Game 1,Maroons,Blues,Blues,Peter Tunks,0,0,0,0,27-May-1986,https://afltables.com/rl/soo/game15.html
1986-Game 1-Maroons-v-Blues,1986,Game 1,Maroons,Blues,Blues,Royce Simmons,1,0,0,0,27-May-1986,https://afltables.com/rl/soo/game15.html
1986-Game 1-Maroons-v-Blues,1986,Game 1,Maroons,Blues,Blues,Steve Roach,0,0,0,0,27-May-1986,https://afltables.com/rl/soo/game15.html
1986-Game 1-Maroons-v-Blues,1986,Game 1,Maroons,Blues,Blues,Terry Lamb,0,0,0,0,27-May-1986,https://afltables.com/rl/soo/game15.html
1986-Game 1-Maroons-v-Blues,1986,Game 1,Maroons,Blues,Blues,David Gillespie,0,0,0,0,27-May-1986,https://afltables.com/rl/soo/game15.html
1986-Game 1-Maroons-v-Blues,1986,Game 1,Maroons,Blues,Maroons,Dale Shearer,0,0,0,0,27-May-1986,https://afltables.com/rl/soo/game15.html
1986-Game 1-Maroons-v-Blues,1986,Game 1,Maroons,Blues,Maroons,Mal Meninga,0,4,0,0,27-May-1986,https://afltables.com/rl/soo/game15.html
1986-Game 1-Maroons-v-Blues,1986,Game 1,Maroons,Blues,Maroons,Gene Miles,1,0,0,0,27-May-1986,https://afltables.com/rl/soo/game15.html
1986-Game 1-Maroons-v-Blues,1986,Game 1,Maroons,Blues,Maroons,Chris Close,0,0,0,0,27-May-1986,https://afltables.com/rl/soo/game15.html
1986-Game 1-Maroons-v-Blues,1986,Game 1,Maroons,Blues,Maroons,Wally Lewis,0,0,0,0,27-May-1986,https://afltables.com/rl/soo/game15.html
1986-Game 1-Maroons-v-Blues,1986,Game 1,Maroons,Blues,Maroons,Mark Murray,0,0,0,0,27-May-1986,https://afltables.com/rl/soo/game15.html
1986-Game 1-Maroons-v-Blues,1986,Game 1,Maroons,Blues,Maroons,Bob Lindner,0,0,0,0,27-May-1986,https://afltables.com/rl/soo/game15.html
1986-Game 1-Maroons-v-Blues,1986,Game 1,Maroons,Blues,Maroons,Gavin Jones,0,0,0,0,27-May-1986,https://afltables.com/rl/soo/game15.html
1986-Game 1-Maroons-v-Blues,1986,Game 1,Maroons,Blues,Maroons,Bryan Niebling,0,0,0,0,27-May-1986,https://afltables.com/rl/soo/game15.html
1986-Game 1-Maroons-v-Blues,1986,Game 1,Maroons,Blues,Maroons,Dave Brown(E2),0,0,0,0,27-May-1986,https://afltables.com/rl/soo/game15.html
1986-Game 1-Maroons-v-Blues,1986,Game 1,Maroons,Blues,Maroons,Greg Conescu,0,0,0,0,27-May-1986,https://afltables.com/rl/soo/game15.html
1986-Game 1-Maroons-v-Blues,1986,Game 1,Maroons,Blues,Maroons,Greg Dowling,1,0,0,0,27-May-1986,https://afltables.com/rl/soo/game15.html
1986-Game 1-Maroons-v-Blues,1986,Game 1,Maroons,Blues,Maroons,Peter Jackson,0,0,0,0,27-May-1986,https://afltables.com/rl/soo/game15.html
1986-Game 1-Maroons-v-Blues,1986,Game 1,Maroons,Blues,Maroons,Ian French,0,0,0,0,27-May-1986,https://afltables.com/rl/soo/game15.html
1986-Game 2-Blues-v-Maroons,1986,Game 2,Blues,Maroons,Blues,Brian Hetherington,0,0,0,0,10-Jun-1986,https://afltables.com/rl/soo/game16.html
1986-Game 2-Blues-v-Maroons,1986,Game 2,Blues,Maroons,Blues,Michael O'Connor,1,2,0,0,10-Jun-1986,https://afltables.com/rl/soo/game16.html
1986-Game 2-Blues-v-Maroons,1986,Game 2,Blues,Maroons,Blues,Chris Mortimer,0,0,0,0,10-Jun-1986,https://afltables.com/rl/soo/game16.html
1986-Game 2-Blues-v-Maroons,1986,Game 2,Blues,Maroons,Blues,Andrew Farrar,1,0,0,0,10-Jun-1986,https://afltables.com/rl/soo/game16.html
1986-Game 2-Blues-v-Maroons,1986,Game 2,Blues,Maroons,Blues,Brett Kenny,1,0,0,0,10-Jun-1986,https://afltables.com/rl/soo/game16.html
1986-Game 2-Blues-v-Maroons,1986,Game 2,Blues,Maroons,Blues,Peter Sterling,0,0,0,0,10-Jun-1986,https://afltables.com/rl/soo/game16.html
1986-Game 2-Blues-v-Maroons,1986,Game 2,Blues,Maroons,Blues,Wayne Pearce,1,0,0,0,10-Jun-1986,https://afltables.com/rl/soo/game16.html
1986-Game 2-Blues-v-Maroons,1986,Game 2,Blues,Maroons,Blues,Noel Cleal,1,0,0,0,10-Jun-1986,https://afltables.com/rl/soo/game16.html
1986-Game 2-Blues-v-Maroons,1986,Game 2,Blues,Maroons,Blues,Steve Folkes,0,0,0,0,10-Jun-1986,https://afltables.com/rl/soo/game16.html
1986-Game 2-Blues-v-Maroons,1986,Game 2,Blues,Maroons,Blues,Peter Tunks,0,0,0,0,10-Jun-1986,https://afltables.com/rl/soo/game16.html
1986-Game 2-Blues-v-Maroons,1986,Game 2,Blues,Maroons,Blues,Royce Simmons,0,0,0,0,10-Jun-1986,https://afltables.com/rl/soo/game16.html
1986-Game 2-Blues-v-Maroons,1986,Game 2,Blues,Maroons,Blues,Steve Roach,0,0,0,0,10-Jun-1986,https://afltables.com/rl/soo/game16.html
1986-Game 2-Blues-v-Maroons,1986,Game 2,Blues,Maroons,Blues,Terry Lamb,0,0,0,0,10-Jun-1986,https://afltables.com/rl/soo/game16.html
1986-Game 2-Blues-v-Maroons,1986,Game 2,Blues,Maroons,Blues,David Gillespie,0,0,0,0,10-Jun-1986,https://afltables.com/rl/soo/game16.html
1986-Game 2-Blues-v-Maroons,1986,Game 2,Blues,Maroons,Maroons,Dale Shearer,1,0,0,0,10-Jun-1986,https://afltables.com/rl/soo/game16.html
1986-Game 2-Blues-v-Maroons,1986,Game 2,Blues,Maroons,Maroons,Mal Meninga,0,2,0,0,10-Jun-1986,https://afltables.com/rl/soo/game16.html
1986-Game 2-Blues-v-Maroons,1986,Game 2,Blues,Maroons,Maroons,Gene Miles,0,0,0,0,10-Jun-1986,https://afltables.com/rl/soo/game16.html
1986-Game 2-Blues-v-Maroons,1986,Game 2,Blues,Maroons,Maroons,Les Kiss,1,0,0,0,10-Jun-1986,https://afltables.com/rl/soo/game16.html
1986-Game 2-Blues-v-Maroons,1986,Game 2,Blues,Maroons,Maroons,Wally Lewis,0,0,0,0,10-Jun-1986,https://afltables.com/rl/soo/game16.html
1986-Game 2-Blues-v-Maroons,1986,Game 2,Blues,Maroons,Maroons,Mark Murray,0,0,0,0,10-Jun-1986,https://afltables.com/rl/soo/game16.html
1986-Game 2-Blues-v-Maroons,1986,Game 2,Blues,Maroons,Maroons,Ian French,1,0,0,0,10-Jun-1986,https://afltables.com/rl/soo/game16.html
1986-Game 2-Blues-v-Maroons,1986,Game 2,Blues,Maroons,Maroons,Gavin Jones,0,0,0,0,10-Jun-1986,https://afltables.com/rl/soo/game16.html
1986-Game 2-Blues-v-Maroons,1986,Game 2,Blues,Maroons,Maroons,Bob Lindner,1,0,0,0,10-Jun-1986,https://afltables.com/rl/soo/game16.html
1986-Game 2-Blues-v-Maroons,1986,Game 2,Blues,Maroons,Maroons,Darryl Brohman,0,0,0,0,10-Jun-1986,https://afltables.com/rl/soo/game16.html
1986-Game 2-Blues-v-Maroons,1986,Game 2,Blues,Maroons,Maroons,Greg Conescu,0,0,0,0,10-Jun-1986,https://afltables.com/rl/soo/game16.html
1986-Game 2-Blues-v-Maroons,1986,Game 2,Blues,Maroons,Maroons,Cavill Heugh,0,0,0,0,10-Jun-1986,https://afltables.com/rl/soo/game16.html
1986-Game 2-Blues-v-Maroons,1986,Game 2,Blues,Maroons,Maroons,Peter Jackson,0,0,0,0,10-Jun-1986,https://afltables.com/rl/soo/game16.html
1986-Game 2-Blues-v-Maroons,1986,Game 2,Blues,Maroons,Maroons,Brad Tessmann,0,0,0,0,10-Jun-1986,https://afltables.com/rl/soo/game16.html
1986-Game 3-Maroons-v-Blues,1986,Game 3,Maroons,Blues,Blues,Brian Johnston,0,0,0,0,1-Jul-1986,https://afltables.com/rl/soo/game17.html
1986-Game 3-Maroons-v-Blues,1986,Game 3,Maroons,Blues,Blues,Michael O'Connor,1,3,0,0,1-Jul-1986,https://afltables.com/rl/soo/game17.html
1986-Game 3-Maroons-v-Blues,1986,Game 3,Maroons,Blues,Blues,Chris Mortimer,0,0,0,0,1-Jul-1986,https://afltables.com/rl/soo/game17.html
1986-Game 3-Maroons-v-Blues,1986,Game 3,Maroons,Blues,Blues,Eric Grothe(P0),0,0,0,0,1-Jul-1986,https://afltables.com/rl/soo/game17.html
1986-Game 3-Maroons-v-Blues,1986,Game 3,Maroons,Blues,Blues,Brett Kenny,0,0,0,0,1-Jul-1986,https://afltables.com/rl/soo/game17.html
1986-Game 3-Maroons-v-Blues,1986,Game 3,Maroons,Blues,Blues,Peter Sterling,0,0,0,0,1-Jul-1986,https://afltables.com/rl/soo/game17.html
1986-Game 3-Maroons-v-Blues,1986,Game 3,Maroons,Blues,Blues,Wayne Pearce,1,0,0,0,1-Jul-1986,https://afltables.com/rl/soo/game17.html
1986-Game 3-Maroons-v-Blues,1986,Game 3,Maroons,Blues,Blues,Noel Cleal,0,0,0,0,1-Jul-1986,https://afltables.com/rl/soo/game17.html
1986-Game 3-Maroons-v-Blues,1986,Game 3,Maroons,Blues,Blues,Steve Folkes,0,0,0,0,1-Jul-1986,https://afltables.com/rl/soo/game17.html
1986-Game 3-Maroons-v-Blues,1986,Game 3,Maroons,Blues,Blues,Peter Tunks,1,0,0,0,1-Jul-1986,https://afltables.com/rl/soo/game17.html
1986-Game 3-Maroons-v-Blues,1986,Game 3,Maroons,Blues,Blues,Royce Simmons,0,0,0,0,1-Jul-1986,https://afltables.com/rl/soo/game17.html
1986-Game 3-Maroons-v-Blues,1986,Game 3,Maroons,Blues,Blues,Steve Roach,0,0,0,0,1-Jul-1986,https://afltables.com/rl/soo/game17.html
1986-Game 3-Maroons-v-Blues,1986,Game 3,Maroons,Blues,Blues,Terry Lamb,0,0,0,0,1-Jul-1986,https://afltables.com/rl/soo/game17.html
1986-Game 3-Maroons-v-Blues,1986,Game 3,Maroons,Blues,Blues,David Gillespie,0,0,0,0,1-Jul-1986,https://afltables.com/rl/soo/game17.html
1986-Game 3-Maroons-v-Blues,1986,Game 3,Maroons,Blues,Maroons,Dale Shearer,1,0,0,0,1-Jul-1986,https://afltables.com/rl/soo/game17.html
1986-Game 3-Maroons-v-Blues,1986,Game 3,Maroons,Blues,Maroons,Mal Meninga,0,0,0,0,1-Jul-1986,https://afltables.com/rl/soo/game17.html
1986-Game 3-Maroons-v-Blues,1986,Game 3,Maroons,Blues,Maroons,Gene Miles,0,0,0,0,1-Jul-1986,https://afltables.com/rl/soo/game17.html
1986-Game 3-Maroons-v-Blues,1986,Game 3,Maroons,Blues,Maroons,Les Kiss,1,0,0,0,1-Jul-1986,https://afltables.com/rl/soo/game17.html
1986-Game 3-Maroons-v-Blues,1986,Game 3,Maroons,Blues,Maroons,Wally Lewis,0,0,0,0,1-Jul-1986,https://afltables.com/rl/soo/game17.html
1986-Game 3-Maroons-v-Blues,1986,Game 3,Maroons,Blues,Maroons,Mark Murray,0,0,0,0,1-Jul-1986,https://afltables.com/rl/soo/game17.html
1986-Game 3-Maroons-v-Blues,1986,Game 3,Maroons,Blues,Maroons,Bob Lindner,0,0,0,0,1-Jul-1986,https://afltables.com/rl/soo/game17.html
1986-Game 3-Maroons-v-Blues,1986,Game 3,Maroons,Blues,Maroons,Gavin Jones,0,0,0,0,1-Jul-1986,https://afltables.com/rl/soo/game17.html
1986-Game 3-Maroons-v-Blues,1986,Game 3,Maroons,Blues,Maroons,Bryan Niebling,0,0,0,0,1-Jul-1986,https://afltables.com/rl/soo/game17.html
1986-Game 3-Maroons-v-Blues,1986,Game 3,Maroons,Blues,Maroons,Cavill Heugh,0,0,0,0,1-Jul-1986,https://afltables.com/rl/soo/game17.html
1986-Game 3-Maroons-v-Blues,1986,Game 3,Maroons,Blues,Maroons,Greg Conescu,1,0,0,0,1-Jul-1986,https://afltables.com/rl/soo/game17.html
1986-Game 3-Maroons-v-Blues,1986,Game 3,Maroons,Blues,Maroons,Brad Tessmann,0,0,0,0,1-Jul-1986,https://afltables.com/rl/soo/game17.html
1986-Game 3-Maroons-v-Blues,1986,Game 3,Maroons,Blues,Maroons,Grant Rix,0,0,0,0,1-Jul-1986,https://afltables.com/rl/soo/game17.html
1986-Game 3-Maroons-v-Blues,1986,Game 3,Maroons,Blues,Maroons,Ian French,0,0,0,0,1-Jul-1986,https://afltables.com/rl/soo/game17.html
1987-Game 1-Maroons-v-Blues,1987,Game 1,Maroons,Blues,Blues,Michael O'Connor,2,2,0,0,2-Jun-1987,https://afltables.com/rl/soo/game18.html
1987-Game 1-Maroons-v-Blues,1987,Game 1,Maroons,Blues,Blues,Mark McGaw,1,0,0,0,2-Jun-1987,https://afltables.com/rl/soo/game18.html
1987-Game 1-Maroons-v-Blues,1987,Game 1,Maroons,Blues,Blues,Brian Johnston,0,0,0,0,2-Jun-1987,https://afltables.com/rl/soo/game18.html
1987-Game 1-Maroons-v-Blues,1987,Game 1,Maroons,Blues,Blues,Andrew Ettingshausen,0,0,0,0,2-Jun-1987,https://afltables.com/rl/soo/game18.html
1987-Game 1-Maroons-v-Blues,1987,Game 1,Maroons,Blues,Blues,Brett Kenny,0,0,0,0,2-Jun-1987,https://afltables.com/rl/soo/game18.html
1987-Game 1-Maroons-v-Blues,1987,Game 1,Maroons,Blues,Blues,Peter Sterling,0,0,0,0,2-Jun-1987,https://afltables.com/rl/soo/game18.html
1987-Game 1-Maroons-v-Blues,1987,Game 1,Maroons,Blues,Blues,Wayne Pearce,0,0,0,0,2-Jun-1987,https://afltables.com/rl/soo/game18.html
1987-Game 1-Maroons-v-Blues,1987,Game 1,Maroons,Blues,Blues,Noel Cleal,0,0,0,0,2-Jun-1987,https://afltables.com/rl/soo/game18.html
1987-Game 1-Maroons-v-Blues,1987,Game 1,Maroons,Blues,Blues,Steve Folkes,0,0,0,0,2-Jun-1987,https://afltables.com/rl/soo/game18.html
1987-Game 1-Maroons-v-Blues,1987,Game 1,Maroons,Blues,Blues,Pat Jarvis,0,0,0,0,2-Jun-1987,https://afltables.com/rl/soo/game18.html
1987-Game 1-Maroons-v-Blues,1987,Game 1,Maroons,Blues,Blues,Royce Simmons,0,0,0,0,2-Jun-1987,https://afltables.com/rl/soo/game18.html
1987-Game 1-Maroons-v-Blues,1987,Game 1,Maroons,Blues,Blues,Les Davidson,1,0,0,0,2-Jun-1987,https://afltables.com/rl/soo/game18.html
1987-Game 1-Maroons-v-Blues,1987,Game 1,Maroons,Blues,Blues,Des Hasler,0,0,0,0,2-Jun-1987,https://afltables.com/rl/soo/game18.html
1987-Game 1-Maroons-v-Blues,1987,Game 1,Maroons,Blues,Blues,David Boyle,0,0,0,0,2-Jun-1987,https://afltables.com/rl/soo/game18.html
1987-Game 1-Maroons-v-Blues,1987,Game 1,Maroons,Blues,Maroons,Tony Currie,1,0,0,0,2-Jun-1987,https://afltables.com/rl/soo/game18.html
1987-Game 1-Maroons-v-Blues,1987,Game 1,Maroons,Blues,Maroons,Peter Jackson,0,1,0,0,2-Jun-1987,https://afltables.com/rl/soo/game18.html
1987-Game 1-Maroons-v-Blues,1987,Game 1,Maroons,Blues,Maroons,Gene Miles,0,0,0,0,2-Jun-1987,https://afltables.com/rl/soo/game18.html
1987-Game 1-Maroons-v-Blues,1987,Game 1,Maroons,Blues,Maroons,Dale Shearer,1,0,0,0,2-Jun-1987,https://afltables.com/rl/soo/game18.html
1987-Game 1-Maroons-v-Blues,1987,Game 1,Maroons,Blues,Maroons,Wally Lewis,0,0,0,0,2-Jun-1987,https://afltables.com/rl/soo/game18.html
1987-Game 1-Maroons-v-Blues,1987,Game 1,Maroons,Blues,Maroons,Allan Langer,0,0,0,0,2-Jun-1987,https://afltables.com/rl/soo/game18.html
1987-Game 1-Maroons-v-Blues,1987,Game 1,Maroons,Blues,Maroons,Ian French,0,0,0,0,2-Jun-1987,https://afltables.com/rl/soo/game18.html
1987-Game 1-Maroons-v-Blues,1987,Game 1,Maroons,Blues,Maroons,Paul Vautin,0,0,0,0,2-Jun-1987,https://afltables.com/rl/soo/game18.html
1987-Game 1-Maroons-v-Blues,1987,Game 1,Maroons,Blues,Maroons,Trevor Gillmeister,0,0,0,0,2-Jun-1987,https://afltables.com/rl/soo/game18.html
1987-Game 1-Maroons-v-Blues,1987,Game 1,Maroons,Blues,Maroons,Martin Bella,0,0,0,0,2-Jun-1987,https://afltables.com/rl/soo/game18.html
1987-Game 1-Maroons-v-Blues,1987,Game 1,Maroons,Blues,Maroons,Greg Conescu,0,0,0,0,2-Jun-1987,https://afltables.com/rl/soo/game18.html
1987-Game 1-Maroons-v-Blues,1987,Game 1,Maroons,Blues,Maroons,Greg Dowling,1,0,0,0,2-Jun-1987,https://afltables.com/rl/soo/game18.html
1987-Game 1-Maroons-v-Blues,1987,Game 1,Maroons,Blues,Maroons,Colin Scott,0,0,0,0,2-Jun-1987,https://afltables.com/rl/soo/game18.html
1987-Game 1-Maroons-v-Blues,1987,Game 1,Maroons,Blues,Maroons,Gary Smith,0,0,0,0,2-Jun-1987,https://afltables.com/rl/soo/game18.html
1987-Game 2-Blues-v-Maroons,1987,Game 2,Blues,Maroons,Blues,Michael O'Connor,0,1,0,0,16-Jun-1987,https://afltables.com/rl/soo/game19.html
1987-Game 2-Blues-v-Maroons,1987,Game 2,Blues,Maroons,Blues,Mark McGaw,0,0,0,0,16-Jun-1987,https://afltables.com/rl/soo/game19.html
1987-Game 2-Blues-v-Maroons,1987,Game 2,Blues,Maroons,Blues,Brian Johnston,0,0,0,0,16-Jun-1987,https://afltables.com/rl/soo/game19.html
1987-Game 2-Blues-v-Maroons,1987,Game 2,Blues,Maroons,Blues,Andrew Farrar,1,0,0,0,16-Jun-1987,https://afltables.com/rl/soo/game19.html
1987-Game 2-Blues-v-Maroons,1987,Game 2,Blues,Maroons,Blues,Brett Kenny,0,0,0,0,16-Jun-1987,https://afltables.com/rl/soo/game19.html
1987-Game 2-Blues-v-Maroons,1987,Game 2,Blues,Maroons,Blues,Peter Sterling,0,0,0,0,16-Jun-1987,https://afltables.com/rl/soo/game19.html
1987-Game 2-Blues-v-Maroons,1987,Game 2,Blues,Maroons,Blues,Wayne Pearce,0,0,0,0,16-Jun-1987,https://afltables.com/rl/soo/game19.html
1987-Game 2-Blues-v-Maroons,1987,Game 2,Blues,Maroons,Blues,Les Davidson,0,0,0,0,16-Jun-1987,https://afltables.com/rl/soo/game19.html
1987-Game 2-Blues-v-Maroons,1987,Game 2,Blues,Maroons,Blues,Steve Folkes,0,0,0,0,16-Jun-1987,https://afltables.com/rl/soo/game19.html
1987-Game 2-Blues-v-Maroons,1987,Game 2,Blues,Maroons,Blues,Pat Jarvis,0,0,0,0,16-Jun-1987,https://afltables.com/rl/soo/game19.html
1987-Game 2-Blues-v-Maroons,1987,Game 2,Blues,Maroons,Blues,Royce Simmons,0,0,0,0,16-Jun-1987,https://afltables.com/rl/soo/game19.html
1987-Game 2-Blues-v-Maroons,1987,Game 2,Blues,Maroons,Blues,David Boyle,0,0,0,0,16-Jun-1987,https://afltables.com/rl/soo/game19.html
1987-Game 2-Blues-v-Maroons,1987,Game 2,Blues,Maroons,Blues,Des Hasler,0,0,0,0,16-Jun-1987,https://afltables.com/rl/soo/game19.html
1987-Game 2-Blues-v-Maroons,1987,Game 2,Blues,Maroons,Blues,Paul Langmack,0,0,0,0,16-Jun-1987,https://afltables.com/rl/soo/game19.html
1987-Game 2-Blues-v-Maroons,1987,Game 2,Blues,Maroons,Maroons,Colin Scott,1,0,0,0,16-Jun-1987,https://afltables.com/rl/soo/game19.html
1987-Game 2-Blues-v-Maroons,1987,Game 2,Blues,Maroons,Maroons,Peter Jackson,0,0,0,0,16-Jun-1987,https://afltables.com/rl/soo/game19.html
1987-Game 2-Blues-v-Maroons,1987,Game 2,Blues,Maroons,Maroons,Gene Miles,0,0,0,0,16-Jun-1987,https://afltables.com/rl/soo/game19.html
1987-Game 2-Blues-v-Maroons,1987,Game 2,Blues,Maroons,Maroons,Dale Shearer,1,0,0,0,16-Jun-1987,https://afltables.com/rl/soo/game19.html
1987-Game 2-Blues-v-Maroons,1987,Game 2,Blues,Maroons,Maroons,Wally Lewis,0,0,0,0,16-Jun-1987,https://afltables.com/rl/soo/game19.html
1987-Game 2-Blues-v-Maroons,1987,Game 2,Blues,Maroons,Maroons,Allan Langer,0,0,0,0,16-Jun-1987,https://afltables.com/rl/soo/game19.html
1987-Game 2-Blues-v-Maroons,1987,Game 2,Blues,Maroons,Maroons,Bob Lindner,0,0,0,0,16-Jun-1987,https://afltables.com/rl/soo/game19.html
1987-Game 2-Blues-v-Maroons,1987,Game 2,Blues,Maroons,Maroons,Paul Vautin,0,0,0,0,16-Jun-1987,https://afltables.com/rl/soo/game19.html
1987-Game 2-Blues-v-Maroons,1987,Game 2,Blues,Maroons,Maroons,Trevor Gillmeister,0,0,0,0,16-Jun-1987,https://afltables.com/rl/soo/game19.html
1987-Game 2-Blues-v-Maroons,1987,Game 2,Blues,Maroons,Maroons,Martin Bella,0,0,0,0,16-Jun-1987,https://afltables.com/rl/soo/game19.html
1987-Game 2-Blues-v-Maroons,1987,Game 2,Blues,Maroons,Maroons,Greg Conescu,0,0,0,0,16-Jun-1987,https://afltables.com/rl/soo/game19.html
1987-Game 2-Blues-v-Maroons,1987,Game 2,Blues,Maroons,Maroons,Greg Dowling,1,0,0,0,16-Jun-1987,https://afltables.com/rl/soo/game19.html
1987-Game 2-Blues-v-Maroons,1987,Game 2,Blues,Maroons,Maroons,Tony Currie,0,0,0,0,16-Jun-1987,https://afltables.com/rl/soo/game19.html
1987-Game 2-Blues-v-Maroons,1987,Game 2,Blues,Maroons,Maroons,Ian French,0,0,0,0,16-Jun-1987,https://afltables.com/rl/soo/game19.html
1987-Game 3-Maroons-v-Blues,1987,Game 3,Maroons,Blues,Blues,Brian Johnston,0,0,0,0,15-Jul-1987,https://afltables.com/rl/soo/game20.html
1987-Game 3-Maroons-v-Blues,1987,Game 3,Maroons,Blues,Blues,Brett Kenny,0,0,0,0,15-Jul-1987,https://afltables.com/rl/soo/game20.html
1987-Game 3-Maroons-v-Blues,1987,Game 3,Maroons,Blues,Blues,Michael O'Connor,0,2,0,0,15-Jul-1987,https://afltables.com/rl/soo/game20.html
1987-Game 3-Maroons-v-Blues,1987,Game 3,Maroons,Blues,Blues,Andrew Ettingshausen,0,0,0,0,15-Jul-1987,https://afltables.com/rl/soo/game20.html
1987-Game 3-Maroons-v-Blues,1987,Game 3,Maroons,Blues,Blues,Cliff Lyons,0,0,0,0,15-Jul-1987,https://afltables.com/rl/soo/game20.html
1987-Game 3-Maroons-v-Blues,1987,Game 3,Maroons,Blues,Blues,Peter Sterling,0,0,0,0,15-Jul-1987,https://afltables.com/rl/soo/game20.html
1987-Game 3-Maroons-v-Blues,1987,Game 3,Maroons,Blues,Blues,Wayne Pearce,0,0,0,0,15-Jul-1987,https://afltables.com/rl/soo/game20.html
1987-Game 3-Maroons-v-Blues,1987,Game 3,Maroons,Blues,Blues,Les Davidson,0,0,0,0,15-Jul-1987,https://afltables.com/rl/soo/game20.html
1987-Game 3-Maroons-v-Blues,1987,Game 3,Maroons,Blues,Blues,David Boyle,1,0,0,0,15-Jul-1987,https://afltables.com/rl/soo/game20.html
1987-Game 3-Maroons-v-Blues,1987,Game 3,Maroons,Blues,Blues,Phil Daley,0,0,0,0,15-Jul-1987,https://afltables.com/rl/soo/game20.html
1987-Game 3-Maroons-v-Blues,1987,Game 3,Maroons,Blues,Blues,Royce Simmons,0,0,0,0,15-Jul-1987,https://afltables.com/rl/soo/game20.html
1987-Game 3-Maroons-v-Blues,1987,Game 3,Maroons,Blues,Blues,Peter Tunks,0,0,0,0,15-Jul-1987,https://afltables.com/rl/soo/game20.html
1987-Game 3-Maroons-v-Blues,1987,Game 3,Maroons,Blues,Blues,Mark McGaw,0,0,0,0,15-Jul-1987,https://afltables.com/rl/soo/game20.html
1987-Game 3-Maroons-v-Blues,1987,Game 3,Maroons,Blues,Blues,Steve Folkes,0,0,0,0,15-Jul-1987,https://afltables.com/rl/soo/game20.html
1987-Game 3-Maroons-v-Blues,1987,Game 3,Maroons,Blues,Maroons,Colin Scott,0,0,0,0,15-Jul-1987,https://afltables.com/rl/soo/game20.html
1987-Game 3-Maroons-v-Blues,1987,Game 3,Maroons,Blues,Maroons,Peter Jackson,0,0,0,0,15-Jul-1987,https://afltables.com/rl/soo/game20.html
1987-Game 3-Maroons-v-Blues,1987,Game 3,Maroons,Blues,Maroons,Gene Miles,0,0,0,0,15-Jul-1987,https://afltables.com/rl/soo/game20.html
1987-Game 3-Maroons-v-Blues,1987,Game 3,Maroons,Blues,Maroons,Dale Shearer,1,1,0,0,15-Jul-1987,https://afltables.com/rl/soo/game20.html
1987-Game 3-Maroons-v-Blues,1987,Game 3,Maroons,Blues,Maroons,Wally Lewis,0,0,0,0,15-Jul-1987,https://afltables.com/rl/soo/game20.html
1987-Game 3-Maroons-v-Blues,1987,Game 3,Maroons,Blues,Maroons,Allan Langer,0,0,0,0,15-Jul-1987,https://afltables.com/rl/soo/game20.html
1987-Game 3-Maroons-v-Blues,1987,Game 3,Maroons,Blues,Maroons,Bob Lindner,1,0,0,0,15-Jul-1987,https://afltables.com/rl/soo/game20.html
1987-Game 3-Maroons-v-Blues,1987,Game 3,Maroons,Blues,Maroons,Paul Vautin,0,0,0,0,15-Jul-1987,https://afltables.com/rl/soo/game20.html
1987-Game 3-Maroons-v-Blues,1987,Game 3,Maroons,Blues,Maroons,Trevor Gillmeister,0,0,0,0,15-Jul-1987,https://afltables.com/rl/soo/game20.html
1987-Game 3-Maroons-v-Blues,1987,Game 3,Maroons,Blues,Maroons,Bryan Niebling,0,0,0,0,15-Jul-1987,https://afltables.com/rl/soo/game20.html
1987-Game 3-Maroons-v-Blues,1987,Game 3,Maroons,Blues,Maroons,Greg Conescu,0,0,0,0,15-Jul-1987,https://afltables.com/rl/soo/game20.html
1987-Game 3-Maroons-v-Blues,1987,Game 3,Maroons,Blues,Maroons,Greg Dowling,0,0,0,0,15-Jul-1987,https://afltables.com/rl/soo/game20.html
1987-Game 3-Maroons-v-Blues,1987,Game 3,Maroons,Blues,Maroons,Tony Currie,0,0,0,0,15-Jul-1987,https://afltables.com/rl/soo/game20.html
1987-Game 3-Maroons-v-Blues,1987,Game 3,Maroons,Blues,Maroons,Ian French,0,0,0,0,15-Jul-1987,https://afltables.com/rl/soo/game20.html
1987-Game 4-Blues-v-Maroons,1987,Game 4,Blues,Maroons,Blues,Brian Johnston,0,0,0,0,6-Aug-1987,https://afltables.com/rl/soo/game21.html
1987-Game 4-Blues-v-Maroons,1987,Game 4,Blues,Maroons,Blues,Mark McGaw,1,0,0,0,6-Aug-1987,https://afltables.com/rl/soo/game21.html
1987-Game 4-Blues-v-Maroons,1987,Game 4,Blues,Maroons,Blues,Michael O'Connor,1,5,0,0,6-Aug-1987,https://afltables.com/rl/soo/game21.html
1987-Game 4-Blues-v-Maroons,1987,Game 4,Blues,Maroons,Blues,Andrew Ettingshausen,1,0,0,0,6-Aug-1987,https://afltables.com/rl/soo/game21.html
1987-Game 4-Blues-v-Maroons,1987,Game 4,Blues,Maroons,Blues,Cliff Lyons,1,0,0,0,6-Aug-1987,https://afltables.com/rl/soo/game21.html
1987-Game 4-Blues-v-Maroons,1987,Game 4,Blues,Maroons,Blues,Peter Sterling,0,0,0,0,6-Aug-1987,https://afltables.com/rl/soo/game21.html
1987-Game 4-Blues-v-Maroons,1987,Game 4,Blues,Maroons,Blues,Paul Langmack,0,0,0,0,6-Aug-1987,https://afltables.com/rl/soo/game21.html
1987-Game 4-Blues-v-Maroons,1987,Game 4,Blues,Maroons,Blues,Noel Cleal,0,0,0,0,6-Aug-1987,https://afltables.com/rl/soo/game21.html
1987-Game 4-Blues-v-Maroons,1987,Game 4,Blues,Maroons,Blues,Les Davidson,0,0,0,0,6-Aug-1987,https://afltables.com/rl/soo/game21.html
1987-Game 4-Blues-v-Maroons,1987,Game 4,Blues,Maroons,Blues,Phil Daley,0,0,0,0,6-Aug-1987,https://afltables.com/rl/soo/game21.html
1987-Game 4-Blues-v-Maroons,1987,Game 4,Blues,Maroons,Blues,Royce Simmons,0,0,0,0,6-Aug-1987,https://afltables.com/rl/soo/game21.html
1987-Game 4-Blues-v-Maroons,1987,Game 4,Blues,Maroons,Blues,Peter Tunks,0,0,0,0,6-Aug-1987,https://afltables.com/rl/soo/game21.html
1987-Game 4-Blues-v-Maroons,1987,Game 4,Blues,Maroons,Blues,Des Hasler,0,0,0,0,6-Aug-1987,https://afltables.com/rl/soo/game21.html
1987-Game 4-Blues-v-Maroons,1987,Game 4,Blues,Maroons,Blues,David Boyle,0,0,0,0,6-Aug-1987,https://afltables.com/rl/soo/game21.html
1987-Game 4-Blues-v-Maroons,1987,Game 4,Blues,Maroons,Maroons,Tony Currie,1,0,0,0,6-Aug-1987,https://afltables.com/rl/soo/game21.html
1987-Game 4-Blues-v-Maroons,1987,Game 4,Blues,Maroons,Maroons,Peter Jackson,0,0,0,0,6-Aug-1987,https://afltables.com/rl/soo/game21.html
1987-Game 4-Blues-v-Maroons,1987,Game 4,Blues,Maroons,Maroons,Gene Miles,1,0,0,0,6-Aug-1987,https://afltables.com/rl/soo/game21.html
1987-Game 4-Blues-v-Maroons,1987,Game 4,Blues,Maroons,Maroons,Dale Shearer,1,3,0,0,6-Aug-1987,https://afltables.com/rl/soo/game21.html
1987-Game 4-Blues-v-Maroons,1987,Game 4,Blues,Maroons,Maroons,Wally Lewis,0,0,0,0,6-Aug-1987,https://afltables.com/rl/soo/game21.html
1987-Game 4-Blues-v-Maroons,1987,Game 4,Blues,Maroons,Maroons,Allan Langer,0,0,0,0,6-Aug-1987,https://afltables.com/rl/soo/game21.html
1987-Game 4-Blues-v-Maroons,1987,Game 4,Blues,Maroons,Maroons,Bob Lindner,0,0,0,0,6-Aug-1987,https://afltables.com/rl/soo/game21.html
1987-Game 4-Blues-v-Maroons,1987,Game 4,Blues,Maroons,Maroons,Paul Vautin,0,0,0,0,6-Aug-1987,https://afltables.com/rl/soo/game21.html
1987-Game 4-Blues-v-Maroons,1987,Game 4,Blues,Maroons,Maroons,Trevor Gillmeister,0,0,0,0,6-Aug-1987,https://afltables.com/rl/soo/game21.html
1987-Game 4-Blues-v-Maroons,1987,Game 4,Blues,Maroons,Maroons,Bryan Niebling,0,0,0,0,6-Aug-1987,https://afltables.com/rl/soo/game21.html
1987-Game 4-Blues-v-Maroons,1987,Game 4,Blues,Maroons,Maroons,Greg Conescu,0,0,0,0,6-Aug-1987,https://afltables.com/rl/soo/game21.html
1987-Game 4-Blues-v-Maroons,1987,Game 4,Blues,Maroons,Maroons,Greg Dowling,0,0,0,0,6-Aug-1987,https://afltables.com/rl/soo/game21.html
1987-Game 4-Blues-v-Maroons,1987,Game 4,Blues,Maroons,Maroons,Colin Scott,0,0,0,0,6-Aug-1987,https://afltables.com/rl/soo/game21.html
1987-Game 4-Blues-v-Maroons,1987,Game 4,Blues,Maroons,Maroons,Ian French,0,0,0,0,6-Aug-1987,https://afltables.com/rl/soo/game21.html
1988-Game 1-Blues-v-Maroons,1988,Game 1,Blues,Maroons,Blues,Andrew Ettingshausen,1,0,0,0,17-May-1988,https://afltables.com/rl/soo/game22.html
1988-Game 1-Blues-v-Maroons,1988,Game 1,Blues,Maroons,Blues,Mark McGaw,1,0,0,0,17-May-1988,https://afltables.com/rl/soo/game22.html
1988-Game 1-Blues-v-Maroons,1988,Game 1,Blues,Maroons,Blues,Michael O'Connor,1,3,0,0,17-May-1988,https://afltables.com/rl/soo/game22.html
1988-Game 1-Blues-v-Maroons,1988,Game 1,Blues,Maroons,Blues,Brian Johnston,0,0,0,0,17-May-1988,https://afltables.com/rl/soo/game22.html
1988-Game 1-Blues-v-Maroons,1988,Game 1,Blues,Maroons,Blues,Cliff Lyons,0,0,0,0,17-May-1988,https://afltables.com/rl/soo/game22.html
1988-Game 1-Blues-v-Maroons,1988,Game 1,Blues,Maroons,Blues,Peter Sterling,0,0,0,0,17-May-1988,https://afltables.com/rl/soo/game22.html
1988-Game 1-Blues-v-Maroons,1988,Game 1,Blues,Maroons,Blues,Wayne Pearce,0,0,0,0,17-May-1988,https://afltables.com/rl/soo/game22.html
1988-Game 1-Blues-v-Maroons,1988,Game 1,Blues,Maroons,Blues,Noel Cleal,0,0,0,0,17-May-1988,https://afltables.com/rl/soo/game22.html
1988-Game 1-Blues-v-Maroons,1988,Game 1,Blues,Maroons,Blues,Steve Folkes,0,0,0,0,17-May-1988,https://afltables.com/rl/soo/game22.html
1988-Game 1-Blues-v-Maroons,1988,Game 1,Blues,Maroons,Blues,Steve Roach,0,0,0,0,17-May-1988,https://afltables.com/rl/soo/game22.html
1988-Game 1-Blues-v-Maroons,1988,Game 1,Blues,Maroons,Blues,Royce Simmons,0,0,0,0,17-May-1988,https://afltables.com/rl/soo/game22.html
1988-Game 1-Blues-v-Maroons,1988,Game 1,Blues,Maroons,Blues,Les Davidson,0,0,0,0,17-May-1988,https://afltables.com/rl/soo/game22.html
1988-Game 1-Blues-v-Maroons,1988,Game 1,Blues,Maroons,Blues,Terry Lamb,0,0,0,0,17-May-1988,https://afltables.com/rl/soo/game22.html
1988-Game 1-Blues-v-Maroons,1988,Game 1,Blues,Maroons,Blues,David Trewhella,0,0,0,0,17-May-1988,https://afltables.com/rl/soo/game22.html
1988-Game 1-Blues-v-Maroons,1988,Game 1,Blues,Maroons,Maroons,Alan McIndoe,1,0,0,0,17-May-1988,https://afltables.com/rl/soo/game22.html
1988-Game 1-Blues-v-Maroons,1988,Game 1,Blues,Maroons,Maroons,Gene Miles,0,0,0,0,17-May-1988,https://afltables.com/rl/soo/game22.html
1988-Game 1-Blues-v-Maroons,1988,Game 1,Blues,Maroons,Maroons,Tony Currie,0,0,0,0,17-May-1988,https://afltables.com/rl/soo/game22.html
1988-Game 1-Blues-v-Maroons,1988,Game 1,Blues,Maroons,Maroons,Joe Kilroy,0,0,0,0,17-May-1988,https://afltables.com/rl/soo/game22.html
1988-Game 1-Blues-v-Maroons,1988,Game 1,Blues,Maroons,Maroons,Peter Jackson,1,0,0,0,17-May-1988,https://afltables.com/rl/soo/game22.html
1988-Game 1-Blues-v-Maroons,1988,Game 1,Blues,Maroons,Maroons,Allan Langer,2,0,0,0,17-May-1988,https://afltables.com/rl/soo/game22.html
1988-Game 1-Blues-v-Maroons,1988,Game 1,Blues,Maroons,Maroons,Paul Vautin,0,0,0,0,17-May-1988,https://afltables.com/rl/soo/game22.html
1988-Game 1-Blues-v-Maroons,1988,Game 1,Blues,Maroons,Maroons,Bob Lindner,0,0,0,0,17-May-1988,https://afltables.com/rl/soo/game22.html
1988-Game 1-Blues-v-Maroons,1988,Game 1,Blues,Maroons,Maroons,Wally Fullerton-Smith,0,0,0,0,17-May-1988,https://afltables.com/rl/soo/game22.html
1988-Game 1-Blues-v-Maroons,1988,Game 1,Blues,Maroons,Maroons,Sam Backo,0,0,0,0,17-May-1988,https://afltables.com/rl/soo/game22.html
1988-Game 1-Blues-v-Maroons,1988,Game 1,Blues,Maroons,Maroons,Greg Conescu,0,0,0,0,17-May-1988,https://afltables.com/rl/soo/game22.html
1988-Game 1-Blues-v-Maroons,1988,Game 1,Blues,Maroons,Maroons,Martin Bella,0,0,0,0,17-May-1988,https://afltables.com/rl/soo/game22.html
1988-Game 1-Blues-v-Maroons,1988,Game 1,Blues,Maroons,Maroons,Brett French,0,0,0,0,17-May-1988,https://afltables.com/rl/soo/game22.html
1988-Game 1-Blues-v-Maroons,1988,Game 1,Blues,Maroons,Maroons,Scott Tronc,0,0,0,0,17-May-1988,https://afltables.com/rl/soo/game22.html
1988-Game 2-Maroons-v-Blues,1988,Game 2,Maroons,Blues,Blues,John Ferguson,0,0,0,0,31-May-1988,https://afltables.com/rl/soo/game23.html
1988-Game 2-Maroons-v-Blues,1988,Game 2,Maroons,Blues,Blues,Mark McGaw,0,0,0,0,31-May-1988,https://afltables.com/rl/soo/game23.html
1988-Game 2-Maroons-v-Blues,1988,Game 2,Maroons,Blues,Blues,Michael O'Connor,1,1,0,0,31-May-1988,https://afltables.com/rl/soo/game23.html
1988-Game 2-Maroons-v-Blues,1988,Game 2,Maroons,Blues,Blues,Andrew Ettingshausen,0,0,0,0,31-May-1988,https://afltables.com/rl/soo/game23.html
1988-Game 2-Maroons-v-Blues,1988,Game 2,Maroons,Blues,Blues,Terry Lamb,0,0,0,0,31-May-1988,https://afltables.com/rl/soo/game23.html
1988-Game 2-Maroons-v-Blues,1988,Game 2,Maroons,Blues,Blues,Peter Sterling,0,0,0,0,31-May-1988,https://afltables.com/rl/soo/game23.html
1988-Game 2-Maroons-v-Blues,1988,Game 2,Maroons,Blues,Blues,Paul Langmack,0,0,0,0,31-May-1988,https://afltables.com/rl/soo/game23.html
1988-Game 2-Maroons-v-Blues,1988,Game 2,Maroons,Blues,Blues,Steve Folkes,0,0,0,0,31-May-1988,https://afltables.com/rl/soo/game23.html
1988-Game 2-Maroons-v-Blues,1988,Game 2,Maroons,Blues,Blues,Wayne Pearce,0,0,0,0,31-May-1988,https://afltables.com/rl/soo/game23.html
1988-Game 2-Maroons-v-Blues,1988,Game 2,Maroons,Blues,Blues,Steve Roach,0,0,0,0,31-May-1988,https://afltables.com/rl/soo/game23.html
1988-Game 2-Maroons-v-Blues,1988,Game 2,Maroons,Blues,Blues,Benny Elias,0,0,0,0,31-May-1988,https://afltables.com/rl/soo/game23.html
1988-Game 2-Maroons-v-Blues,1988,Game 2,Maroons,Blues,Blues,Phil Daley,0,0,0,0,31-May-1988,https://afltables.com/rl/soo/game23.html
1988-Game 2-Maroons-v-Blues,1988,Game 2,Maroons,Blues,Blues,Paul Dunn,0,0,0,0,31-May-1988,https://afltables.com/rl/soo/game23.html
1988-Game 2-Maroons-v-Blues,1988,Game 2,Maroons,Blues,Blues,Des Hasler,0,0,0,0,31-May-1988,https://afltables.com/rl/soo/game23.html
1988-Game 2-Maroons-v-Blues,1988,Game 2,Maroons,Blues,Maroons,Alan McIndoe,0,0,0,0,31-May-1988,https://afltables.com/rl/soo/game23.html
1988-Game 2-Maroons-v-Blues,1988,Game 2,Maroons,Blues,Maroons,Peter Jackson,0,0,0,0,31-May-1988,https://afltables.com/rl/soo/game23.html
1988-Game 2-Maroons-v-Blues,1988,Game 2,Maroons,Blues,Maroons,Gene Miles,0,0,0,0,31-May-1988,https://afltables.com/rl/soo/game23.html
1988-Game 2-Maroons-v-Blues,1988,Game 2,Maroons,Blues,Maroons,Tony Currie,0,0,0,0,31-May-1988,https://afltables.com/rl/soo/game23.html
1988-Game 2-Maroons-v-Blues,1988,Game 2,Maroons,Blues,Maroons,Wally Lewis,0,0,0,0,31-May-1988,https://afltables.com/rl/soo/game23.html
1988-Game 2-Maroons-v-Blues,1988,Game 2,Maroons,Blues,Maroons,Allan Langer,1,0,0,0,31-May-1988,https://afltables.com/rl/soo/game23.html
1988-Game 2-Maroons-v-Blues,1988,Game 2,Maroons,Blues,Maroons,Paul Vautin,0,0,0,0,31-May-1988,https://afltables.com/rl/soo/game23.html
1988-Game 2-Maroons-v-Blues,1988,Game 2,Maroons,Blues,Maroons,Bob Lindner,0,0,0,0,31-May-1988,https://afltables.com/rl/soo/game23.html
1988-Game 2-Maroons-v-Blues,1988,Game 2,Maroons,Blues,Maroons,Wally Fullerton-Smith,0,0,0,0,31-May-1988,https://afltables.com/rl/soo/game23.html
1988-Game 2-Maroons-v-Blues,1988,Game 2,Maroons,Blues,Maroons,Sam Backo,1,0,0,0,31-May-1988,https://afltables.com/rl/soo/game23.html
1988-Game 2-Maroons-v-Blues,1988,Game 2,Maroons,Blues,Maroons,Greg Conescu,0,0,0,0,31-May-1988,https://afltables.com/rl/soo/game23.html
1988-Game 2-Maroons-v-Blues,1988,Game 2,Maroons,Blues,Maroons,Martin Bella,0,0,0,0,31-May-1988,https://afltables.com/rl/soo/game23.html
1988-Game 2-Maroons-v-Blues,1988,Game 2,Maroons,Blues,Maroons,Trevor Gillmeister,0,0,0,0,31-May-1988,https://afltables.com/rl/soo/game23.html
1988-Game 2-Maroons-v-Blues,1988,Game 2,Maroons,Blues,Maroons,Brett French,0,0,0,0,31-May-1988,https://afltables.com/rl/soo/game23.html
1988-Game 3-Blues-v-Maroons,1988,Game 3,Blues,Maroons,Blues,John Ferguson,1,0,0,0,21-Jun-1988,https://afltables.com/rl/soo/game24.html
1988-Game 3-Blues-v-Maroons,1988,Game 3,Blues,Maroons,Blues,Mark McGaw,0,0,0,0,21-Jun-1988,https://afltables.com/rl/soo/game24.html
1988-Game 3-Blues-v-Maroons,1988,Game 3,Blues,Maroons,Blues,Michael O'Connor,1,3,0,0,21-Jun-1988,https://afltables.com/rl/soo/game24.html
1988-Game 3-Blues-v-Maroons,1988,Game 3,Blues,Maroons,Blues,Andrew Ettingshausen,0,0,0,0,21-Jun-1988,https://afltables.com/rl/soo/game24.html
1988-Game 3-Blues-v-Maroons,1988,Game 3,Blues,Maroons,Blues,Cliff Lyons,0,0,0,0,21-Jun-1988,https://afltables.com/rl/soo/game24.html
1988-Game 3-Blues-v-Maroons,1988,Game 3,Blues,Maroons,Blues,Des Hasler,0,0,0,0,21-Jun-1988,https://afltables.com/rl/soo/game24.html
1988-Game 3-Blues-v-Maroons,1988,Game 3,Blues,Maroons,Blues,Paul Langmack,0,0,0,0,21-Jun-1988,https://afltables.com/rl/soo/game24.html
1988-Game 3-Blues-v-Maroons,1988,Game 3,Blues,Maroons,Blues,Steve Folkes,0,0,0,0,21-Jun-1988,https://afltables.com/rl/soo/game24.html
1988-Game 3-Blues-v-Maroons,1988,Game 3,Blues,Maroons,Blues,Wayne Pearce,1,0,0,0,21-Jun-1988,https://afltables.com/rl/soo/game24.html
1988-Game 3-Blues-v-Maroons,1988,Game 3,Blues,Maroons,Blues,Steve Roach,0,0,0,0,21-Jun-1988,https://afltables.com/rl/soo/game24.html
1988-Game 3-Blues-v-Maroons,1988,Game 3,Blues,Maroons,Blues,Benny Elias,0,0,0,0,21-Jun-1988,https://afltables.com/rl/soo/game24.html
1988-Game 3-Blues-v-Maroons,1988,Game 3,Blues,Maroons,Blues,Steve Hanson,1,0,0,0,21-Jun-1988,https://afltables.com/rl/soo/game24.html
1988-Game 3-Blues-v-Maroons,1988,Game 3,Blues,Maroons,Blues,Greg Florimo,0,0,0,0,21-Jun-1988,https://afltables.com/rl/soo/game24.html
1988-Game 3-Blues-v-Maroons,1988,Game 3,Blues,Maroons,Blues,Noel Cleal,0,0,0,0,21-Jun-1988,https://afltables.com/rl/soo/game24.html
1988-Game 3-Blues-v-Maroons,1988,Game 3,Blues,Maroons,Maroons,Alan McIndoe,0,0,0,0,21-Jun-1988,https://afltables.com/rl/soo/game24.html
1988-Game 3-Blues-v-Maroons,1988,Game 3,Blues,Maroons,Maroons,Peter Jackson,1,0,0,0,21-Jun-1988,https://afltables.com/rl/soo/game24.html
1988-Game 3-Blues-v-Maroons,1988,Game 3,Blues,Maroons,Maroons,Tony Currie,0,0,0,0,21-Jun-1988,https://afltables.com/rl/soo/game24.html
1988-Game 3-Blues-v-Maroons,1988,Game 3,Blues,Maroons,Maroons,Joe Kilroy,1,0,0,0,21-Jun-1988,https://afltables.com/rl/soo/game24.html
1988-Game 3-Blues-v-Maroons,1988,Game 3,Blues,Maroons,Maroons,Wally Lewis,1,0,0,0,21-Jun-1988,https://afltables.com/rl/soo/game24.html
1988-Game 3-Blues-v-Maroons,1988,Game 3,Blues,Maroons,Maroons,Allan Langer,1,0,0,0,21-Jun-1988,https://afltables.com/rl/soo/game24.html
1988-Game 3-Blues-v-Maroons,1988,Game 3,Blues,Maroons,Maroons,Paul Vautin,0,0,0,0,21-Jun-1988,https://afltables.com/rl/soo/game24.html
1988-Game 3-Blues-v-Maroons,1988,Game 3,Blues,Maroons,Maroons,Bob Lindner,0,0,0,0,21-Jun-1988,https://afltables.com/rl/soo/game24.html
1988-Game 3-Blues-v-Maroons,1988,Game 3,Blues,Maroons,Maroons,Wally Fullerton-Smith,0,0,0,0,21-Jun-1988,https://afltables.com/rl/soo/game24.html
1988-Game 3-Blues-v-Maroons,1988,Game 3,Blues,Maroons,Maroons,Sam Backo,2,0,0,0,21-Jun-1988,https://afltables.com/rl/soo/game24.html
1988-Game 3-Blues-v-Maroons,1988,Game 3,Blues,Maroons,Maroons,Greg Conescu,0,0,0,0,21-Jun-1988,https://afltables.com/rl/soo/game24.html
1988-Game 3-Blues-v-Maroons,1988,Game 3,Blues,Maroons,Maroons,Martin Bella,0,0,0,0,21-Jun-1988,https://afltables.com/rl/soo/game24.html
1988-Game 3-Blues-v-Maroons,1988,Game 3,Blues,Maroons,Maroons,Brett French,1,0,0,0,21-Jun-1988,https://afltables.com/rl/soo/game24.html
1988-Game 3-Blues-v-Maroons,1988,Game 3,Blues,Maroons,Maroons,Trevor Gillmeister,0,0,0,0,21-Jun-1988,https://afltables.com/rl/soo/game24.html
1989-Game 1-Maroons-v-Blues,1989,Game 1,Maroons,Blues,Blues,John Ferguson,0,0,0,0,23-May-1989,https://afltables.com/rl/soo/game25.html
1989-Game 1-Maroons-v-Blues,1989,Game 1,Maroons,Blues,Blues,Andrew Farrar,0,0,0,0,23-May-1989,https://afltables.com/rl/soo/game25.html
1989-Game 1-Maroons-v-Blues,1989,Game 1,Maroons,Blues,Blues,Laurie Daley,0,1,0,0,23-May-1989,https://afltables.com/rl/soo/game25.html
1989-Game 1-Maroons-v-Blues,1989,Game 1,Maroons,Blues,Blues,Chris Johns,0,0,0,0,23-May-1989,https://afltables.com/rl/soo/game25.html
1989-Game 1-Maroons-v-Blues,1989,Game 1,Maroons,Blues,Blues,Terry Lamb,0,0,0,0,23-May-1989,https://afltables.com/rl/soo/game25.html
1989-Game 1-Maroons-v-Blues,1989,Game 1,Maroons,Blues,Blues,Des Hasler,0,0,0,0,23-May-1989,https://afltables.com/rl/soo/game25.html
1989-Game 1-Maroons-v-Blues,1989,Game 1,Maroons,Blues,Blues,Bradley Clyde,0,0,0,0,23-May-1989,https://afltables.com/rl/soo/game25.html
1989-Game 1-Maroons-v-Blues,1989,Game 1,Maroons,Blues,Blues,Paul Sironen,0,0,0,0,23-May-1989,https://afltables.com/rl/soo/game25.html
1989-Game 1-Maroons-v-Blues,1989,Game 1,Maroons,Blues,Blues,Gavin Miller,0,0,0,0,23-May-1989,https://afltables.com/rl/soo/game25.html
1989-Game 1-Maroons-v-Blues,1989,Game 1,Maroons,Blues,Blues,John Cartwright,0,0,0,0,23-May-1989,https://afltables.com/rl/soo/game25.html
1989-Game 1-Maroons-v-Blues,1989,Game 1,Maroons,Blues,Blues,Mario Fenech,0,0,0,0,23-May-1989,https://afltables.com/rl/soo/game25.html
1989-Game 1-Maroons-v-Blues,1989,Game 1,Maroons,Blues,Blues,Paul Dunn,0,0,0,0,23-May-1989,https://afltables.com/rl/soo/game25.html
1989-Game 1-Maroons-v-Blues,1989,Game 1,Maroons,Blues,Blues,Andrew Ettingshausen,1,0,0,0,23-May-1989,https://afltables.com/rl/soo/game25.html
1989-Game 1-Maroons-v-Blues,1989,Game 1,Maroons,Blues,Blues,Greg Alexander,0,0,0,0,23-May-1989,https://afltables.com/rl/soo/game25.html
1989-Game 1-Maroons-v-Blues,1989,Game 1,Maroons,Blues,Blues,Glenn Lazarus,0,0,0,0,23-May-1989,https://afltables.com/rl/soo/game25.html
1989-Game 1-Maroons-v-Blues,1989,Game 1,Maroons,Blues,Blues,Chris Mortimer,0,0,0,0,23-May-1989,https://afltables.com/rl/soo/game25.html
1989-Game 1-Maroons-v-Blues,1989,Game 1,Maroons,Blues,Maroons,Alan McIndoe,1,0,0,0,23-May-1989,https://afltables.com/rl/soo/game25.html
1989-Game 1-Maroons-v-Blues,1989,Game 1,Maroons,Blues,Maroons,Tony Currie,0,0,0,0,23-May-1989,https://afltables.com/rl/soo/game25.html
1989-Game 1-Maroons-v-Blues,1989,Game 1,Maroons,Blues,Maroons,Mal Meninga,2,4,0,0,23-May-1989,https://afltables.com/rl/soo/game25.html
1989-Game 1-Maroons-v-Blues,1989,Game 1,Maroons,Blues,Maroons,Michael Hancock,2,0,0,0,23-May-1989,https://afltables.com/rl/soo/game25.html
1989-Game 1-Maroons-v-Blues,1989,Game 1,Maroons,Blues,Maroons,Wally Lewis,0,0,0,0,23-May-1989,https://afltables.com/rl/soo/game25.html
1989-Game 1-Maroons-v-Blues,1989,Game 1,Maroons,Blues,Maroons,Allan Langer,1,0,0,0,23-May-1989,https://afltables.com/rl/soo/game25.html
1989-Game 1-Maroons-v-Blues,1989,Game 1,Maroons,Blues,Maroons,Bob Lindner,1,0,0,0,23-May-1989,https://afltables.com/rl/soo/game25.html
1989-Game 1-Maroons-v-Blues,1989,Game 1,Maroons,Blues,Maroons,Gene Miles,0,0,0,0,23-May-1989,https://afltables.com/rl/soo/game25.html
1989-Game 1-Maroons-v-Blues,1989,Game 1,Maroons,Blues,Maroons,Paul Vautin,0,0,0,0,23-May-1989,https://afltables.com/rl/soo/game25.html
1989-Game 1-Maroons-v-Blues,1989,Game 1,Maroons,Blues,Maroons,Dan Stains,0,0,0,0,23-May-1989,https://afltables.com/rl/soo/game25.html
1989-Game 1-Maroons-v-Blues,1989,Game 1,Maroons,Blues,Maroons,Kerrod Walters,0,0,0,0,23-May-1989,https://afltables.com/rl/soo/game25.html
1989-Game 1-Maroons-v-Blues,1989,Game 1,Maroons,Blues,Maroons,Martin Bella,0,0,0,0,23-May-1989,https://afltables.com/rl/soo/game25.html
1989-Game 1-Maroons-v-Blues,1989,Game 1,Maroons,Blues,Maroons,Dale Shearer,0,0,0,0,23-May-1989,https://afltables.com/rl/soo/game25.html
1989-Game 1-Maroons-v-Blues,1989,Game 1,Maroons,Blues,Maroons,Michael Hagan,0,0,0,0,23-May-1989,https://afltables.com/rl/soo/game25.html
1989-Game 1-Maroons-v-Blues,1989,Game 1,Maroons,Blues,Maroons,Trevor Gillmeister,0,0,0,0,23-May-1989,https://afltables.com/rl/soo/game25.html
1989-Game 1-Maroons-v-Blues,1989,Game 1,Maroons,Blues,Maroons,Gary Coyne,0,0,0,0,23-May-1989,https://afltables.com/rl/soo/game25.html
1989-Game 2-Blues-v-Maroons,1989,Game 2,Blues,Maroons,Blues,John Ferguson,0,0,0,0,14-Jun-1989,https://afltables.com/rl/soo/game26.html
1989-Game 2-Blues-v-Maroons,1989,Game 2,Blues,Maroons,Blues,Andrew Ettingshausen,0,0,0,0,14-Jun-1989,https://afltables.com/rl/soo/game26.html
1989-Game 2-Blues-v-Maroons,1989,Game 2,Blues,Maroons,Blues,Laurie Daley,1,0,0,0,14-Jun-1989,https://afltables.com/rl/soo/game26.html
1989-Game 2-Blues-v-Maroons,1989,Game 2,Blues,Maroons,Blues,Chris Johns,1,0,0,0,14-Jun-1989,https://afltables.com/rl/soo/game26.html
1989-Game 2-Blues-v-Maroons,1989,Game 2,Blues,Maroons,Blues,Chris Mortimer,0,0,0,0,14-Jun-1989,https://afltables.com/rl/soo/game26.html
1989-Game 2-Blues-v-Maroons,1989,Game 2,Blues,Maroons,Blues,Greg Alexander,0,2,0,0,14-Jun-1989,https://afltables.com/rl/soo/game26.html
1989-Game 2-Blues-v-Maroons,1989,Game 2,Blues,Maroons,Blues,Bradley Clyde,0,0,0,0,14-Jun-1989,https://afltables.com/rl/soo/game26.html
1989-Game 2-Blues-v-Maroons,1989,Game 2,Blues,Maroons,Blues,Bruce McGuire,0,0,0,0,14-Jun-1989,https://afltables.com/rl/soo/game26.html
1989-Game 2-Blues-v-Maroons,1989,Game 2,Blues,Maroons,Blues,Gavin Miller,0,0,0,0,14-Jun-1989,https://afltables.com/rl/soo/game26.html
1989-Game 2-Blues-v-Maroons,1989,Game 2,Blues,Maroons,Blues,Peter Kelly,0,0,0,0,14-Jun-1989,https://afltables.com/rl/soo/game26.html
1989-Game 2-Blues-v-Maroons,1989,Game 2,Blues,Maroons,Blues,Mario Fenech,0,0,0,0,14-Jun-1989,https://afltables.com/rl/soo/game26.html
1989-Game 2-Blues-v-Maroons,1989,Game 2,Blues,Maroons,Blues,Paul Dunn,0,0,0,0,14-Jun-1989,https://afltables.com/rl/soo/game26.html
1989-Game 2-Blues-v-Maroons,1989,Game 2,Blues,Maroons,Blues,Brad Mackay,0,0,0,0,14-Jun-1989,https://afltables.com/rl/soo/game26.html
1989-Game 2-Blues-v-Maroons,1989,Game 2,Blues,Maroons,Blues,Alan Wilson,0,0,0,0,14-Jun-1989,https://afltables.com/rl/soo/game26.html
1989-Game 2-Blues-v-Maroons,1989,Game 2,Blues,Maroons,Blues,Des Hasler,0,0,0,0,14-Jun-1989,https://afltables.com/rl/soo/game26.html
1989-Game 2-Blues-v-Maroons,1989,Game 2,Blues,Maroons,Blues,John Cartwright,0,0,0,0,14-Jun-1989,https://afltables.com/rl/soo/game26.html
1989-Game 2-Blues-v-Maroons,1989,Game 2,Blues,Maroons,Maroons,Alan McIndoe,0,0,0,0,14-Jun-1989,https://afltables.com/rl/soo/game26.html
1989-Game 2-Blues-v-Maroons,1989,Game 2,Blues,Maroons,Maroons,Tony Currie,0,0,0,0,14-Jun-1989,https://afltables.com/rl/soo/game26.html
1989-Game 2-Blues-v-Maroons,1989,Game 2,Blues,Maroons,Maroons,Mal Meninga,0,1,0,0,14-Jun-1989,https://afltables.com/rl/soo/game26.html
1989-Game 2-Blues-v-Maroons,1989,Game 2,Blues,Maroons,Maroons,Michael Hancock,1,0,0,0,14-Jun-1989,https://afltables.com/rl/soo/game26.html
1989-Game 2-Blues-v-Maroons,1989,Game 2,Blues,Maroons,Maroons,Wally Lewis,1,0,0,0,14-Jun-1989,https://afltables.com/rl/soo/game26.html
1989-Game 2-Blues-v-Maroons,1989,Game 2,Blues,Maroons,Maroons,Allan Langer,0,0,0,0,14-Jun-1989,https://afltables.com/rl/soo/game26.html
1989-Game 2-Blues-v-Maroons,1989,Game 2,Blues,Maroons,Maroons,Bob Lindner,0,0,0,0,14-Jun-1989,https://afltables.com/rl/soo/game26.html
1989-Game 2-Blues-v-Maroons,1989,Game 2,Blues,Maroons,Maroons,Gene Miles,0,0,0,0,14-Jun-1989,https://afltables.com/rl/soo/game26.html
1989-Game 2-Blues-v-Maroons,1989,Game 2,Blues,Maroons,Maroons,Paul Vautin,0,0,0,0,14-Jun-1989,https://afltables.com/rl/soo/game26.html
1989-Game 2-Blues-v-Maroons,1989,Game 2,Blues,Maroons,Maroons,Sam Backo,0,0,0,0,14-Jun-1989,https://afltables.com/rl/soo/game26.html
1989-Game 2-Blues-v-Maroons,1989,Game 2,Blues,Maroons,Maroons,Kerrod Walters,1,0,0,0,14-Jun-1989,https://afltables.com/rl/soo/game26.html
1989-Game 2-Blues-v-Maroons,1989,Game 2,Blues,Maroons,Maroons,Martin Bella,0,0,0,0,14-Jun-1989,https://afltables.com/rl/soo/game26.html
1989-Game 2-Blues-v-Maroons,1989,Game 2,Blues,Maroons,Maroons,Dale Shearer,0,0,0,0,14-Jun-1989,https://afltables.com/rl/soo/game26.html
1989-Game 2-Blues-v-Maroons,1989,Game 2,Blues,Maroons,Maroons,Michael Hagan,0,0,0,0,14-Jun-1989,https://afltables.com/rl/soo/game26.html
1989-Game 2-Blues-v-Maroons,1989,Game 2,Blues,Maroons,Maroons,Trevor Gillmeister,0,0,0,0,14-Jun-1989,https://afltables.com/rl/soo/game26.html
1989-Game 2-Blues-v-Maroons,1989,Game 2,Blues,Maroons,Maroons,Gary Coyne,0,0,0,0,14-Jun-1989,https://afltables.com/rl/soo/game26.html
1989-Game 3-Maroons-v-Blues,1989,Game 3,Maroons,Blues,Blues,Michael O'Connor,0,2,0,0,28-Jun-1989,https://afltables.com/rl/soo/game27.html
1989-Game 3-Maroons-v-Blues,1989,Game 3,Maroons,Blues,Blues,Brian Johnston,0,0,0,0,28-Jun-1989,https://afltables.com/rl/soo/game27.html
1989-Game 3-Maroons-v-Blues,1989,Game 3,Maroons,Blues,Blues,Chris Johns,0,0,0,0,28-Jun-1989,https://afltables.com/rl/soo/game27.html
1989-Game 3-Maroons-v-Blues,1989,Game 3,Maroons,Blues,Blues,John Ferguson,0,0,0,0,28-Jun-1989,https://afltables.com/rl/soo/game27.html
1989-Game 3-Maroons-v-Blues,1989,Game 3,Maroons,Blues,Blues,Des Hasler,1,0,0,0,28-Jun-1989,https://afltables.com/rl/soo/game27.html
1989-Game 3-Maroons-v-Blues,1989,Game 3,Maroons,Blues,Blues,Greg Alexander,0,0,0,0,28-Jun-1989,https://afltables.com/rl/soo/game27.html
1989-Game 3-Maroons-v-Blues,1989,Game 3,Maroons,Blues,Blues,Brad Mackay,0,0,0,0,28-Jun-1989,https://afltables.com/rl/soo/game27.html
1989-Game 3-Maroons-v-Blues,1989,Game 3,Maroons,Blues,Blues,Mark Geyer,0,0,0,0,28-Jun-1989,https://afltables.com/rl/soo/game27.html
1989-Game 3-Maroons-v-Blues,1989,Game 3,Maroons,Blues,Blues,Gavin Miller,0,0,0,0,28-Jun-1989,https://afltables.com/rl/soo/game27.html
1989-Game 3-Maroons-v-Blues,1989,Game 3,Maroons,Blues,Blues,Peter Kelly,0,0,0,0,28-Jun-1989,https://afltables.com/rl/soo/game27.html
1989-Game 3-Maroons-v-Blues,1989,Game 3,Maroons,Blues,Blues,David Trewhella,1,0,0,0,28-Jun-1989,https://afltables.com/rl/soo/game27.html
1989-Game 3-Maroons-v-Blues,1989,Game 3,Maroons,Blues,Blues,Bruce McGuire,1,0,0,0,28-Jun-1989,https://afltables.com/rl/soo/game27.html
1989-Game 3-Maroons-v-Blues,1989,Game 3,Maroons,Blues,Blues,Terry Matterson,0,0,0,0,28-Jun-1989,https://afltables.com/rl/soo/game27.html
1989-Game 3-Maroons-v-Blues,1989,Game 3,Maroons,Blues,Blues,Alan Wilson,0,0,0,0,28-Jun-1989,https://afltables.com/rl/soo/game27.html
1989-Game 3-Maroons-v-Blues,1989,Game 3,Maroons,Blues,Blues,Phil Blake,0,0,0,0,28-Jun-1989,https://afltables.com/rl/soo/game27.html
1989-Game 3-Maroons-v-Blues,1989,Game 3,Maroons,Blues,Blues,John Cartwright,0,0,0,0,28-Jun-1989,https://afltables.com/rl/soo/game27.html
1989-Game 3-Maroons-v-Blues,1989,Game 3,Maroons,Blues,Maroons,Alan McIndoe,1,0,0,0,28-Jun-1989,https://afltables.com/rl/soo/game27.html
1989-Game 3-Maroons-v-Blues,1989,Game 3,Maroons,Blues,Maroons,Tony Currie,1,0,0,0,28-Jun-1989,https://afltables.com/rl/soo/game27.html
1989-Game 3-Maroons-v-Blues,1989,Game 3,Maroons,Blues,Maroons,Dale Shearer,2,4,0,0,28-Jun-1989,https://afltables.com/rl/soo/game27.html
1989-Game 3-Maroons-v-Blues,1989,Game 3,Maroons,Blues,Maroons,Michael Hancock,1,0,0,0,28-Jun-1989,https://afltables.com/rl/soo/game27.html
1989-Game 3-Maroons-v-Blues,1989,Game 3,Maroons,Blues,Maroons,Wally Lewis,0,0,0,0,28-Jun-1989,https://afltables.com/rl/soo/game27.html
1989-Game 3-Maroons-v-Blues,1989,Game 3,Maroons,Blues,Maroons,Michael Hagan,0,0,0,0,28-Jun-1989,https://afltables.com/rl/soo/game27.html
1989-Game 3-Maroons-v-Blues,1989,Game 3,Maroons,Blues,Maroons,Paul Vautin,0,0,0,0,28-Jun-1989,https://afltables.com/rl/soo/game27.html
1989-Game 3-Maroons-v-Blues,1989,Game 3,Maroons,Blues,Maroons,Gene Miles,0,0,0,0,28-Jun-1989,https://afltables.com/rl/soo/game27.html
1989-Game 3-Maroons-v-Blues,1989,Game 3,Maroons,Blues,Maroons,Dan Stains,0,0,0,0,28-Jun-1989,https://afltables.com/rl/soo/game27.html
1989-Game 3-Maroons-v-Blues,1989,Game 3,Maroons,Blues,Maroons,Sam Backo,0,0,0,0,28-Jun-1989,https://afltables.com/rl/soo/game27.html
1989-Game 3-Maroons-v-Blues,1989,Game 3,Maroons,Blues,Maroons,Kerrod Walters,1,0,0,0,28-Jun-1989,https://afltables.com/rl/soo/game27.html
1989-Game 3-Maroons-v-Blues,1989,Game 3,Maroons,Blues,Maroons,Martin Bella,0,0,0,0,28-Jun-1989,https://afltables.com/rl/soo/game27.html
1989-Game 3-Maroons-v-Blues,1989,Game 3,Maroons,Blues,Maroons,Kevin Walters,0,0,0,0,28-Jun-1989,https://afltables.com/rl/soo/game27.html
1989-Game 3-Maroons-v-Blues,1989,Game 3,Maroons,Blues,Maroons,Peter Jackson,0,0,0,0,28-Jun-1989,https://afltables.com/rl/soo/game27.html
1989-Game 3-Maroons-v-Blues,1989,Game 3,Maroons,Blues,Maroons,Trevor Gillmeister,0,0,0,0,28-Jun-1989,https://afltables.com/rl/soo/game27.html
1989-Game 3-Maroons-v-Blues,1989,Game 3,Maroons,Blues,Maroons,Gary Coyne,0,0,0,0,28-Jun-1989,https://afltables.com/rl/soo/game27.html
1990-Game 1-Blues-v-Maroons,1990,Game 1,Blues,Maroons,Blues,Rod Wishart,0,0,0,0,9-May-1990,https://afltables.com/rl/soo/game28.html
1990-Game 1-Blues-v-Maroons,1990,Game 1,Blues,Maroons,Blues,Michael O'Connor,0,2,0,0,9-May-1990,https://afltables.com/rl/soo/game28.html
1990-Game 1-Blues-v-Maroons,1990,Game 1,Blues,Maroons,Blues,Mark McGaw,1,0,0,0,9-May-1990,https://afltables.com/rl/soo/game28.html
1990-Game 1-Blues-v-Maroons,1990,Game 1,Blues,Maroons,Blues,Ricky Walford,0,0,0,0,9-May-1990,https://afltables.com/rl/soo/game28.html
1990-Game 1-Blues-v-Maroons,1990,Game 1,Blues,Maroons,Blues,Laurie Daley,0,0,0,0,9-May-1990,https://afltables.com/rl/soo/game28.html
1990-Game 1-Blues-v-Maroons,1990,Game 1,Blues,Maroons,Blues,Ricky Stuart,0,0,0,0,9-May-1990,https://afltables.com/rl/soo/game28.html
1990-Game 1-Blues-v-Maroons,1990,Game 1,Blues,Maroons,Blues,Bradley Clyde,0,0,0,0,9-May-1990,https://afltables.com/rl/soo/game28.html
1990-Game 1-Blues-v-Maroons,1990,Game 1,Blues,Maroons,Blues,Bruce McGuire,0,0,0,0,9-May-1990,https://afltables.com/rl/soo/game28.html
1990-Game 1-Blues-v-Maroons,1990,Game 1,Blues,Maroons,Blues,David Gillespie,0,0,0,0,9-May-1990,https://afltables.com/rl/soo/game28.html
1990-Game 1-Blues-v-Maroons,1990,Game 1,Blues,Maroons,Blues,Ian Roberts,0,0,0,0,9-May-1990,https://afltables.com/rl/soo/game28.html
1990-Game 1-Blues-v-Maroons,1990,Game 1,Blues,Maroons,Blues,Benny Elias,0,0,0,0,9-May-1990,https://afltables.com/rl/soo/game28.html
1990-Game 1-Blues-v-Maroons,1990,Game 1,Blues,Maroons,Blues,Steve Roach,0,0,0,0,9-May-1990,https://afltables.com/rl/soo/game28.html
1990-Game 1-Blues-v-Maroons,1990,Game 1,Blues,Maroons,Blues,Glenn Lazarus,0,0,0,0,9-May-1990,https://afltables.com/rl/soo/game28.html
1990-Game 1-Blues-v-Maroons,1990,Game 1,Blues,Maroons,Blues,Paul Sironen,0,0,0,0,9-May-1990,https://afltables.com/rl/soo/game28.html
1990-Game 1-Blues-v-Maroons,1990,Game 1,Blues,Maroons,Blues,Geoff Toovey,0,0,0,0,9-May-1990,https://afltables.com/rl/soo/game28.html
1990-Game 1-Blues-v-Maroons,1990,Game 1,Blues,Maroons,Blues,Graham Lyons,0,0,0,0,9-May-1990,https://afltables.com/rl/soo/game28.html
1990-Game 1-Blues-v-Maroons,1990,Game 1,Blues,Maroons,Maroons,Alan McIndoe,0,0,0,0,9-May-1990,https://afltables.com/rl/soo/game28.html
1990-Game 1-Blues-v-Maroons,1990,Game 1,Blues,Maroons,Maroons,Dale Shearer,0,0,0,0,9-May-1990,https://afltables.com/rl/soo/game28.html
1990-Game 1-Blues-v-Maroons,1990,Game 1,Blues,Maroons,Maroons,Mal Meninga,0,0,0,0,9-May-1990,https://afltables.com/rl/soo/game28.html
1990-Game 1-Blues-v-Maroons,1990,Game 1,Blues,Maroons,Maroons,Les Kiss,0,0,0,0,9-May-1990,https://afltables.com/rl/soo/game28.html
1990-Game 1-Blues-v-Maroons,1990,Game 1,Blues,Maroons,Maroons,Michael Hagan,0,0,0,0,9-May-1990,https://afltables.com/rl/soo/game28.html
1990-Game 1-Blues-v-Maroons,1990,Game 1,Blues,Maroons,Maroons,Allan Langer,0,0,0,0,9-May-1990,https://afltables.com/rl/soo/game28.html
1990-Game 1-Blues-v-Maroons,1990,Game 1,Blues,Maroons,Maroons,Bob Lindner,0,0,0,0,9-May-1990,https://afltables.com/rl/soo/game28.html
1990-Game 1-Blues-v-Maroons,1990,Game 1,Blues,Maroons,Maroons,Wally Fullerton-Smith,0,0,0,0,9-May-1990,https://afltables.com/rl/soo/game28.html
1990-Game 1-Blues-v-Maroons,1990,Game 1,Blues,Maroons,Maroons,Paul Vautin,0,0,0,0,9-May-1990,https://afltables.com/rl/soo/game28.html
1990-Game 1-Blues-v-Maroons,1990,Game 1,Blues,Maroons,Maroons,Dan Stains,0,0,0,0,9-May-1990,https://afltables.com/rl/soo/game28.html
1990-Game 1-Blues-v-Maroons,1990,Game 1,Blues,Maroons,Maroons,Steve Walters,0,0,0,0,9-May-1990,https://afltables.com/rl/soo/game28.html
1990-Game 1-Blues-v-Maroons,1990,Game 1,Blues,Maroons,Maroons,Martin Bella,0,0,0,0,9-May-1990,https://afltables.com/rl/soo/game28.html
1990-Game 1-Blues-v-Maroons,1990,Game 1,Blues,Maroons,Maroons,Mark Coyne,0,0,0,0,9-May-1990,https://afltables.com/rl/soo/game28.html
1990-Game 1-Blues-v-Maroons,1990,Game 1,Blues,Maroons,Maroons,Kevin Walters,0,0,0,0,9-May-1990,https://afltables.com/rl/soo/game28.html
1990-Game 1-Blues-v-Maroons,1990,Game 1,Blues,Maroons,Maroons,Gary Coyne,0,0,0,0,9-May-1990,https://afltables.com/rl/soo/game28.html
1990-Game 1-Blues-v-Maroons,1990,Game 1,Blues,Maroons,Maroons,Trevor Gillmeister,0,0,0,0,9-May-1990,https://afltables.com/rl/soo/game28.html
1990-Game 2-Blues-v-Maroons,1990,Game 2,Blues,Maroons,Blues,Rod Wishart,0,2,0,0,30-May-1990,https://afltables.com/rl/soo/game29.html
1990-Game 2-Blues-v-Maroons,1990,Game 2,Blues,Maroons,Blues,Brad Mackay,1,0,0,0,30-May-1990,https://afltables.com/rl/soo/game29.html
1990-Game 2-Blues-v-Maroons,1990,Game 2,Blues,Maroons,Blues,Mark McGaw,0,0,0,0,30-May-1990,https://afltables.com/rl/soo/game29.html
1990-Game 2-Blues-v-Maroons,1990,Game 2,Blues,Maroons,Blues,Graham Lyons,0,0,0,0,30-May-1990,https://afltables.com/rl/soo/game29.html
1990-Game 2-Blues-v-Maroons,1990,Game 2,Blues,Maroons,Blues,Des Hasler,0,0,0,0,30-May-1990,https://afltables.com/rl/soo/game29.html
1990-Game 2-Blues-v-Maroons,1990,Game 2,Blues,Maroons,Blues,Ricky Stuart,1,0,0,0,30-May-1990,https://afltables.com/rl/soo/game29.html
1990-Game 2-Blues-v-Maroons,1990,Game 2,Blues,Maroons,Blues,Bradley Clyde,0,0,0,0,30-May-1990,https://afltables.com/rl/soo/game29.html
1990-Game 2-Blues-v-Maroons,1990,Game 2,Blues,Maroons,Blues,Bruce McGuire,0,0,0,0,30-May-1990,https://afltables.com/rl/soo/game29.html
1990-Game 2-Blues-v-Maroons,1990,Game 2,Blues,Maroons,Blues,David Gillespie,0,0,0,0,30-May-1990,https://afltables.com/rl/soo/game29.html
1990-Game 2-Blues-v-Maroons,1990,Game 2,Blues,Maroons,Blues,Ian Roberts,0,0,0,0,30-May-1990,https://afltables.com/rl/soo/game29.html
1990-Game 2-Blues-v-Maroons,1990,Game 2,Blues,Maroons,Blues,Benny Elias,0,0,0,0,30-May-1990,https://afltables.com/rl/soo/game29.html
1990-Game 2-Blues-v-Maroons,1990,Game 2,Blues,Maroons,Blues,Steve Roach,0,0,0,0,30-May-1990,https://afltables.com/rl/soo/game29.html
1990-Game 2-Blues-v-Maroons,1990,Game 2,Blues,Maroons,Blues,Andrew Farrar,0,0,0,0,30-May-1990,https://afltables.com/rl/soo/game29.html
1990-Game 2-Blues-v-Maroons,1990,Game 2,Blues,Maroons,Blues,Paul Sironen,0,0,0,0,30-May-1990,https://afltables.com/rl/soo/game29.html
1990-Game 2-Blues-v-Maroons,1990,Game 2,Blues,Maroons,Blues,Brad Fittler,0,0,0,0,30-May-1990,https://afltables.com/rl/soo/game29.html
1990-Game 2-Blues-v-Maroons,1990,Game 2,Blues,Maroons,Blues,Glenn Lazarus,0,0,0,0,30-May-1990,https://afltables.com/rl/soo/game29.html
1990-Game 2-Blues-v-Maroons,1990,Game 2,Blues,Maroons,Maroons,Alan McIndoe,0,0,0,0,30-May-1990,https://afltables.com/rl/soo/game29.html
1990-Game 2-Blues-v-Maroons,1990,Game 2,Blues,Maroons,Maroons,Dale Shearer,0,0,0,0,30-May-1990,https://afltables.com/rl/soo/game29.html
1990-Game 2-Blues-v-Maroons,1990,Game 2,Blues,Maroons,Maroons,Mal Meninga,0,1,0,0,30-May-1990,https://afltables.com/rl/soo/game29.html
1990-Game 2-Blues-v-Maroons,1990,Game 2,Blues,Maroons,Maroons,Les Kiss,1,0,0,0,30-May-1990,https://afltables.com/rl/soo/game29.html
1990-Game 2-Blues-v-Maroons,1990,Game 2,Blues,Maroons,Maroons,Wally Lewis,0,0,0,0,30-May-1990,https://afltables.com/rl/soo/game29.html
1990-Game 2-Blues-v-Maroons,1990,Game 2,Blues,Maroons,Maroons,Allan Langer,0,0,0,0,30-May-1990,https://afltables.com/rl/soo/game29.html
1990-Game 2-Blues-v-Maroons,1990,Game 2,Blues,Maroons,Maroons,Bob Lindner,0,0,0,0,30-May-1990,https://afltables.com/rl/soo/game29.html
1990-Game 2-Blues-v-Maroons,1990,Game 2,Blues,Maroons,Maroons,Gary Coyne,0,0,0,0,30-May-1990,https://afltables.com/rl/soo/game29.html
1990-Game 2-Blues-v-Maroons,1990,Game 2,Blues,Maroons,Maroons,Dan Stains,0,0,0,0,30-May-1990,https://afltables.com/rl/soo/game29.html
1990-Game 2-Blues-v-Maroons,1990,Game 2,Blues,Maroons,Maroons,Sam Backo,0,0,0,0,30-May-1990,https://afltables.com/rl/soo/game29.html
1990-Game 2-Blues-v-Maroons,1990,Game 2,Blues,Maroons,Maroons,Kerrod Walters,0,0,0,0,30-May-1990,https://afltables.com/rl/soo/game29.html
1990-Game 2-Blues-v-Maroons,1990,Game 2,Blues,Maroons,Maroons,Martin Bella,0,0,0,0,30-May-1990,https://afltables.com/rl/soo/game29.html
1990-Game 2-Blues-v-Maroons,1990,Game 2,Blues,Maroons,Maroons,Trevor Gillmeister,0,0,0,0,30-May-1990,https://afltables.com/rl/soo/game29.html
1990-Game 2-Blues-v-Maroons,1990,Game 2,Blues,Maroons,Maroons,Andrew Gee,0,0,0,0,30-May-1990,https://afltables.com/rl/soo/game29.html
1990-Game 2-Blues-v-Maroons,1990,Game 2,Blues,Maroons,Maroons,Mark Coyne,0,0,0,0,30-May-1990,https://afltables.com/rl/soo/game29.html
1990-Game 2-Blues-v-Maroons,1990,Game 2,Blues,Maroons,Maroons,Kevin Walters,0,0,0,0,30-May-1990,https://afltables.com/rl/soo/game29.html
1990-Game 3-Maroons-v-Blues,1990,Game 3,Maroons,Blues,Blues,Graham Lyons,0,0,0,0,13-Jun-1990,https://afltables.com/rl/soo/game30.html
1990-Game 3-Maroons-v-Blues,1990,Game 3,Maroons,Blues,Blues,Michael O'Connor,0,0,0,0,13-Jun-1990,https://afltables.com/rl/soo/game30.html
1990-Game 3-Maroons-v-Blues,1990,Game 3,Maroons,Blues,Blues,Mark McGaw,1,0,0,0,13-Jun-1990,https://afltables.com/rl/soo/game30.html
1990-Game 3-Maroons-v-Blues,1990,Game 3,Maroons,Blues,Blues,Rod Wishart,0,1,0,0,13-Jun-1990,https://afltables.com/rl/soo/game30.html
1990-Game 3-Maroons-v-Blues,1990,Game 3,Maroons,Blues,Blues,Brad Mackay,0,0,0,0,13-Jun-1990,https://afltables.com/rl/soo/game30.html
1990-Game 3-Maroons-v-Blues,1990,Game 3,Maroons,Blues,Blues,Ricky Stuart,0,0,0,0,13-Jun-1990,https://afltables.com/rl/soo/game30.html
1990-Game 3-Maroons-v-Blues,1990,Game 3,Maroons,Blues,Blues,Bradley Clyde,0,0,0,0,13-Jun-1990,https://afltables.com/rl/soo/game30.html
1990-Game 3-Maroons-v-Blues,1990,Game 3,Maroons,Blues,Blues,Bruce McGuire,0,0,0,0,13-Jun-1990,https://afltables.com/rl/soo/game30.html
1990-Game 3-Maroons-v-Blues,1990,Game 3,Maroons,Blues,Blues,David Gillespie,0,0,0,0,13-Jun-1990,https://afltables.com/rl/soo/game30.html
1990-Game 3-Maroons-v-Blues,1990,Game 3,Maroons,Blues,Blues,Ian Roberts,0,0,0,0,13-Jun-1990,https://afltables.com/rl/soo/game30.html
1990-Game 3-Maroons-v-Blues,1990,Game 3,Maroons,Blues,Blues,Benny Elias,0,0,0,0,13-Jun-1990,https://afltables.com/rl/soo/game30.html
1990-Game 3-Maroons-v-Blues,1990,Game 3,Maroons,Blues,Blues,Glenn Lazarus,1,0,0,0,13-Jun-1990,https://afltables.com/rl/soo/game30.html
1990-Game 3-Maroons-v-Blues,1990,Game 3,Maroons,Blues,Blues,Mark Sargent,0,0,0,0,13-Jun-1990,https://afltables.com/rl/soo/game30.html
1990-Game 3-Maroons-v-Blues,1990,Game 3,Maroons,Blues,Blues,Paul Sironen,0,0,0,0,13-Jun-1990,https://afltables.com/rl/soo/game30.html
1990-Game 3-Maroons-v-Blues,1990,Game 3,Maroons,Blues,Blues,Andrew Farrar,0,0,0,0,13-Jun-1990,https://afltables.com/rl/soo/game30.html
1990-Game 3-Maroons-v-Blues,1990,Game 3,Maroons,Blues,Blues,Greg Alexander,0,0,0,0,13-Jun-1990,https://afltables.com/rl/soo/game30.html
1990-Game 3-Maroons-v-Blues,1990,Game 3,Maroons,Blues,Maroons,Alan McIndoe,0,0,0,0,13-Jun-1990,https://afltables.com/rl/soo/game30.html
1990-Game 3-Maroons-v-Blues,1990,Game 3,Maroons,Blues,Maroons,Dale Shearer,0,0,0,0,13-Jun-1990,https://afltables.com/rl/soo/game30.html
1990-Game 3-Maroons-v-Blues,1990,Game 3,Maroons,Blues,Maroons,Peter Jackson,0,0,0,0,13-Jun-1990,https://afltables.com/rl/soo/game30.html
1990-Game 3-Maroons-v-Blues,1990,Game 3,Maroons,Blues,Maroons,Willie Carne,0,0,0,0,13-Jun-1990,https://afltables.com/rl/soo/game30.html
1990-Game 3-Maroons-v-Blues,1990,Game 3,Maroons,Blues,Maroons,Wally Lewis,0,1,0,0,13-Jun-1990,https://afltables.com/rl/soo/game30.html
1990-Game 3-Maroons-v-Blues,1990,Game 3,Maroons,Blues,Maroons,Allan Langer,0,0,0,0,13-Jun-1990,https://afltables.com/rl/soo/game30.html
1990-Game 3-Maroons-v-Blues,1990,Game 3,Maroons,Blues,Maroons,Bob Lindner,0,0,0,0,13-Jun-1990,https://afltables.com/rl/soo/game30.html
1990-Game 3-Maroons-v-Blues,1990,Game 3,Maroons,Blues,Maroons,Gary Coyne,0,0,0,0,13-Jun-1990,https://afltables.com/rl/soo/game30.html
1990-Game 3-Maroons-v-Blues,1990,Game 3,Maroons,Blues,Maroons,Trevor Gillmeister,0,0,0,0,13-Jun-1990,https://afltables.com/rl/soo/game30.html
1990-Game 3-Maroons-v-Blues,1990,Game 3,Maroons,Blues,Maroons,Sam Backo,0,0,0,0,13-Jun-1990,https://afltables.com/rl/soo/game30.html
1990-Game 3-Maroons-v-Blues,1990,Game 3,Maroons,Blues,Maroons,Kerrod Walters,0,0,0,0,13-Jun-1990,https://afltables.com/rl/soo/game30.html
1990-Game 3-Maroons-v-Blues,1990,Game 3,Maroons,Blues,Maroons,Martin Bella,0,0,0,0,13-Jun-1990,https://afltables.com/rl/soo/game30.html
1990-Game 3-Maroons-v-Blues,1990,Game 3,Maroons,Blues,Maroons,Kevin Walters,0,0,0,0,13-Jun-1990,https://afltables.com/rl/soo/game30.html
1990-Game 3-Maroons-v-Blues,1990,Game 3,Maroons,Blues,Maroons,Michael Hagan,0,0,0,0,13-Jun-1990,https://afltables.com/rl/soo/game30.html
1990-Game 3-Maroons-v-Blues,1990,Game 3,Maroons,Blues,Maroons,Andrew Gee,0,0,0,0,13-Jun-1990,https://afltables.com/rl/soo/game30.html
1990-Game 3-Maroons-v-Blues,1990,Game 3,Maroons,Blues,Maroons,Steve Jackson,1,0,0,0,13-Jun-1990,https://afltables.com/rl/soo/game30.html
1991-Game 1-Maroons-v-Blues,1991,Game 1,Maroons,Blues,Blues,Chris Johns,0,0,0,0,8-May-1991,https://afltables.com/rl/soo/game31.html
1991-Game 1-Maroons-v-Blues,1991,Game 1,Maroons,Blues,Blues,Andrew Ettingshausen,0,0,0,0,8-May-1991,https://afltables.com/rl/soo/game31.html
1991-Game 1-Maroons-v-Blues,1991,Game 1,Maroons,Blues,Blues,Laurie Daley,1,0,0,0,8-May-1991,https://afltables.com/rl/soo/game31.html
1991-Game 1-Maroons-v-Blues,1991,Game 1,Maroons,Blues,Blues,Michael O'Connor,0,0,0,0,8-May-1991,https://afltables.com/rl/soo/game31.html
1991-Game 1-Maroons-v-Blues,1991,Game 1,Maroons,Blues,Blues,Cliff Lyons,0,0,0,0,8-May-1991,https://afltables.com/rl/soo/game31.html
1991-Game 1-Maroons-v-Blues,1991,Game 1,Maroons,Blues,Blues,Ricky Stuart,0,0,0,0,8-May-1991,https://afltables.com/rl/soo/game31.html
1991-Game 1-Maroons-v-Blues,1991,Game 1,Maroons,Blues,Blues,Des Hasler,0,0,0,0,8-May-1991,https://afltables.com/rl/soo/game31.html
1991-Game 1-Maroons-v-Blues,1991,Game 1,Maroons,Blues,Blues,Paul Sironen,0,0,0,0,8-May-1991,https://afltables.com/rl/soo/game31.html
1991-Game 1-Maroons-v-Blues,1991,Game 1,Maroons,Blues,Blues,Mark Geyer,0,0,0,0,8-May-1991,https://afltables.com/rl/soo/game31.html
1991-Game 1-Maroons-v-Blues,1991,Game 1,Maroons,Blues,Blues,Ian Roberts,0,0,0,0,8-May-1991,https://afltables.com/rl/soo/game31.html
1991-Game 1-Maroons-v-Blues,1991,Game 1,Maroons,Blues,Blues,Benny Elias,0,0,0,0,8-May-1991,https://afltables.com/rl/soo/game31.html
1991-Game 1-Maroons-v-Blues,1991,Game 1,Maroons,Blues,Blues,Steve Roach,0,0,0,0,8-May-1991,https://afltables.com/rl/soo/game31.html
1991-Game 1-Maroons-v-Blues,1991,Game 1,Maroons,Blues,Blues,Glenn Lazarus,0,0,0,0,8-May-1991,https://afltables.com/rl/soo/game31.html
1991-Game 1-Maroons-v-Blues,1991,Game 1,Maroons,Blues,Blues,David Gillespie,0,0,0,0,8-May-1991,https://afltables.com/rl/soo/game31.html
1991-Game 1-Maroons-v-Blues,1991,Game 1,Maroons,Blues,Blues,Mark McGaw,0,0,0,0,8-May-1991,https://afltables.com/rl/soo/game31.html
1991-Game 1-Maroons-v-Blues,1991,Game 1,Maroons,Blues,Blues,Brad Fittler,0,0,0,0,8-May-1991,https://afltables.com/rl/soo/game31.html
1991-Game 1-Maroons-v-Blues,1991,Game 1,Maroons,Blues,Maroons,Michael Hancock,0,0,0,0,8-May-1991,https://afltables.com/rl/soo/game31.html
1991-Game 1-Maroons-v-Blues,1991,Game 1,Maroons,Blues,Maroons,Peter Jackson,0,0,0,0,8-May-1991,https://afltables.com/rl/soo/game31.html
1991-Game 1-Maroons-v-Blues,1991,Game 1,Maroons,Blues,Maroons,Mal Meninga,1,1,0,0,8-May-1991,https://afltables.com/rl/soo/game31.html
1991-Game 1-Maroons-v-Blues,1991,Game 1,Maroons,Blues,Maroons,Willie Carne,0,0,0,0,8-May-1991,https://afltables.com/rl/soo/game31.html
1991-Game 1-Maroons-v-Blues,1991,Game 1,Maroons,Blues,Maroons,Wally Lewis,0,0,0,0,8-May-1991,https://afltables.com/rl/soo/game31.html
1991-Game 1-Maroons-v-Blues,1991,Game 1,Maroons,Blues,Maroons,Allan Langer,0,0,0,0,8-May-1991,https://afltables.com/rl/soo/game31.html
1991-Game 1-Maroons-v-Blues,1991,Game 1,Maroons,Blues,Maroons,Gary Larson,0,0,0,0,8-May-1991,https://afltables.com/rl/soo/game31.html
1991-Game 1-Maroons-v-Blues,1991,Game 1,Maroons,Blues,Maroons,Mike McLean,0,0,0,0,8-May-1991,https://afltables.com/rl/soo/game31.html
1991-Game 1-Maroons-v-Blues,1991,Game 1,Maroons,Blues,Maroons,Andrew Gee,0,0,0,0,8-May-1991,https://afltables.com/rl/soo/game31.html
1991-Game 1-Maroons-v-Blues,1991,Game 1,Maroons,Blues,Maroons,Steve Jackson,0,0,0,0,8-May-1991,https://afltables.com/rl/soo/game31.html
1991-Game 1-Maroons-v-Blues,1991,Game 1,Maroons,Blues,Maroons,Steve Walters,0,0,0,0,8-May-1991,https://afltables.com/rl/soo/game31.html
1991-Game 1-Maroons-v-Blues,1991,Game 1,Maroons,Blues,Maroons,Martin Bella,0,0,0,0,8-May-1991,https://afltables.com/rl/soo/game31.html
1991-Game 1-Maroons-v-Blues,1991,Game 1,Maroons,Blues,Maroons,Kevin Walters,0,0,0,0,8-May-1991,https://afltables.com/rl/soo/game31.html
1991-Game 1-Maroons-v-Blues,1991,Game 1,Maroons,Blues,Maroons,Steve Renouf,0,0,0,0,8-May-1991,https://afltables.com/rl/soo/game31.html
1991-Game 1-Maroons-v-Blues,1991,Game 1,Maroons,Blues,Maroons,Gary Coyne,0,0,0,0,8-May-1991,https://afltables.com/rl/soo/game31.html
1991-Game 1-Maroons-v-Blues,1991,Game 1,Maroons,Blues,Maroons,Gavin Allen,0,0,0,0,8-May-1991,https://afltables.com/rl/soo/game31.html
1991-Game 2-Blues-v-Maroons,1991,Game 2,Blues,Maroons,Blues,Chris Johns,1,0,0,0,29-May-1991,https://afltables.com/rl/soo/game32.html
1991-Game 2-Blues-v-Maroons,1991,Game 2,Blues,Maroons,Blues,Laurie Daley,0,0,0,0,29-May-1991,https://afltables.com/rl/soo/game32.html
1991-Game 2-Blues-v-Maroons,1991,Game 2,Blues,Maroons,Blues,Michael O'Connor,0,3,0,0,29-May-1991,https://afltables.com/rl/soo/game32.html
1991-Game 2-Blues-v-Maroons,1991,Game 2,Blues,Maroons,Blues,Rod Wishart,0,0,0,0,29-May-1991,https://afltables.com/rl/soo/game32.html
1991-Game 2-Blues-v-Maroons,1991,Game 2,Blues,Maroons,Blues,Cliff Lyons,0,0,0,0,29-May-1991,https://afltables.com/rl/soo/game32.html
1991-Game 2-Blues-v-Maroons,1991,Game 2,Blues,Maroons,Blues,Ricky Stuart,0,0,0,0,29-May-1991,https://afltables.com/rl/soo/game32.html
1991-Game 2-Blues-v-Maroons,1991,Game 2,Blues,Maroons,Blues,Bradley Clyde,0,0,0,0,29-May-1991,https://afltables.com/rl/soo/game32.html
1991-Game 2-Blues-v-Maroons,1991,Game 2,Blues,Maroons,Blues,Mark Geyer,0,0,0,0,29-May-1991,https://afltables.com/rl/soo/game32.html
1991-Game 2-Blues-v-Maroons,1991,Game 2,Blues,Maroons,Blues,Ian Roberts,0,0,0,0,29-May-1991,https://afltables.com/rl/soo/game32.html
1991-Game 2-Blues-v-Maroons,1991,Game 2,Blues,Maroons,Blues,David Gillespie,0,0,0,0,29-May-1991,https://afltables.com/rl/soo/game32.html
1991-Game 2-Blues-v-Maroons,1991,Game 2,Blues,Maroons,Blues,Benny Elias,0,0,0,0,29-May-1991,https://afltables.com/rl/soo/game32.html
1991-Game 2-Blues-v-Maroons,1991,Game 2,Blues,Maroons,Blues,Steve Roach,0,0,0,0,29-May-1991,https://afltables.com/rl/soo/game32.html
1991-Game 2-Blues-v-Maroons,1991,Game 2,Blues,Maroons,Blues,Des Hasler,0,0,0,0,29-May-1991,https://afltables.com/rl/soo/game32.html
1991-Game 2-Blues-v-Maroons,1991,Game 2,Blues,Maroons,Blues,Mark McGaw,1,0,0,0,29-May-1991,https://afltables.com/rl/soo/game32.html
1991-Game 2-Blues-v-Maroons,1991,Game 2,Blues,Maroons,Blues,Brad Mackay,0,0,0,0,29-May-1991,https://afltables.com/rl/soo/game32.html
1991-Game 2-Blues-v-Maroons,1991,Game 2,Blues,Maroons,Blues,John Cartwright,0,0,0,0,29-May-1991,https://afltables.com/rl/soo/game32.html
1991-Game 2-Blues-v-Maroons,1991,Game 2,Blues,Maroons,Maroons,Michael Hancock,0,0,0,0,29-May-1991,https://afltables.com/rl/soo/game32.html
1991-Game 2-Blues-v-Maroons,1991,Game 2,Blues,Maroons,Maroons,Peter Jackson,0,0,0,0,29-May-1991,https://afltables.com/rl/soo/game32.html
1991-Game 2-Blues-v-Maroons,1991,Game 2,Blues,Maroons,Maroons,Mal Meninga,0,2,0,0,29-May-1991,https://afltables.com/rl/soo/game32.html
1991-Game 2-Blues-v-Maroons,1991,Game 2,Blues,Maroons,Maroons,Willie Carne,1,0,0,0,29-May-1991,https://afltables.com/rl/soo/game32.html
1991-Game 2-Blues-v-Maroons,1991,Game 2,Blues,Maroons,Maroons,Wally Lewis,0,0,0,0,29-May-1991,https://afltables.com/rl/soo/game32.html
1991-Game 2-Blues-v-Maroons,1991,Game 2,Blues,Maroons,Maroons,Allan Langer,0,0,0,0,29-May-1991,https://afltables.com/rl/soo/game32.html
1991-Game 2-Blues-v-Maroons,1991,Game 2,Blues,Maroons,Maroons,Gary Larson,0,0,0,0,29-May-1991,https://afltables.com/rl/soo/game32.html
1991-Game 2-Blues-v-Maroons,1991,Game 2,Blues,Maroons,Maroons,Mike McLean,0,0,0,0,29-May-1991,https://afltables.com/rl/soo/game32.html
1991-Game 2-Blues-v-Maroons,1991,Game 2,Blues,Maroons,Maroons,Andrew Gee,0,0,0,0,29-May-1991,https://afltables.com/rl/soo/game32.html
1991-Game 2-Blues-v-Maroons,1991,Game 2,Blues,Maroons,Maroons,Steve Jackson,0,0,0,0,29-May-1991,https://afltables.com/rl/soo/game32.html
1991-Game 2-Blues-v-Maroons,1991,Game 2,Blues,Maroons,Maroons,Steve Walters,0,0,0,0,29-May-1991,https://afltables.com/rl/soo/game32.html
1991-Game 2-Blues-v-Maroons,1991,Game 2,Blues,Maroons,Maroons,Martin Bella,0,0,0,0,29-May-1991,https://afltables.com/rl/soo/game32.html
1991-Game 2-Blues-v-Maroons,1991,Game 2,Blues,Maroons,Maroons,Kevin Walters,0,0,0,0,29-May-1991,https://afltables.com/rl/soo/game32.html
1991-Game 2-Blues-v-Maroons,1991,Game 2,Blues,Maroons,Maroons,Dale Shearer,1,0,0,0,29-May-1991,https://afltables.com/rl/soo/game32.html
1991-Game 2-Blues-v-Maroons,1991,Game 2,Blues,Maroons,Maroons,Gary Coyne,0,0,0,0,29-May-1991,https://afltables.com/rl/soo/game32.html
1991-Game 2-Blues-v-Maroons,1991,Game 2,Blues,Maroons,Maroons,Gavin Allen,0,0,0,0,29-May-1991,https://afltables.com/rl/soo/game32.html
1991-Game 3-Maroons-v-Blues,1991,Game 3,Maroons,Blues,Blues,Chris Johns,1,0,0,0,12-Jun-1991,https://afltables.com/rl/soo/game33.html
1991-Game 3-Maroons-v-Blues,1991,Game 3,Maroons,Blues,Blues,Michael O'Connor,1,0,0,0,12-Jun-1991,https://afltables.com/rl/soo/game33.html
1991-Game 3-Maroons-v-Blues,1991,Game 3,Maroons,Blues,Blues,Mark McGaw,0,0,0,0,12-Jun-1991,https://afltables.com/rl/soo/game33.html
1991-Game 3-Maroons-v-Blues,1991,Game 3,Maroons,Blues,Blues,Rod Wishart,0,0,0,0,12-Jun-1991,https://afltables.com/rl/soo/game33.html
1991-Game 3-Maroons-v-Blues,1991,Game 3,Maroons,Blues,Blues,Brad Fittler,0,0,0,0,12-Jun-1991,https://afltables.com/rl/soo/game33.html
1991-Game 3-Maroons-v-Blues,1991,Game 3,Maroons,Blues,Blues,Ricky Stuart,0,0,0,0,12-Jun-1991,https://afltables.com/rl/soo/game33.html
1991-Game 3-Maroons-v-Blues,1991,Game 3,Maroons,Blues,Blues,Brad Mackay,0,0,0,0,12-Jun-1991,https://afltables.com/rl/soo/game33.html
1991-Game 3-Maroons-v-Blues,1991,Game 3,Maroons,Blues,Blues,Bradley Clyde,0,0,0,0,12-Jun-1991,https://afltables.com/rl/soo/game33.html
1991-Game 3-Maroons-v-Blues,1991,Game 3,Maroons,Blues,Blues,John Cartwright,0,0,0,0,12-Jun-1991,https://afltables.com/rl/soo/game33.html
1991-Game 3-Maroons-v-Blues,1991,Game 3,Maroons,Blues,Blues,David Gillespie,0,0,0,0,12-Jun-1991,https://afltables.com/rl/soo/game33.html
1991-Game 3-Maroons-v-Blues,1991,Game 3,Maroons,Blues,Blues,Benny Elias,0,0,0,0,12-Jun-1991,https://afltables.com/rl/soo/game33.html
1991-Game 3-Maroons-v-Blues,1991,Game 3,Maroons,Blues,Blues,Steve Roach,0,0,0,0,12-Jun-1991,https://afltables.com/rl/soo/game33.html
1991-Game 3-Maroons-v-Blues,1991,Game 3,Maroons,Blues,Blues,Des Hasler,1,0,0,0,12-Jun-1991,https://afltables.com/rl/soo/game33.html
1991-Game 3-Maroons-v-Blues,1991,Game 3,Maroons,Blues,Blues,Brad Izzard,0,0,0,0,12-Jun-1991,https://afltables.com/rl/soo/game33.html
1991-Game 3-Maroons-v-Blues,1991,Game 3,Maroons,Blues,Blues,Craig Salvatori,0,0,0,0,12-Jun-1991,https://afltables.com/rl/soo/game33.html
1991-Game 3-Maroons-v-Blues,1991,Game 3,Maroons,Blues,Blues,David Fairleigh,0,0,0,0,12-Jun-1991,https://afltables.com/rl/soo/game33.html
1991-Game 3-Maroons-v-Blues,1991,Game 3,Maroons,Blues,Maroons,Michael Hancock,1,0,0,0,12-Jun-1991,https://afltables.com/rl/soo/game33.html
1991-Game 3-Maroons-v-Blues,1991,Game 3,Maroons,Blues,Maroons,Peter Jackson,0,0,0,0,12-Jun-1991,https://afltables.com/rl/soo/game33.html
1991-Game 3-Maroons-v-Blues,1991,Game 3,Maroons,Blues,Maroons,Mal Meninga,0,1,0,0,12-Jun-1991,https://afltables.com/rl/soo/game33.html
1991-Game 3-Maroons-v-Blues,1991,Game 3,Maroons,Blues,Maroons,Willie Carne,0,0,0,0,12-Jun-1991,https://afltables.com/rl/soo/game33.html
1991-Game 3-Maroons-v-Blues,1991,Game 3,Maroons,Blues,Maroons,Wally Lewis,0,0,0,0,12-Jun-1991,https://afltables.com/rl/soo/game33.html
1991-Game 3-Maroons-v-Blues,1991,Game 3,Maroons,Blues,Maroons,Allan Langer,0,0,0,0,12-Jun-1991,https://afltables.com/rl/soo/game33.html
1991-Game 3-Maroons-v-Blues,1991,Game 3,Maroons,Blues,Maroons,Gary Larson,0,0,0,0,12-Jun-1991,https://afltables.com/rl/soo/game33.html
1991-Game 3-Maroons-v-Blues,1991,Game 3,Maroons,Blues,Maroons,Mike McLean,0,0,0,0,12-Jun-1991,https://afltables.com/rl/soo/game33.html
1991-Game 3-Maroons-v-Blues,1991,Game 3,Maroons,Blues,Maroons,Andrew Gee,0,0,0,0,12-Jun-1991,https://afltables.com/rl/soo/game33.html
1991-Game 3-Maroons-v-Blues,1991,Game 3,Maroons,Blues,Maroons,Steve Jackson,0,0,0,0,12-Jun-1991,https://afltables.com/rl/soo/game33.html
1991-Game 3-Maroons-v-Blues,1991,Game 3,Maroons,Blues,Maroons,Steve Walters,0,0,0,0,12-Jun-1991,https://afltables.com/rl/soo/game33.html
1991-Game 3-Maroons-v-Blues,1991,Game 3,Maroons,Blues,Maroons,Martin Bella,0,0,0,0,12-Jun-1991,https://afltables.com/rl/soo/game33.html
1991-Game 3-Maroons-v-Blues,1991,Game 3,Maroons,Blues,Maroons,Kevin Walters,0,0,0,0,12-Jun-1991,https://afltables.com/rl/soo/game33.html
1991-Game 3-Maroons-v-Blues,1991,Game 3,Maroons,Blues,Maroons,Dale Shearer,1,0,0,0,12-Jun-1991,https://afltables.com/rl/soo/game33.html
1991-Game 3-Maroons-v-Blues,1991,Game 3,Maroons,Blues,Maroons,Gary Coyne,0,0,0,0,12-Jun-1991,https://afltables.com/rl/soo/game33.html
1991-Game 3-Maroons-v-Blues,1991,Game 3,Maroons,Blues,Maroons,Bob Lindner,0,0,0,0,12-Jun-1991,https://afltables.com/rl/soo/game33.html
1992-Game 1-Blues-v-Maroons,1992,Game 1,Blues,Maroons,Blues,Graham Mackay,0,0,0,0,6-May-1992,https://afltables.com/rl/soo/game34.html
1992-Game 1-Blues-v-Maroons,1992,Game 1,Blues,Maroons,Blues,Brad Fittler,0,0,0,0,6-May-1992,https://afltables.com/rl/soo/game34.html
1992-Game 1-Blues-v-Maroons,1992,Game 1,Blues,Maroons,Blues,Paul McGregor,0,0,0,0,6-May-1992,https://afltables.com/rl/soo/game34.html
1992-Game 1-Blues-v-Maroons,1992,Game 1,Blues,Maroons,Blues,Rod Wishart,0,3,0,0,6-May-1992,https://afltables.com/rl/soo/game34.html
1992-Game 1-Blues-v-Maroons,1992,Game 1,Blues,Maroons,Blues,Laurie Daley,0,0,0,0,6-May-1992,https://afltables.com/rl/soo/game34.html
1992-Game 1-Blues-v-Maroons,1992,Game 1,Blues,Maroons,Blues,John Simon,0,0,0,0,6-May-1992,https://afltables.com/rl/soo/game34.html
1992-Game 1-Blues-v-Maroons,1992,Game 1,Blues,Maroons,Blues,Bradley Clyde,1,0,0,0,6-May-1992,https://afltables.com/rl/soo/game34.html
1992-Game 1-Blues-v-Maroons,1992,Game 1,Blues,Maroons,Blues,John Cartwright,0,0,0,0,6-May-1992,https://afltables.com/rl/soo/game34.html
1992-Game 1-Blues-v-Maroons,1992,Game 1,Blues,Maroons,Blues,Paul Sironen,0,0,0,0,6-May-1992,https://afltables.com/rl/soo/game34.html
1992-Game 1-Blues-v-Maroons,1992,Game 1,Blues,Maroons,Blues,Paul Harragon,0,0,0,0,6-May-1992,https://afltables.com/rl/soo/game34.html
1992-Game 1-Blues-v-Maroons,1992,Game 1,Blues,Maroons,Blues,Benny Elias,0,0,0,0,6-May-1992,https://afltables.com/rl/soo/game34.html
1992-Game 1-Blues-v-Maroons,1992,Game 1,Blues,Maroons,Blues,Glenn Lazarus,0,0,0,0,6-May-1992,https://afltables.com/rl/soo/game34.html
1992-Game 1-Blues-v-Maroons,1992,Game 1,Blues,Maroons,Blues,Robbie McCormack,0,0,0,0,6-May-1992,https://afltables.com/rl/soo/game34.html
1992-Game 1-Blues-v-Maroons,1992,Game 1,Blues,Maroons,Blues,Craig Salvatori,1,0,0,0,6-May-1992,https://afltables.com/rl/soo/game34.html
1992-Game 1-Blues-v-Maroons,1992,Game 1,Blues,Maroons,Blues,Brad Mackay,0,0,0,0,6-May-1992,https://afltables.com/rl/soo/game34.html
1992-Game 1-Blues-v-Maroons,1992,Game 1,Blues,Maroons,Blues,David Gillespie,0,0,0,0,6-May-1992,https://afltables.com/rl/soo/game34.html
1992-Game 1-Blues-v-Maroons,1992,Game 1,Blues,Maroons,Maroons,Michael Hancock,0,0,0,0,6-May-1992,https://afltables.com/rl/soo/game34.html
1992-Game 1-Blues-v-Maroons,1992,Game 1,Blues,Maroons,Maroons,Mal Meninga,0,1,0,0,6-May-1992,https://afltables.com/rl/soo/game34.html
1992-Game 1-Blues-v-Maroons,1992,Game 1,Blues,Maroons,Maroons,Peter Jackson,0,0,0,0,6-May-1992,https://afltables.com/rl/soo/game34.html
1992-Game 1-Blues-v-Maroons,1992,Game 1,Blues,Maroons,Maroons,Willie Carne,0,0,0,0,6-May-1992,https://afltables.com/rl/soo/game34.html
1992-Game 1-Blues-v-Maroons,1992,Game 1,Blues,Maroons,Maroons,Kevin Walters,0,0,0,0,6-May-1992,https://afltables.com/rl/soo/game34.html
1992-Game 1-Blues-v-Maroons,1992,Game 1,Blues,Maroons,Maroons,Allan Langer,1,0,0,0,6-May-1992,https://afltables.com/rl/soo/game34.html
1992-Game 1-Blues-v-Maroons,1992,Game 1,Blues,Maroons,Maroons,Gary Larson,0,0,0,0,6-May-1992,https://afltables.com/rl/soo/game34.html
1992-Game 1-Blues-v-Maroons,1992,Game 1,Blues,Maroons,Maroons,Trevor Gillmeister,0,0,0,0,6-May-1992,https://afltables.com/rl/soo/game34.html
1992-Game 1-Blues-v-Maroons,1992,Game 1,Blues,Maroons,Maroons,Bob Lindner,0,0,0,0,6-May-1992,https://afltables.com/rl/soo/game34.html
1992-Game 1-Blues-v-Maroons,1992,Game 1,Blues,Maroons,Maroons,Steve Jackson,0,0,0,0,6-May-1992,https://afltables.com/rl/soo/game34.html
1992-Game 1-Blues-v-Maroons,1992,Game 1,Blues,Maroons,Maroons,Steve Walters,0,0,0,0,6-May-1992,https://afltables.com/rl/soo/game34.html
1992-Game 1-Blues-v-Maroons,1992,Game 1,Blues,Maroons,Maroons,Martin Bella,0,0,0,0,6-May-1992,https://afltables.com/rl/soo/game34.html
1992-Game 1-Blues-v-Maroons,1992,Game 1,Blues,Maroons,Maroons,Mark Coyne,0,0,0,0,6-May-1992,https://afltables.com/rl/soo/game34.html
1992-Game 1-Blues-v-Maroons,1992,Game 1,Blues,Maroons,Maroons,Gary Coyne,0,0,0,0,6-May-1992,https://afltables.com/rl/soo/game34.html
1992-Game 1-Blues-v-Maroons,1992,Game 1,Blues,Maroons,Maroons,Steve Renouf,0,0,0,0,6-May-1992,https://afltables.com/rl/soo/game34.html
1992-Game 1-Blues-v-Maroons,1992,Game 1,Blues,Maroons,Maroons,Gavin Allen,0,0,0,0,6-May-1992,https://afltables.com/rl/soo/game34.html
1992-Game 2-Maroons-v-Blues,1992,Game 2,Maroons,Blues,Blues,Graham Mackay,0,0,0,0,20-May-1992,https://afltables.com/rl/soo/game35.html
1992-Game 2-Maroons-v-Blues,1992,Game 2,Maroons,Blues,Blues,Brad Fittler,0,0,0,0,20-May-1992,https://afltables.com/rl/soo/game35.html
1992-Game 2-Maroons-v-Blues,1992,Game 2,Maroons,Blues,Blues,Paul McGregor,0,0,0,0,20-May-1992,https://afltables.com/rl/soo/game35.html
1992-Game 2-Maroons-v-Blues,1992,Game 2,Maroons,Blues,Blues,Rod Wishart,0,2,0,0,20-May-1992,https://afltables.com/rl/soo/game35.html
1992-Game 2-Maroons-v-Blues,1992,Game 2,Maroons,Blues,Blues,Laurie Daley,0,0,0,0,20-May-1992,https://afltables.com/rl/soo/game35.html
1992-Game 2-Maroons-v-Blues,1992,Game 2,Maroons,Blues,Blues,Ricky Stuart,0,0,0,0,20-May-1992,https://afltables.com/rl/soo/game35.html
1992-Game 2-Maroons-v-Blues,1992,Game 2,Maroons,Blues,Blues,Bradley Clyde,0,0,0,0,20-May-1992,https://afltables.com/rl/soo/game35.html
1992-Game 2-Maroons-v-Blues,1992,Game 2,Maroons,Blues,Blues,John Cartwright,0,0,0,0,20-May-1992,https://afltables.com/rl/soo/game35.html
1992-Game 2-Maroons-v-Blues,1992,Game 2,Maroons,Blues,Blues,Paul Sironen,0,0,0,0,20-May-1992,https://afltables.com/rl/soo/game35.html
1992-Game 2-Maroons-v-Blues,1992,Game 2,Maroons,Blues,Blues,Paul Harragon,0,0,0,0,20-May-1992,https://afltables.com/rl/soo/game35.html
1992-Game 2-Maroons-v-Blues,1992,Game 2,Maroons,Blues,Blues,Benny Elias,0,0,0,0,20-May-1992,https://afltables.com/rl/soo/game35.html
1992-Game 2-Maroons-v-Blues,1992,Game 2,Maroons,Blues,Blues,Glenn Lazarus,0,0,0,0,20-May-1992,https://afltables.com/rl/soo/game35.html
1992-Game 2-Maroons-v-Blues,1992,Game 2,Maroons,Blues,Blues,Craig Salvatori,0,0,0,0,20-May-1992,https://afltables.com/rl/soo/game35.html
1992-Game 2-Maroons-v-Blues,1992,Game 2,Maroons,Blues,Blues,Brad Mackay,0,0,0,0,20-May-1992,https://afltables.com/rl/soo/game35.html
1992-Game 2-Maroons-v-Blues,1992,Game 2,Maroons,Blues,Blues,David Gillespie,0,0,0,0,20-May-1992,https://afltables.com/rl/soo/game35.html
1992-Game 2-Maroons-v-Blues,1992,Game 2,Maroons,Blues,Blues,Steve Carter,0,0,0,0,20-May-1992,https://afltables.com/rl/soo/game35.html
1992-Game 2-Maroons-v-Blues,1992,Game 2,Maroons,Blues,Maroons,Michael Hancock,0,0,0,0,20-May-1992,https://afltables.com/rl/soo/game35.html
1992-Game 2-Maroons-v-Blues,1992,Game 2,Maroons,Blues,Maroons,Mal Meninga,0,0,0,0,20-May-1992,https://afltables.com/rl/soo/game35.html
1992-Game 2-Maroons-v-Blues,1992,Game 2,Maroons,Blues,Maroons,Mark Coyne,0,0,0,0,20-May-1992,https://afltables.com/rl/soo/game35.html
1992-Game 2-Maroons-v-Blues,1992,Game 2,Maroons,Blues,Maroons,Adrian Brunker,0,0,0,0,20-May-1992,https://afltables.com/rl/soo/game35.html
1992-Game 2-Maroons-v-Blues,1992,Game 2,Maroons,Blues,Maroons,Peter Jackson,0,0,0,0,20-May-1992,https://afltables.com/rl/soo/game35.html
1992-Game 2-Maroons-v-Blues,1992,Game 2,Maroons,Blues,Maroons,Allan Langer,0,0,1,0,20-May-1992,https://afltables.com/rl/soo/game35.html
1992-Game 2-Maroons-v-Blues,1992,Game 2,Maroons,Blues,Maroons,Billy Moore,1,0,0,0,20-May-1992,https://afltables.com/rl/soo/game35.html
1992-Game 2-Maroons-v-Blues,1992,Game 2,Maroons,Blues,Maroons,Gary Larson,0,0,0,0,20-May-1992,https://afltables.com/rl/soo/game35.html
1992-Game 2-Maroons-v-Blues,1992,Game 2,Maroons,Blues,Maroons,Bob Lindner,0,0,0,0,20-May-1992,https://afltables.com/rl/soo/game35.html
1992-Game 2-Maroons-v-Blues,1992,Game 2,Maroons,Blues,Maroons,Gavin Allen,0,0,0,0,20-May-1992,https://afltables.com/rl/soo/game35.html
1992-Game 2-Maroons-v-Blues,1992,Game 2,Maroons,Blues,Maroons,Steve Walters,0,0,0,0,20-May-1992,https://afltables.com/rl/soo/game35.html
1992-Game 2-Maroons-v-Blues,1992,Game 2,Maroons,Blues,Maroons,Martin Bella,0,0,0,0,20-May-1992,https://afltables.com/rl/soo/game35.html
1992-Game 2-Maroons-v-Blues,1992,Game 2,Maroons,Blues,Maroons,Kevin Walters,0,0,0,0,20-May-1992,https://afltables.com/rl/soo/game35.html
1992-Game 2-Maroons-v-Blues,1992,Game 2,Maroons,Blues,Maroons,Trevor Gillmeister,0,0,0,0,20-May-1992,https://afltables.com/rl/soo/game35.html
1992-Game 2-Maroons-v-Blues,1992,Game 2,Maroons,Blues,Maroons,Darren Smith,0,0,0,0,20-May-1992,https://afltables.com/rl/soo/game35.html
1992-Game 2-Maroons-v-Blues,1992,Game 2,Maroons,Blues,Maroons,Mike McLean,0,0,0,0,20-May-1992,https://afltables.com/rl/soo/game35.html
1992-Game 3-Blues-v-Maroons,1992,Game 3,Blues,Maroons,Blues,Rod Wishart,0,0,0,0,3-Jun-1992,https://afltables.com/rl/soo/game36.html
1992-Game 3-Blues-v-Maroons,1992,Game 3,Blues,Maroons,Blues,Paul McGregor,0,0,0,0,3-Jun-1992,https://afltables.com/rl/soo/game36.html
1992-Game 3-Blues-v-Maroons,1992,Game 3,Blues,Maroons,Blues,Brad Fittler,0,0,0,0,3-Jun-1992,https://afltables.com/rl/soo/game36.html
1992-Game 3-Blues-v-Maroons,1992,Game 3,Blues,Maroons,Blues,Chris Johns,0,0,0,0,3-Jun-1992,https://afltables.com/rl/soo/game36.html
1992-Game 3-Blues-v-Maroons,1992,Game 3,Blues,Maroons,Blues,Laurie Daley,0,0,0,0,3-Jun-1992,https://afltables.com/rl/soo/game36.html
1992-Game 3-Blues-v-Maroons,1992,Game 3,Blues,Maroons,Blues,Ricky Stuart,1,0,0,0,3-Jun-1992,https://afltables.com/rl/soo/game36.html
1992-Game 3-Blues-v-Maroons,1992,Game 3,Blues,Maroons,Blues,Bradley Clyde,0,0,0,0,3-Jun-1992,https://afltables.com/rl/soo/game36.html
1992-Game 3-Blues-v-Maroons,1992,Game 3,Blues,Maroons,Blues,John Cartwright,1,0,0,0,3-Jun-1992,https://afltables.com/rl/soo/game36.html
1992-Game 3-Blues-v-Maroons,1992,Game 3,Blues,Maroons,Blues,Paul Sironen,0,0,0,0,3-Jun-1992,https://afltables.com/rl/soo/game36.html
1992-Game 3-Blues-v-Maroons,1992,Game 3,Blues,Maroons,Blues,Paul Harragon,0,0,0,0,3-Jun-1992,https://afltables.com/rl/soo/game36.html
1992-Game 3-Blues-v-Maroons,1992,Game 3,Blues,Maroons,Blues,Benny Elias,0,0,0,0,3-Jun-1992,https://afltables.com/rl/soo/game36.html
1992-Game 3-Blues-v-Maroons,1992,Game 3,Blues,Maroons,Blues,Glenn Lazarus,0,0,0,0,3-Jun-1992,https://afltables.com/rl/soo/game36.html
1992-Game 3-Blues-v-Maroons,1992,Game 3,Blues,Maroons,Blues,Craig Salvatori,0,0,0,0,3-Jun-1992,https://afltables.com/rl/soo/game36.html
1992-Game 3-Blues-v-Maroons,1992,Game 3,Blues,Maroons,Blues,David Gillespie,0,0,0,0,3-Jun-1992,https://afltables.com/rl/soo/game36.html
1992-Game 3-Blues-v-Maroons,1992,Game 3,Blues,Maroons,Blues,Tim Brasher,0,2,0,0,3-Jun-1992,https://afltables.com/rl/soo/game36.html
1992-Game 3-Blues-v-Maroons,1992,Game 3,Blues,Maroons,Blues,Brad Mackay,0,0,0,0,3-Jun-1992,https://afltables.com/rl/soo/game36.html
1992-Game 3-Blues-v-Maroons,1992,Game 3,Blues,Maroons,Maroons,Michael Hancock,0,0,0,0,3-Jun-1992,https://afltables.com/rl/soo/game36.html
1992-Game 3-Blues-v-Maroons,1992,Game 3,Blues,Maroons,Maroons,Mark Coyne,0,0,0,0,3-Jun-1992,https://afltables.com/rl/soo/game36.html
1992-Game 3-Blues-v-Maroons,1992,Game 3,Blues,Maroons,Maroons,Mal Meninga,0,2,0,0,3-Jun-1992,https://afltables.com/rl/soo/game36.html
1992-Game 3-Blues-v-Maroons,1992,Game 3,Blues,Maroons,Maroons,Adrian Brunker,0,0,0,0,3-Jun-1992,https://afltables.com/rl/soo/game36.html
1992-Game 3-Blues-v-Maroons,1992,Game 3,Blues,Maroons,Maroons,Peter Jackson,0,0,0,0,3-Jun-1992,https://afltables.com/rl/soo/game36.html
1992-Game 3-Blues-v-Maroons,1992,Game 3,Blues,Maroons,Maroons,Allan Langer,0,0,0,0,3-Jun-1992,https://afltables.com/rl/soo/game36.html
1992-Game 3-Blues-v-Maroons,1992,Game 3,Blues,Maroons,Maroons,Billy Moore,0,0,0,0,3-Jun-1992,https://afltables.com/rl/soo/game36.html
1992-Game 3-Blues-v-Maroons,1992,Game 3,Blues,Maroons,Maroons,Mike McLean,0,0,0,0,3-Jun-1992,https://afltables.com/rl/soo/game36.html
1992-Game 3-Blues-v-Maroons,1992,Game 3,Blues,Maroons,Maroons,Gary Larson,0,0,0,0,3-Jun-1992,https://afltables.com/rl/soo/game36.html
1992-Game 3-Blues-v-Maroons,1992,Game 3,Blues,Maroons,Maroons,Gavin Allen,0,0,0,0,3-Jun-1992,https://afltables.com/rl/soo/game36.html
1992-Game 3-Blues-v-Maroons,1992,Game 3,Blues,Maroons,Maroons,Steve Walters,0,0,0,0,3-Jun-1992,https://afltables.com/rl/soo/game36.html
1992-Game 3-Blues-v-Maroons,1992,Game 3,Blues,Maroons,Maroons,Martin Bella,0,0,0,0,3-Jun-1992,https://afltables.com/rl/soo/game36.html
1992-Game 3-Blues-v-Maroons,1992,Game 3,Blues,Maroons,Maroons,Kevin Walters,0,0,0,0,3-Jun-1992,https://afltables.com/rl/soo/game36.html
1992-Game 3-Blues-v-Maroons,1992,Game 3,Blues,Maroons,Maroons,Darren Smith,0,0,0,0,3-Jun-1992,https://afltables.com/rl/soo/game36.html
1992-Game 3-Blues-v-Maroons,1992,Game 3,Blues,Maroons,Maroons,Steve Jackson,0,0,0,0,3-Jun-1992,https://afltables.com/rl/soo/game36.html
1992-Game 3-Blues-v-Maroons,1992,Game 3,Blues,Maroons,Maroons,Trevor Gillmeister,0,0,0,0,3-Jun-1992,https://afltables.com/rl/soo/game36.html
1993-Game 1-Maroons-v-Blues,1993,Game 1,Maroons,Blues,Blues,Andrew Ettingshausen,0,0,0,0,3-May-1993,https://afltables.com/rl/soo/game37.html
1993-Game 1-Maroons-v-Blues,1993,Game 1,Maroons,Blues,Blues,Paul McGregor,0,0,0,0,3-May-1993,https://afltables.com/rl/soo/game37.html
1993-Game 1-Maroons-v-Blues,1993,Game 1,Maroons,Blues,Blues,Brad Fittler,0,0,0,0,3-May-1993,https://afltables.com/rl/soo/game37.html
1993-Game 1-Maroons-v-Blues,1993,Game 1,Maroons,Blues,Blues,Rod Wishart,1,3,0,0,3-May-1993,https://afltables.com/rl/soo/game37.html
1993-Game 1-Maroons-v-Blues,1993,Game 1,Maroons,Blues,Blues,Laurie Daley,0,0,0,0,3-May-1993,https://afltables.com/rl/soo/game37.html
1993-Game 1-Maroons-v-Blues,1993,Game 1,Maroons,Blues,Blues,Ricky Stuart,1,0,0,0,3-May-1993,https://afltables.com/rl/soo/game37.html
1993-Game 1-Maroons-v-Blues,1993,Game 1,Maroons,Blues,Blues,Brad Mackay,0,0,0,0,3-May-1993,https://afltables.com/rl/soo/game37.html
1993-Game 1-Maroons-v-Blues,1993,Game 1,Maroons,Blues,Blues,Paul Harragon,0,0,0,0,3-May-1993,https://afltables.com/rl/soo/game37.html
1993-Game 1-Maroons-v-Blues,1993,Game 1,Maroons,Blues,Blues,Paul Sironen,0,0,0,0,3-May-1993,https://afltables.com/rl/soo/game37.html
1993-Game 1-Maroons-v-Blues,1993,Game 1,Maroons,Blues,Blues,Ian Roberts,0,0,0,0,3-May-1993,https://afltables.com/rl/soo/game37.html
1993-Game 1-Maroons-v-Blues,1993,Game 1,Maroons,Blues,Blues,Benny Elias,0,0,0,0,3-May-1993,https://afltables.com/rl/soo/game37.html
1993-Game 1-Maroons-v-Blues,1993,Game 1,Maroons,Blues,Blues,Glenn Lazarus,0,0,0,0,3-May-1993,https://afltables.com/rl/soo/game37.html
1993-Game 1-Maroons-v-Blues,1993,Game 1,Maroons,Blues,Blues,David Fairleigh,0,0,0,0,3-May-1993,https://afltables.com/rl/soo/game37.html
1993-Game 1-Maroons-v-Blues,1993,Game 1,Maroons,Blues,Blues,Craig Salvatori,0,0,0,0,3-May-1993,https://afltables.com/rl/soo/game37.html
1993-Game 1-Maroons-v-Blues,1993,Game 1,Maroons,Blues,Blues,Brett Mullins,0,0,0,0,3-May-1993,https://afltables.com/rl/soo/game37.html
1993-Game 1-Maroons-v-Blues,1993,Game 1,Maroons,Blues,Blues,Jason Taylor,0,0,0,0,3-May-1993,https://afltables.com/rl/soo/game37.html
1993-Game 1-Maroons-v-Blues,1993,Game 1,Maroons,Blues,Maroons,Willie Carne,1,0,0,0,3-May-1993,https://afltables.com/rl/soo/game37.html
1993-Game 1-Maroons-v-Blues,1993,Game 1,Maroons,Blues,Maroons,Mal Meninga,0,1,0,0,3-May-1993,https://afltables.com/rl/soo/game37.html
1993-Game 1-Maroons-v-Blues,1993,Game 1,Maroons,Blues,Maroons,Steve Renouf,0,0,0,0,3-May-1993,https://afltables.com/rl/soo/game37.html
1993-Game 1-Maroons-v-Blues,1993,Game 1,Maroons,Blues,Maroons,Michael Hancock,0,0,0,0,3-May-1993,https://afltables.com/rl/soo/game37.html
1993-Game 1-Maroons-v-Blues,1993,Game 1,Maroons,Blues,Maroons,Kevin Walters,0,0,0,0,3-May-1993,https://afltables.com/rl/soo/game37.html
1993-Game 1-Maroons-v-Blues,1993,Game 1,Maroons,Blues,Maroons,Allan Langer,0,0,0,0,3-May-1993,https://afltables.com/rl/soo/game37.html
1993-Game 1-Maroons-v-Blues,1993,Game 1,Maroons,Blues,Maroons,Billy Moore,0,0,0,0,3-May-1993,https://afltables.com/rl/soo/game37.html
1993-Game 1-Maroons-v-Blues,1993,Game 1,Maroons,Blues,Maroons,Gary Larson,0,0,0,0,3-May-1993,https://afltables.com/rl/soo/game37.html
1993-Game 1-Maroons-v-Blues,1993,Game 1,Maroons,Blues,Maroons,Bob Lindner,1,0,0,0,3-May-1993,https://afltables.com/rl/soo/game37.html
1993-Game 1-Maroons-v-Blues,1993,Game 1,Maroons,Blues,Maroons,Martin Bella,0,0,0,0,3-May-1993,https://afltables.com/rl/soo/game37.html
1993-Game 1-Maroons-v-Blues,1993,Game 1,Maroons,Blues,Maroons,Steve Walters,0,0,0,0,3-May-1993,https://afltables.com/rl/soo/game37.html
1993-Game 1-Maroons-v-Blues,1993,Game 1,Maroons,Blues,Maroons,Steve Jackson,0,0,0,0,3-May-1993,https://afltables.com/rl/soo/game37.html
1993-Game 1-Maroons-v-Blues,1993,Game 1,Maroons,Blues,Maroons,Mark Coyne,0,0,0,0,3-May-1993,https://afltables.com/rl/soo/game37.html
1993-Game 1-Maroons-v-Blues,1993,Game 1,Maroons,Blues,Maroons,Dale Shearer,0,0,0,0,3-May-1993,https://afltables.com/rl/soo/game37.html
1993-Game 1-Maroons-v-Blues,1993,Game 1,Maroons,Blues,Maroons,Mark Hohn,0,0,0,0,3-May-1993,https://afltables.com/rl/soo/game37.html
1993-Game 1-Maroons-v-Blues,1993,Game 1,Maroons,Blues,Maroons,Andrew Gee,0,0,0,0,3-May-1993,https://afltables.com/rl/soo/game37.html
1993-Game 2-Blues-v-Maroons,1993,Game 2,Blues,Maroons,Blues,Andrew Ettingshausen,0,0,0,0,17-May-1993,https://afltables.com/rl/soo/game38.html
1993-Game 2-Blues-v-Maroons,1993,Game 2,Blues,Maroons,Blues,Paul McGregor,0,0,0,0,17-May-1993,https://afltables.com/rl/soo/game38.html
1993-Game 2-Blues-v-Maroons,1993,Game 2,Blues,Maroons,Blues,Brad Fittler,0,0,0,0,17-May-1993,https://afltables.com/rl/soo/game38.html
1993-Game 2-Blues-v-Maroons,1993,Game 2,Blues,Maroons,Blues,Rod Wishart,1,2,0,0,17-May-1993,https://afltables.com/rl/soo/game38.html
1993-Game 2-Blues-v-Maroons,1993,Game 2,Blues,Maroons,Blues,Laurie Daley,1,0,0,0,17-May-1993,https://afltables.com/rl/soo/game38.html
1993-Game 2-Blues-v-Maroons,1993,Game 2,Blues,Maroons,Blues,Ricky Stuart,0,0,0,0,17-May-1993,https://afltables.com/rl/soo/game38.html
1993-Game 2-Blues-v-Maroons,1993,Game 2,Blues,Maroons,Blues,Brad Mackay,1,0,0,0,17-May-1993,https://afltables.com/rl/soo/game38.html
1993-Game 2-Blues-v-Maroons,1993,Game 2,Blues,Maroons,Blues,Paul Harragon,0,0,0,0,17-May-1993,https://afltables.com/rl/soo/game38.html
1993-Game 2-Blues-v-Maroons,1993,Game 2,Blues,Maroons,Blues,Paul Sironen,0,0,0,0,17-May-1993,https://afltables.com/rl/soo/game38.html
1993-Game 2-Blues-v-Maroons,1993,Game 2,Blues,Maroons,Blues,Ian Roberts,0,0,0,0,17-May-1993,https://afltables.com/rl/soo/game38.html
1993-Game 2-Blues-v-Maroons,1993,Game 2,Blues,Maroons,Blues,Robbie McCormack,0,0,0,0,17-May-1993,https://afltables.com/rl/soo/game38.html
1993-Game 2-Blues-v-Maroons,1993,Game 2,Blues,Maroons,Blues,Glenn Lazarus,0,0,0,0,17-May-1993,https://afltables.com/rl/soo/game38.html
1993-Game 2-Blues-v-Maroons,1993,Game 2,Blues,Maroons,Blues,David Fairleigh,0,0,0,0,17-May-1993,https://afltables.com/rl/soo/game38.html
1993-Game 2-Blues-v-Maroons,1993,Game 2,Blues,Maroons,Blues,David Gillespie,0,0,0,0,17-May-1993,https://afltables.com/rl/soo/game38.html
1993-Game 2-Blues-v-Maroons,1993,Game 2,Blues,Maroons,Blues,Jason Taylor,0,0,0,0,17-May-1993,https://afltables.com/rl/soo/game38.html
1993-Game 2-Blues-v-Maroons,1993,Game 2,Blues,Maroons,Blues,Jason Croker,0,0,0,0,17-May-1993,https://afltables.com/rl/soo/game38.html
1993-Game 2-Blues-v-Maroons,1993,Game 2,Blues,Maroons,Maroons,Willie Carne,0,0,0,0,17-May-1993,https://afltables.com/rl/soo/game38.html
1993-Game 2-Blues-v-Maroons,1993,Game 2,Blues,Maroons,Maroons,Mal Meninga,1,0,0,0,17-May-1993,https://afltables.com/rl/soo/game38.html
1993-Game 2-Blues-v-Maroons,1993,Game 2,Blues,Maroons,Maroons,Mark Coyne,0,0,0,0,17-May-1993,https://afltables.com/rl/soo/game38.html
1993-Game 2-Blues-v-Maroons,1993,Game 2,Blues,Maroons,Maroons,Adrian Brunker,0,1,0,0,17-May-1993,https://afltables.com/rl/soo/game38.html
1993-Game 2-Blues-v-Maroons,1993,Game 2,Blues,Maroons,Maroons,Kevin Walters,1,0,0,0,17-May-1993,https://afltables.com/rl/soo/game38.html
1993-Game 2-Blues-v-Maroons,1993,Game 2,Blues,Maroons,Maroons,Allan Langer,0,0,0,0,17-May-1993,https://afltables.com/rl/soo/game38.html
1993-Game 2-Blues-v-Maroons,1993,Game 2,Blues,Maroons,Maroons,Bob Lindner,0,0,0,0,17-May-1993,https://afltables.com/rl/soo/game38.html
1993-Game 2-Blues-v-Maroons,1993,Game 2,Blues,Maroons,Maroons,Gary Larson,0,0,0,0,17-May-1993,https://afltables.com/rl/soo/game38.html
1993-Game 2-Blues-v-Maroons,1993,Game 2,Blues,Maroons,Maroons,Trevor Gillmeister,0,0,0,0,17-May-1993,https://afltables.com/rl/soo/game38.html
1993-Game 2-Blues-v-Maroons,1993,Game 2,Blues,Maroons,Maroons,Martin Bella,0,0,0,0,17-May-1993,https://afltables.com/rl/soo/game38.html
1993-Game 2-Blues-v-Maroons,1993,Game 2,Blues,Maroons,Maroons,Steve Walters,0,0,0,0,17-May-1993,https://afltables.com/rl/soo/game38.html
1993-Game 2-Blues-v-Maroons,1993,Game 2,Blues,Maroons,Maroons,Mark Hohn,0,0,0,0,17-May-1993,https://afltables.com/rl/soo/game38.html
1993-Game 2-Blues-v-Maroons,1993,Game 2,Blues,Maroons,Maroons,Julian O'Neill,0,0,0,0,17-May-1993,https://afltables.com/rl/soo/game38.html
1993-Game 2-Blues-v-Maroons,1993,Game 2,Blues,Maroons,Maroons,Steve Jackson,0,0,0,0,17-May-1993,https://afltables.com/rl/soo/game38.html
1993-Game 2-Blues-v-Maroons,1993,Game 2,Blues,Maroons,Maroons,Billy Moore,0,0,0,0,17-May-1993,https://afltables.com/rl/soo/game38.html
1993-Game 2-Blues-v-Maroons,1993,Game 2,Blues,Maroons,Maroons,Darren Smith,0,0,0,0,17-May-1993,https://afltables.com/rl/soo/game38.html
1993-Game 3-Maroons-v-Blues,1993,Game 3,Maroons,Blues,Blues,Rod Wishart,0,2,0,0,31-May-1993,https://afltables.com/rl/soo/game39.html
1993-Game 3-Maroons-v-Blues,1993,Game 3,Maroons,Blues,Blues,Brad Fittler,0,0,0,0,31-May-1993,https://afltables.com/rl/soo/game39.html
1993-Game 3-Maroons-v-Blues,1993,Game 3,Maroons,Blues,Blues,Andrew Ettingshausen,1,0,0,0,31-May-1993,https://afltables.com/rl/soo/game39.html
1993-Game 3-Maroons-v-Blues,1993,Game 3,Maroons,Blues,Blues,Graham Mackay,0,0,0,0,31-May-1993,https://afltables.com/rl/soo/game39.html
1993-Game 3-Maroons-v-Blues,1993,Game 3,Maroons,Blues,Blues,Laurie Daley,0,0,0,0,31-May-1993,https://afltables.com/rl/soo/game39.html
1993-Game 3-Maroons-v-Blues,1993,Game 3,Maroons,Blues,Blues,Ricky Stuart,0,0,0,0,31-May-1993,https://afltables.com/rl/soo/game39.html
1993-Game 3-Maroons-v-Blues,1993,Game 3,Maroons,Blues,Blues,Brad Mackay,0,0,0,0,31-May-1993,https://afltables.com/rl/soo/game39.html
1993-Game 3-Maroons-v-Blues,1993,Game 3,Maroons,Blues,Blues,Paul Harragon,1,0,0,0,31-May-1993,https://afltables.com/rl/soo/game39.html
1993-Game 3-Maroons-v-Blues,1993,Game 3,Maroons,Blues,Blues,Paul Sironen,0,0,0,0,31-May-1993,https://afltables.com/rl/soo/game39.html
1993-Game 3-Maroons-v-Blues,1993,Game 3,Maroons,Blues,Blues,David Fairleigh,0,0,0,0,31-May-1993,https://afltables.com/rl/soo/game39.html
1993-Game 3-Maroons-v-Blues,1993,Game 3,Maroons,Blues,Blues,Benny Elias,0,0,0,0,31-May-1993,https://afltables.com/rl/soo/game39.html
1993-Game 3-Maroons-v-Blues,1993,Game 3,Maroons,Blues,Blues,Glenn Lazarus,0,0,0,0,31-May-1993,https://afltables.com/rl/soo/game39.html
1993-Game 3-Maroons-v-Blues,1993,Game 3,Maroons,Blues,Blues,David Gillespie,0,0,0,0,31-May-1993,https://afltables.com/rl/soo/game39.html
1993-Game 3-Maroons-v-Blues,1993,Game 3,Maroons,Blues,Blues,Terry Hill,0,0,0,0,31-May-1993,https://afltables.com/rl/soo/game39.html
1993-Game 3-Maroons-v-Blues,1993,Game 3,Maroons,Blues,Blues,Scott Gourley,0,0,0,0,31-May-1993,https://afltables.com/rl/soo/game39.html
1993-Game 3-Maroons-v-Blues,1993,Game 3,Maroons,Blues,Blues,Jason Taylor,0,0,0,0,31-May-1993,https://afltables.com/rl/soo/game39.html
1993-Game 3-Maroons-v-Blues,1993,Game 3,Maroons,Blues,Maroons,Brett Dallas,0,0,0,0,31-May-1993,https://afltables.com/rl/soo/game39.html
1993-Game 3-Maroons-v-Blues,1993,Game 3,Maroons,Blues,Maroons,Mal Meninga,0,2,0,0,31-May-1993,https://afltables.com/rl/soo/game39.html
1993-Game 3-Maroons-v-Blues,1993,Game 3,Maroons,Blues,Maroons,Mark Coyne,0,0,0,0,31-May-1993,https://afltables.com/rl/soo/game39.html
1993-Game 3-Maroons-v-Blues,1993,Game 3,Maroons,Blues,Maroons,Willie Carne,2,0,0,0,31-May-1993,https://afltables.com/rl/soo/game39.html
1993-Game 3-Maroons-v-Blues,1993,Game 3,Maroons,Blues,Maroons,Julian O'Neill,0,2,0,0,31-May-1993,https://afltables.com/rl/soo/game39.html
1993-Game 3-Maroons-v-Blues,1993,Game 3,Maroons,Blues,Maroons,Allan Langer,0,0,0,0,31-May-1993,https://afltables.com/rl/soo/game39.html
1993-Game 3-Maroons-v-Blues,1993,Game 3,Maroons,Blues,Maroons,Bob Lindner,1,0,0,0,31-May-1993,https://afltables.com/rl/soo/game39.html
1993-Game 3-Maroons-v-Blues,1993,Game 3,Maroons,Blues,Maroons,Trevor Gillmeister,0,0,0,0,31-May-1993,https://afltables.com/rl/soo/game39.html
1993-Game 3-Maroons-v-Blues,1993,Game 3,Maroons,Blues,Maroons,Gary Larson,0,0,0,0,31-May-1993,https://afltables.com/rl/soo/game39.html
1993-Game 3-Maroons-v-Blues,1993,Game 3,Maroons,Blues,Maroons,Mark Hohn,0,0,0,0,31-May-1993,https://afltables.com/rl/soo/game39.html
1993-Game 3-Maroons-v-Blues,1993,Game 3,Maroons,Blues,Maroons,Steve Walters,1,0,0,0,31-May-1993,https://afltables.com/rl/soo/game39.html
1993-Game 3-Maroons-v-Blues,1993,Game 3,Maroons,Blues,Maroons,Martin Bella,0,0,0,0,31-May-1993,https://afltables.com/rl/soo/game39.html
1993-Game 3-Maroons-v-Blues,1993,Game 3,Maroons,Blues,Maroons,Kevin Walters,0,0,0,0,31-May-1993,https://afltables.com/rl/soo/game39.html
1993-Game 3-Maroons-v-Blues,1993,Game 3,Maroons,Blues,Maroons,Darren Smith,0,0,0,0,31-May-1993,https://afltables.com/rl/soo/game39.html
1993-Game 3-Maroons-v-Blues,1993,Game 3,Maroons,Blues,Maroons,Steve Jackson,0,0,0,0,31-May-1993,https://afltables.com/rl/soo/game39.html
1993-Game 3-Maroons-v-Blues,1993,Game 3,Maroons,Blues,Maroons,Billy Moore,0,0,0,0,31-May-1993,https://afltables.com/rl/soo/game39.html
1994-Game 1-Blues-v-Maroons,1994,Game 1,Blues,Maroons,Blues,Graham Mackay,0,1,0,0,23-May-1994,https://afltables.com/rl/soo/game40.html
1994-Game 1-Blues-v-Maroons,1994,Game 1,Blues,Maroons,Blues,Brad Fittler,0,0,0,0,23-May-1994,https://afltables.com/rl/soo/game40.html
1994-Game 1-Blues-v-Maroons,1994,Game 1,Blues,Maroons,Blues,Paul McGregor,0,0,0,0,23-May-1994,https://afltables.com/rl/soo/game40.html
1994-Game 1-Blues-v-Maroons,1994,Game 1,Blues,Maroons,Blues,Rod Wishart,0,1,0,0,23-May-1994,https://afltables.com/rl/soo/game40.html
1994-Game 1-Blues-v-Maroons,1994,Game 1,Blues,Maroons,Blues,Laurie Daley,0,0,0,0,23-May-1994,https://afltables.com/rl/soo/game40.html
1994-Game 1-Blues-v-Maroons,1994,Game 1,Blues,Maroons,Blues,Ricky Stuart,0,0,0,0,23-May-1994,https://afltables.com/rl/soo/game40.html
1994-Game 1-Blues-v-Maroons,1994,Game 1,Blues,Maroons,Blues,Brad Mackay,1,0,0,0,23-May-1994,https://afltables.com/rl/soo/game40.html
1994-Game 1-Blues-v-Maroons,1994,Game 1,Blues,Maroons,Blues,Paul Harragon,1,0,0,0,23-May-1994,https://afltables.com/rl/soo/game40.html
1994-Game 1-Blues-v-Maroons,1994,Game 1,Blues,Maroons,Blues,Paul Sironen,0,0,0,0,23-May-1994,https://afltables.com/rl/soo/game40.html
1994-Game 1-Blues-v-Maroons,1994,Game 1,Blues,Maroons,Blues,Ian Roberts,0,0,0,0,23-May-1994,https://afltables.com/rl/soo/game40.html
1994-Game 1-Blues-v-Maroons,1994,Game 1,Blues,Maroons,Blues,Benny Elias,0,0,0,0,23-May-1994,https://afltables.com/rl/soo/game40.html
1994-Game 1-Blues-v-Maroons,1994,Game 1,Blues,Maroons,Blues,Glenn Lazarus,0,0,0,0,23-May-1994,https://afltables.com/rl/soo/game40.html
1994-Game 1-Blues-v-Maroons,1994,Game 1,Blues,Maroons,Blues,Andrew Ettingshausen,0,0,0,0,23-May-1994,https://afltables.com/rl/soo/game40.html
1994-Game 1-Blues-v-Maroons,1994,Game 1,Blues,Maroons,Blues,Chris Johns,0,0,0,0,23-May-1994,https://afltables.com/rl/soo/game40.html
1994-Game 1-Blues-v-Maroons,1994,Game 1,Blues,Maroons,Blues,David Gillespie,0,0,0,0,23-May-1994,https://afltables.com/rl/soo/game40.html
1994-Game 1-Blues-v-Maroons,1994,Game 1,Blues,Maroons,Blues,David Barnhill,0,0,0,0,23-May-1994,https://afltables.com/rl/soo/game40.html
1994-Game 1-Blues-v-Maroons,1994,Game 1,Blues,Maroons,Maroons,Michael Hancock,0,0,0,0,23-May-1994,https://afltables.com/rl/soo/game40.html
1994-Game 1-Blues-v-Maroons,1994,Game 1,Blues,Maroons,Maroons,Mal Meninga,0,2,0,0,23-May-1994,https://afltables.com/rl/soo/game40.html
1994-Game 1-Blues-v-Maroons,1994,Game 1,Blues,Maroons,Maroons,Steve Renouf,0,0,0,0,23-May-1994,https://afltables.com/rl/soo/game40.html
1994-Game 1-Blues-v-Maroons,1994,Game 1,Blues,Maroons,Maroons,Willie Carne,1,0,0,0,23-May-1994,https://afltables.com/rl/soo/game40.html
1994-Game 1-Blues-v-Maroons,1994,Game 1,Blues,Maroons,Maroons,Kevin Walters,0,0,0,0,23-May-1994,https://afltables.com/rl/soo/game40.html
1994-Game 1-Blues-v-Maroons,1994,Game 1,Blues,Maroons,Maroons,Allan Langer,0,0,0,0,23-May-1994,https://afltables.com/rl/soo/game40.html
1994-Game 1-Blues-v-Maroons,1994,Game 1,Blues,Maroons,Maroons,Billy Moore,0,0,0,0,23-May-1994,https://afltables.com/rl/soo/game40.html
1994-Game 1-Blues-v-Maroons,1994,Game 1,Blues,Maroons,Maroons,Gary Larson,0,0,0,0,23-May-1994,https://afltables.com/rl/soo/game40.html
1994-Game 1-Blues-v-Maroons,1994,Game 1,Blues,Maroons,Maroons,Trevor Gillmeister,0,0,0,0,23-May-1994,https://afltables.com/rl/soo/game40.html
1994-Game 1-Blues-v-Maroons,1994,Game 1,Blues,Maroons,Maroons,Martin Bella,0,0,0,0,23-May-1994,https://afltables.com/rl/soo/game40.html
1994-Game 1-Blues-v-Maroons,1994,Game 1,Blues,Maroons,Maroons,Steve Walters,0,0,0,0,23-May-1994,https://afltables.com/rl/soo/game40.html
1994-Game 1-Blues-v-Maroons,1994,Game 1,Blues,Maroons,Maroons,Andrew Gee,0,0,0,0,23-May-1994,https://afltables.com/rl/soo/game40.html
1994-Game 1-Blues-v-Maroons,1994,Game 1,Blues,Maroons,Maroons,Mark Coyne,1,0,0,0,23-May-1994,https://afltables.com/rl/soo/game40.html
1994-Game 1-Blues-v-Maroons,1994,Game 1,Blues,Maroons,Maroons,Darren Smith,0,0,0,0,23-May-1994,https://afltables.com/rl/soo/game40.html
1994-Game 1-Blues-v-Maroons,1994,Game 1,Blues,Maroons,Maroons,Mark Hohn,0,0,0,0,23-May-1994,https://afltables.com/rl/soo/game40.html
1994-Game 1-Blues-v-Maroons,1994,Game 1,Blues,Maroons,Maroons,Darren Fritz,0,0,0,0,23-May-1994,https://afltables.com/rl/soo/game40.html
1994-Game 2-Blues-v-Maroons,1994,Game 2,Blues,Maroons,Blues,Andrew Ettingshausen,0,0,0,0,8-Jun-1994,https://afltables.com/rl/soo/game41.html
1994-Game 2-Blues-v-Maroons,1994,Game 2,Blues,Maroons,Blues,Brad Fittler,0,0,0,0,8-Jun-1994,https://afltables.com/rl/soo/game41.html
1994-Game 2-Blues-v-Maroons,1994,Game 2,Blues,Maroons,Blues,Paul McGregor,1,0,0,0,8-Jun-1994,https://afltables.com/rl/soo/game41.html
1994-Game 2-Blues-v-Maroons,1994,Game 2,Blues,Maroons,Blues,Brett Mullins,0,0,0,0,8-Jun-1994,https://afltables.com/rl/soo/game41.html
1994-Game 2-Blues-v-Maroons,1994,Game 2,Blues,Maroons,Blues,Laurie Daley,0,0,0,0,8-Jun-1994,https://afltables.com/rl/soo/game41.html
1994-Game 2-Blues-v-Maroons,1994,Game 2,Blues,Maroons,Blues,Ricky Stuart,0,0,0,0,8-Jun-1994,https://afltables.com/rl/soo/game41.html
1994-Game 2-Blues-v-Maroons,1994,Game 2,Blues,Maroons,Blues,Bradley Clyde,0,0,0,0,8-Jun-1994,https://afltables.com/rl/soo/game41.html
1994-Game 2-Blues-v-Maroons,1994,Game 2,Blues,Maroons,Blues,Dean Pay,0,0,0,0,8-Jun-1994,https://afltables.com/rl/soo/game41.html
1994-Game 2-Blues-v-Maroons,1994,Game 2,Blues,Maroons,Blues,Paul Sironen,0,0,0,0,8-Jun-1994,https://afltables.com/rl/soo/game41.html
1994-Game 2-Blues-v-Maroons,1994,Game 2,Blues,Maroons,Blues,Paul Harragon,0,0,0,0,8-Jun-1994,https://afltables.com/rl/soo/game41.html
1994-Game 2-Blues-v-Maroons,1994,Game 2,Blues,Maroons,Blues,Benny Elias,0,0,0,0,8-Jun-1994,https://afltables.com/rl/soo/game41.html
1994-Game 2-Blues-v-Maroons,1994,Game 2,Blues,Maroons,Blues,Glenn Lazarus,1,0,0,0,8-Jun-1994,https://afltables.com/rl/soo/game41.html
1994-Game 2-Blues-v-Maroons,1994,Game 2,Blues,Maroons,Blues,Brad Mackay,0,0,0,0,8-Jun-1994,https://afltables.com/rl/soo/game41.html
1994-Game 2-Blues-v-Maroons,1994,Game 2,Blues,Maroons,Blues,David Barnhill,0,0,0,0,8-Jun-1994,https://afltables.com/rl/soo/game41.html
1994-Game 2-Blues-v-Maroons,1994,Game 2,Blues,Maroons,Blues,Ken Nagas,0,0,0,0,8-Jun-1994,https://afltables.com/rl/soo/game41.html
1994-Game 2-Blues-v-Maroons,1994,Game 2,Blues,Maroons,Blues,Chris Johns,0,0,0,0,8-Jun-1994,https://afltables.com/rl/soo/game41.html
1994-Game 2-Blues-v-Maroons,1994,Game 2,Blues,Maroons,Maroons,Michael Hancock,0,0,0,0,8-Jun-1994,https://afltables.com/rl/soo/game41.html
1994-Game 2-Blues-v-Maroons,1994,Game 2,Blues,Maroons,Maroons,Mal Meninga,0,0,0,0,8-Jun-1994,https://afltables.com/rl/soo/game41.html
1994-Game 2-Blues-v-Maroons,1994,Game 2,Blues,Maroons,Maroons,Mark Coyne,0,0,0,0,8-Jun-1994,https://afltables.com/rl/soo/game41.html
1994-Game 2-Blues-v-Maroons,1994,Game 2,Blues,Maroons,Maroons,Willie Carne,0,0,0,0,8-Jun-1994,https://afltables.com/rl/soo/game41.html
1994-Game 2-Blues-v-Maroons,1994,Game 2,Blues,Maroons,Maroons,Kevin Walters,0,0,0,0,8-Jun-1994,https://afltables.com/rl/soo/game41.html
1994-Game 2-Blues-v-Maroons,1994,Game 2,Blues,Maroons,Maroons,Allan Langer,0,0,0,0,8-Jun-1994,https://afltables.com/rl/soo/game41.html
1994-Game 2-Blues-v-Maroons,1994,Game 2,Blues,Maroons,Maroons,Billy Moore,0,0,0,0,8-Jun-1994,https://afltables.com/rl/soo/game41.html
1994-Game 2-Blues-v-Maroons,1994,Game 2,Blues,Maroons,Maroons,Gary Larson,0,0,0,0,8-Jun-1994,https://afltables.com/rl/soo/game41.html
1994-Game 2-Blues-v-Maroons,1994,Game 2,Blues,Maroons,Maroons,Trevor Gillmeister,0,0,0,0,8-Jun-1994,https://afltables.com/rl/soo/game41.html
1994-Game 2-Blues-v-Maroons,1994,Game 2,Blues,Maroons,Maroons,Darren Fritz,0,0,0,0,8-Jun-1994,https://afltables.com/rl/soo/game41.html
1994-Game 2-Blues-v-Maroons,1994,Game 2,Blues,Maroons,Maroons,Kerrod Walters,0,0,0,0,8-Jun-1994,https://afltables.com/rl/soo/game41.html
1994-Game 2-Blues-v-Maroons,1994,Game 2,Blues,Maroons,Maroons,Andrew Gee,0,0,0,0,8-Jun-1994,https://afltables.com/rl/soo/game41.html
1994-Game 2-Blues-v-Maroons,1994,Game 2,Blues,Maroons,Maroons,Darren Smith,0,0,0,0,8-Jun-1994,https://afltables.com/rl/soo/game41.html
1994-Game 2-Blues-v-Maroons,1994,Game 2,Blues,Maroons,Maroons,Mark Hohn,0,0,0,0,8-Jun-1994,https://afltables.com/rl/soo/game41.html
1994-Game 2-Blues-v-Maroons,1994,Game 2,Blues,Maroons,Maroons,Gorden Tallis,0,0,0,0,8-Jun-1994,https://afltables.com/rl/soo/game41.html
1994-Game 2-Blues-v-Maroons,1994,Game 2,Blues,Maroons,Maroons,Adrian Vowles,0,0,0,0,8-Jun-1994,https://afltables.com/rl/soo/game41.html
1994-Game 3-Maroons-v-Blues,1994,Game 3,Maroons,Blues,Blues,Andrew Ettingshausen,0,0,0,0,20-Jun-1994,https://afltables.com/rl/soo/game42.html
1994-Game 3-Maroons-v-Blues,1994,Game 3,Maroons,Blues,Blues,Brad Fittler,1,0,1,0,20-Jun-1994,https://afltables.com/rl/soo/game42.html
1994-Game 3-Maroons-v-Blues,1994,Game 3,Maroons,Blues,Blues,Paul McGregor,0,0,0,0,20-Jun-1994,https://afltables.com/rl/soo/game42.html
1994-Game 3-Maroons-v-Blues,1994,Game 3,Maroons,Blues,Blues,Brett Mullins,1,0,0,0,20-Jun-1994,https://afltables.com/rl/soo/game42.html
1994-Game 3-Maroons-v-Blues,1994,Game 3,Maroons,Blues,Blues,Laurie Daley,1,0,0,0,20-Jun-1994,https://afltables.com/rl/soo/game42.html
1994-Game 3-Maroons-v-Blues,1994,Game 3,Maroons,Blues,Blues,Ricky Stuart,0,0,0,0,20-Jun-1994,https://afltables.com/rl/soo/game42.html
1994-Game 3-Maroons-v-Blues,1994,Game 3,Maroons,Blues,Blues,Bradley Clyde,1,0,0,0,20-Jun-1994,https://afltables.com/rl/soo/game42.html
1994-Game 3-Maroons-v-Blues,1994,Game 3,Maroons,Blues,Blues,Dean Pay,0,0,0,0,20-Jun-1994,https://afltables.com/rl/soo/game42.html
1994-Game 3-Maroons-v-Blues,1994,Game 3,Maroons,Blues,Blues,Paul Sironen,0,0,0,0,20-Jun-1994,https://afltables.com/rl/soo/game42.html
1994-Game 3-Maroons-v-Blues,1994,Game 3,Maroons,Blues,Blues,Paul Harragon,0,0,0,0,20-Jun-1994,https://afltables.com/rl/soo/game42.html
1994-Game 3-Maroons-v-Blues,1994,Game 3,Maroons,Blues,Blues,Benny Elias,0,0,2,0,20-Jun-1994,https://afltables.com/rl/soo/game42.html
1994-Game 3-Maroons-v-Blues,1994,Game 3,Maroons,Blues,Blues,Ian Roberts,0,0,0,0,20-Jun-1994,https://afltables.com/rl/soo/game42.html
1994-Game 3-Maroons-v-Blues,1994,Game 3,Maroons,Blues,Blues,Ken Nagas,0,0,0,0,20-Jun-1994,https://afltables.com/rl/soo/game42.html
1994-Game 3-Maroons-v-Blues,1994,Game 3,Maroons,Blues,Blues,Chris Johns,0,0,0,0,20-Jun-1994,https://afltables.com/rl/soo/game42.html
1994-Game 3-Maroons-v-Blues,1994,Game 3,Maroons,Blues,Blues,Brad Mackay,0,0,0,0,20-Jun-1994,https://afltables.com/rl/soo/game42.html
1994-Game 3-Maroons-v-Blues,1994,Game 3,Maroons,Blues,Blues,David Barnhill,0,0,0,0,20-Jun-1994,https://afltables.com/rl/soo/game42.html
1994-Game 3-Maroons-v-Blues,1994,Game 3,Maroons,Blues,Maroons,Michael Hancock,0,0,0,0,20-Jun-1994,https://afltables.com/rl/soo/game42.html
1994-Game 3-Maroons-v-Blues,1994,Game 3,Maroons,Blues,Maroons,Mal Meninga,0,0,0,0,20-Jun-1994,https://afltables.com/rl/soo/game42.html
1994-Game 3-Maroons-v-Blues,1994,Game 3,Maroons,Blues,Maroons,Steve Renouf,1,0,0,0,20-Jun-1994,https://afltables.com/rl/soo/game42.html
1994-Game 3-Maroons-v-Blues,1994,Game 3,Maroons,Blues,Maroons,Willie Carne,0,0,0,0,20-Jun-1994,https://afltables.com/rl/soo/game42.html
1994-Game 3-Maroons-v-Blues,1994,Game 3,Maroons,Blues,Maroons,Kevin Walters,0,0,0,0,20-Jun-1994,https://afltables.com/rl/soo/game42.html
1994-Game 3-Maroons-v-Blues,1994,Game 3,Maroons,Blues,Maroons,Allan Langer,0,0,0,0,20-Jun-1994,https://afltables.com/rl/soo/game42.html
1994-Game 3-Maroons-v-Blues,1994,Game 3,Maroons,Blues,Maroons,Jason Smith,0,0,0,0,20-Jun-1994,https://afltables.com/rl/soo/game42.html
1994-Game 3-Maroons-v-Blues,1994,Game 3,Maroons,Blues,Maroons,Gary Larson,0,0,0,0,20-Jun-1994,https://afltables.com/rl/soo/game42.html
1994-Game 3-Maroons-v-Blues,1994,Game 3,Maroons,Blues,Maroons,Billy Moore,0,0,0,0,20-Jun-1994,https://afltables.com/rl/soo/game42.html
1994-Game 3-Maroons-v-Blues,1994,Game 3,Maroons,Blues,Maroons,Darren Fritz,0,0,0,0,20-Jun-1994,https://afltables.com/rl/soo/game42.html
1994-Game 3-Maroons-v-Blues,1994,Game 3,Maroons,Blues,Maroons,Steve Walters,0,0,0,0,20-Jun-1994,https://afltables.com/rl/soo/game42.html
1994-Game 3-Maroons-v-Blues,1994,Game 3,Maroons,Blues,Maroons,Mark Hohn,0,0,0,0,20-Jun-1994,https://afltables.com/rl/soo/game42.html
1994-Game 3-Maroons-v-Blues,1994,Game 3,Maroons,Blues,Maroons,Mark Coyne,0,0,0,0,20-Jun-1994,https://afltables.com/rl/soo/game42.html
1994-Game 3-Maroons-v-Blues,1994,Game 3,Maroons,Blues,Maroons,Darren Smith,0,0,0,0,20-Jun-1994,https://afltables.com/rl/soo/game42.html
1994-Game 3-Maroons-v-Blues,1994,Game 3,Maroons,Blues,Maroons,Andrew Gee,1,0,0,0,20-Jun-1994,https://afltables.com/rl/soo/game42.html
1994-Game 3-Maroons-v-Blues,1994,Game 3,Maroons,Blues,Maroons,Gorden Tallis,0,0,0,0,20-Jun-1994,https://afltables.com/rl/soo/game42.html
1995-Game 1-Blues-v-Maroons,1995,Game 1,Blues,Maroons,Blues,Rod Wishart,0,0,0,0,15-May-1995,https://afltables.com/rl/soo/game43.html
1995-Game 1-Blues-v-Maroons,1995,Game 1,Blues,Maroons,Blues,Terry Hill,0,0,0,0,15-May-1995,https://afltables.com/rl/soo/game43.html
1995-Game 1-Blues-v-Maroons,1995,Game 1,Blues,Maroons,Blues,Paul McGregor,0,0,0,0,15-May-1995,https://afltables.com/rl/soo/game43.html
1995-Game 1-Blues-v-Maroons,1995,Game 1,Blues,Maroons,Blues,Craig Hancock,0,0,0,0,15-May-1995,https://afltables.com/rl/soo/game43.html
1995-Game 1-Blues-v-Maroons,1995,Game 1,Blues,Maroons,Blues,Matthew Johns,0,0,0,0,15-May-1995,https://afltables.com/rl/soo/game43.html
1995-Game 1-Blues-v-Maroons,1995,Game 1,Blues,Maroons,Blues,Andrew Johns,0,0,0,0,15-May-1995,https://afltables.com/rl/soo/game43.html
1995-Game 1-Blues-v-Maroons,1995,Game 1,Blues,Maroons,Blues,Brad Fittler,0,0,0,0,15-May-1995,https://afltables.com/rl/soo/game43.html
1995-Game 1-Blues-v-Maroons,1995,Game 1,Blues,Maroons,Blues,Steve Menzies,0,0,0,0,15-May-1995,https://afltables.com/rl/soo/game43.html
1995-Game 1-Blues-v-Maroons,1995,Game 1,Blues,Maroons,Blues,Brad Mackay,0,0,0,0,15-May-1995,https://afltables.com/rl/soo/game43.html
1995-Game 1-Blues-v-Maroons,1995,Game 1,Blues,Maroons,Blues,Mark Carroll,0,0,0,0,15-May-1995,https://afltables.com/rl/soo/game43.html
1995-Game 1-Blues-v-Maroons,1995,Game 1,Blues,Maroons,Blues,Jim Serdaris,0,0,0,0,15-May-1995,https://afltables.com/rl/soo/game43.html
1995-Game 1-Blues-v-Maroons,1995,Game 1,Blues,Maroons,Blues,Paul Harragon,0,0,0,0,15-May-1995,https://afltables.com/rl/soo/game43.html
1995-Game 1-Blues-v-Maroons,1995,Game 1,Blues,Maroons,Blues,Greg Florimo,0,0,0,0,15-May-1995,https://afltables.com/rl/soo/game43.html
1995-Game 1-Blues-v-Maroons,1995,Game 1,Blues,Maroons,Blues,David Fairleigh,0,0,0,0,15-May-1995,https://afltables.com/rl/soo/game43.html
1995-Game 1-Blues-v-Maroons,1995,Game 1,Blues,Maroons,Blues,Matt Seers,0,0,0,0,15-May-1995,https://afltables.com/rl/soo/game43.html
1995-Game 1-Blues-v-Maroons,1995,Game 1,Blues,Maroons,Blues,Adam Muir,0,0,0,0,15-May-1995,https://afltables.com/rl/soo/game43.html
1995-Game 1-Blues-v-Maroons,1995,Game 1,Blues,Maroons,Maroons,Brett Dallas,0,0,0,0,15-May-1995,https://afltables.com/rl/soo/game43.html
1995-Game 1-Blues-v-Maroons,1995,Game 1,Blues,Maroons,Maroons,Mark Coyne,0,0,0,0,15-May-1995,https://afltables.com/rl/soo/game43.html
1995-Game 1-Blues-v-Maroons,1995,Game 1,Blues,Maroons,Maroons,Danny Moore,0,0,0,0,15-May-1995,https://afltables.com/rl/soo/game43.html
1995-Game 1-Blues-v-Maroons,1995,Game 1,Blues,Maroons,Maroons,Matt Sing,0,0,0,0,15-May-1995,https://afltables.com/rl/soo/game43.html
1995-Game 1-Blues-v-Maroons,1995,Game 1,Blues,Maroons,Maroons,Dale Shearer,0,0,0,0,15-May-1995,https://afltables.com/rl/soo/game43.html
1995-Game 1-Blues-v-Maroons,1995,Game 1,Blues,Maroons,Maroons,Adrian Lam,0,0,0,0,15-May-1995,https://afltables.com/rl/soo/game43.html
1995-Game 1-Blues-v-Maroons,1995,Game 1,Blues,Maroons,Maroons,Billy Moore,0,0,0,0,15-May-1995,https://afltables.com/rl/soo/game43.html
1995-Game 1-Blues-v-Maroons,1995,Game 1,Blues,Maroons,Maroons,Trevor Gillmeister,0,0,0,0,15-May-1995,https://afltables.com/rl/soo/game43.html
1995-Game 1-Blues-v-Maroons,1995,Game 1,Blues,Maroons,Maroons,Gary Larson,0,0,0,0,15-May-1995,https://afltables.com/rl/soo/game43.html
1995-Game 1-Blues-v-Maroons,1995,Game 1,Blues,Maroons,Maroons,Gavin Allen,0,0,0,0,15-May-1995,https://afltables.com/rl/soo/game43.html
1995-Game 1-Blues-v-Maroons,1995,Game 1,Blues,Maroons,Maroons,Wayne Bartrim,0,1,0,0,15-May-1995,https://afltables.com/rl/soo/game43.html
1995-Game 1-Blues-v-Maroons,1995,Game 1,Blues,Maroons,Maroons,Tony Hearn,0,0,0,0,15-May-1995,https://afltables.com/rl/soo/game43.html
1995-Game 1-Blues-v-Maroons,1995,Game 1,Blues,Maroons,Maroons,Terry Cook,0,0,0,0,15-May-1995,https://afltables.com/rl/soo/game43.html
1995-Game 1-Blues-v-Maroons,1995,Game 1,Blues,Maroons,Maroons,Ben Ikin,0,0,0,0,15-May-1995,https://afltables.com/rl/soo/game43.html
1995-Game 1-Blues-v-Maroons,1995,Game 1,Blues,Maroons,Maroons,Mark Hohn,0,0,0,0,15-May-1995,https://afltables.com/rl/soo/game43.html
1995-Game 1-Blues-v-Maroons,1995,Game 1,Blues,Maroons,Maroons,Craig Teevan,0,0,0,0,15-May-1995,https://afltables.com/rl/soo/game43.html
1995-Game 2-Blues-v-Maroons,1995,Game 2,Blues,Maroons,Blues,Rod Wishart,0,2,0,0,31-May-1995,https://afltables.com/rl/soo/game44.html
1995-Game 2-Blues-v-Maroons,1995,Game 2,Blues,Maroons,Blues,Terry Hill,0,0,0,0,31-May-1995,https://afltables.com/rl/soo/game44.html
1995-Game 2-Blues-v-Maroons,1995,Game 2,Blues,Maroons,Blues,Paul McGregor,0,0,0,0,31-May-1995,https://afltables.com/rl/soo/game44.html
1995-Game 2-Blues-v-Maroons,1995,Game 2,Blues,Maroons,Blues,John Hopoate,0,0,0,0,31-May-1995,https://afltables.com/rl/soo/game44.html
1995-Game 2-Blues-v-Maroons,1995,Game 2,Blues,Maroons,Blues,Brad Fittler,0,0,0,0,31-May-1995,https://afltables.com/rl/soo/game44.html
1995-Game 2-Blues-v-Maroons,1995,Game 2,Blues,Maroons,Blues,Andrew Johns,0,0,0,0,31-May-1995,https://afltables.com/rl/soo/game44.html
1995-Game 2-Blues-v-Maroons,1995,Game 2,Blues,Maroons,Blues,Brad Mackay,0,0,0,0,31-May-1995,https://afltables.com/rl/soo/game44.html
1995-Game 2-Blues-v-Maroons,1995,Game 2,Blues,Maroons,Blues,David Barnhill,0,0,0,0,31-May-1995,https://afltables.com/rl/soo/game44.html
1995-Game 2-Blues-v-Maroons,1995,Game 2,Blues,Maroons,Blues,Greg Florimo,0,0,0,0,31-May-1995,https://afltables.com/rl/soo/game44.html
1995-Game 2-Blues-v-Maroons,1995,Game 2,Blues,Maroons,Blues,Paul Harragon,0,0,0,0,31-May-1995,https://afltables.com/rl/soo/game44.html
1995-Game 2-Blues-v-Maroons,1995,Game 2,Blues,Maroons,Blues,Jim Serdaris,1,0,0,0,31-May-1995,https://afltables.com/rl/soo/game44.html
1995-Game 2-Blues-v-Maroons,1995,Game 2,Blues,Maroons,Blues,Dean Pay,0,0,0,0,31-May-1995,https://afltables.com/rl/soo/game44.html
1995-Game 2-Blues-v-Maroons,1995,Game 2,Blues,Maroons,Blues,Brett Rodwell,1,0,0,0,31-May-1995,https://afltables.com/rl/soo/game44.html
1995-Game 2-Blues-v-Maroons,1995,Game 2,Blues,Maroons,Blues,Adam Muir,0,0,0,0,31-May-1995,https://afltables.com/rl/soo/game44.html
1995-Game 2-Blues-v-Maroons,1995,Game 2,Blues,Maroons,Blues,Steve Menzies,0,0,0,0,31-May-1995,https://afltables.com/rl/soo/game44.html
1995-Game 2-Blues-v-Maroons,1995,Game 2,Blues,Maroons,Blues,David Fairleigh,0,0,0,0,31-May-1995,https://afltables.com/rl/soo/game44.html
1995-Game 2-Blues-v-Maroons,1995,Game 2,Blues,Maroons,Maroons,Brett Dallas,1,0,0,0,31-May-1995,https://afltables.com/rl/soo/game44.html
1995-Game 2-Blues-v-Maroons,1995,Game 2,Blues,Maroons,Maroons,Mark Coyne,1,0,0,0,31-May-1995,https://afltables.com/rl/soo/game44.html
1995-Game 2-Blues-v-Maroons,1995,Game 2,Blues,Maroons,Maroons,Danny Moore,0,0,0,0,31-May-1995,https://afltables.com/rl/soo/game44.html
1995-Game 2-Blues-v-Maroons,1995,Game 2,Blues,Maroons,Maroons,Matt Sing,0,0,0,0,31-May-1995,https://afltables.com/rl/soo/game44.html
1995-Game 2-Blues-v-Maroons,1995,Game 2,Blues,Maroons,Maroons,Jason Smith,0,0,0,0,31-May-1995,https://afltables.com/rl/soo/game44.html
1995-Game 2-Blues-v-Maroons,1995,Game 2,Blues,Maroons,Maroons,Adrian Lam,1,0,0,0,31-May-1995,https://afltables.com/rl/soo/game44.html
1995-Game 2-Blues-v-Maroons,1995,Game 2,Blues,Maroons,Maroons,Billy Moore,0,0,0,0,31-May-1995,https://afltables.com/rl/soo/game44.html
1995-Game 2-Blues-v-Maroons,1995,Game 2,Blues,Maroons,Maroons,Gary Larson,0,0,0,0,31-May-1995,https://afltables.com/rl/soo/game44.html
1995-Game 2-Blues-v-Maroons,1995,Game 2,Blues,Maroons,Maroons,Trevor Gillmeister,0,0,0,0,31-May-1995,https://afltables.com/rl/soo/game44.html
1995-Game 2-Blues-v-Maroons,1995,Game 2,Blues,Maroons,Maroons,Tony Hearn,0,0,0,0,31-May-1995,https://afltables.com/rl/soo/game44.html
1995-Game 2-Blues-v-Maroons,1995,Game 2,Blues,Maroons,Maroons,Wayne Bartrim,0,4,0,0,31-May-1995,https://afltables.com/rl/soo/game44.html
1995-Game 2-Blues-v-Maroons,1995,Game 2,Blues,Maroons,Maroons,Gavin Allen,0,0,0,0,31-May-1995,https://afltables.com/rl/soo/game44.html
1995-Game 2-Blues-v-Maroons,1995,Game 2,Blues,Maroons,Maroons,Ben Ikin,0,0,0,0,31-May-1995,https://afltables.com/rl/soo/game44.html
1995-Game 2-Blues-v-Maroons,1995,Game 2,Blues,Maroons,Maroons,Terry Cook,0,0,0,0,31-May-1995,https://afltables.com/rl/soo/game44.html
1995-Game 2-Blues-v-Maroons,1995,Game 2,Blues,Maroons,Maroons,Mark Hohn,0,0,0,0,31-May-1995,https://afltables.com/rl/soo/game44.html
1995-Game 2-Blues-v-Maroons,1995,Game 2,Blues,Maroons,Maroons,Craig Teevan,0,0,0,0,31-May-1995,https://afltables.com/rl/soo/game44.html
1995-Game 3-Maroons-v-Blues,1995,Game 3,Maroons,Blues,Blues,Rod Wishart,1,2,0,0,12-Jun-1995,https://afltables.com/rl/soo/game45.html
1995-Game 3-Maroons-v-Blues,1995,Game 3,Maroons,Blues,Blues,Terry Hill,0,0,0,0,12-Jun-1995,https://afltables.com/rl/soo/game45.html
1995-Game 3-Maroons-v-Blues,1995,Game 3,Maroons,Blues,Blues,Paul McGregor,0,0,0,0,12-Jun-1995,https://afltables.com/rl/soo/game45.html
1995-Game 3-Maroons-v-Blues,1995,Game 3,Maroons,Blues,Blues,David Hall,0,0,0,0,12-Jun-1995,https://afltables.com/rl/soo/game45.html
1995-Game 3-Maroons-v-Blues,1995,Game 3,Maroons,Blues,Blues,Matthew Johns,0,0,0,0,12-Jun-1995,https://afltables.com/rl/soo/game45.html
1995-Game 3-Maroons-v-Blues,1995,Game 3,Maroons,Blues,Blues,Geoff Toovey,0,0,0,0,12-Jun-1995,https://afltables.com/rl/soo/game45.html
1995-Game 3-Maroons-v-Blues,1995,Game 3,Maroons,Blues,Blues,Brad Fittler,0,0,0,0,12-Jun-1995,https://afltables.com/rl/soo/game45.html
1995-Game 3-Maroons-v-Blues,1995,Game 3,Maroons,Blues,Blues,Adam Muir,1,0,0,0,12-Jun-1995,https://afltables.com/rl/soo/game45.html
1995-Game 3-Maroons-v-Blues,1995,Game 3,Maroons,Blues,Blues,Steve Menzies,0,0,0,0,12-Jun-1995,https://afltables.com/rl/soo/game45.html
1995-Game 3-Maroons-v-Blues,1995,Game 3,Maroons,Blues,Blues,Mark Carroll,0,0,0,0,12-Jun-1995,https://afltables.com/rl/soo/game45.html
1995-Game 3-Maroons-v-Blues,1995,Game 3,Maroons,Blues,Blues,Jim Serdaris,0,0,0,0,12-Jun-1995,https://afltables.com/rl/soo/game45.html
1995-Game 3-Maroons-v-Blues,1995,Game 3,Maroons,Blues,Blues,Paul Harragon,0,0,0,0,12-Jun-1995,https://afltables.com/rl/soo/game45.html
1995-Game 3-Maroons-v-Blues,1995,Game 3,Maroons,Blues,Blues,Matt Seers,0,0,0,0,12-Jun-1995,https://afltables.com/rl/soo/game45.html
1995-Game 3-Maroons-v-Blues,1995,Game 3,Maroons,Blues,Blues,Greg Florimo,0,0,0,0,12-Jun-1995,https://afltables.com/rl/soo/game45.html
1995-Game 3-Maroons-v-Blues,1995,Game 3,Maroons,Blues,Blues,David Fairleigh,0,0,0,0,12-Jun-1995,https://afltables.com/rl/soo/game45.html
1995-Game 3-Maroons-v-Blues,1995,Game 3,Maroons,Blues,Blues,David Barnhill,0,0,0,0,12-Jun-1995,https://afltables.com/rl/soo/game45.html
1995-Game 3-Maroons-v-Blues,1995,Game 3,Maroons,Blues,Maroons,Brett Dallas,1,0,0,0,12-Jun-1995,https://afltables.com/rl/soo/game45.html
1995-Game 3-Maroons-v-Blues,1995,Game 3,Maroons,Blues,Maroons,Mark Coyne,0,0,0,0,12-Jun-1995,https://afltables.com/rl/soo/game45.html
1995-Game 3-Maroons-v-Blues,1995,Game 3,Maroons,Blues,Maroons,Danny Moore,0,0,0,0,12-Jun-1995,https://afltables.com/rl/soo/game45.html
1995-Game 3-Maroons-v-Blues,1995,Game 3,Maroons,Blues,Maroons,Matt Sing,0,0,0,0,12-Jun-1995,https://afltables.com/rl/soo/game45.html
1995-Game 3-Maroons-v-Blues,1995,Game 3,Maroons,Blues,Maroons,Jason Smith,1,0,0,0,12-Jun-1995,https://afltables.com/rl/soo/game45.html
1995-Game 3-Maroons-v-Blues,1995,Game 3,Maroons,Blues,Maroons,Adrian Lam,0,0,0,0,12-Jun-1995,https://afltables.com/rl/soo/game45.html
1995-Game 3-Maroons-v-Blues,1995,Game 3,Maroons,Blues,Maroons,Billy Moore,1,0,0,0,12-Jun-1995,https://afltables.com/rl/soo/game45.html
1995-Game 3-Maroons-v-Blues,1995,Game 3,Maroons,Blues,Maroons,Gary Larson,0,0,0,0,12-Jun-1995,https://afltables.com/rl/soo/game45.html
1995-Game 3-Maroons-v-Blues,1995,Game 3,Maroons,Blues,Maroons,Trevor Gillmeister,0,0,0,0,12-Jun-1995,https://afltables.com/rl/soo/game45.html
1995-Game 3-Maroons-v-Blues,1995,Game 3,Maroons,Blues,Maroons,Tony Hearn,0,0,0,0,12-Jun-1995,https://afltables.com/rl/soo/game45.html
1995-Game 3-Maroons-v-Blues,1995,Game 3,Maroons,Blues,Maroons,Wayne Bartrim,0,4,0,0,12-Jun-1995,https://afltables.com/rl/soo/game45.html
1995-Game 3-Maroons-v-Blues,1995,Game 3,Maroons,Blues,Maroons,Gavin Allen,0,0,0,0,12-Jun-1995,https://afltables.com/rl/soo/game45.html
1995-Game 3-Maroons-v-Blues,1995,Game 3,Maroons,Blues,Maroons,Ben Ikin,1,0,0,0,12-Jun-1995,https://afltables.com/rl/soo/game45.html
1995-Game 3-Maroons-v-Blues,1995,Game 3,Maroons,Blues,Maroons,Terry Cook,0,0,0,0,12-Jun-1995,https://afltables.com/rl/soo/game45.html
1995-Game 3-Maroons-v-Blues,1995,Game 3,Maroons,Blues,Maroons,Mark Hohn,0,0,0,0,12-Jun-1995,https://afltables.com/rl/soo/game45.html
1995-Game 3-Maroons-v-Blues,1995,Game 3,Maroons,Blues,Maroons,Craig Teevan,0,0,0,0,12-Jun-1995,https://afltables.com/rl/soo/game45.html
1996-Game 1-Maroons-v-Blues,1996,Game 1,Maroons,Blues,Blues,Rod Wishart,0,0,0,0,20-May-1996,https://afltables.com/rl/soo/game46.html
1996-Game 1-Maroons-v-Blues,1996,Game 1,Maroons,Blues,Blues,Andrew Ettingshausen,1,0,0,0,20-May-1996,https://afltables.com/rl/soo/game46.html
1996-Game 1-Maroons-v-Blues,1996,Game 1,Maroons,Blues,Blues,Laurie Daley,0,0,0,0,20-May-1996,https://afltables.com/rl/soo/game46.html
1996-Game 1-Maroons-v-Blues,1996,Game 1,Maroons,Blues,Blues,Brett Mullins,0,0,0,0,20-May-1996,https://afltables.com/rl/soo/game46.html
1996-Game 1-Maroons-v-Blues,1996,Game 1,Maroons,Blues,Blues,Brad Fittler,0,0,0,0,20-May-1996,https://afltables.com/rl/soo/game46.html
1996-Game 1-Maroons-v-Blues,1996,Game 1,Maroons,Blues,Blues,Geoff Toovey,0,0,0,0,20-May-1996,https://afltables.com/rl/soo/game46.html
1996-Game 1-Maroons-v-Blues,1996,Game 1,Maroons,Blues,Blues,Adam Muir,0,0,0,0,20-May-1996,https://afltables.com/rl/soo/game46.html
1996-Game 1-Maroons-v-Blues,1996,Game 1,Maroons,Blues,Blues,Dean Pay,0,0,0,0,20-May-1996,https://afltables.com/rl/soo/game46.html
1996-Game 1-Maroons-v-Blues,1996,Game 1,Maroons,Blues,Blues,David Furner,0,0,0,0,20-May-1996,https://afltables.com/rl/soo/game46.html
1996-Game 1-Maroons-v-Blues,1996,Game 1,Maroons,Blues,Blues,Paul Harragon,0,0,0,0,20-May-1996,https://afltables.com/rl/soo/game46.html
1996-Game 1-Maroons-v-Blues,1996,Game 1,Maroons,Blues,Blues,Andrew Johns,0,3,0,0,20-May-1996,https://afltables.com/rl/soo/game46.html
1996-Game 1-Maroons-v-Blues,1996,Game 1,Maroons,Blues,Blues,Glenn Lazarus,0,0,0,0,20-May-1996,https://afltables.com/rl/soo/game46.html
1996-Game 1-Maroons-v-Blues,1996,Game 1,Maroons,Blues,Blues,Jim Dymock,0,0,0,0,20-May-1996,https://afltables.com/rl/soo/game46.html
1996-Game 1-Maroons-v-Blues,1996,Game 1,Maroons,Blues,Blues,Jamie Ainscough,0,0,0,0,20-May-1996,https://afltables.com/rl/soo/game46.html
1996-Game 1-Maroons-v-Blues,1996,Game 1,Maroons,Blues,Blues,Jason Croker,0,0,0,0,20-May-1996,https://afltables.com/rl/soo/game46.html
1996-Game 1-Maroons-v-Blues,1996,Game 1,Maroons,Blues,Blues,Steve Menzies,1,0,0,0,20-May-1996,https://afltables.com/rl/soo/game46.html
1996-Game 1-Maroons-v-Blues,1996,Game 1,Maroons,Blues,Maroons,Brett Dallas,0,0,0,0,20-May-1996,https://afltables.com/rl/soo/game46.html
1996-Game 1-Maroons-v-Blues,1996,Game 1,Maroons,Blues,Maroons,Steve Renouf,0,0,0,0,20-May-1996,https://afltables.com/rl/soo/game46.html
1996-Game 1-Maroons-v-Blues,1996,Game 1,Maroons,Blues,Maroons,Matt Sing,0,0,0,0,20-May-1996,https://afltables.com/rl/soo/game46.html
1996-Game 1-Maroons-v-Blues,1996,Game 1,Maroons,Blues,Maroons,Wendell Sailor,0,0,0,0,20-May-1996,https://afltables.com/rl/soo/game46.html
1996-Game 1-Maroons-v-Blues,1996,Game 1,Maroons,Blues,Maroons,Jason Smith,0,0,0,0,20-May-1996,https://afltables.com/rl/soo/game46.html
1996-Game 1-Maroons-v-Blues,1996,Game 1,Maroons,Blues,Maroons,Allan Langer,1,0,0,0,20-May-1996,https://afltables.com/rl/soo/game46.html
1996-Game 1-Maroons-v-Blues,1996,Game 1,Maroons,Blues,Maroons,Billy Moore,0,0,0,0,20-May-1996,https://afltables.com/rl/soo/game46.html
1996-Game 1-Maroons-v-Blues,1996,Game 1,Maroons,Blues,Maroons,Brad Thorn,0,0,0,0,20-May-1996,https://afltables.com/rl/soo/game46.html
1996-Game 1-Maroons-v-Blues,1996,Game 1,Maroons,Blues,Maroons,Trevor Gillmeister,0,0,0,0,20-May-1996,https://afltables.com/rl/soo/game46.html
1996-Game 1-Maroons-v-Blues,1996,Game 1,Maroons,Blues,Maroons,Gary Larson,0,0,0,0,20-May-1996,https://afltables.com/rl/soo/game46.html
1996-Game 1-Maroons-v-Blues,1996,Game 1,Maroons,Blues,Maroons,Wayne Bartrim,0,1,0,0,20-May-1996,https://afltables.com/rl/soo/game46.html
1996-Game 1-Maroons-v-Blues,1996,Game 1,Maroons,Blues,Maroons,Tony Hearn,0,0,0,0,20-May-1996,https://afltables.com/rl/soo/game46.html
1996-Game 1-Maroons-v-Blues,1996,Game 1,Maroons,Blues,Maroons,Adrian Lam,0,0,0,0,20-May-1996,https://afltables.com/rl/soo/game46.html
1996-Game 1-Maroons-v-Blues,1996,Game 1,Maroons,Blues,Maroons,Michael Hancock,0,0,0,0,20-May-1996,https://afltables.com/rl/soo/game46.html
1996-Game 1-Maroons-v-Blues,1996,Game 1,Maroons,Blues,Maroons,Alan Cann,0,0,0,0,20-May-1996,https://afltables.com/rl/soo/game46.html
1996-Game 1-Maroons-v-Blues,1996,Game 1,Maroons,Blues,Maroons,Craig Greenhill,0,0,0,0,20-May-1996,https://afltables.com/rl/soo/game46.html
1996-Game 2-Blues-v-Maroons,1996,Game 2,Blues,Maroons,Blues,Rod Wishart,1,0,0,0,3-Jun-1996,https://afltables.com/rl/soo/game47.html
1996-Game 2-Blues-v-Maroons,1996,Game 2,Blues,Maroons,Blues,Andrew Ettingshausen,0,0,0,0,3-Jun-1996,https://afltables.com/rl/soo/game47.html
1996-Game 2-Blues-v-Maroons,1996,Game 2,Blues,Maroons,Blues,Laurie Daley,0,0,0,0,3-Jun-1996,https://afltables.com/rl/soo/game47.html
1996-Game 2-Blues-v-Maroons,1996,Game 2,Blues,Maroons,Blues,Brett Mullins,2,0,0,0,3-Jun-1996,https://afltables.com/rl/soo/game47.html
1996-Game 2-Blues-v-Maroons,1996,Game 2,Blues,Maroons,Blues,Brad Fittler,0,0,0,0,3-Jun-1996,https://afltables.com/rl/soo/game47.html
1996-Game 2-Blues-v-Maroons,1996,Game 2,Blues,Maroons,Blues,Geoff Toovey,0,0,0,0,3-Jun-1996,https://afltables.com/rl/soo/game47.html
1996-Game 2-Blues-v-Maroons,1996,Game 2,Blues,Maroons,Blues,Adam Muir,0,0,0,0,3-Jun-1996,https://afltables.com/rl/soo/game47.html
1996-Game 2-Blues-v-Maroons,1996,Game 2,Blues,Maroons,Blues,Dean Pay,0,0,0,0,3-Jun-1996,https://afltables.com/rl/soo/game47.html
1996-Game 2-Blues-v-Maroons,1996,Game 2,Blues,Maroons,Blues,David Furner,0,0,0,0,3-Jun-1996,https://afltables.com/rl/soo/game47.html
1996-Game 2-Blues-v-Maroons,1996,Game 2,Blues,Maroons,Blues,Paul Harragon,0,0,0,0,3-Jun-1996,https://afltables.com/rl/soo/game47.html
1996-Game 2-Blues-v-Maroons,1996,Game 2,Blues,Maroons,Blues,Andrew Johns,0,3,0,0,3-Jun-1996,https://afltables.com/rl/soo/game47.html
1996-Game 2-Blues-v-Maroons,1996,Game 2,Blues,Maroons,Blues,Glenn Lazarus,0,0,0,0,3-Jun-1996,https://afltables.com/rl/soo/game47.html
1996-Game 2-Blues-v-Maroons,1996,Game 2,Blues,Maroons,Blues,Jim Dymock,0,0,0,0,3-Jun-1996,https://afltables.com/rl/soo/game47.html
1996-Game 2-Blues-v-Maroons,1996,Game 2,Blues,Maroons,Blues,Jamie Ainscough,0,0,0,0,3-Jun-1996,https://afltables.com/rl/soo/game47.html
1996-Game 2-Blues-v-Maroons,1996,Game 2,Blues,Maroons,Blues,Jason Croker,0,0,0,0,3-Jun-1996,https://afltables.com/rl/soo/game47.html
1996-Game 2-Blues-v-Maroons,1996,Game 2,Blues,Maroons,Blues,Steve Menzies,0,0,0,0,3-Jun-1996,https://afltables.com/rl/soo/game47.html
1996-Game 2-Blues-v-Maroons,1996,Game 2,Blues,Maroons,Maroons,Brett Dallas,0,0,0,0,3-Jun-1996,https://afltables.com/rl/soo/game47.html
1996-Game 2-Blues-v-Maroons,1996,Game 2,Blues,Maroons,Maroons,Steve Renouf,1,0,0,0,3-Jun-1996,https://afltables.com/rl/soo/game47.html
1996-Game 2-Blues-v-Maroons,1996,Game 2,Blues,Maroons,Maroons,Mark Coyne,0,0,0,0,3-Jun-1996,https://afltables.com/rl/soo/game47.html
1996-Game 2-Blues-v-Maroons,1996,Game 2,Blues,Maroons,Maroons,Matt Sing,0,0,0,0,3-Jun-1996,https://afltables.com/rl/soo/game47.html
1996-Game 2-Blues-v-Maroons,1996,Game 2,Blues,Maroons,Maroons,Julian O'Neill,0,1,0,0,3-Jun-1996,https://afltables.com/rl/soo/game47.html
1996-Game 2-Blues-v-Maroons,1996,Game 2,Blues,Maroons,Maroons,Allan Langer,0,0,0,0,3-Jun-1996,https://afltables.com/rl/soo/game47.html
1996-Game 2-Blues-v-Maroons,1996,Game 2,Blues,Maroons,Maroons,Billy Moore,0,0,0,0,3-Jun-1996,https://afltables.com/rl/soo/game47.html
1996-Game 2-Blues-v-Maroons,1996,Game 2,Blues,Maroons,Maroons,Brad Thorn,0,0,0,0,3-Jun-1996,https://afltables.com/rl/soo/game47.html
1996-Game 2-Blues-v-Maroons,1996,Game 2,Blues,Maroons,Maroons,Gary Larson,0,0,0,0,3-Jun-1996,https://afltables.com/rl/soo/game47.html
1996-Game 2-Blues-v-Maroons,1996,Game 2,Blues,Maroons,Maroons,Andrew Gee,0,0,0,0,3-Jun-1996,https://afltables.com/rl/soo/game47.html
1996-Game 2-Blues-v-Maroons,1996,Game 2,Blues,Maroons,Maroons,Steve Walters,0,0,0,0,3-Jun-1996,https://afltables.com/rl/soo/game47.html
1996-Game 2-Blues-v-Maroons,1996,Game 2,Blues,Maroons,Maroons,Tony Hearn,0,0,0,0,3-Jun-1996,https://afltables.com/rl/soo/game47.html
1996-Game 2-Blues-v-Maroons,1996,Game 2,Blues,Maroons,Maroons,Adrian Lam,0,0,0,0,3-Jun-1996,https://afltables.com/rl/soo/game47.html
1996-Game 2-Blues-v-Maroons,1996,Game 2,Blues,Maroons,Maroons,Kevin Walters,0,0,0,0,3-Jun-1996,https://afltables.com/rl/soo/game47.html
1996-Game 2-Blues-v-Maroons,1996,Game 2,Blues,Maroons,Maroons,Jason Smith,0,0,0,0,3-Jun-1996,https://afltables.com/rl/soo/game47.html
1996-Game 2-Blues-v-Maroons,1996,Game 2,Blues,Maroons,Maroons,Craig Greenhill,0,0,0,0,3-Jun-1996,https://afltables.com/rl/soo/game47.html
1996-Game 3-Maroons-v-Blues,1996,Game 3,Maroons,Blues,Blues,Rod Wishart,0,1,0,0,17-Jun-1996,https://afltables.com/rl/soo/game48.html
1996-Game 3-Maroons-v-Blues,1996,Game 3,Maroons,Blues,Blues,Andrew Ettingshausen,1,0,0,0,17-Jun-1996,https://afltables.com/rl/soo/game48.html
1996-Game 3-Maroons-v-Blues,1996,Game 3,Maroons,Blues,Blues,Laurie Daley,0,0,0,0,17-Jun-1996,https://afltables.com/rl/soo/game48.html
1996-Game 3-Maroons-v-Blues,1996,Game 3,Maroons,Blues,Blues,Brett Mullins,1,0,0,0,17-Jun-1996,https://afltables.com/rl/soo/game48.html
1996-Game 3-Maroons-v-Blues,1996,Game 3,Maroons,Blues,Blues,Brad Fittler,0,0,1,0,17-Jun-1996,https://afltables.com/rl/soo/game48.html
1996-Game 3-Maroons-v-Blues,1996,Game 3,Maroons,Blues,Blues,Geoff Toovey,0,0,0,0,17-Jun-1996,https://afltables.com/rl/soo/game48.html
1996-Game 3-Maroons-v-Blues,1996,Game 3,Maroons,Blues,Blues,Adam Muir,0,0,0,0,17-Jun-1996,https://afltables.com/rl/soo/game48.html
1996-Game 3-Maroons-v-Blues,1996,Game 3,Maroons,Blues,Blues,Dean Pay,0,0,0,0,17-Jun-1996,https://afltables.com/rl/soo/game48.html
1996-Game 3-Maroons-v-Blues,1996,Game 3,Maroons,Blues,Blues,David Furner,0,0,0,0,17-Jun-1996,https://afltables.com/rl/soo/game48.html
1996-Game 3-Maroons-v-Blues,1996,Game 3,Maroons,Blues,Blues,Paul Harragon,0,0,0,0,17-Jun-1996,https://afltables.com/rl/soo/game48.html
1996-Game 3-Maroons-v-Blues,1996,Game 3,Maroons,Blues,Blues,Andrew Johns,0,2,0,0,17-Jun-1996,https://afltables.com/rl/soo/game48.html
1996-Game 3-Maroons-v-Blues,1996,Game 3,Maroons,Blues,Blues,Glenn Lazarus,0,0,0,0,17-Jun-1996,https://afltables.com/rl/soo/game48.html
1996-Game 3-Maroons-v-Blues,1996,Game 3,Maroons,Blues,Blues,Jim Dymock,0,0,0,0,17-Jun-1996,https://afltables.com/rl/soo/game48.html
1996-Game 3-Maroons-v-Blues,1996,Game 3,Maroons,Blues,Blues,Jamie Ainscough,0,0,0,0,17-Jun-1996,https://afltables.com/rl/soo/game48.html
1996-Game 3-Maroons-v-Blues,1996,Game 3,Maroons,Blues,Blues,Jason Croker,0,0,0,0,17-Jun-1996,https://afltables.com/rl/soo/game48.html
1996-Game 3-Maroons-v-Blues,1996,Game 3,Maroons,Blues,Blues,Steve Menzies,0,0,0,0,17-Jun-1996,https://afltables.com/rl/soo/game48.html
1996-Game 3-Maroons-v-Blues,1996,Game 3,Maroons,Blues,Maroons,Brett Dallas,1,0,0,0,17-Jun-1996,https://afltables.com/rl/soo/game48.html
1996-Game 3-Maroons-v-Blues,1996,Game 3,Maroons,Blues,Maroons,Steve Renouf,0,0,0,0,17-Jun-1996,https://afltables.com/rl/soo/game48.html
1996-Game 3-Maroons-v-Blues,1996,Game 3,Maroons,Blues,Maroons,Mark Coyne,1,0,0,0,17-Jun-1996,https://afltables.com/rl/soo/game48.html
1996-Game 3-Maroons-v-Blues,1996,Game 3,Maroons,Blues,Maroons,Willie Carne,0,3,0,0,17-Jun-1996,https://afltables.com/rl/soo/game48.html
1996-Game 3-Maroons-v-Blues,1996,Game 3,Maroons,Blues,Maroons,Dale Shearer,0,0,0,0,17-Jun-1996,https://afltables.com/rl/soo/game48.html
1996-Game 3-Maroons-v-Blues,1996,Game 3,Maroons,Blues,Maroons,Allan Langer,0,0,0,0,17-Jun-1996,https://afltables.com/rl/soo/game48.html
1996-Game 3-Maroons-v-Blues,1996,Game 3,Maroons,Blues,Maroons,Billy Moore,0,0,0,0,17-Jun-1996,https://afltables.com/rl/soo/game48.html
1996-Game 3-Maroons-v-Blues,1996,Game 3,Maroons,Blues,Maroons,Brad Thorn,0,0,0,0,17-Jun-1996,https://afltables.com/rl/soo/game48.html
1996-Game 3-Maroons-v-Blues,1996,Game 3,Maroons,Blues,Maroons,Gary Larson,0,0,0,0,17-Jun-1996,https://afltables.com/rl/soo/game48.html
1996-Game 3-Maroons-v-Blues,1996,Game 3,Maroons,Blues,Maroons,Andrew Gee,0,0,0,0,17-Jun-1996,https://afltables.com/rl/soo/game48.html
1996-Game 3-Maroons-v-Blues,1996,Game 3,Maroons,Blues,Maroons,Steve Walters,0,0,0,0,17-Jun-1996,https://afltables.com/rl/soo/game48.html
1996-Game 3-Maroons-v-Blues,1996,Game 3,Maroons,Blues,Maroons,Tony Hearn,0,0,0,0,17-Jun-1996,https://afltables.com/rl/soo/game48.html
1996-Game 3-Maroons-v-Blues,1996,Game 3,Maroons,Blues,Maroons,Adrian Lam,0,0,0,0,17-Jun-1996,https://afltables.com/rl/soo/game48.html
1996-Game 3-Maroons-v-Blues,1996,Game 3,Maroons,Blues,Maroons,Matt Sing,0,0,0,0,17-Jun-1996,https://afltables.com/rl/soo/game48.html
1996-Game 3-Maroons-v-Blues,1996,Game 3,Maroons,Blues,Maroons,Jason Smith,0,0,0,0,17-Jun-1996,https://afltables.com/rl/soo/game48.html
1996-Game 3-Maroons-v-Blues,1996,Game 3,Maroons,Blues,Maroons,Owen Cunningham,0,0,0,0,17-Jun-1996,https://afltables.com/rl/soo/game48.html
1997-Game 1-Maroons-v-Blues,1997,Game 1,Maroons,Blues,Blues,Rod Wishart,0,1,0,0,28-May-1997,https://afltables.com/rl/soo/game49.html
1997-Game 1-Maroons-v-Blues,1997,Game 1,Maroons,Blues,Blues,Terry Hill,0,0,0,0,28-May-1997,https://afltables.com/rl/soo/game49.html
1997-Game 1-Maroons-v-Blues,1997,Game 1,Maroons,Blues,Blues,Paul McGregor,1,0,0,0,28-May-1997,https://afltables.com/rl/soo/game49.html
1997-Game 1-Maroons-v-Blues,1997,Game 1,Maroons,Blues,Blues,Jamie Ainscough,0,0,0,0,28-May-1997,https://afltables.com/rl/soo/game49.html
1997-Game 1-Maroons-v-Blues,1997,Game 1,Maroons,Blues,Blues,Jim Dymock,0,0,0,0,28-May-1997,https://afltables.com/rl/soo/game49.html
1997-Game 1-Maroons-v-Blues,1997,Game 1,Maroons,Blues,Blues,Geoff Toovey,0,0,0,0,28-May-1997,https://afltables.com/rl/soo/game49.html
1997-Game 1-Maroons-v-Blues,1997,Game 1,Maroons,Blues,Blues,Nik Kosef,0,0,0,0,28-May-1997,https://afltables.com/rl/soo/game49.html
1997-Game 1-Maroons-v-Blues,1997,Game 1,Maroons,Blues,Blues,Adam Muir,0,0,0,0,28-May-1997,https://afltables.com/rl/soo/game49.html
1997-Game 1-Maroons-v-Blues,1997,Game 1,Maroons,Blues,Blues,Steve Menzies,0,0,0,0,28-May-1997,https://afltables.com/rl/soo/game49.html
1997-Game 1-Maroons-v-Blues,1997,Game 1,Maroons,Blues,Blues,Mark Carroll,0,0,0,0,28-May-1997,https://afltables.com/rl/soo/game49.html
1997-Game 1-Maroons-v-Blues,1997,Game 1,Maroons,Blues,Blues,Andrew Johns,0,1,0,0,28-May-1997,https://afltables.com/rl/soo/game49.html
1997-Game 1-Maroons-v-Blues,1997,Game 1,Maroons,Blues,Blues,Paul Harragon,0,0,0,0,28-May-1997,https://afltables.com/rl/soo/game49.html
1997-Game 1-Maroons-v-Blues,1997,Game 1,Maroons,Blues,Blues,David Fairleigh,0,0,0,0,28-May-1997,https://afltables.com/rl/soo/game49.html
1997-Game 1-Maroons-v-Blues,1997,Game 1,Maroons,Blues,Blues,Dean Pay,0,0,0,0,28-May-1997,https://afltables.com/rl/soo/game49.html
1997-Game 1-Maroons-v-Blues,1997,Game 1,Maroons,Blues,Blues,John Simon,0,0,0,0,28-May-1997,https://afltables.com/rl/soo/game49.html
1997-Game 1-Maroons-v-Blues,1997,Game 1,Maroons,Blues,Blues,Ken McGuinness,0,0,0,0,28-May-1997,https://afltables.com/rl/soo/game49.html
1997-Game 1-Maroons-v-Blues,1997,Game 1,Maroons,Blues,Maroons,Brett Dallas,0,0,0,0,28-May-1997,https://afltables.com/rl/soo/game49.html
1997-Game 1-Maroons-v-Blues,1997,Game 1,Maroons,Blues,Maroons,Matt Sing,0,0,0,0,28-May-1997,https://afltables.com/rl/soo/game49.html
1997-Game 1-Maroons-v-Blues,1997,Game 1,Maroons,Blues,Maroons,Mark Coyne,0,0,0,0,28-May-1997,https://afltables.com/rl/soo/game49.html
1997-Game 1-Maroons-v-Blues,1997,Game 1,Maroons,Blues,Maroons,Danny Moore,0,0,0,0,28-May-1997,https://afltables.com/rl/soo/game49.html
1997-Game 1-Maroons-v-Blues,1997,Game 1,Maroons,Blues,Maroons,Ben Ikin,0,0,0,0,28-May-1997,https://afltables.com/rl/soo/game49.html
1997-Game 1-Maroons-v-Blues,1997,Game 1,Maroons,Blues,Maroons,Adrian Lam,1,0,0,0,28-May-1997,https://afltables.com/rl/soo/game49.html
1997-Game 1-Maroons-v-Blues,1997,Game 1,Maroons,Blues,Maroons,Wayne Bartrim,0,1,0,0,28-May-1997,https://afltables.com/rl/soo/game49.html
1997-Game 1-Maroons-v-Blues,1997,Game 1,Maroons,Blues,Maroons,Billy Moore,0,0,0,0,28-May-1997,https://afltables.com/rl/soo/game49.html
1997-Game 1-Maroons-v-Blues,1997,Game 1,Maroons,Blues,Maroons,Gary Larson,0,0,0,0,28-May-1997,https://afltables.com/rl/soo/game49.html
1997-Game 1-Maroons-v-Blues,1997,Game 1,Maroons,Blues,Maroons,Craig Smith,0,0,0,0,28-May-1997,https://afltables.com/rl/soo/game49.html
1997-Game 1-Maroons-v-Blues,1997,Game 1,Maroons,Blues,Maroons,Jamie Goddard,0,0,0,0,28-May-1997,https://afltables.com/rl/soo/game49.html
1997-Game 1-Maroons-v-Blues,1997,Game 1,Maroons,Blues,Maroons,Neil Tierney,0,0,0,0,28-May-1997,https://afltables.com/rl/soo/game49.html
1997-Game 1-Maroons-v-Blues,1997,Game 1,Maroons,Blues,Maroons,Jason Smith,0,0,0,0,28-May-1997,https://afltables.com/rl/soo/game49.html
1997-Game 1-Maroons-v-Blues,1997,Game 1,Maroons,Blues,Maroons,Jeremy Schloss,0,0,0,0,28-May-1997,https://afltables.com/rl/soo/game49.html
1997-Game 1-Maroons-v-Blues,1997,Game 1,Maroons,Blues,Maroons,Tony Hearn,0,0,0,0,28-May-1997,https://afltables.com/rl/soo/game49.html
1997-Game 1-Maroons-v-Blues,1997,Game 1,Maroons,Blues,Maroons,Stuart Kelly,0,0,0,0,28-May-1997,https://afltables.com/rl/soo/game49.html
1997-Game 2-Blues-v-Maroons,1997,Game 2,Blues,Maroons,Blues,Ken McGuinness,1,0,0,0,11-Jun-1997,https://afltables.com/rl/soo/game50.html
1997-Game 2-Blues-v-Maroons,1997,Game 2,Blues,Maroons,Blues,Paul McGregor,0,0,0,0,11-Jun-1997,https://afltables.com/rl/soo/game50.html
1997-Game 2-Blues-v-Maroons,1997,Game 2,Blues,Maroons,Blues,Terry Hill,0,0,0,0,11-Jun-1997,https://afltables.com/rl/soo/game50.html
1997-Game 2-Blues-v-Maroons,1997,Game 2,Blues,Maroons,Blues,Jamie Ainscough,0,0,0,0,11-Jun-1997,https://afltables.com/rl/soo/game50.html
1997-Game 2-Blues-v-Maroons,1997,Game 2,Blues,Maroons,Blues,Jim Dymock,1,0,0,0,11-Jun-1997,https://afltables.com/rl/soo/game50.html
1997-Game 2-Blues-v-Maroons,1997,Game 2,Blues,Maroons,Blues,John Simon,0,1,1,0,11-Jun-1997,https://afltables.com/rl/soo/game50.html
1997-Game 2-Blues-v-Maroons,1997,Game 2,Blues,Maroons,Blues,Nik Kosef,1,0,0,0,11-Jun-1997,https://afltables.com/rl/soo/game50.html
1997-Game 2-Blues-v-Maroons,1997,Game 2,Blues,Maroons,Blues,Adam Muir,0,0,0,0,11-Jun-1997,https://afltables.com/rl/soo/game50.html
1997-Game 2-Blues-v-Maroons,1997,Game 2,Blues,Maroons,Blues,Steve Menzies,0,0,0,0,11-Jun-1997,https://afltables.com/rl/soo/game50.html
1997-Game 2-Blues-v-Maroons,1997,Game 2,Blues,Maroons,Blues,Mark Carroll,0,0,0,0,11-Jun-1997,https://afltables.com/rl/soo/game50.html
1997-Game 2-Blues-v-Maroons,1997,Game 2,Blues,Maroons,Blues,Geoff Toovey,0,0,0,0,11-Jun-1997,https://afltables.com/rl/soo/game50.html
1997-Game 2-Blues-v-Maroons,1997,Game 2,Blues,Maroons,Blues,Paul Harragon,0,0,0,0,11-Jun-1997,https://afltables.com/rl/soo/game50.html
1997-Game 2-Blues-v-Maroons,1997,Game 2,Blues,Maroons,Blues,David Fairleigh,0,0,0,0,11-Jun-1997,https://afltables.com/rl/soo/game50.html
1997-Game 2-Blues-v-Maroons,1997,Game 2,Blues,Maroons,Blues,Dean Pay,0,0,0,0,11-Jun-1997,https://afltables.com/rl/soo/game50.html
1997-Game 2-Blues-v-Maroons,1997,Game 2,Blues,Maroons,Blues,Matt Seers,0,0,0,0,11-Jun-1997,https://afltables.com/rl/soo/game50.html
1997-Game 2-Blues-v-Maroons,1997,Game 2,Blues,Maroons,Blues,Aaron Raper,0,0,0,0,11-Jun-1997,https://afltables.com/rl/soo/game50.html
1997-Game 2-Blues-v-Maroons,1997,Game 2,Blues,Maroons,Maroons,Brett Dallas,1,0,0,0,11-Jun-1997,https://afltables.com/rl/soo/game50.html
1997-Game 2-Blues-v-Maroons,1997,Game 2,Blues,Maroons,Maroons,Stuart Kelly,0,0,0,0,11-Jun-1997,https://afltables.com/rl/soo/game50.html
1997-Game 2-Blues-v-Maroons,1997,Game 2,Blues,Maroons,Maroons,Mark Coyne,0,0,0,0,11-Jun-1997,https://afltables.com/rl/soo/game50.html
1997-Game 2-Blues-v-Maroons,1997,Game 2,Blues,Maroons,Maroons,Matt Sing,1,0,0,0,11-Jun-1997,https://afltables.com/rl/soo/game50.html
1997-Game 2-Blues-v-Maroons,1997,Game 2,Blues,Maroons,Maroons,Ben Ikin,0,0,0,0,11-Jun-1997,https://afltables.com/rl/soo/game50.html
1997-Game 2-Blues-v-Maroons,1997,Game 2,Blues,Maroons,Maroons,Adrian Lam,0,0,0,0,11-Jun-1997,https://afltables.com/rl/soo/game50.html
1997-Game 2-Blues-v-Maroons,1997,Game 2,Blues,Maroons,Maroons,Billy Moore,0,0,0,0,11-Jun-1997,https://afltables.com/rl/soo/game50.html
1997-Game 2-Blues-v-Maroons,1997,Game 2,Blues,Maroons,Maroons,Jason Smith,0,0,0,0,11-Jun-1997,https://afltables.com/rl/soo/game50.html
1997-Game 2-Blues-v-Maroons,1997,Game 2,Blues,Maroons,Maroons,Gary Larson,0,0,0,0,11-Jun-1997,https://afltables.com/rl/soo/game50.html
1997-Game 2-Blues-v-Maroons,1997,Game 2,Blues,Maroons,Maroons,Craig Smith,0,0,0,0,11-Jun-1997,https://afltables.com/rl/soo/game50.html
1997-Game 2-Blues-v-Maroons,1997,Game 2,Blues,Maroons,Maroons,Wayne Bartrim,0,0,0,0,11-Jun-1997,https://afltables.com/rl/soo/game50.html
1997-Game 2-Blues-v-Maroons,1997,Game 2,Blues,Maroons,Maroons,Neil Tierney,0,0,0,0,11-Jun-1997,https://afltables.com/rl/soo/game50.html
1997-Game 2-Blues-v-Maroons,1997,Game 2,Blues,Maroons,Maroons,Jamie Goddard,0,0,0,0,11-Jun-1997,https://afltables.com/rl/soo/game50.html
1997-Game 2-Blues-v-Maroons,1997,Game 2,Blues,Maroons,Maroons,Jeremy Schloss,0,0,0,0,11-Jun-1997,https://afltables.com/rl/soo/game50.html
1997-Game 2-Blues-v-Maroons,1997,Game 2,Blues,Maroons,Maroons,Clinton O'Brien,0,0,0,0,11-Jun-1997,https://afltables.com/rl/soo/game50.html
1997-Game 2-Blues-v-Maroons,1997,Game 2,Blues,Maroons,Maroons,Julian O'Neill,0,1,0,0,11-Jun-1997,https://afltables.com/rl/soo/game50.html
1997-Game 3-Blues-v-Maroons,1997,Game 3,Blues,Maroons,Blues,Ken McGuinness,0,0,0,0,25-Jun-1997,https://afltables.com/rl/soo/game51.html
1997-Game 3-Blues-v-Maroons,1997,Game 3,Blues,Maroons,Blues,Jamie Ainscough,1,0,0,0,25-Jun-1997,https://afltables.com/rl/soo/game51.html
1997-Game 3-Blues-v-Maroons,1997,Game 3,Blues,Maroons,Blues,Terry Hill,0,0,0,0,25-Jun-1997,https://afltables.com/rl/soo/game51.html
1997-Game 3-Blues-v-Maroons,1997,Game 3,Blues,Maroons,Blues,Matt Seers,0,0,0,0,25-Jun-1997,https://afltables.com/rl/soo/game51.html
1997-Game 3-Blues-v-Maroons,1997,Game 3,Blues,Maroons,Blues,Trent Barrett,0,0,0,0,25-Jun-1997,https://afltables.com/rl/soo/game51.html
1997-Game 3-Blues-v-Maroons,1997,Game 3,Blues,Maroons,Blues,Geoff Toovey,0,0,0,0,25-Jun-1997,https://afltables.com/rl/soo/game51.html
1997-Game 3-Blues-v-Maroons,1997,Game 3,Blues,Maroons,Blues,Nik Kosef,0,0,0,0,25-Jun-1997,https://afltables.com/rl/soo/game51.html
1997-Game 3-Blues-v-Maroons,1997,Game 3,Blues,Maroons,Blues,Steve Menzies,0,0,0,0,25-Jun-1997,https://afltables.com/rl/soo/game51.html
1997-Game 3-Blues-v-Maroons,1997,Game 3,Blues,Maroons,Blues,Adam Muir,0,0,0,0,25-Jun-1997,https://afltables.com/rl/soo/game51.html
1997-Game 3-Blues-v-Maroons,1997,Game 3,Blues,Maroons,Blues,Paul Harragon,0,0,0,0,25-Jun-1997,https://afltables.com/rl/soo/game51.html
1997-Game 3-Blues-v-Maroons,1997,Game 3,Blues,Maroons,Blues,Andrew Johns,1,1,0,0,25-Jun-1997,https://afltables.com/rl/soo/game51.html
1997-Game 3-Blues-v-Maroons,1997,Game 3,Blues,Maroons,Blues,Mark Carroll,0,0,0,0,25-Jun-1997,https://afltables.com/rl/soo/game51.html
1997-Game 3-Blues-v-Maroons,1997,Game 3,Blues,Maroons,Blues,John Simon,0,1,0,0,25-Jun-1997,https://afltables.com/rl/soo/game51.html
1997-Game 3-Blues-v-Maroons,1997,Game 3,Blues,Maroons,Blues,Michael Buettner,0,0,0,0,25-Jun-1997,https://afltables.com/rl/soo/game51.html
1997-Game 3-Blues-v-Maroons,1997,Game 3,Blues,Maroons,Blues,Dean Pay,0,0,0,0,25-Jun-1997,https://afltables.com/rl/soo/game51.html
1997-Game 3-Blues-v-Maroons,1997,Game 3,Blues,Maroons,Blues,David Fairleigh,0,0,0,0,25-Jun-1997,https://afltables.com/rl/soo/game51.html
1997-Game 3-Blues-v-Maroons,1997,Game 3,Blues,Maroons,Maroons,Brett Dallas,0,0,0,0,25-Jun-1997,https://afltables.com/rl/soo/game51.html
1997-Game 3-Blues-v-Maroons,1997,Game 3,Blues,Maroons,Maroons,Mark Coyne,1,0,0,0,25-Jun-1997,https://afltables.com/rl/soo/game51.html
1997-Game 3-Blues-v-Maroons,1997,Game 3,Blues,Maroons,Maroons,Julian O'Neill,1,3,0,0,25-Jun-1997,https://afltables.com/rl/soo/game51.html
1997-Game 3-Blues-v-Maroons,1997,Game 3,Blues,Maroons,Maroons,Matt Sing,0,0,0,0,25-Jun-1997,https://afltables.com/rl/soo/game51.html
1997-Game 3-Blues-v-Maroons,1997,Game 3,Blues,Maroons,Maroons,Ben Ikin,1,0,0,0,25-Jun-1997,https://afltables.com/rl/soo/game51.html
1997-Game 3-Blues-v-Maroons,1997,Game 3,Blues,Maroons,Maroons,Adrian Lam,0,0,0,0,25-Jun-1997,https://afltables.com/rl/soo/game51.html
1997-Game 3-Blues-v-Maroons,1997,Game 3,Blues,Maroons,Maroons,Billy Moore,0,0,0,0,25-Jun-1997,https://afltables.com/rl/soo/game51.html
1997-Game 3-Blues-v-Maroons,1997,Game 3,Blues,Maroons,Maroons,Jason Smith,0,0,0,0,25-Jun-1997,https://afltables.com/rl/soo/game51.html
1997-Game 3-Blues-v-Maroons,1997,Game 3,Blues,Maroons,Maroons,Gary Larson,0,0,0,0,25-Jun-1997,https://afltables.com/rl/soo/game51.html
1997-Game 3-Blues-v-Maroons,1997,Game 3,Blues,Maroons,Maroons,Neil Tierney,0,0,0,0,25-Jun-1997,https://afltables.com/rl/soo/game51.html
1997-Game 3-Blues-v-Maroons,1997,Game 3,Blues,Maroons,Maroons,Jamie Goddard,0,0,0,0,25-Jun-1997,https://afltables.com/rl/soo/game51.html
1997-Game 3-Blues-v-Maroons,1997,Game 3,Blues,Maroons,Maroons,Clinton O'Brien,0,0,0,0,25-Jun-1997,https://afltables.com/rl/soo/game51.html
1997-Game 3-Blues-v-Maroons,1997,Game 3,Blues,Maroons,Maroons,Stuart Kelly,0,0,0,0,25-Jun-1997,https://afltables.com/rl/soo/game51.html
1997-Game 3-Blues-v-Maroons,1997,Game 3,Blues,Maroons,Maroons,Jeremy Schloss,0,0,0,0,25-Jun-1997,https://afltables.com/rl/soo/game51.html
1997-Game 3-Blues-v-Maroons,1997,Game 3,Blues,Maroons,Maroons,Craig Smith,0,0,0,0,25-Jun-1997,https://afltables.com/rl/soo/game51.html
1997-Game 3-Blues-v-Maroons,1997,Game 3,Blues,Maroons,Maroons,Wayne Bartrim,0,0,0,0,25-Jun-1997,https://afltables.com/rl/soo/game51.html
1998-Game 1-Blues-v-Maroons,1998,Game 1,Blues,Maroons,Blues,Rod Wishart,1,0,0,0,22-May-1998,https://afltables.com/rl/soo/game52.html
1998-Game 1-Blues-v-Maroons,1998,Game 1,Blues,Maroons,Blues,Andrew Ettingshausen,0,0,0,0,22-May-1998,https://afltables.com/rl/soo/game52.html
1998-Game 1-Blues-v-Maroons,1998,Game 1,Blues,Maroons,Blues,Terry Hill,0,0,0,0,22-May-1998,https://afltables.com/rl/soo/game52.html
1998-Game 1-Blues-v-Maroons,1998,Game 1,Blues,Maroons,Blues,Adam MacDougall,0,0,0,0,22-May-1998,https://afltables.com/rl/soo/game52.html
1998-Game 1-Blues-v-Maroons,1998,Game 1,Blues,Maroons,Blues,Laurie Daley,1,0,0,0,22-May-1998,https://afltables.com/rl/soo/game52.html
1998-Game 1-Blues-v-Maroons,1998,Game 1,Blues,Maroons,Blues,Andrew Johns,0,1,1,0,22-May-1998,https://afltables.com/rl/soo/game52.html
1998-Game 1-Blues-v-Maroons,1998,Game 1,Blues,Maroons,Blues,Brad Fittler,1,0,0,0,22-May-1998,https://afltables.com/rl/soo/game52.html
1998-Game 1-Blues-v-Maroons,1998,Game 1,Blues,Maroons,Blues,Nik Kosef,0,0,0,0,22-May-1998,https://afltables.com/rl/soo/game52.html
1998-Game 1-Blues-v-Maroons,1998,Game 1,Blues,Maroons,Blues,Dean Pay,0,0,0,0,22-May-1998,https://afltables.com/rl/soo/game52.html
1998-Game 1-Blues-v-Maroons,1998,Game 1,Blues,Maroons,Blues,Paul Harragon,0,0,0,0,22-May-1998,https://afltables.com/rl/soo/game52.html
1998-Game 1-Blues-v-Maroons,1998,Game 1,Blues,Maroons,Blues,Geoff Toovey,0,0,0,0,22-May-1998,https://afltables.com/rl/soo/game52.html
1998-Game 1-Blues-v-Maroons,1998,Game 1,Blues,Maroons,Blues,Rodney Howe,0,0,0,0,22-May-1998,https://afltables.com/rl/soo/game52.html
1998-Game 1-Blues-v-Maroons,1998,Game 1,Blues,Maroons,Blues,David Barnhill,0,0,0,0,22-May-1998,https://afltables.com/rl/soo/game52.html
1998-Game 1-Blues-v-Maroons,1998,Game 1,Blues,Maroons,Blues,Steve Menzies,1,0,0,0,22-May-1998,https://afltables.com/rl/soo/game52.html
1998-Game 1-Blues-v-Maroons,1998,Game 1,Blues,Maroons,Blues,Matthew Johns,0,0,0,0,22-May-1998,https://afltables.com/rl/soo/game52.html
1998-Game 1-Blues-v-Maroons,1998,Game 1,Blues,Maroons,Blues,Ken McGuinness,0,0,0,0,22-May-1998,https://afltables.com/rl/soo/game52.html
1998-Game 1-Blues-v-Maroons,1998,Game 1,Blues,Maroons,Maroons,Wendell Sailor,0,0,0,0,22-May-1998,https://afltables.com/rl/soo/game52.html
1998-Game 1-Blues-v-Maroons,1998,Game 1,Blues,Maroons,Maroons,Steve Renouf,0,0,0,0,22-May-1998,https://afltables.com/rl/soo/game52.html
1998-Game 1-Blues-v-Maroons,1998,Game 1,Blues,Maroons,Maroons,Darren Smith,0,0,0,0,22-May-1998,https://afltables.com/rl/soo/game52.html
1998-Game 1-Blues-v-Maroons,1998,Game 1,Blues,Maroons,Maroons,Matt Sing,0,0,0,0,22-May-1998,https://afltables.com/rl/soo/game52.html
1998-Game 1-Blues-v-Maroons,1998,Game 1,Blues,Maroons,Maroons,Kevin Walters,1,0,0,0,22-May-1998,https://afltables.com/rl/soo/game52.html
1998-Game 1-Blues-v-Maroons,1998,Game 1,Blues,Maroons,Maroons,Allan Langer,1,0,0,0,22-May-1998,https://afltables.com/rl/soo/game52.html
1998-Game 1-Blues-v-Maroons,1998,Game 1,Blues,Maroons,Maroons,Peter Ryan,0,0,0,0,22-May-1998,https://afltables.com/rl/soo/game52.html
1998-Game 1-Blues-v-Maroons,1998,Game 1,Blues,Maroons,Maroons,Jason Smith,0,0,0,0,22-May-1998,https://afltables.com/rl/soo/game52.html
1998-Game 1-Blues-v-Maroons,1998,Game 1,Blues,Maroons,Maroons,Wayne Bartrim,0,0,0,0,22-May-1998,https://afltables.com/rl/soo/game52.html
1998-Game 1-Blues-v-Maroons,1998,Game 1,Blues,Maroons,Maroons,Gary Larson,0,0,0,0,22-May-1998,https://afltables.com/rl/soo/game52.html
1998-Game 1-Blues-v-Maroons,1998,Game 1,Blues,Maroons,Maroons,Jason Hetherington,0,0,0,0,22-May-1998,https://afltables.com/rl/soo/game52.html
1998-Game 1-Blues-v-Maroons,1998,Game 1,Blues,Maroons,Maroons,Shane Webcke,0,0,0,0,22-May-1998,https://afltables.com/rl/soo/game52.html
1998-Game 1-Blues-v-Maroons,1998,Game 1,Blues,Maroons,Maroons,Martin Lang,0,0,0,0,22-May-1998,https://afltables.com/rl/soo/game52.html
1998-Game 1-Blues-v-Maroons,1998,Game 1,Blues,Maroons,Maroons,Steven Price,1,0,0,0,22-May-1998,https://afltables.com/rl/soo/game52.html
1998-Game 1-Blues-v-Maroons,1998,Game 1,Blues,Maroons,Maroons,Ben Ikin,0,0,0,0,22-May-1998,https://afltables.com/rl/soo/game52.html
1998-Game 1-Blues-v-Maroons,1998,Game 1,Blues,Maroons,Maroons,Tonie Carroll,1,0,0,0,22-May-1998,https://afltables.com/rl/soo/game52.html
1998-Game 2-Maroons-v-Blues,1998,Game 2,Maroons,Blues,Blues,Rod Wishart,0,0,0,0,5-Jun-1998,https://afltables.com/rl/soo/game53.html
1998-Game 2-Maroons-v-Blues,1998,Game 2,Maroons,Blues,Blues,Paul McGregor,2,0,0,0,5-Jun-1998,https://afltables.com/rl/soo/game53.html
1998-Game 2-Maroons-v-Blues,1998,Game 2,Maroons,Blues,Blues,Terry Hill,0,0,0,0,5-Jun-1998,https://afltables.com/rl/soo/game53.html
1998-Game 2-Maroons-v-Blues,1998,Game 2,Maroons,Blues,Blues,Adam MacDougall,1,0,0,0,5-Jun-1998,https://afltables.com/rl/soo/game53.html
1998-Game 2-Maroons-v-Blues,1998,Game 2,Maroons,Blues,Blues,Laurie Daley,0,0,0,0,5-Jun-1998,https://afltables.com/rl/soo/game53.html
1998-Game 2-Maroons-v-Blues,1998,Game 2,Maroons,Blues,Blues,Andrew Johns,0,3,0,0,5-Jun-1998,https://afltables.com/rl/soo/game53.html
1998-Game 2-Maroons-v-Blues,1998,Game 2,Maroons,Blues,Blues,Brad Fittler,1,0,0,0,5-Jun-1998,https://afltables.com/rl/soo/game53.html
1998-Game 2-Maroons-v-Blues,1998,Game 2,Maroons,Blues,Blues,David Barnhill,0,0,0,0,5-Jun-1998,https://afltables.com/rl/soo/game53.html
1998-Game 2-Maroons-v-Blues,1998,Game 2,Maroons,Blues,Blues,Dean Pay,0,0,0,0,5-Jun-1998,https://afltables.com/rl/soo/game53.html
1998-Game 2-Maroons-v-Blues,1998,Game 2,Maroons,Blues,Blues,Paul Harragon,0,0,0,0,5-Jun-1998,https://afltables.com/rl/soo/game53.html
1998-Game 2-Maroons-v-Blues,1998,Game 2,Maroons,Blues,Blues,Geoff Toovey,0,0,0,0,5-Jun-1998,https://afltables.com/rl/soo/game53.html
1998-Game 2-Maroons-v-Blues,1998,Game 2,Maroons,Blues,Blues,Rodney Howe,0,0,0,0,5-Jun-1998,https://afltables.com/rl/soo/game53.html
1998-Game 2-Maroons-v-Blues,1998,Game 2,Maroons,Blues,Blues,Andrew Ettingshausen,0,0,0,0,5-Jun-1998,https://afltables.com/rl/soo/game53.html
1998-Game 2-Maroons-v-Blues,1998,Game 2,Maroons,Blues,Blues,Nik Kosef,0,0,0,0,5-Jun-1998,https://afltables.com/rl/soo/game53.html
1998-Game 2-Maroons-v-Blues,1998,Game 2,Maroons,Blues,Blues,Glenn Lazarus,0,0,0,0,5-Jun-1998,https://afltables.com/rl/soo/game53.html
1998-Game 2-Maroons-v-Blues,1998,Game 2,Maroons,Blues,Blues,Steve Menzies,0,0,0,0,5-Jun-1998,https://afltables.com/rl/soo/game53.html
1998-Game 2-Maroons-v-Blues,1998,Game 2,Maroons,Blues,Maroons,Matt Sing,1,0,0,0,5-Jun-1998,https://afltables.com/rl/soo/game53.html
1998-Game 2-Maroons-v-Blues,1998,Game 2,Maroons,Blues,Maroons,Steve Renouf,0,0,0,0,5-Jun-1998,https://afltables.com/rl/soo/game53.html
1998-Game 2-Maroons-v-Blues,1998,Game 2,Maroons,Blues,Maroons,Darren Smith,0,0,0,0,5-Jun-1998,https://afltables.com/rl/soo/game53.html
1998-Game 2-Maroons-v-Blues,1998,Game 2,Maroons,Blues,Maroons,Wendell Sailor,1,0,0,0,5-Jun-1998,https://afltables.com/rl/soo/game53.html
1998-Game 2-Maroons-v-Blues,1998,Game 2,Maroons,Blues,Maroons,Kevin Walters,0,0,0,0,5-Jun-1998,https://afltables.com/rl/soo/game53.html
1998-Game 2-Maroons-v-Blues,1998,Game 2,Maroons,Blues,Maroons,Allan Langer,0,0,0,0,5-Jun-1998,https://afltables.com/rl/soo/game53.html
1998-Game 2-Maroons-v-Blues,1998,Game 2,Maroons,Blues,Maroons,Wayne Bartrim,0,0,0,0,5-Jun-1998,https://afltables.com/rl/soo/game53.html
1998-Game 2-Maroons-v-Blues,1998,Game 2,Maroons,Blues,Maroons,Gorden Tallis,0,0,0,0,5-Jun-1998,https://afltables.com/rl/soo/game53.html
1998-Game 2-Maroons-v-Blues,1998,Game 2,Maroons,Blues,Maroons,Brad Thorn,0,0,0,0,5-Jun-1998,https://afltables.com/rl/soo/game53.html
1998-Game 2-Maroons-v-Blues,1998,Game 2,Maroons,Blues,Maroons,Gary Larson,0,0,0,0,5-Jun-1998,https://afltables.com/rl/soo/game53.html
1998-Game 2-Maroons-v-Blues,1998,Game 2,Maroons,Blues,Maroons,Jason Hetherington,0,0,0,0,5-Jun-1998,https://afltables.com/rl/soo/game53.html
1998-Game 2-Maroons-v-Blues,1998,Game 2,Maroons,Blues,Maroons,Shane Webcke,0,0,0,0,5-Jun-1998,https://afltables.com/rl/soo/game53.html
1998-Game 2-Maroons-v-Blues,1998,Game 2,Maroons,Blues,Maroons,Steven Price,0,0,0,0,5-Jun-1998,https://afltables.com/rl/soo/game53.html
1998-Game 2-Maroons-v-Blues,1998,Game 2,Maroons,Blues,Maroons,Martin Lang,0,0,0,0,5-Jun-1998,https://afltables.com/rl/soo/game53.html
1998-Game 2-Maroons-v-Blues,1998,Game 2,Maroons,Blues,Maroons,Ben Ikin,0,0,0,0,5-Jun-1998,https://afltables.com/rl/soo/game53.html
1998-Game 2-Maroons-v-Blues,1998,Game 2,Maroons,Blues,Maroons,Tonie Carroll,0,0,0,0,5-Jun-1998,https://afltables.com/rl/soo/game53.html
1998-Game 3-Blues-v-Maroons,1998,Game 3,Blues,Maroons,Blues,Rod Wishart,0,0,0,0,19-Jun-1998,https://afltables.com/rl/soo/game54.html
1998-Game 3-Blues-v-Maroons,1998,Game 3,Blues,Maroons,Blues,Laurie Daley,0,0,0,0,19-Jun-1998,https://afltables.com/rl/soo/game54.html
1998-Game 3-Blues-v-Maroons,1998,Game 3,Blues,Maroons,Blues,Terry Hill,0,0,0,0,19-Jun-1998,https://afltables.com/rl/soo/game54.html
1998-Game 3-Blues-v-Maroons,1998,Game 3,Blues,Maroons,Blues,Adam MacDougall,0,0,0,0,19-Jun-1998,https://afltables.com/rl/soo/game54.html
1998-Game 3-Blues-v-Maroons,1998,Game 3,Blues,Maroons,Blues,Brad Fittler,0,0,0,0,19-Jun-1998,https://afltables.com/rl/soo/game54.html
1998-Game 3-Blues-v-Maroons,1998,Game 3,Blues,Maroons,Blues,Andrew Johns,0,0,0,0,19-Jun-1998,https://afltables.com/rl/soo/game54.html
1998-Game 3-Blues-v-Maroons,1998,Game 3,Blues,Maroons,Blues,Jim Dymock,0,0,0,0,19-Jun-1998,https://afltables.com/rl/soo/game54.html
1998-Game 3-Blues-v-Maroons,1998,Game 3,Blues,Maroons,Blues,David Barnhill,0,0,0,0,19-Jun-1998,https://afltables.com/rl/soo/game54.html
1998-Game 3-Blues-v-Maroons,1998,Game 3,Blues,Maroons,Blues,David Furner,0,0,0,0,19-Jun-1998,https://afltables.com/rl/soo/game54.html
1998-Game 3-Blues-v-Maroons,1998,Game 3,Blues,Maroons,Blues,Tony Butterfield,0,0,0,0,19-Jun-1998,https://afltables.com/rl/soo/game54.html
1998-Game 3-Blues-v-Maroons,1998,Game 3,Blues,Maroons,Blues,Matthew Johns,0,0,0,0,19-Jun-1998,https://afltables.com/rl/soo/game54.html
1998-Game 3-Blues-v-Maroons,1998,Game 3,Blues,Maroons,Blues,Glenn Lazarus,0,0,0,0,19-Jun-1998,https://afltables.com/rl/soo/game54.html
1998-Game 3-Blues-v-Maroons,1998,Game 3,Blues,Maroons,Blues,Dean Pay,0,0,0,0,19-Jun-1998,https://afltables.com/rl/soo/game54.html
1998-Game 3-Blues-v-Maroons,1998,Game 3,Blues,Maroons,Blues,Steve Menzies,0,0,0,0,19-Jun-1998,https://afltables.com/rl/soo/game54.html
1998-Game 3-Blues-v-Maroons,1998,Game 3,Blues,Maroons,Blues,Ken McGuinness,1,0,0,0,19-Jun-1998,https://afltables.com/rl/soo/game54.html
1998-Game 3-Blues-v-Maroons,1998,Game 3,Blues,Maroons,Blues,Robbie Kearns,0,0,0,0,19-Jun-1998,https://afltables.com/rl/soo/game54.html
1998-Game 3-Blues-v-Maroons,1998,Game 3,Blues,Maroons,Maroons,Robbie O'Davis,0,1,0,0,19-Jun-1998,https://afltables.com/rl/soo/game54.html
1998-Game 3-Blues-v-Maroons,1998,Game 3,Blues,Maroons,Maroons,Steve Renouf,0,0,0,0,19-Jun-1998,https://afltables.com/rl/soo/game54.html
1998-Game 3-Blues-v-Maroons,1998,Game 3,Blues,Maroons,Maroons,Ben Ikin,1,0,0,0,19-Jun-1998,https://afltables.com/rl/soo/game54.html
1998-Game 3-Blues-v-Maroons,1998,Game 3,Blues,Maroons,Maroons,Wendell Sailor,0,0,0,0,19-Jun-1998,https://afltables.com/rl/soo/game54.html
1998-Game 3-Blues-v-Maroons,1998,Game 3,Blues,Maroons,Maroons,Kevin Walters,1,0,0,0,19-Jun-1998,https://afltables.com/rl/soo/game54.html
1998-Game 3-Blues-v-Maroons,1998,Game 3,Blues,Maroons,Maroons,Allan Langer,1,0,0,0,19-Jun-1998,https://afltables.com/rl/soo/game54.html
1998-Game 3-Blues-v-Maroons,1998,Game 3,Blues,Maroons,Maroons,Darren Smith,0,0,0,0,19-Jun-1998,https://afltables.com/rl/soo/game54.html
1998-Game 3-Blues-v-Maroons,1998,Game 3,Blues,Maroons,Maroons,Jason Smith,0,0,1,0,19-Jun-1998,https://afltables.com/rl/soo/game54.html
1998-Game 3-Blues-v-Maroons,1998,Game 3,Blues,Maroons,Maroons,Gorden Tallis,0,0,0,0,19-Jun-1998,https://afltables.com/rl/soo/game54.html
1998-Game 3-Blues-v-Maroons,1998,Game 3,Blues,Maroons,Maroons,Gary Larson,0,0,0,0,19-Jun-1998,https://afltables.com/rl/soo/game54.html
1998-Game 3-Blues-v-Maroons,1998,Game 3,Blues,Maroons,Maroons,Jamie Goddard,0,0,0,0,19-Jun-1998,https://afltables.com/rl/soo/game54.html
1998-Game 3-Blues-v-Maroons,1998,Game 3,Blues,Maroons,Maroons,Shane Webcke,0,0,0,0,19-Jun-1998,https://afltables.com/rl/soo/game54.html
1998-Game 3-Blues-v-Maroons,1998,Game 3,Blues,Maroons,Maroons,Matt Sing,0,0,0,0,19-Jun-1998,https://afltables.com/rl/soo/game54.html
1998-Game 3-Blues-v-Maroons,1998,Game 3,Blues,Maroons,Maroons,Steven Price,0,0,0,0,19-Jun-1998,https://afltables.com/rl/soo/game54.html
1998-Game 3-Blues-v-Maroons,1998,Game 3,Blues,Maroons,Maroons,Peter Ryan,0,0,0,0,19-Jun-1998,https://afltables.com/rl/soo/game54.html
1998-Game 3-Blues-v-Maroons,1998,Game 3,Blues,Maroons,Maroons,Andrew Gee,0,0,0,0,19-Jun-1998,https://afltables.com/rl/soo/game54.html
1999-Game 1-Maroons-v-Blues,1999,Game 1,Maroons,Blues,Blues,Darren Albert,0,0,0,0,26-May-1999,https://afltables.com/rl/soo/game55.html
1999-Game 1-Maroons-v-Blues,1999,Game 1,Maroons,Blues,Blues,Laurie Daley,0,0,0,0,26-May-1999,https://afltables.com/rl/soo/game55.html
1999-Game 1-Maroons-v-Blues,1999,Game 1,Maroons,Blues,Blues,Terry Hill,0,0,0,0,26-May-1999,https://afltables.com/rl/soo/game55.html
1999-Game 1-Maroons-v-Blues,1999,Game 1,Maroons,Blues,Blues,Matt Geyer,0,0,0,0,26-May-1999,https://afltables.com/rl/soo/game55.html
1999-Game 1-Maroons-v-Blues,1999,Game 1,Maroons,Blues,Blues,Brad Fittler,0,0,0,0,26-May-1999,https://afltables.com/rl/soo/game55.html
1999-Game 1-Maroons-v-Blues,1999,Game 1,Maroons,Blues,Blues,Andrew Johns,0,0,0,0,26-May-1999,https://afltables.com/rl/soo/game55.html
1999-Game 1-Maroons-v-Blues,1999,Game 1,Maroons,Blues,Blues,Nik Kosef,0,0,0,0,26-May-1999,https://afltables.com/rl/soo/game55.html
1999-Game 1-Maroons-v-Blues,1999,Game 1,Maroons,Blues,Blues,David Barnhill,0,0,0,0,26-May-1999,https://afltables.com/rl/soo/game55.html
1999-Game 1-Maroons-v-Blues,1999,Game 1,Maroons,Blues,Blues,Bryan Fletcher,0,0,0,0,26-May-1999,https://afltables.com/rl/soo/game55.html
1999-Game 1-Maroons-v-Blues,1999,Game 1,Maroons,Blues,Blues,Rodney Howe,0,0,0,0,26-May-1999,https://afltables.com/rl/soo/game55.html
1999-Game 1-Maroons-v-Blues,1999,Game 1,Maroons,Blues,Blues,Craig Gower,0,0,0,0,26-May-1999,https://afltables.com/rl/soo/game55.html
1999-Game 1-Maroons-v-Blues,1999,Game 1,Maroons,Blues,Blues,Jason Stevens,0,0,0,0,26-May-1999,https://afltables.com/rl/soo/game55.html
1999-Game 1-Maroons-v-Blues,1999,Game 1,Maroons,Blues,Blues,Glenn Lazarus,0,0,0,0,26-May-1999,https://afltables.com/rl/soo/game55.html
1999-Game 1-Maroons-v-Blues,1999,Game 1,Maroons,Blues,Blues,Luke Ricketson,0,0,0,0,26-May-1999,https://afltables.com/rl/soo/game55.html
1999-Game 1-Maroons-v-Blues,1999,Game 1,Maroons,Blues,Blues,Ryan Girdler,0,2,0,0,26-May-1999,https://afltables.com/rl/soo/game55.html
1999-Game 1-Maroons-v-Blues,1999,Game 1,Maroons,Blues,Blues,Anthony Mundine,1,0,0,0,26-May-1999,https://afltables.com/rl/soo/game55.html
1999-Game 1-Maroons-v-Blues,1999,Game 1,Maroons,Blues,Maroons,Mat Rogers,0,4,1,0,26-May-1999,https://afltables.com/rl/soo/game55.html
1999-Game 1-Maroons-v-Blues,1999,Game 1,Maroons,Blues,Maroons,Darren Smith,0,0,0,0,26-May-1999,https://afltables.com/rl/soo/game55.html
1999-Game 1-Maroons-v-Blues,1999,Game 1,Maroons,Blues,Maroons,Matt Sing,0,0,0,0,26-May-1999,https://afltables.com/rl/soo/game55.html
1999-Game 1-Maroons-v-Blues,1999,Game 1,Maroons,Blues,Maroons,Wendell Sailor,0,0,0,0,26-May-1999,https://afltables.com/rl/soo/game55.html
1999-Game 1-Maroons-v-Blues,1999,Game 1,Maroons,Blues,Maroons,Kevin Walters,0,0,0,0,26-May-1999,https://afltables.com/rl/soo/game55.html
1999-Game 1-Maroons-v-Blues,1999,Game 1,Maroons,Blues,Maroons,Adrian Lam,0,0,0,0,26-May-1999,https://afltables.com/rl/soo/game55.html
1999-Game 1-Maroons-v-Blues,1999,Game 1,Maroons,Blues,Maroons,Jason Smith,0,0,0,0,26-May-1999,https://afltables.com/rl/soo/game55.html
1999-Game 1-Maroons-v-Blues,1999,Game 1,Maroons,Blues,Maroons,Chris McKenna,0,0,0,0,26-May-1999,https://afltables.com/rl/soo/game55.html
1999-Game 1-Maroons-v-Blues,1999,Game 1,Maroons,Blues,Maroons,Gorden Tallis,0,0,0,0,26-May-1999,https://afltables.com/rl/soo/game55.html
1999-Game 1-Maroons-v-Blues,1999,Game 1,Maroons,Blues,Maroons,Craig Greenhill,0,0,0,0,26-May-1999,https://afltables.com/rl/soo/game55.html
1999-Game 1-Maroons-v-Blues,1999,Game 1,Maroons,Blues,Maroons,Jason Hetherington,0,0,0,0,26-May-1999,https://afltables.com/rl/soo/game55.html
1999-Game 1-Maroons-v-Blues,1999,Game 1,Maroons,Blues,Maroons,Shane Webcke,0,0,0,0,26-May-1999,https://afltables.com/rl/soo/game55.html
1999-Game 1-Maroons-v-Blues,1999,Game 1,Maroons,Blues,Maroons,Ben Ikin,0,0,0,0,26-May-1999,https://afltables.com/rl/soo/game55.html
1999-Game 1-Maroons-v-Blues,1999,Game 1,Maroons,Blues,Maroons,Steven Price,0,0,0,0,26-May-1999,https://afltables.com/rl/soo/game55.html
1999-Game 1-Maroons-v-Blues,1999,Game 1,Maroons,Blues,Maroons,Tonie Carroll,0,0,0,0,26-May-1999,https://afltables.com/rl/soo/game55.html
1999-Game 1-Maroons-v-Blues,1999,Game 1,Maroons,Blues,Maroons,Martin Lang,0,0,0,0,26-May-1999,https://afltables.com/rl/soo/game55.html
1999-Game 2-Blues-v-Maroons,1999,Game 2,Blues,Maroons,Blues,Adam MacDougall,0,0,0,0,9-Jun-1999,https://afltables.com/rl/soo/game56.html
1999-Game 2-Blues-v-Maroons,1999,Game 2,Blues,Maroons,Blues,Ryan Girdler,0,2,0,0,9-Jun-1999,https://afltables.com/rl/soo/game56.html
1999-Game 2-Blues-v-Maroons,1999,Game 2,Blues,Maroons,Blues,Terry Hill,0,0,0,0,9-Jun-1999,https://afltables.com/rl/soo/game56.html
1999-Game 2-Blues-v-Maroons,1999,Game 2,Blues,Maroons,Blues,Matt Geyer,0,0,0,0,9-Jun-1999,https://afltables.com/rl/soo/game56.html
1999-Game 2-Blues-v-Maroons,1999,Game 2,Blues,Maroons,Blues,Laurie Daley,1,0,0,0,9-Jun-1999,https://afltables.com/rl/soo/game56.html
1999-Game 2-Blues-v-Maroons,1999,Game 2,Blues,Maroons,Blues,Andrew Johns,0,0,0,0,9-Jun-1999,https://afltables.com/rl/soo/game56.html
1999-Game 2-Blues-v-Maroons,1999,Game 2,Blues,Maroons,Blues,Brad Fittler,0,0,0,0,9-Jun-1999,https://afltables.com/rl/soo/game56.html
1999-Game 2-Blues-v-Maroons,1999,Game 2,Blues,Maroons,Blues,Bryan Fletcher,0,0,0,0,9-Jun-1999,https://afltables.com/rl/soo/game56.html
1999-Game 2-Blues-v-Maroons,1999,Game 2,Blues,Maroons,Blues,Nik Kosef,0,0,0,0,9-Jun-1999,https://afltables.com/rl/soo/game56.html
1999-Game 2-Blues-v-Maroons,1999,Game 2,Blues,Maroons,Blues,Rodney Howe,0,0,0,0,9-Jun-1999,https://afltables.com/rl/soo/game56.html
1999-Game 2-Blues-v-Maroons,1999,Game 2,Blues,Maroons,Blues,Craig Gower,0,0,0,0,9-Jun-1999,https://afltables.com/rl/soo/game56.html
1999-Game 2-Blues-v-Maroons,1999,Game 2,Blues,Maroons,Blues,Jason Stevens,0,0,0,0,9-Jun-1999,https://afltables.com/rl/soo/game56.html
1999-Game 2-Blues-v-Maroons,1999,Game 2,Blues,Maroons,Blues,Luke Ricketson,0,0,0,0,9-Jun-1999,https://afltables.com/rl/soo/game56.html
1999-Game 2-Blues-v-Maroons,1999,Game 2,Blues,Maroons,Blues,Michael Vella,0,0,0,0,9-Jun-1999,https://afltables.com/rl/soo/game56.html
1999-Game 2-Blues-v-Maroons,1999,Game 2,Blues,Maroons,Blues,Ben Kennedy,0,0,0,0,9-Jun-1999,https://afltables.com/rl/soo/game56.html
1999-Game 2-Blues-v-Maroons,1999,Game 2,Blues,Maroons,Blues,Anthony Mundine,0,0,0,0,9-Jun-1999,https://afltables.com/rl/soo/game56.html
1999-Game 2-Blues-v-Maroons,1999,Game 2,Blues,Maroons,Maroons,Mat Rogers,1,2,0,0,9-Jun-1999,https://afltables.com/rl/soo/game56.html
1999-Game 2-Blues-v-Maroons,1999,Game 2,Blues,Maroons,Maroons,Matt Sing,0,0,0,0,9-Jun-1999,https://afltables.com/rl/soo/game56.html
1999-Game 2-Blues-v-Maroons,1999,Game 2,Blues,Maroons,Maroons,Darren Smith,0,0,0,0,9-Jun-1999,https://afltables.com/rl/soo/game56.html
1999-Game 2-Blues-v-Maroons,1999,Game 2,Blues,Maroons,Maroons,Wendell Sailor,0,0,0,0,9-Jun-1999,https://afltables.com/rl/soo/game56.html
1999-Game 2-Blues-v-Maroons,1999,Game 2,Blues,Maroons,Maroons,Kevin Walters,0,0,0,0,9-Jun-1999,https://afltables.com/rl/soo/game56.html
1999-Game 2-Blues-v-Maroons,1999,Game 2,Blues,Maroons,Maroons,Paul Green,0,0,0,0,9-Jun-1999,https://afltables.com/rl/soo/game56.html
1999-Game 2-Blues-v-Maroons,1999,Game 2,Blues,Maroons,Maroons,Jason Smith,0,0,0,0,9-Jun-1999,https://afltables.com/rl/soo/game56.html
1999-Game 2-Blues-v-Maroons,1999,Game 2,Blues,Maroons,Maroons,Chris McKenna,0,0,0,0,9-Jun-1999,https://afltables.com/rl/soo/game56.html
1999-Game 2-Blues-v-Maroons,1999,Game 2,Blues,Maroons,Maroons,Gorden Tallis,0,0,0,0,9-Jun-1999,https://afltables.com/rl/soo/game56.html
1999-Game 2-Blues-v-Maroons,1999,Game 2,Blues,Maroons,Maroons,Craig Greenhill,0,0,0,0,9-Jun-1999,https://afltables.com/rl/soo/game56.html
1999-Game 2-Blues-v-Maroons,1999,Game 2,Blues,Maroons,Maroons,Jason Hetherington,0,0,0,0,9-Jun-1999,https://afltables.com/rl/soo/game56.html
1999-Game 2-Blues-v-Maroons,1999,Game 2,Blues,Maroons,Maroons,Shane Webcke,0,0,0,0,9-Jun-1999,https://afltables.com/rl/soo/game56.html
1999-Game 2-Blues-v-Maroons,1999,Game 2,Blues,Maroons,Maroons,Ben Ikin,0,0,0,0,9-Jun-1999,https://afltables.com/rl/soo/game56.html
1999-Game 2-Blues-v-Maroons,1999,Game 2,Blues,Maroons,Maroons,Steven Price,0,0,0,0,9-Jun-1999,https://afltables.com/rl/soo/game56.html
1999-Game 2-Blues-v-Maroons,1999,Game 2,Blues,Maroons,Maroons,Tonie Carroll,0,0,0,0,9-Jun-1999,https://afltables.com/rl/soo/game56.html
1999-Game 2-Blues-v-Maroons,1999,Game 2,Blues,Maroons,Maroons,Martin Lang,0,0,0,0,9-Jun-1999,https://afltables.com/rl/soo/game56.html
1999-Game 3-Maroons-v-Blues,1999,Game 3,Maroons,Blues,Blues,Adam MacDougall,0,0,0,0,23-Jun-1999,https://afltables.com/rl/soo/game57.html
1999-Game 3-Maroons-v-Blues,1999,Game 3,Maroons,Blues,Blues,Ryan Girdler,0,1,0,0,23-Jun-1999,https://afltables.com/rl/soo/game57.html
1999-Game 3-Maroons-v-Blues,1999,Game 3,Maroons,Blues,Blues,Terry Hill,0,0,0,0,23-Jun-1999,https://afltables.com/rl/soo/game57.html
1999-Game 3-Maroons-v-Blues,1999,Game 3,Maroons,Blues,Blues,Matt Geyer,2,0,0,0,23-Jun-1999,https://afltables.com/rl/soo/game57.html
1999-Game 3-Maroons-v-Blues,1999,Game 3,Maroons,Blues,Blues,Laurie Daley,0,0,0,0,23-Jun-1999,https://afltables.com/rl/soo/game57.html
1999-Game 3-Maroons-v-Blues,1999,Game 3,Maroons,Blues,Blues,Andrew Johns,0,0,0,0,23-Jun-1999,https://afltables.com/rl/soo/game57.html
1999-Game 3-Maroons-v-Blues,1999,Game 3,Maroons,Blues,Blues,Nik Kosef,0,0,0,0,23-Jun-1999,https://afltables.com/rl/soo/game57.html
1999-Game 3-Maroons-v-Blues,1999,Game 3,Maroons,Blues,Blues,David Furner,0,0,0,0,23-Jun-1999,https://afltables.com/rl/soo/game57.html
1999-Game 3-Maroons-v-Blues,1999,Game 3,Maroons,Blues,Blues,Bryan Fletcher,0,0,0,0,23-Jun-1999,https://afltables.com/rl/soo/game57.html
1999-Game 3-Maroons-v-Blues,1999,Game 3,Maroons,Blues,Blues,Rodney Howe,0,0,0,0,23-Jun-1999,https://afltables.com/rl/soo/game57.html
1999-Game 3-Maroons-v-Blues,1999,Game 3,Maroons,Blues,Blues,Geoff Toovey,0,0,0,0,23-Jun-1999,https://afltables.com/rl/soo/game57.html
1999-Game 3-Maroons-v-Blues,1999,Game 3,Maroons,Blues,Blues,Mark Carroll,0,0,0,0,23-Jun-1999,https://afltables.com/rl/soo/game57.html
1999-Game 3-Maroons-v-Blues,1999,Game 3,Maroons,Blues,Blues,Luke Ricketson,0,0,0,0,23-Jun-1999,https://afltables.com/rl/soo/game57.html
1999-Game 3-Maroons-v-Blues,1999,Game 3,Maroons,Blues,Blues,Michael Vella,0,0,0,0,23-Jun-1999,https://afltables.com/rl/soo/game57.html
1999-Game 3-Maroons-v-Blues,1999,Game 3,Maroons,Blues,Blues,Ben Kennedy,0,0,0,0,23-Jun-1999,https://afltables.com/rl/soo/game57.html
1999-Game 3-Maroons-v-Blues,1999,Game 3,Maroons,Blues,Blues,Anthony Mundine,0,0,0,0,23-Jun-1999,https://afltables.com/rl/soo/game57.html
1999-Game 3-Maroons-v-Blues,1999,Game 3,Maroons,Blues,Maroons,Robbie O'Davis,0,0,0,0,23-Jun-1999,https://afltables.com/rl/soo/game57.html
1999-Game 3-Maroons-v-Blues,1999,Game 3,Maroons,Blues,Maroons,Tonie Carroll,0,0,0,0,23-Jun-1999,https://afltables.com/rl/soo/game57.html
1999-Game 3-Maroons-v-Blues,1999,Game 3,Maroons,Blues,Maroons,Darren Smith,0,0,0,0,23-Jun-1999,https://afltables.com/rl/soo/game57.html
1999-Game 3-Maroons-v-Blues,1999,Game 3,Maroons,Blues,Maroons,Wendell Sailor,0,0,0,0,23-Jun-1999,https://afltables.com/rl/soo/game57.html
1999-Game 3-Maroons-v-Blues,1999,Game 3,Maroons,Blues,Maroons,Ben Ikin,0,0,0,0,23-Jun-1999,https://afltables.com/rl/soo/game57.html
1999-Game 3-Maroons-v-Blues,1999,Game 3,Maroons,Blues,Maroons,Adrian Lam,0,0,0,0,23-Jun-1999,https://afltables.com/rl/soo/game57.html
1999-Game 3-Maroons-v-Blues,1999,Game 3,Maroons,Blues,Maroons,Jason Smith,0,0,0,0,23-Jun-1999,https://afltables.com/rl/soo/game57.html
1999-Game 3-Maroons-v-Blues,1999,Game 3,Maroons,Blues,Maroons,Chris McKenna,0,0,0,0,23-Jun-1999,https://afltables.com/rl/soo/game57.html
1999-Game 3-Maroons-v-Blues,1999,Game 3,Maroons,Blues,Maroons,Gorden Tallis,0,0,0,0,23-Jun-1999,https://afltables.com/rl/soo/game57.html
1999-Game 3-Maroons-v-Blues,1999,Game 3,Maroons,Blues,Maroons,Craig Greenhill,0,0,0,0,23-Jun-1999,https://afltables.com/rl/soo/game57.html
1999-Game 3-Maroons-v-Blues,1999,Game 3,Maroons,Blues,Maroons,Jason Hetherington,0,0,0,0,23-Jun-1999,https://afltables.com/rl/soo/game57.html
1999-Game 3-Maroons-v-Blues,1999,Game 3,Maroons,Blues,Maroons,Shane Webcke,0,0,0,0,23-Jun-1999,https://afltables.com/rl/soo/game57.html
1999-Game 3-Maroons-v-Blues,1999,Game 3,Maroons,Blues,Maroons,Paul Green,1,0,0,0,23-Jun-1999,https://afltables.com/rl/soo/game57.html
1999-Game 3-Maroons-v-Blues,1999,Game 3,Maroons,Blues,Maroons,Steven Price,0,0,0,0,23-Jun-1999,https://afltables.com/rl/soo/game57.html
1999-Game 3-Maroons-v-Blues,1999,Game 3,Maroons,Blues,Maroons,Brad Thorn,0,0,0,0,23-Jun-1999,https://afltables.com/rl/soo/game57.html
1999-Game 3-Maroons-v-Blues,1999,Game 3,Maroons,Blues,Maroons,Martin Lang,0,0,0,0,23-Jun-1999,https://afltables.com/rl/soo/game57.html
2000-Game 1-Blues-v-Maroons,2000,Game 1,Blues,Maroons,Blues,Adam MacDougall,2,0,0,0,10-May-2000,https://afltables.com/rl/soo/game58.html
2000-Game 1-Blues-v-Maroons,2000,Game 1,Blues,Maroons,Blues,Ryan Girdler,1,2,0,0,10-May-2000,https://afltables.com/rl/soo/game58.html
2000-Game 1-Blues-v-Maroons,2000,Game 1,Blues,Maroons,Blues,Shaun Timmins,0,0,0,0,10-May-2000,https://afltables.com/rl/soo/game58.html
2000-Game 1-Blues-v-Maroons,2000,Game 1,Blues,Maroons,Blues,Jamie Ainscough,0,0,0,0,10-May-2000,https://afltables.com/rl/soo/game58.html
2000-Game 1-Blues-v-Maroons,2000,Game 1,Blues,Maroons,Blues,Brad Fittler,0,0,0,0,10-May-2000,https://afltables.com/rl/soo/game58.html
2000-Game 1-Blues-v-Maroons,2000,Game 1,Blues,Maroons,Blues,Brett Kimmorley,0,0,0,0,10-May-2000,https://afltables.com/rl/soo/game58.html
2000-Game 1-Blues-v-Maroons,2000,Game 1,Blues,Maroons,Blues,Ben Kennedy,0,0,0,0,10-May-2000,https://afltables.com/rl/soo/game58.html
2000-Game 1-Blues-v-Maroons,2000,Game 1,Blues,Maroons,Blues,David Furner,0,0,0,0,10-May-2000,https://afltables.com/rl/soo/game58.html
2000-Game 1-Blues-v-Maroons,2000,Game 1,Blues,Maroons,Blues,Bryan Fletcher,0,0,0,0,10-May-2000,https://afltables.com/rl/soo/game58.html
2000-Game 1-Blues-v-Maroons,2000,Game 1,Blues,Maroons,Blues,Rodney Howe,0,0,0,0,10-May-2000,https://afltables.com/rl/soo/game58.html
2000-Game 1-Blues-v-Maroons,2000,Game 1,Blues,Maroons,Blues,Geoff Toovey,0,0,0,0,10-May-2000,https://afltables.com/rl/soo/game58.html
2000-Game 1-Blues-v-Maroons,2000,Game 1,Blues,Maroons,Blues,Robbie Kearns,0,0,0,0,10-May-2000,https://afltables.com/rl/soo/game58.html
2000-Game 1-Blues-v-Maroons,2000,Game 1,Blues,Maroons,Blues,Scott Hill,0,0,0,0,10-May-2000,https://afltables.com/rl/soo/game58.html
2000-Game 1-Blues-v-Maroons,2000,Game 1,Blues,Maroons,Blues,Terry Hill,0,0,0,0,10-May-2000,https://afltables.com/rl/soo/game58.html
2000-Game 1-Blues-v-Maroons,2000,Game 1,Blues,Maroons,Blues,Michael Vella,0,0,0,0,10-May-2000,https://afltables.com/rl/soo/game58.html
2000-Game 1-Blues-v-Maroons,2000,Game 1,Blues,Maroons,Blues,Jason Stevens,0,0,0,0,10-May-2000,https://afltables.com/rl/soo/game58.html
2000-Game 1-Blues-v-Maroons,2000,Game 1,Blues,Maroons,Maroons,Mat Rogers,1,1,0,0,10-May-2000,https://afltables.com/rl/soo/game58.html
2000-Game 1-Blues-v-Maroons,2000,Game 1,Blues,Maroons,Maroons,Paul Bowman,0,0,0,0,10-May-2000,https://afltables.com/rl/soo/game58.html
2000-Game 1-Blues-v-Maroons,2000,Game 1,Blues,Maroons,Maroons,Darren Smith,0,0,0,0,10-May-2000,https://afltables.com/rl/soo/game58.html
2000-Game 1-Blues-v-Maroons,2000,Game 1,Blues,Maroons,Maroons,Wendell Sailor,0,0,0,0,10-May-2000,https://afltables.com/rl/soo/game58.html
2000-Game 1-Blues-v-Maroons,2000,Game 1,Blues,Maroons,Maroons,Ben Ikin,0,0,0,0,10-May-2000,https://afltables.com/rl/soo/game58.html
2000-Game 1-Blues-v-Maroons,2000,Game 1,Blues,Maroons,Maroons,Adrian Lam,2,0,0,0,10-May-2000,https://afltables.com/rl/soo/game58.html
2000-Game 1-Blues-v-Maroons,2000,Game 1,Blues,Maroons,Maroons,Jason Smith,0,0,0,0,10-May-2000,https://afltables.com/rl/soo/game58.html
2000-Game 1-Blues-v-Maroons,2000,Game 1,Blues,Maroons,Maroons,Brad Thorn,0,0,0,0,10-May-2000,https://afltables.com/rl/soo/game58.html
2000-Game 1-Blues-v-Maroons,2000,Game 1,Blues,Maroons,Maroons,Gorden Tallis,0,0,0,0,10-May-2000,https://afltables.com/rl/soo/game58.html
2000-Game 1-Blues-v-Maroons,2000,Game 1,Blues,Maroons,Maroons,Martin Lang,0,0,0,0,10-May-2000,https://afltables.com/rl/soo/game58.html
2000-Game 1-Blues-v-Maroons,2000,Game 1,Blues,Maroons,Maroons,Jason Hetherington,0,0,0,0,10-May-2000,https://afltables.com/rl/soo/game58.html
2000-Game 1-Blues-v-Maroons,2000,Game 1,Blues,Maroons,Maroons,Shane Webcke,0,0,0,0,10-May-2000,https://afltables.com/rl/soo/game58.html
2000-Game 1-Blues-v-Maroons,2000,Game 1,Blues,Maroons,Maroons,Paul Green,0,0,0,0,10-May-2000,https://afltables.com/rl/soo/game58.html
2000-Game 1-Blues-v-Maroons,2000,Game 1,Blues,Maroons,Maroons,Tonie Carroll,0,0,0,0,10-May-2000,https://afltables.com/rl/soo/game58.html
2000-Game 1-Blues-v-Maroons,2000,Game 1,Blues,Maroons,Maroons,Russell Bawden,0,0,0,0,10-May-2000,https://afltables.com/rl/soo/game58.html
2000-Game 1-Blues-v-Maroons,2000,Game 1,Blues,Maroons,Maroons,Steven Price,0,0,0,0,10-May-2000,https://afltables.com/rl/soo/game58.html
2000-Game 2-Maroons-v-Blues,2000,Game 2,Maroons,Blues,Blues,Adam MacDougall,0,0,0,0,24-May-2000,https://afltables.com/rl/soo/game59.html
2000-Game 2-Maroons-v-Blues,2000,Game 2,Maroons,Blues,Blues,Ryan Girdler,1,4,0,0,24-May-2000,https://afltables.com/rl/soo/game59.html
2000-Game 2-Maroons-v-Blues,2000,Game 2,Maroons,Blues,Blues,Shaun Timmins,1,0,0,0,24-May-2000,https://afltables.com/rl/soo/game59.html
2000-Game 2-Maroons-v-Blues,2000,Game 2,Maroons,Blues,Blues,Jamie Ainscough,0,0,0,0,24-May-2000,https://afltables.com/rl/soo/game59.html
2000-Game 2-Maroons-v-Blues,2000,Game 2,Maroons,Blues,Blues,Brad Fittler,1,0,0,0,24-May-2000,https://afltables.com/rl/soo/game59.html
2000-Game 2-Maroons-v-Blues,2000,Game 2,Maroons,Blues,Blues,Brett Kimmorley,0,0,0,0,24-May-2000,https://afltables.com/rl/soo/game59.html
2000-Game 2-Maroons-v-Blues,2000,Game 2,Maroons,Blues,Blues,Scott Hill,1,0,0,0,24-May-2000,https://afltables.com/rl/soo/game59.html
2000-Game 2-Maroons-v-Blues,2000,Game 2,Maroons,Blues,Blues,Ben Kennedy,0,0,0,0,24-May-2000,https://afltables.com/rl/soo/game59.html
2000-Game 2-Maroons-v-Blues,2000,Game 2,Maroons,Blues,Blues,Bryan Fletcher,0,0,0,0,24-May-2000,https://afltables.com/rl/soo/game59.html
2000-Game 2-Maroons-v-Blues,2000,Game 2,Maroons,Blues,Blues,Rodney Howe,0,0,0,0,24-May-2000,https://afltables.com/rl/soo/game59.html
2000-Game 2-Maroons-v-Blues,2000,Game 2,Maroons,Blues,Blues,Geoff Toovey,0,0,0,0,24-May-2000,https://afltables.com/rl/soo/game59.html
2000-Game 2-Maroons-v-Blues,2000,Game 2,Maroons,Blues,Blues,Robbie Kearns,0,0,0,0,24-May-2000,https://afltables.com/rl/soo/game59.html
2000-Game 2-Maroons-v-Blues,2000,Game 2,Maroons,Blues,Blues,Andrew Johns,0,0,0,0,24-May-2000,https://afltables.com/rl/soo/game59.html
2000-Game 2-Maroons-v-Blues,2000,Game 2,Maroons,Blues,Blues,David Furner,1,0,0,0,24-May-2000,https://afltables.com/rl/soo/game59.html
2000-Game 2-Maroons-v-Blues,2000,Game 2,Maroons,Blues,Blues,Adam Muir,0,0,0,0,24-May-2000,https://afltables.com/rl/soo/game59.html
2000-Game 2-Maroons-v-Blues,2000,Game 2,Maroons,Blues,Blues,Jason Stevens,0,0,0,0,24-May-2000,https://afltables.com/rl/soo/game59.html
2000-Game 2-Maroons-v-Blues,2000,Game 2,Maroons,Blues,Maroons,Mat Rogers,0,3,0,0,24-May-2000,https://afltables.com/rl/soo/game59.html
2000-Game 2-Maroons-v-Blues,2000,Game 2,Maroons,Blues,Maroons,Paul Bowman,0,0,0,0,24-May-2000,https://afltables.com/rl/soo/game59.html
2000-Game 2-Maroons-v-Blues,2000,Game 2,Maroons,Blues,Maroons,Darren Smith,0,0,0,0,24-May-2000,https://afltables.com/rl/soo/game59.html
2000-Game 2-Maroons-v-Blues,2000,Game 2,Maroons,Blues,Maroons,Matt Sing,0,0,0,0,24-May-2000,https://afltables.com/rl/soo/game59.html
2000-Game 2-Maroons-v-Blues,2000,Game 2,Maroons,Blues,Maroons,Julian O'Neill,0,0,0,0,24-May-2000,https://afltables.com/rl/soo/game59.html
2000-Game 2-Maroons-v-Blues,2000,Game 2,Maroons,Blues,Maroons,Adrian Lam,0,0,0,0,24-May-2000,https://afltables.com/rl/soo/game59.html
2000-Game 2-Maroons-v-Blues,2000,Game 2,Maroons,Blues,Maroons,Jason Smith,0,0,0,0,24-May-2000,https://afltables.com/rl/soo/game59.html
2000-Game 2-Maroons-v-Blues,2000,Game 2,Maroons,Blues,Maroons,Brad Thorn,0,0,0,0,24-May-2000,https://afltables.com/rl/soo/game59.html
2000-Game 2-Maroons-v-Blues,2000,Game 2,Maroons,Blues,Maroons,Gorden Tallis,1,0,0,0,24-May-2000,https://afltables.com/rl/soo/game59.html
2000-Game 2-Maroons-v-Blues,2000,Game 2,Maroons,Blues,Maroons,Martin Lang,0,0,0,0,24-May-2000,https://afltables.com/rl/soo/game59.html
2000-Game 2-Maroons-v-Blues,2000,Game 2,Maroons,Blues,Maroons,Jason Hetherington,0,0,0,0,24-May-2000,https://afltables.com/rl/soo/game59.html
2000-Game 2-Maroons-v-Blues,2000,Game 2,Maroons,Blues,Maroons,Shane Webcke,0,0,0,0,24-May-2000,https://afltables.com/rl/soo/game59.html
2000-Game 2-Maroons-v-Blues,2000,Game 2,Maroons,Blues,Maroons,Paul Green,0,0,0,0,24-May-2000,https://afltables.com/rl/soo/game59.html
2000-Game 2-Maroons-v-Blues,2000,Game 2,Maroons,Blues,Maroons,Tonie Carroll,0,0,0,0,24-May-2000,https://afltables.com/rl/soo/game59.html
2000-Game 2-Maroons-v-Blues,2000,Game 2,Maroons,Blues,Maroons,Russell Bawden,0,0,0,0,24-May-2000,https://afltables.com/rl/soo/game59.html
2000-Game 2-Maroons-v-Blues,2000,Game 2,Maroons,Blues,Maroons,Steven Price,0,0,0,0,24-May-2000,https://afltables.com/rl/soo/game59.html
2000-Game 3-Blues-v-Maroons,2000,Game 3,Blues,Maroons,Blues,Adam MacDougall,1,0,0,0,7-Jun-2000,https://afltables.com/rl/soo/game60.html
2000-Game 3-Blues-v-Maroons,2000,Game 3,Blues,Maroons,Blues,Ryan Girdler,3,10,0,0,7-Jun-2000,https://afltables.com/rl/soo/game60.html
2000-Game 3-Blues-v-Maroons,2000,Game 3,Blues,Maroons,Blues,Matthew Gidley,2,0,0,0,7-Jun-2000,https://afltables.com/rl/soo/game60.html
2000-Game 3-Blues-v-Maroons,2000,Game 3,Blues,Maroons,Blues,Jamie Ainscough,0,0,0,0,7-Jun-2000,https://afltables.com/rl/soo/game60.html
2000-Game 3-Blues-v-Maroons,2000,Game 3,Blues,Maroons,Blues,Brad Fittler,0,0,0,0,7-Jun-2000,https://afltables.com/rl/soo/game60.html
2000-Game 3-Blues-v-Maroons,2000,Game 3,Blues,Maroons,Blues,Brett Kimmorley,0,0,0,0,7-Jun-2000,https://afltables.com/rl/soo/game60.html
2000-Game 3-Blues-v-Maroons,2000,Game 3,Blues,Maroons,Blues,Scott Hill,0,0,0,0,7-Jun-2000,https://afltables.com/rl/soo/game60.html
2000-Game 3-Blues-v-Maroons,2000,Game 3,Blues,Maroons,Blues,Ben Kennedy,0,0,0,0,7-Jun-2000,https://afltables.com/rl/soo/game60.html
2000-Game 3-Blues-v-Maroons,2000,Game 3,Blues,Maroons,Blues,Bryan Fletcher,1,0,0,0,7-Jun-2000,https://afltables.com/rl/soo/game60.html
2000-Game 3-Blues-v-Maroons,2000,Game 3,Blues,Maroons,Blues,Jason Stevens,0,0,0,0,7-Jun-2000,https://afltables.com/rl/soo/game60.html
2000-Game 3-Blues-v-Maroons,2000,Game 3,Blues,Maroons,Blues,Geoff Toovey,0,0,0,0,7-Jun-2000,https://afltables.com/rl/soo/game60.html
2000-Game 3-Blues-v-Maroons,2000,Game 3,Blues,Maroons,Blues,Robbie Kearns,0,0,0,0,7-Jun-2000,https://afltables.com/rl/soo/game60.html
2000-Game 3-Blues-v-Maroons,2000,Game 3,Blues,Maroons,Blues,Andrew Johns,1,0,0,0,7-Jun-2000,https://afltables.com/rl/soo/game60.html
2000-Game 3-Blues-v-Maroons,2000,Game 3,Blues,Maroons,Blues,David Furner,0,0,0,0,7-Jun-2000,https://afltables.com/rl/soo/game60.html
2000-Game 3-Blues-v-Maroons,2000,Game 3,Blues,Maroons,Blues,Adam Muir,1,0,0,0,7-Jun-2000,https://afltables.com/rl/soo/game60.html
2000-Game 3-Blues-v-Maroons,2000,Game 3,Blues,Maroons,Blues,Michael Vella,0,0,0,0,7-Jun-2000,https://afltables.com/rl/soo/game60.html
2000-Game 3-Blues-v-Maroons,2000,Game 3,Blues,Maroons,Maroons,Mat Rogers,1,2,0,0,7-Jun-2000,https://afltables.com/rl/soo/game60.html
2000-Game 3-Blues-v-Maroons,2000,Game 3,Blues,Maroons,Maroons,Paul Bowman,0,0,0,0,7-Jun-2000,https://afltables.com/rl/soo/game60.html
2000-Game 3-Blues-v-Maroons,2000,Game 3,Blues,Maroons,Maroons,Matt Sing,0,0,0,0,7-Jun-2000,https://afltables.com/rl/soo/game60.html
2000-Game 3-Blues-v-Maroons,2000,Game 3,Blues,Maroons,Maroons,Wendell Sailor,0,0,0,0,7-Jun-2000,https://afltables.com/rl/soo/game60.html
2000-Game 3-Blues-v-Maroons,2000,Game 3,Blues,Maroons,Maroons,Ben Ikin,0,0,0,0,7-Jun-2000,https://afltables.com/rl/soo/game60.html
2000-Game 3-Blues-v-Maroons,2000,Game 3,Blues,Maroons,Maroons,Adrian Lam,0,0,0,0,7-Jun-2000,https://afltables.com/rl/soo/game60.html
2000-Game 3-Blues-v-Maroons,2000,Game 3,Blues,Maroons,Maroons,Darren Smith,1,0,0,0,7-Jun-2000,https://afltables.com/rl/soo/game60.html
2000-Game 3-Blues-v-Maroons,2000,Game 3,Blues,Maroons,Maroons,Chris McKenna,0,0,0,0,7-Jun-2000,https://afltables.com/rl/soo/game60.html
2000-Game 3-Blues-v-Maroons,2000,Game 3,Blues,Maroons,Maroons,Gorden Tallis,1,0,0,0,7-Jun-2000,https://afltables.com/rl/soo/game60.html
2000-Game 3-Blues-v-Maroons,2000,Game 3,Blues,Maroons,Maroons,Martin Lang,0,0,0,0,7-Jun-2000,https://afltables.com/rl/soo/game60.html
2000-Game 3-Blues-v-Maroons,2000,Game 3,Blues,Maroons,Maroons,Jason Hetherington,0,0,0,0,7-Jun-2000,https://afltables.com/rl/soo/game60.html
2000-Game 3-Blues-v-Maroons,2000,Game 3,Blues,Maroons,Maroons,Shane Webcke,0,0,0,0,7-Jun-2000,https://afltables.com/rl/soo/game60.html
2000-Game 3-Blues-v-Maroons,2000,Game 3,Blues,Maroons,Maroons,Julian O'Neill,0,0,0,0,7-Jun-2000,https://afltables.com/rl/soo/game60.html
2000-Game 3-Blues-v-Maroons,2000,Game 3,Blues,Maroons,Maroons,Brad Thorn,0,0,0,0,7-Jun-2000,https://afltables.com/rl/soo/game60.html
2000-Game 3-Blues-v-Maroons,2000,Game 3,Blues,Maroons,Maroons,Tonie Carroll,0,0,0,0,7-Jun-2000,https://afltables.com/rl/soo/game60.html
2000-Game 3-Blues-v-Maroons,2000,Game 3,Blues,Maroons,Maroons,Craig Greenhill,0,0,0,0,7-Jun-2000,https://afltables.com/rl/soo/game60.html
2001-Game 1-Maroons-v-Blues,2001,Game 1,Maroons,Blues,Blues,Jamie Ainscough,0,0,0,0,6-May-2001,https://afltables.com/rl/soo/game61.html
2001-Game 1-Maroons-v-Blues,2001,Game 1,Maroons,Blues,Blues,Matthew Gidley,1,0,0,0,6-May-2001,https://afltables.com/rl/soo/game61.html
2001-Game 1-Maroons-v-Blues,2001,Game 1,Maroons,Blues,Blues,Michael De Vere,0,2,0,0,6-May-2001,https://afltables.com/rl/soo/game61.html
2001-Game 1-Maroons-v-Blues,2001,Game 1,Maroons,Blues,Blues,Adam MacDougall,0,0,0,0,6-May-2001,https://afltables.com/rl/soo/game61.html
2001-Game 1-Maroons-v-Blues,2001,Game 1,Maroons,Blues,Blues,Brad Fittler,1,0,0,0,6-May-2001,https://afltables.com/rl/soo/game61.html
2001-Game 1-Maroons-v-Blues,2001,Game 1,Maroons,Blues,Blues,Brett Kimmorley,0,0,0,0,6-May-2001,https://afltables.com/rl/soo/game61.html
2001-Game 1-Maroons-v-Blues,2001,Game 1,Maroons,Blues,Blues,Jason Croker,0,0,0,0,6-May-2001,https://afltables.com/rl/soo/game61.html
2001-Game 1-Maroons-v-Blues,2001,Game 1,Maroons,Blues,Blues,Nathan Hindmarsh,0,0,0,0,6-May-2001,https://afltables.com/rl/soo/game61.html
2001-Game 1-Maroons-v-Blues,2001,Game 1,Maroons,Blues,Blues,Bryan Fletcher,0,0,0,0,6-May-2001,https://afltables.com/rl/soo/game61.html
2001-Game 1-Maroons-v-Blues,2001,Game 1,Maroons,Blues,Blues,Robbie Kearns,0,0,0,0,6-May-2001,https://afltables.com/rl/soo/game61.html
2001-Game 1-Maroons-v-Blues,2001,Game 1,Maroons,Blues,Blues,Luke Priddis,0,0,0,0,6-May-2001,https://afltables.com/rl/soo/game61.html
2001-Game 1-Maroons-v-Blues,2001,Game 1,Maroons,Blues,Blues,Jason Stevens,0,0,0,0,6-May-2001,https://afltables.com/rl/soo/game61.html
2001-Game 1-Maroons-v-Blues,2001,Game 1,Maroons,Blues,Blues,Trent Barrett,1,0,0,0,6-May-2001,https://afltables.com/rl/soo/game61.html
2001-Game 1-Maroons-v-Blues,2001,Game 1,Maroons,Blues,Blues,Michael Vella,0,0,0,0,6-May-2001,https://afltables.com/rl/soo/game61.html
2001-Game 1-Maroons-v-Blues,2001,Game 1,Maroons,Blues,Blues,Ben Kennedy,0,0,0,0,6-May-2001,https://afltables.com/rl/soo/game61.html
2001-Game 1-Maroons-v-Blues,2001,Game 1,Maroons,Blues,Blues,Rodney Howe,0,0,0,0,6-May-2001,https://afltables.com/rl/soo/game61.html
2001-Game 1-Maroons-v-Blues,2001,Game 1,Maroons,Blues,Maroons,Lote Tuqiri,0,0,0,0,6-May-2001,https://afltables.com/rl/soo/game61.html
2001-Game 1-Maroons-v-Blues,2001,Game 1,Maroons,Blues,Maroons,Darren Smith,1,0,0,0,6-May-2001,https://afltables.com/rl/soo/game61.html
2001-Game 1-Maroons-v-Blues,2001,Game 1,Maroons,Blues,Maroons,Paul Bowman,0,0,0,0,6-May-2001,https://afltables.com/rl/soo/game61.html
2001-Game 1-Maroons-v-Blues,2001,Game 1,Maroons,Blues,Maroons,Wendell Sailor,0,0,0,0,6-May-2001,https://afltables.com/rl/soo/game61.html
2001-Game 1-Maroons-v-Blues,2001,Game 1,Maroons,Blues,Maroons,Daniel Wagon,0,0,0,0,6-May-2001,https://afltables.com/rl/soo/game61.html
2001-Game 1-Maroons-v-Blues,2001,Game 1,Maroons,Blues,Maroons,Paul Green,0,0,0,0,6-May-2001,https://afltables.com/rl/soo/game61.html
2001-Game 1-Maroons-v-Blues,2001,Game 1,Maroons,Blues,Maroons,Brad Meyers,0,0,0,0,6-May-2001,https://afltables.com/rl/soo/game61.html
2001-Game 1-Maroons-v-Blues,2001,Game 1,Maroons,Blues,Maroons,Petero Civoniceva,0,0,0,0,6-May-2001,https://afltables.com/rl/soo/game61.html
2001-Game 1-Maroons-v-Blues,2001,Game 1,Maroons,Blues,Maroons,Gorden Tallis,0,0,0,0,6-May-2001,https://afltables.com/rl/soo/game61.html
2001-Game 1-Maroons-v-Blues,2001,Game 1,Maroons,Blues,Maroons,John Buttigieg,1,0,0,0,6-May-2001,https://afltables.com/rl/soo/game61.html
2001-Game 1-Maroons-v-Blues,2001,Game 1,Maroons,Blues,Maroons,Kevin Campion,0,0,0,0,6-May-2001,https://afltables.com/rl/soo/game61.html
2001-Game 1-Maroons-v-Blues,2001,Game 1,Maroons,Blues,Maroons,Shane Webcke,0,0,0,0,6-May-2001,https://afltables.com/rl/soo/game61.html
2001-Game 1-Maroons-v-Blues,2001,Game 1,Maroons,Blues,Maroons,Chris Walker,1,0,0,0,6-May-2001,https://afltables.com/rl/soo/game61.html
2001-Game 1-Maroons-v-Blues,2001,Game 1,Maroons,Blues,Maroons,Chris Beattie,0,0,0,0,6-May-2001,https://afltables.com/rl/soo/game61.html
2001-Game 1-Maroons-v-Blues,2001,Game 1,Maroons,Blues,Maroons,Carl Webb,1,0,0,0,6-May-2001,https://afltables.com/rl/soo/game61.html
2001-Game 1-Maroons-v-Blues,2001,Game 1,Maroons,Blues,Maroons,John Doyle,1,0,0,0,6-May-2001,https://afltables.com/rl/soo/game61.html
2001-Game 2-Blues-v-Maroons,2001,Game 2,Blues,Maroons,Blues,Jamie Ainscough,1,0,0,0,10-Jun-2001,https://afltables.com/rl/soo/game62.html
2001-Game 2-Blues-v-Maroons,2001,Game 2,Blues,Maroons,Blues,Ryan Girdler,0,3,0,0,10-Jun-2001,https://afltables.com/rl/soo/game62.html
2001-Game 2-Blues-v-Maroons,2001,Game 2,Blues,Maroons,Blues,Matthew Gidley,0,0,0,0,10-Jun-2001,https://afltables.com/rl/soo/game62.html
2001-Game 2-Blues-v-Maroons,2001,Game 2,Blues,Maroons,Blues,Adam MacDougall,0,0,0,0,10-Jun-2001,https://afltables.com/rl/soo/game62.html
2001-Game 2-Blues-v-Maroons,2001,Game 2,Blues,Maroons,Blues,Brad Fittler,2,0,0,0,10-Jun-2001,https://afltables.com/rl/soo/game62.html
2001-Game 2-Blues-v-Maroons,2001,Game 2,Blues,Maroons,Blues,Trent Barrett,1,0,0,0,10-Jun-2001,https://afltables.com/rl/soo/game62.html
2001-Game 2-Blues-v-Maroons,2001,Game 2,Blues,Maroons,Blues,Luke Ricketson,1,0,0,0,10-Jun-2001,https://afltables.com/rl/soo/game62.html
2001-Game 2-Blues-v-Maroons,2001,Game 2,Blues,Maroons,Blues,Adam Muir,0,0,0,0,10-Jun-2001,https://afltables.com/rl/soo/game62.html
2001-Game 2-Blues-v-Maroons,2001,Game 2,Blues,Maroons,Blues,Bryan Fletcher,0,0,0,0,10-Jun-2001,https://afltables.com/rl/soo/game62.html
2001-Game 2-Blues-v-Maroons,2001,Game 2,Blues,Maroons,Blues,Mark O'Meley,0,0,0,0,10-Jun-2001,https://afltables.com/rl/soo/game62.html
2001-Game 2-Blues-v-Maroons,2001,Game 2,Blues,Maroons,Blues,Luke Priddis,0,0,0,0,10-Jun-2001,https://afltables.com/rl/soo/game62.html
2001-Game 2-Blues-v-Maroons,2001,Game 2,Blues,Maroons,Blues,Jason Stevens,0,0,0,0,10-Jun-2001,https://afltables.com/rl/soo/game62.html
2001-Game 2-Blues-v-Maroons,2001,Game 2,Blues,Maroons,Blues,Craig Gower,0,0,0,0,10-Jun-2001,https://afltables.com/rl/soo/game62.html
2001-Game 2-Blues-v-Maroons,2001,Game 2,Blues,Maroons,Blues,Michael Vella,0,0,0,0,10-Jun-2001,https://afltables.com/rl/soo/game62.html
2001-Game 2-Blues-v-Maroons,2001,Game 2,Blues,Maroons,Blues,Matt Adamson,0,0,0,0,10-Jun-2001,https://afltables.com/rl/soo/game62.html
2001-Game 2-Blues-v-Maroons,2001,Game 2,Blues,Maroons,Blues,Andrew Ryan,0,0,0,0,10-Jun-2001,https://afltables.com/rl/soo/game62.html
2001-Game 2-Blues-v-Maroons,2001,Game 2,Blues,Maroons,Maroons,Lote Tuqiri,0,0,0,0,10-Jun-2001,https://afltables.com/rl/soo/game62.html
2001-Game 2-Blues-v-Maroons,2001,Game 2,Blues,Maroons,Maroons,Darren Smith,0,0,0,0,10-Jun-2001,https://afltables.com/rl/soo/game62.html
2001-Game 2-Blues-v-Maroons,2001,Game 2,Blues,Maroons,Maroons,Paul Bowman,0,0,0,0,10-Jun-2001,https://afltables.com/rl/soo/game62.html
2001-Game 2-Blues-v-Maroons,2001,Game 2,Blues,Maroons,Maroons,Wendell Sailor,0,0,0,0,10-Jun-2001,https://afltables.com/rl/soo/game62.html
2001-Game 2-Blues-v-Maroons,2001,Game 2,Blues,Maroons,Maroons,Daniel Wagon,0,0,0,0,10-Jun-2001,https://afltables.com/rl/soo/game62.html
2001-Game 2-Blues-v-Maroons,2001,Game 2,Blues,Maroons,Maroons,Paul Green,0,0,0,0,10-Jun-2001,https://afltables.com/rl/soo/game62.html
2001-Game 2-Blues-v-Maroons,2001,Game 2,Blues,Maroons,Maroons,Brad Meyers,0,0,0,0,10-Jun-2001,https://afltables.com/rl/soo/game62.html
2001-Game 2-Blues-v-Maroons,2001,Game 2,Blues,Maroons,Maroons,Petero Civoniceva,0,0,0,0,10-Jun-2001,https://afltables.com/rl/soo/game62.html
2001-Game 2-Blues-v-Maroons,2001,Game 2,Blues,Maroons,Maroons,Dane Carlaw,0,0,0,0,10-Jun-2001,https://afltables.com/rl/soo/game62.html
2001-Game 2-Blues-v-Maroons,2001,Game 2,Blues,Maroons,Maroons,Russell Bawden,0,0,0,0,10-Jun-2001,https://afltables.com/rl/soo/game62.html
2001-Game 2-Blues-v-Maroons,2001,Game 2,Blues,Maroons,Maroons,Kevin Campion,0,0,0,0,10-Jun-2001,https://afltables.com/rl/soo/game62.html
2001-Game 2-Blues-v-Maroons,2001,Game 2,Blues,Maroons,Maroons,Shane Webcke,0,0,0,0,10-Jun-2001,https://afltables.com/rl/soo/game62.html
2001-Game 2-Blues-v-Maroons,2001,Game 2,Blues,Maroons,Maroons,Chris Walker,1,0,0,0,10-Jun-2001,https://afltables.com/rl/soo/game62.html
2001-Game 2-Blues-v-Maroons,2001,Game 2,Blues,Maroons,Maroons,Chris Beattie,0,0,0,0,10-Jun-2001,https://afltables.com/rl/soo/game62.html
2001-Game 2-Blues-v-Maroons,2001,Game 2,Blues,Maroons,Maroons,Carl Webb,0,0,0,0,10-Jun-2001,https://afltables.com/rl/soo/game62.html
2001-Game 2-Blues-v-Maroons,2001,Game 2,Blues,Maroons,Maroons,Nathan Fien,0,0,0,0,10-Jun-2001,https://afltables.com/rl/soo/game62.html
2001-Game 3-Maroons-v-Blues,2001,Game 3,Maroons,Blues,Blues,Jamie Ainscough,0,0,0,0,1-Jul-2001,https://afltables.com/rl/soo/game63.html
2001-Game 3-Maroons-v-Blues,2001,Game 3,Maroons,Blues,Blues,Ryan Girdler,2,3,0,0,1-Jul-2001,https://afltables.com/rl/soo/game63.html
2001-Game 3-Maroons-v-Blues,2001,Game 3,Maroons,Blues,Blues,Matthew Gidley,0,0,0,0,1-Jul-2001,https://afltables.com/rl/soo/game63.html
2001-Game 3-Maroons-v-Blues,2001,Game 3,Maroons,Blues,Blues,Adam MacDougall,0,0,0,0,1-Jul-2001,https://afltables.com/rl/soo/game63.html
2001-Game 3-Maroons-v-Blues,2001,Game 3,Maroons,Blues,Blues,Brad Fittler,0,0,0,0,1-Jul-2001,https://afltables.com/rl/soo/game63.html
2001-Game 3-Maroons-v-Blues,2001,Game 3,Maroons,Blues,Blues,Brett Kimmorley,0,0,0,0,1-Jul-2001,https://afltables.com/rl/soo/game63.html
2001-Game 3-Maroons-v-Blues,2001,Game 3,Maroons,Blues,Blues,Andrew Ryan,0,0,0,0,1-Jul-2001,https://afltables.com/rl/soo/game63.html
2001-Game 3-Maroons-v-Blues,2001,Game 3,Maroons,Blues,Blues,Adam Muir,0,0,0,0,1-Jul-2001,https://afltables.com/rl/soo/game63.html
2001-Game 3-Maroons-v-Blues,2001,Game 3,Maroons,Blues,Blues,Bryan Fletcher,0,0,0,0,1-Jul-2001,https://afltables.com/rl/soo/game63.html
2001-Game 3-Maroons-v-Blues,2001,Game 3,Maroons,Blues,Blues,Mark O'Meley,0,0,0,0,1-Jul-2001,https://afltables.com/rl/soo/game63.html
2001-Game 3-Maroons-v-Blues,2001,Game 3,Maroons,Blues,Blues,Luke Priddis,0,0,0,0,1-Jul-2001,https://afltables.com/rl/soo/game63.html
2001-Game 3-Maroons-v-Blues,2001,Game 3,Maroons,Blues,Blues,Jason Stevens,0,0,0,0,1-Jul-2001,https://afltables.com/rl/soo/game63.html
2001-Game 3-Maroons-v-Blues,2001,Game 3,Maroons,Blues,Blues,Craig Gower,0,0,0,0,1-Jul-2001,https://afltables.com/rl/soo/game63.html
2001-Game 3-Maroons-v-Blues,2001,Game 3,Maroons,Blues,Blues,Michael Vella,0,0,0,0,1-Jul-2001,https://afltables.com/rl/soo/game63.html
2001-Game 3-Maroons-v-Blues,2001,Game 3,Maroons,Blues,Blues,Matt Adamson,0,0,0,0,1-Jul-2001,https://afltables.com/rl/soo/game63.html
2001-Game 3-Maroons-v-Blues,2001,Game 3,Maroons,Blues,Blues,Steve Menzies,0,0,0,0,1-Jul-2001,https://afltables.com/rl/soo/game63.html
2001-Game 3-Maroons-v-Blues,2001,Game 3,Maroons,Blues,Maroons,Lote Tuqiri,0,0,0,0,1-Jul-2001,https://afltables.com/rl/soo/game63.html
2001-Game 3-Maroons-v-Blues,2001,Game 3,Maroons,Blues,Maroons,Chris Walker,2,0,0,0,1-Jul-2001,https://afltables.com/rl/soo/game63.html
2001-Game 3-Maroons-v-Blues,2001,Game 3,Maroons,Blues,Maroons,Paul Bowman,2,0,0,0,1-Jul-2001,https://afltables.com/rl/soo/game63.html
2001-Game 3-Maroons-v-Blues,2001,Game 3,Maroons,Blues,Maroons,Wendell Sailor,0,0,0,0,1-Jul-2001,https://afltables.com/rl/soo/game63.html
2001-Game 3-Maroons-v-Blues,2001,Game 3,Maroons,Blues,Maroons,Daniel Wagon,0,0,0,0,1-Jul-2001,https://afltables.com/rl/soo/game63.html
2001-Game 3-Maroons-v-Blues,2001,Game 3,Maroons,Blues,Maroons,Allan Langer,1,0,0,0,1-Jul-2001,https://afltables.com/rl/soo/game63.html
2001-Game 3-Maroons-v-Blues,2001,Game 3,Maroons,Blues,Maroons,Darren Smith,0,0,0,0,1-Jul-2001,https://afltables.com/rl/soo/game63.html
2001-Game 3-Maroons-v-Blues,2001,Game 3,Maroons,Blues,Maroons,Brad Meyers,0,0,0,0,1-Jul-2001,https://afltables.com/rl/soo/game63.html
2001-Game 3-Maroons-v-Blues,2001,Game 3,Maroons,Blues,Maroons,Petero Civoniceva,0,0,0,0,1-Jul-2001,https://afltables.com/rl/soo/game63.html
2001-Game 3-Maroons-v-Blues,2001,Game 3,Maroons,Blues,Maroons,John Buttigieg,0,0,0,0,1-Jul-2001,https://afltables.com/rl/soo/game63.html
2001-Game 3-Maroons-v-Blues,2001,Game 3,Maroons,Blues,Maroons,Paul Green,0,0,0,0,1-Jul-2001,https://afltables.com/rl/soo/game63.html
2001-Game 3-Maroons-v-Blues,2001,Game 3,Maroons,Blues,Maroons,Shane Webcke,0,0,0,0,1-Jul-2001,https://afltables.com/rl/soo/game63.html
2001-Game 3-Maroons-v-Blues,2001,Game 3,Maroons,Blues,Maroons,Kevin Campion,0,0,0,0,1-Jul-2001,https://afltables.com/rl/soo/game63.html
2001-Game 3-Maroons-v-Blues,2001,Game 3,Maroons,Blues,Maroons,Carl Webb,0,0,0,0,1-Jul-2001,https://afltables.com/rl/soo/game63.html
2001-Game 3-Maroons-v-Blues,2001,Game 3,Maroons,Blues,Maroons,Dane Carlaw,1,0,0,0,1-Jul-2001,https://afltables.com/rl/soo/game63.html
2001-Game 3-Maroons-v-Blues,2001,Game 3,Maroons,Blues,Maroons,John Doyle,0,0,0,0,1-Jul-2001,https://afltables.com/rl/soo/game63.html
2002-Game 1-Blues-v-Maroons,2002,Game 1,Blues,Maroons,Blues,Timana Tahu,1,0,0,0,22-May-2002,https://afltables.com/rl/soo/game64.html
2002-Game 1-Blues-v-Maroons,2002,Game 1,Blues,Maroons,Blues,Jamie Lyon,1,0,0,0,22-May-2002,https://afltables.com/rl/soo/game64.html
2002-Game 1-Blues-v-Maroons,2002,Game 1,Blues,Maroons,Blues,Matthew Gidley,1,0,0,0,22-May-2002,https://afltables.com/rl/soo/game64.html
2002-Game 1-Blues-v-Maroons,2002,Game 1,Blues,Maroons,Blues,Jason Moodie,0,0,0,0,22-May-2002,https://afltables.com/rl/soo/game64.html
2002-Game 1-Blues-v-Maroons,2002,Game 1,Blues,Maroons,Blues,Trent Barrett,0,0,1,0,22-May-2002,https://afltables.com/rl/soo/game64.html
2002-Game 1-Blues-v-Maroons,2002,Game 1,Blues,Maroons,Blues,Andrew Johns,1,4,1,0,22-May-2002,https://afltables.com/rl/soo/game64.html
2002-Game 1-Blues-v-Maroons,2002,Game 1,Blues,Maroons,Blues,Luke Ricketson,0,0,0,0,22-May-2002,https://afltables.com/rl/soo/game64.html
2002-Game 1-Blues-v-Maroons,2002,Game 1,Blues,Maroons,Blues,Ben Kennedy,0,0,0,0,22-May-2002,https://afltables.com/rl/soo/game64.html
2002-Game 1-Blues-v-Maroons,2002,Game 1,Blues,Maroons,Blues,Steve Simpson,0,0,0,0,22-May-2002,https://afltables.com/rl/soo/game64.html
2002-Game 1-Blues-v-Maroons,2002,Game 1,Blues,Maroons,Blues,Mark O'Meley,0,0,0,0,22-May-2002,https://afltables.com/rl/soo/game64.html
2002-Game 1-Blues-v-Maroons,2002,Game 1,Blues,Maroons,Blues,Danny Buderus,0,0,0,0,22-May-2002,https://afltables.com/rl/soo/game64.html
2002-Game 1-Blues-v-Maroons,2002,Game 1,Blues,Maroons,Blues,Luke Bailey,0,0,0,0,22-May-2002,https://afltables.com/rl/soo/game64.html
2002-Game 1-Blues-v-Maroons,2002,Game 1,Blues,Maroons,Blues,Braith Anasta,0,0,0,0,22-May-2002,https://afltables.com/rl/soo/game64.html
2002-Game 1-Blues-v-Maroons,2002,Game 1,Blues,Maroons,Blues,Bryan Fletcher,0,0,0,0,22-May-2002,https://afltables.com/rl/soo/game64.html
2002-Game 1-Blues-v-Maroons,2002,Game 1,Blues,Maroons,Blues,Nathan Hindmarsh,0,0,0,0,22-May-2002,https://afltables.com/rl/soo/game64.html
2002-Game 1-Blues-v-Maroons,2002,Game 1,Blues,Maroons,Blues,Michael Vella,0,0,0,0,22-May-2002,https://afltables.com/rl/soo/game64.html
2002-Game 1-Blues-v-Maroons,2002,Game 1,Blues,Maroons,Maroons,Lote Tuqiri,1,0,0,0,22-May-2002,https://afltables.com/rl/soo/game64.html
2002-Game 1-Blues-v-Maroons,2002,Game 1,Blues,Maroons,Maroons,Chris McKenna,0,0,0,0,22-May-2002,https://afltables.com/rl/soo/game64.html
2002-Game 1-Blues-v-Maroons,2002,Game 1,Blues,Maroons,Maroons,Darren Smith,0,0,0,0,22-May-2002,https://afltables.com/rl/soo/game64.html
2002-Game 1-Blues-v-Maroons,2002,Game 1,Blues,Maroons,Maroons,Clinton Schifcofske,0,0,0,0,22-May-2002,https://afltables.com/rl/soo/game64.html
2002-Game 1-Blues-v-Maroons,2002,Game 1,Blues,Maroons,Maroons,Shaun Berrigan,0,0,0,0,22-May-2002,https://afltables.com/rl/soo/game64.html
2002-Game 1-Blues-v-Maroons,2002,Game 1,Blues,Maroons,Maroons,Allan Langer,0,0,0,0,22-May-2002,https://afltables.com/rl/soo/game64.html
2002-Game 1-Blues-v-Maroons,2002,Game 1,Blues,Maroons,Maroons,Dane Carlaw,0,0,0,0,22-May-2002,https://afltables.com/rl/soo/game64.html
2002-Game 1-Blues-v-Maroons,2002,Game 1,Blues,Maroons,Maroons,Petero Civoniceva,0,0,0,0,22-May-2002,https://afltables.com/rl/soo/game64.html
2002-Game 1-Blues-v-Maroons,2002,Game 1,Blues,Maroons,Maroons,Gorden Tallis,0,0,0,0,22-May-2002,https://afltables.com/rl/soo/game64.html
2002-Game 1-Blues-v-Maroons,2002,Game 1,Blues,Maroons,Maroons,John Buttigieg,0,0,0,0,22-May-2002,https://afltables.com/rl/soo/game64.html
2002-Game 1-Blues-v-Maroons,2002,Game 1,Blues,Maroons,Maroons,Kevin Campion,0,0,0,0,22-May-2002,https://afltables.com/rl/soo/game64.html
2002-Game 1-Blues-v-Maroons,2002,Game 1,Blues,Maroons,Maroons,Shane Webcke,0,0,0,0,22-May-2002,https://afltables.com/rl/soo/game64.html
2002-Game 1-Blues-v-Maroons,2002,Game 1,Blues,Maroons,Maroons,Chris Walker,0,0,0,0,22-May-2002,https://afltables.com/rl/soo/game64.html
2002-Game 1-Blues-v-Maroons,2002,Game 1,Blues,Maroons,Maroons,John Doyle,0,0,0,0,22-May-2002,https://afltables.com/rl/soo/game64.html
2002-Game 1-Blues-v-Maroons,2002,Game 1,Blues,Maroons,Maroons,Carl Webb,0,0,0,0,22-May-2002,https://afltables.com/rl/soo/game64.html
2002-Game 1-Blues-v-Maroons,2002,Game 1,Blues,Maroons,Maroons,Andrew Gee,0,0,0,0,22-May-2002,https://afltables.com/rl/soo/game64.html
2002-Game 2-Maroons-v-Blues,2002,Game 2,Maroons,Blues,Blues,Timana Tahu,0,0,0,0,5-Jun-2002,https://afltables.com/rl/soo/game65.html
2002-Game 2-Maroons-v-Blues,2002,Game 2,Maroons,Blues,Blues,Jamie Lyon,0,0,0,0,5-Jun-2002,https://afltables.com/rl/soo/game65.html
2002-Game 2-Maroons-v-Blues,2002,Game 2,Maroons,Blues,Blues,Shaun Timmins,1,0,0,0,5-Jun-2002,https://afltables.com/rl/soo/game65.html
2002-Game 2-Maroons-v-Blues,2002,Game 2,Maroons,Blues,Blues,Jason Moodie,0,0,0,0,5-Jun-2002,https://afltables.com/rl/soo/game65.html
2002-Game 2-Maroons-v-Blues,2002,Game 2,Maroons,Blues,Blues,Braith Anasta,1,0,0,0,5-Jun-2002,https://afltables.com/rl/soo/game65.html
2002-Game 2-Maroons-v-Blues,2002,Game 2,Maroons,Blues,Blues,Andrew Johns,0,3,0,0,5-Jun-2002,https://afltables.com/rl/soo/game65.html
2002-Game 2-Maroons-v-Blues,2002,Game 2,Maroons,Blues,Blues,Luke Ricketson,1,0,0,0,5-Jun-2002,https://afltables.com/rl/soo/game65.html
2002-Game 2-Maroons-v-Blues,2002,Game 2,Maroons,Blues,Blues,Nathan Hindmarsh,0,0,0,0,5-Jun-2002,https://afltables.com/rl/soo/game65.html
2002-Game 2-Maroons-v-Blues,2002,Game 2,Maroons,Blues,Blues,Steve Simpson,0,0,0,0,5-Jun-2002,https://afltables.com/rl/soo/game65.html
2002-Game 2-Maroons-v-Blues,2002,Game 2,Maroons,Blues,Blues,Mark O'Meley,0,0,0,0,5-Jun-2002,https://afltables.com/rl/soo/game65.html
2002-Game 2-Maroons-v-Blues,2002,Game 2,Maroons,Blues,Blues,Danny Buderus,0,0,0,0,5-Jun-2002,https://afltables.com/rl/soo/game65.html
2002-Game 2-Maroons-v-Blues,2002,Game 2,Maroons,Blues,Blues,Luke Bailey,0,0,0,0,5-Jun-2002,https://afltables.com/rl/soo/game65.html
2002-Game 2-Maroons-v-Blues,2002,Game 2,Maroons,Blues,Blues,Bryan Fletcher,0,0,0,0,5-Jun-2002,https://afltables.com/rl/soo/game65.html
2002-Game 2-Maroons-v-Blues,2002,Game 2,Maroons,Blues,Blues,Steve Menzies,0,0,0,0,5-Jun-2002,https://afltables.com/rl/soo/game65.html
2002-Game 2-Maroons-v-Blues,2002,Game 2,Maroons,Blues,Blues,Michael Vella,0,0,0,0,5-Jun-2002,https://afltables.com/rl/soo/game65.html
2002-Game 2-Maroons-v-Blues,2002,Game 2,Maroons,Blues,Blues,Scott Hill,0,0,0,0,5-Jun-2002,https://afltables.com/rl/soo/game65.html
2002-Game 2-Maroons-v-Blues,2002,Game 2,Maroons,Blues,Maroons,Lote Tuqiri,3,3,0,0,5-Jun-2002,https://afltables.com/rl/soo/game65.html
2002-Game 2-Maroons-v-Blues,2002,Game 2,Maroons,Blues,Maroons,Chris Walker,0,0,0,0,5-Jun-2002,https://afltables.com/rl/soo/game65.html
2002-Game 2-Maroons-v-Blues,2002,Game 2,Maroons,Blues,Maroons,Chris McKenna,0,0,0,0,5-Jun-2002,https://afltables.com/rl/soo/game65.html
2002-Game 2-Maroons-v-Blues,2002,Game 2,Maroons,Blues,Maroons,Justin Hodges,0,0,0,0,5-Jun-2002,https://afltables.com/rl/soo/game65.html
2002-Game 2-Maroons-v-Blues,2002,Game 2,Maroons,Blues,Maroons,Shaun Berrigan,0,0,0,0,5-Jun-2002,https://afltables.com/rl/soo/game65.html
2002-Game 2-Maroons-v-Blues,2002,Game 2,Maroons,Blues,Maroons,Allan Langer,0,0,0,0,5-Jun-2002,https://afltables.com/rl/soo/game65.html
2002-Game 2-Maroons-v-Blues,2002,Game 2,Maroons,Blues,Maroons,Darren Smith,0,0,0,0,5-Jun-2002,https://afltables.com/rl/soo/game65.html
2002-Game 2-Maroons-v-Blues,2002,Game 2,Maroons,Blues,Maroons,Dane Carlaw,1,0,0,0,5-Jun-2002,https://afltables.com/rl/soo/game65.html
2002-Game 2-Maroons-v-Blues,2002,Game 2,Maroons,Blues,Maroons,Gorden Tallis,1,0,0,0,5-Jun-2002,https://afltables.com/rl/soo/game65.html
2002-Game 2-Maroons-v-Blues,2002,Game 2,Maroons,Blues,Maroons,Chris Beattie,0,0,0,0,5-Jun-2002,https://afltables.com/rl/soo/game65.html
2002-Game 2-Maroons-v-Blues,2002,Game 2,Maroons,Blues,Maroons,PJ Marsh,0,0,0,0,5-Jun-2002,https://afltables.com/rl/soo/game65.html
2002-Game 2-Maroons-v-Blues,2002,Game 2,Maroons,Blues,Maroons,Shane Webcke,0,0,0,0,5-Jun-2002,https://afltables.com/rl/soo/game65.html
2002-Game 2-Maroons-v-Blues,2002,Game 2,Maroons,Blues,Maroons,Travis Norton,0,0,0,0,5-Jun-2002,https://afltables.com/rl/soo/game65.html
2002-Game 2-Maroons-v-Blues,2002,Game 2,Maroons,Blues,Maroons,Steven Price,0,0,0,0,5-Jun-2002,https://afltables.com/rl/soo/game65.html
2002-Game 2-Maroons-v-Blues,2002,Game 2,Maroons,Blues,Maroons,Chris Flannery,0,0,0,0,5-Jun-2002,https://afltables.com/rl/soo/game65.html
2002-Game 2-Maroons-v-Blues,2002,Game 2,Maroons,Blues,Maroons,Andrew Gee,0,0,0,0,5-Jun-2002,https://afltables.com/rl/soo/game65.html
2002-Game 3-Blues-v-Maroons,2002,Game 3,Blues,Maroons,Blues,Timana Tahu,0,0,0,0,26-Jun-2002,https://afltables.com/rl/soo/game66.html
2002-Game 3-Blues-v-Maroons,2002,Game 3,Blues,Maroons,Blues,Matthew Gidley,0,0,0,0,26-Jun-2002,https://afltables.com/rl/soo/game66.html
2002-Game 3-Blues-v-Maroons,2002,Game 3,Blues,Maroons,Blues,Shaun Timmins,0,0,0,0,26-Jun-2002,https://afltables.com/rl/soo/game66.html
2002-Game 3-Blues-v-Maroons,2002,Game 3,Blues,Maroons,Blues,Jason Moodie,2,0,0,0,26-Jun-2002,https://afltables.com/rl/soo/game66.html
2002-Game 3-Blues-v-Maroons,2002,Game 3,Blues,Maroons,Blues,Trent Barrett,0,0,0,0,26-Jun-2002,https://afltables.com/rl/soo/game66.html
2002-Game 3-Blues-v-Maroons,2002,Game 3,Blues,Maroons,Blues,Andrew Johns,0,3,0,0,26-Jun-2002,https://afltables.com/rl/soo/game66.html
2002-Game 3-Blues-v-Maroons,2002,Game 3,Blues,Maroons,Blues,Luke Ricketson,0,0,0,0,26-Jun-2002,https://afltables.com/rl/soo/game66.html
2002-Game 3-Blues-v-Maroons,2002,Game 3,Blues,Maroons,Blues,Steve Menzies,1,0,0,0,26-Jun-2002,https://afltables.com/rl/soo/game66.html
2002-Game 3-Blues-v-Maroons,2002,Game 3,Blues,Maroons,Blues,Steve Simpson,0,0,0,0,26-Jun-2002,https://afltables.com/rl/soo/game66.html
2002-Game 3-Blues-v-Maroons,2002,Game 3,Blues,Maroons,Blues,Jason Ryles,0,0,0,0,26-Jun-2002,https://afltables.com/rl/soo/game66.html
2002-Game 3-Blues-v-Maroons,2002,Game 3,Blues,Maroons,Blues,Danny Buderus,0,0,0,0,26-Jun-2002,https://afltables.com/rl/soo/game66.html
2002-Game 3-Blues-v-Maroons,2002,Game 3,Blues,Maroons,Blues,Luke Bailey,0,0,0,0,26-Jun-2002,https://afltables.com/rl/soo/game66.html
2002-Game 3-Blues-v-Maroons,2002,Game 3,Blues,Maroons,Blues,Scott Hill,0,0,0,0,26-Jun-2002,https://afltables.com/rl/soo/game66.html
2002-Game 3-Blues-v-Maroons,2002,Game 3,Blues,Maroons,Blues,Bryan Fletcher,0,0,0,0,26-Jun-2002,https://afltables.com/rl/soo/game66.html
2002-Game 3-Blues-v-Maroons,2002,Game 3,Blues,Maroons,Blues,Nathan Hindmarsh,0,0,0,0,26-Jun-2002,https://afltables.com/rl/soo/game66.html
2002-Game 3-Blues-v-Maroons,2002,Game 3,Blues,Maroons,Blues,Michael Vella,0,0,0,0,26-Jun-2002,https://afltables.com/rl/soo/game66.html
2002-Game 3-Blues-v-Maroons,2002,Game 3,Blues,Maroons,Maroons,Lote Tuqiri,1,1,0,0,26-Jun-2002,https://afltables.com/rl/soo/game66.html
2002-Game 3-Blues-v-Maroons,2002,Game 3,Blues,Maroons,Maroons,Chris Walker,0,0,0,0,26-Jun-2002,https://afltables.com/rl/soo/game66.html
2002-Game 3-Blues-v-Maroons,2002,Game 3,Blues,Maroons,Maroons,Chris McKenna,0,0,0,0,26-Jun-2002,https://afltables.com/rl/soo/game66.html
2002-Game 3-Blues-v-Maroons,2002,Game 3,Blues,Maroons,Maroons,Robbie O'Davis,0,0,0,0,26-Jun-2002,https://afltables.com/rl/soo/game66.html
2002-Game 3-Blues-v-Maroons,2002,Game 3,Blues,Maroons,Maroons,Shaun Berrigan,1,0,0,0,26-Jun-2002,https://afltables.com/rl/soo/game66.html
2002-Game 3-Blues-v-Maroons,2002,Game 3,Blues,Maroons,Maroons,Allan Langer,0,0,0,0,26-Jun-2002,https://afltables.com/rl/soo/game66.html
2002-Game 3-Blues-v-Maroons,2002,Game 3,Blues,Maroons,Maroons,Darren Smith,0,0,0,0,26-Jun-2002,https://afltables.com/rl/soo/game66.html
2002-Game 3-Blues-v-Maroons,2002,Game 3,Blues,Maroons,Maroons,Dane Carlaw,1,0,0,0,26-Jun-2002,https://afltables.com/rl/soo/game66.html
2002-Game 3-Blues-v-Maroons,2002,Game 3,Blues,Maroons,Maroons,Gorden Tallis,0,0,0,0,26-Jun-2002,https://afltables.com/rl/soo/game66.html
2002-Game 3-Blues-v-Maroons,2002,Game 3,Blues,Maroons,Maroons,Petero Civoniceva,0,0,0,0,26-Jun-2002,https://afltables.com/rl/soo/game66.html
2002-Game 3-Blues-v-Maroons,2002,Game 3,Blues,Maroons,Maroons,PJ Marsh,0,0,0,0,26-Jun-2002,https://afltables.com/rl/soo/game66.html
2002-Game 3-Blues-v-Maroons,2002,Game 3,Blues,Maroons,Maroons,Shane Webcke,1,0,0,0,26-Jun-2002,https://afltables.com/rl/soo/game66.html
2002-Game 3-Blues-v-Maroons,2002,Game 3,Blues,Maroons,Maroons,Travis Norton,0,0,0,0,26-Jun-2002,https://afltables.com/rl/soo/game66.html
2002-Game 3-Blues-v-Maroons,2002,Game 3,Blues,Maroons,Maroons,Steven Price,0,0,0,0,26-Jun-2002,https://afltables.com/rl/soo/game66.html
2002-Game 3-Blues-v-Maroons,2002,Game 3,Blues,Maroons,Maroons,Andrew Gee,0,0,0,0,26-Jun-2002,https://afltables.com/rl/soo/game66.html
2002-Game 3-Blues-v-Maroons,2002,Game 3,Blues,Maroons,Maroons,Brent Tate,0,0,0,0,26-Jun-2002,https://afltables.com/rl/soo/game66.html
2003-Game 1-Maroons-v-Blues,2003,Game 1,Maroons,Blues,Blues,Timana Tahu,0,0,0,0,11-Jun-2003,https://afltables.com/rl/soo/game67.html
2003-Game 1-Maroons-v-Blues,2003,Game 1,Maroons,Blues,Blues,Matthew Gidley,0,0,0,0,11-Jun-2003,https://afltables.com/rl/soo/game67.html
2003-Game 1-Maroons-v-Blues,2003,Game 1,Maroons,Blues,Blues,Jamie Lyon,0,0,0,0,11-Jun-2003,https://afltables.com/rl/soo/game67.html
2003-Game 1-Maroons-v-Blues,2003,Game 1,Maroons,Blues,Blues,Michael De Vere,0,0,0,0,11-Jun-2003,https://afltables.com/rl/soo/game67.html
2003-Game 1-Maroons-v-Blues,2003,Game 1,Maroons,Blues,Blues,Shaun Timmins,0,0,0,0,11-Jun-2003,https://afltables.com/rl/soo/game67.html
2003-Game 1-Maroons-v-Blues,2003,Game 1,Maroons,Blues,Blues,Andrew Johns,1,4,1,0,11-Jun-2003,https://afltables.com/rl/soo/game67.html
2003-Game 1-Maroons-v-Blues,2003,Game 1,Maroons,Blues,Blues,Luke Ricketson,0,0,0,0,11-Jun-2003,https://afltables.com/rl/soo/game67.html
2003-Game 1-Maroons-v-Blues,2003,Game 1,Maroons,Blues,Blues,Ben Kennedy,0,0,0,0,11-Jun-2003,https://afltables.com/rl/soo/game67.html
2003-Game 1-Maroons-v-Blues,2003,Game 1,Maroons,Blues,Blues,Craig Fitzgibbon,0,0,0,0,11-Jun-2003,https://afltables.com/rl/soo/game67.html
2003-Game 1-Maroons-v-Blues,2003,Game 1,Maroons,Blues,Blues,Robbie Kearns,0,0,0,0,11-Jun-2003,https://afltables.com/rl/soo/game67.html
2003-Game 1-Maroons-v-Blues,2003,Game 1,Maroons,Blues,Blues,Danny Buderus,0,0,0,0,11-Jun-2003,https://afltables.com/rl/soo/game67.html
2003-Game 1-Maroons-v-Blues,2003,Game 1,Maroons,Blues,Blues,Jason Ryles,0,0,0,0,11-Jun-2003,https://afltables.com/rl/soo/game67.html
2003-Game 1-Maroons-v-Blues,2003,Game 1,Maroons,Blues,Blues,Luke Bailey,0,0,0,0,11-Jun-2003,https://afltables.com/rl/soo/game67.html
2003-Game 1-Maroons-v-Blues,2003,Game 1,Maroons,Blues,Blues,Phil Bailey,0,0,0,0,11-Jun-2003,https://afltables.com/rl/soo/game67.html
2003-Game 1-Maroons-v-Blues,2003,Game 1,Maroons,Blues,Blues,Craig Wing,1,0,0,0,11-Jun-2003,https://afltables.com/rl/soo/game67.html
2003-Game 1-Maroons-v-Blues,2003,Game 1,Maroons,Blues,Blues,Josh Perry,0,0,0,0,11-Jun-2003,https://afltables.com/rl/soo/game67.html
2003-Game 1-Maroons-v-Blues,2003,Game 1,Maroons,Blues,Maroons,Shannon Hegarty,0,0,0,0,11-Jun-2003,https://afltables.com/rl/soo/game67.html
2003-Game 1-Maroons-v-Blues,2003,Game 1,Maroons,Blues,Maroons,Brent Tate,0,0,0,0,11-Jun-2003,https://afltables.com/rl/soo/game67.html
2003-Game 1-Maroons-v-Blues,2003,Game 1,Maroons,Blues,Maroons,Justin Hodges,0,0,0,0,11-Jun-2003,https://afltables.com/rl/soo/game67.html
2003-Game 1-Maroons-v-Blues,2003,Game 1,Maroons,Blues,Maroons,Matt Sing,0,0,0,0,11-Jun-2003,https://afltables.com/rl/soo/game67.html
2003-Game 1-Maroons-v-Blues,2003,Game 1,Maroons,Blues,Maroons,Ben Ikin,0,0,0,0,11-Jun-2003,https://afltables.com/rl/soo/game67.html
2003-Game 1-Maroons-v-Blues,2003,Game 1,Maroons,Blues,Maroons,Shaun Berrigan,0,0,0,0,11-Jun-2003,https://afltables.com/rl/soo/game67.html
2003-Game 1-Maroons-v-Blues,2003,Game 1,Maroons,Blues,Maroons,Tonie Carroll,0,0,0,0,11-Jun-2003,https://afltables.com/rl/soo/game67.html
2003-Game 1-Maroons-v-Blues,2003,Game 1,Maroons,Blues,Maroons,Dane Carlaw,0,0,0,0,11-Jun-2003,https://afltables.com/rl/soo/game67.html
2003-Game 1-Maroons-v-Blues,2003,Game 1,Maroons,Blues,Maroons,Gorden Tallis,1,0,0,0,11-Jun-2003,https://afltables.com/rl/soo/game67.html
2003-Game 1-Maroons-v-Blues,2003,Game 1,Maroons,Blues,Maroons,Petero Civoniceva,0,0,0,0,11-Jun-2003,https://afltables.com/rl/soo/game67.html
2003-Game 1-Maroons-v-Blues,2003,Game 1,Maroons,Blues,Maroons,PJ Marsh,0,0,0,0,11-Jun-2003,https://afltables.com/rl/soo/game67.html
2003-Game 1-Maroons-v-Blues,2003,Game 1,Maroons,Blues,Maroons,Shane Webcke,0,0,0,0,11-Jun-2003,https://afltables.com/rl/soo/game67.html
2003-Game 1-Maroons-v-Blues,2003,Game 1,Maroons,Blues,Maroons,Steven Price,0,0,0,0,11-Jun-2003,https://afltables.com/rl/soo/game67.html
2003-Game 1-Maroons-v-Blues,2003,Game 1,Maroons,Blues,Maroons,Chris Flannery,0,0,0,0,11-Jun-2003,https://afltables.com/rl/soo/game67.html
2003-Game 1-Maroons-v-Blues,2003,Game 1,Maroons,Blues,Maroons,Paul Bowman,0,0,0,0,11-Jun-2003,https://afltables.com/rl/soo/game67.html
2003-Game 1-Maroons-v-Blues,2003,Game 1,Maroons,Blues,Maroons,Andrew Gee,0,0,0,0,11-Jun-2003,https://afltables.com/rl/soo/game67.html
2003-Game 2-Blues-v-Maroons,2003,Game 2,Blues,Maroons,Blues,Timana Tahu,2,0,0,0,25-Jun-2003,https://afltables.com/rl/soo/game68.html
2003-Game 2-Blues-v-Maroons,2003,Game 2,Blues,Maroons,Blues,Matthew Gidley,1,0,0,0,25-Jun-2003,https://afltables.com/rl/soo/game68.html
2003-Game 2-Blues-v-Maroons,2003,Game 2,Blues,Maroons,Blues,Jamie Lyon,0,0,0,0,25-Jun-2003,https://afltables.com/rl/soo/game68.html
2003-Game 2-Blues-v-Maroons,2003,Game 2,Blues,Maroons,Blues,Michael De Vere,0,0,0,0,25-Jun-2003,https://afltables.com/rl/soo/game68.html
2003-Game 2-Blues-v-Maroons,2003,Game 2,Blues,Maroons,Blues,Shaun Timmins,0,0,0,0,25-Jun-2003,https://afltables.com/rl/soo/game68.html
2003-Game 2-Blues-v-Maroons,2003,Game 2,Blues,Maroons,Blues,Andrew Johns,0,3,1,0,25-Jun-2003,https://afltables.com/rl/soo/game68.html
2003-Game 2-Blues-v-Maroons,2003,Game 2,Blues,Maroons,Blues,Luke Ricketson,0,0,0,0,25-Jun-2003,https://afltables.com/rl/soo/game68.html
2003-Game 2-Blues-v-Maroons,2003,Game 2,Blues,Maroons,Blues,Ben Kennedy,1,0,0,0,25-Jun-2003,https://afltables.com/rl/soo/game68.html
2003-Game 2-Blues-v-Maroons,2003,Game 2,Blues,Maroons,Blues,Craig Fitzgibbon,0,0,0,0,25-Jun-2003,https://afltables.com/rl/soo/game68.html
2003-Game 2-Blues-v-Maroons,2003,Game 2,Blues,Maroons,Blues,Jason Ryles,0,0,0,0,25-Jun-2003,https://afltables.com/rl/soo/game68.html
2003-Game 2-Blues-v-Maroons,2003,Game 2,Blues,Maroons,Blues,Danny Buderus,0,0,0,0,25-Jun-2003,https://afltables.com/rl/soo/game68.html
2003-Game 2-Blues-v-Maroons,2003,Game 2,Blues,Maroons,Blues,Robbie Kearns,0,0,0,0,25-Jun-2003,https://afltables.com/rl/soo/game68.html
2003-Game 2-Blues-v-Maroons,2003,Game 2,Blues,Maroons,Blues,Luke Bailey,0,0,0,0,25-Jun-2003,https://afltables.com/rl/soo/game68.html
2003-Game 2-Blues-v-Maroons,2003,Game 2,Blues,Maroons,Blues,Craig Wing,0,0,0,0,25-Jun-2003,https://afltables.com/rl/soo/game68.html
2003-Game 2-Blues-v-Maroons,2003,Game 2,Blues,Maroons,Blues,Bryan Fletcher,0,0,0,0,25-Jun-2003,https://afltables.com/rl/soo/game68.html
2003-Game 2-Blues-v-Maroons,2003,Game 2,Blues,Maroons,Blues,Phil Bailey,0,0,0,0,25-Jun-2003,https://afltables.com/rl/soo/game68.html
2003-Game 2-Blues-v-Maroons,2003,Game 2,Blues,Maroons,Maroons,Shannon Hegarty,0,0,0,0,25-Jun-2003,https://afltables.com/rl/soo/game68.html
2003-Game 2-Blues-v-Maroons,2003,Game 2,Blues,Maroons,Maroons,Brent Tate,0,0,0,0,25-Jun-2003,https://afltables.com/rl/soo/game68.html
2003-Game 2-Blues-v-Maroons,2003,Game 2,Blues,Maroons,Maroons,Tonie Carroll,0,0,0,0,25-Jun-2003,https://afltables.com/rl/soo/game68.html
2003-Game 2-Blues-v-Maroons,2003,Game 2,Blues,Maroons,Maroons,Matt Sing,0,0,0,0,25-Jun-2003,https://afltables.com/rl/soo/game68.html
2003-Game 2-Blues-v-Maroons,2003,Game 2,Blues,Maroons,Maroons,Ben Ikin,0,0,0,0,25-Jun-2003,https://afltables.com/rl/soo/game68.html
2003-Game 2-Blues-v-Maroons,2003,Game 2,Blues,Maroons,Maroons,Shaun Berrigan,0,0,0,0,25-Jun-2003,https://afltables.com/rl/soo/game68.html
2003-Game 2-Blues-v-Maroons,2003,Game 2,Blues,Maroons,Maroons,Travis Norton,0,0,0,0,25-Jun-2003,https://afltables.com/rl/soo/game68.html
2003-Game 2-Blues-v-Maroons,2003,Game 2,Blues,Maroons,Maroons,Petero Civoniceva,0,0,0,0,25-Jun-2003,https://afltables.com/rl/soo/game68.html
2003-Game 2-Blues-v-Maroons,2003,Game 2,Blues,Maroons,Maroons,Gorden Tallis,0,0,0,0,25-Jun-2003,https://afltables.com/rl/soo/game68.html
2003-Game 2-Blues-v-Maroons,2003,Game 2,Blues,Maroons,Maroons,Steven Price,0,0,0,0,25-Jun-2003,https://afltables.com/rl/soo/game68.html
2003-Game 2-Blues-v-Maroons,2003,Game 2,Blues,Maroons,Maroons,Michael Crocker,1,0,0,0,25-Jun-2003,https://afltables.com/rl/soo/game68.html
2003-Game 2-Blues-v-Maroons,2003,Game 2,Blues,Maroons,Maroons,Shane Webcke,0,0,0,0,25-Jun-2003,https://afltables.com/rl/soo/game68.html
2003-Game 2-Blues-v-Maroons,2003,Game 2,Blues,Maroons,Maroons,Dane Carlaw,0,0,0,0,25-Jun-2003,https://afltables.com/rl/soo/game68.html
2003-Game 2-Blues-v-Maroons,2003,Game 2,Blues,Maroons,Maroons,Andrew Gee,0,0,0,0,25-Jun-2003,https://afltables.com/rl/soo/game68.html
2003-Game 2-Blues-v-Maroons,2003,Game 2,Blues,Maroons,Maroons,Scott Sattler,0,0,0,0,25-Jun-2003,https://afltables.com/rl/soo/game68.html
2003-Game 2-Blues-v-Maroons,2003,Game 2,Blues,Maroons,Maroons,Matthew Bowen,0,0,0,0,25-Jun-2003,https://afltables.com/rl/soo/game68.html
2003-Game 3-Maroons-v-Blues,2003,Game 3,Maroons,Blues,Blues,Timana Tahu,1,0,0,0,16-Jul-2003,https://afltables.com/rl/soo/game69.html
2003-Game 3-Maroons-v-Blues,2003,Game 3,Maroons,Blues,Blues,Matthew Gidley,0,0,0,0,16-Jul-2003,https://afltables.com/rl/soo/game69.html
2003-Game 3-Maroons-v-Blues,2003,Game 3,Maroons,Blues,Blues,Jamie Lyon,0,0,0,0,16-Jul-2003,https://afltables.com/rl/soo/game69.html
2003-Game 3-Maroons-v-Blues,2003,Game 3,Maroons,Blues,Blues,Michael De Vere,0,0,0,0,16-Jul-2003,https://afltables.com/rl/soo/game69.html
2003-Game 3-Maroons-v-Blues,2003,Game 3,Maroons,Blues,Blues,Shaun Timmins,0,0,0,0,16-Jul-2003,https://afltables.com/rl/soo/game69.html
2003-Game 3-Maroons-v-Blues,2003,Game 3,Maroons,Blues,Blues,Andrew Johns,0,1,0,0,16-Jul-2003,https://afltables.com/rl/soo/game69.html
2003-Game 3-Maroons-v-Blues,2003,Game 3,Maroons,Blues,Blues,Braith Anasta,0,0,0,0,16-Jul-2003,https://afltables.com/rl/soo/game69.html
2003-Game 3-Maroons-v-Blues,2003,Game 3,Maroons,Blues,Blues,Luke Ricketson,0,0,0,0,16-Jul-2003,https://afltables.com/rl/soo/game69.html
2003-Game 3-Maroons-v-Blues,2003,Game 3,Maroons,Blues,Blues,Bryan Fletcher,0,0,0,0,16-Jul-2003,https://afltables.com/rl/soo/game69.html
2003-Game 3-Maroons-v-Blues,2003,Game 3,Maroons,Blues,Blues,Jason Ryles,0,0,0,0,16-Jul-2003,https://afltables.com/rl/soo/game69.html
2003-Game 3-Maroons-v-Blues,2003,Game 3,Maroons,Blues,Blues,Danny Buderus,0,0,0,0,16-Jul-2003,https://afltables.com/rl/soo/game69.html
2003-Game 3-Maroons-v-Blues,2003,Game 3,Maroons,Blues,Blues,Robbie Kearns,0,0,0,0,16-Jul-2003,https://afltables.com/rl/soo/game69.html
2003-Game 3-Maroons-v-Blues,2003,Game 3,Maroons,Blues,Blues,Luke Bailey,0,0,0,0,16-Jul-2003,https://afltables.com/rl/soo/game69.html
2003-Game 3-Maroons-v-Blues,2003,Game 3,Maroons,Blues,Blues,Craig Wing,0,0,0,0,16-Jul-2003,https://afltables.com/rl/soo/game69.html
2003-Game 3-Maroons-v-Blues,2003,Game 3,Maroons,Blues,Blues,Willie Mason,0,0,0,0,16-Jul-2003,https://afltables.com/rl/soo/game69.html
2003-Game 3-Maroons-v-Blues,2003,Game 3,Maroons,Blues,Blues,Phil Bailey,0,0,0,0,16-Jul-2003,https://afltables.com/rl/soo/game69.html
2003-Game 3-Maroons-v-Blues,2003,Game 3,Maroons,Blues,Maroons,Shannon Hegarty,0,0,0,0,16-Jul-2003,https://afltables.com/rl/soo/game69.html
2003-Game 3-Maroons-v-Blues,2003,Game 3,Maroons,Blues,Maroons,Brent Tate,2,0,0,0,16-Jul-2003,https://afltables.com/rl/soo/game69.html
2003-Game 3-Maroons-v-Blues,2003,Game 3,Maroons,Blues,Maroons,Josh Hannay,0,4,0,0,16-Jul-2003,https://afltables.com/rl/soo/game69.html
2003-Game 3-Maroons-v-Blues,2003,Game 3,Maroons,Blues,Maroons,Matt Sing,3,0,0,0,16-Jul-2003,https://afltables.com/rl/soo/game69.html
2003-Game 3-Maroons-v-Blues,2003,Game 3,Maroons,Blues,Maroons,Ben Ikin,0,0,0,0,16-Jul-2003,https://afltables.com/rl/soo/game69.html
2003-Game 3-Maroons-v-Blues,2003,Game 3,Maroons,Blues,Maroons,Shaun Berrigan,0,0,0,0,16-Jul-2003,https://afltables.com/rl/soo/game69.html
2003-Game 3-Maroons-v-Blues,2003,Game 3,Maroons,Blues,Maroons,Tonie Carroll,0,0,0,0,16-Jul-2003,https://afltables.com/rl/soo/game69.html
2003-Game 3-Maroons-v-Blues,2003,Game 3,Maroons,Blues,Maroons,Dane Carlaw,0,0,0,0,16-Jul-2003,https://afltables.com/rl/soo/game69.html
2003-Game 3-Maroons-v-Blues,2003,Game 3,Maroons,Blues,Maroons,Gorden Tallis,0,0,0,0,16-Jul-2003,https://afltables.com/rl/soo/game69.html
2003-Game 3-Maroons-v-Blues,2003,Game 3,Maroons,Blues,Maroons,Petero Civoniceva,0,0,0,0,16-Jul-2003,https://afltables.com/rl/soo/game69.html
2003-Game 3-Maroons-v-Blues,2003,Game 3,Maroons,Blues,Maroons,Cameron Smith,1,0,0,0,16-Jul-2003,https://afltables.com/rl/soo/game69.html
2003-Game 3-Maroons-v-Blues,2003,Game 3,Maroons,Blues,Maroons,Shane Webcke,0,0,0,0,16-Jul-2003,https://afltables.com/rl/soo/game69.html
2003-Game 3-Maroons-v-Blues,2003,Game 3,Maroons,Blues,Maroons,Matthew Bowen,0,0,0,0,16-Jul-2003,https://afltables.com/rl/soo/game69.html
2003-Game 3-Maroons-v-Blues,2003,Game 3,Maroons,Blues,Maroons,Travis Norton,0,0,0,0,16-Jul-2003,https://afltables.com/rl/soo/game69.html
2003-Game 3-Maroons-v-Blues,2003,Game 3,Maroons,Blues,Maroons,Michael Crocker,1,0,0,0,16-Jul-2003,https://afltables.com/rl/soo/game69.html
2003-Game 3-Maroons-v-Blues,2003,Game 3,Maroons,Blues,Maroons,Steven Price,0,0,0,0,16-Jul-2003,https://afltables.com/rl/soo/game69.html
2004-Game 1-Blues-v-Maroons,2004,Game 1,Blues,Maroons,Blues,Luke Lewis,0,0,0,0,26-May-2004,https://afltables.com/rl/soo/game70.html
2004-Game 1-Blues-v-Maroons,2004,Game 1,Blues,Maroons,Blues,Michael De Vere,0,0,0,0,26-May-2004,https://afltables.com/rl/soo/game70.html
2004-Game 1-Blues-v-Maroons,2004,Game 1,Blues,Maroons,Blues,Matthew Gidley,0,0,0,0,26-May-2004,https://afltables.com/rl/soo/game70.html
2004-Game 1-Blues-v-Maroons,2004,Game 1,Blues,Maroons,Blues,Luke Rooney,0,0,0,0,26-May-2004,https://afltables.com/rl/soo/game70.html
2004-Game 1-Blues-v-Maroons,2004,Game 1,Blues,Maroons,Blues,Shaun Timmins,1,0,1,0,26-May-2004,https://afltables.com/rl/soo/game70.html
2004-Game 1-Blues-v-Maroons,2004,Game 1,Blues,Maroons,Blues,Craig Gower,0,0,0,0,26-May-2004,https://afltables.com/rl/soo/game70.html
2004-Game 1-Blues-v-Maroons,2004,Game 1,Blues,Maroons,Blues,Craig Fitzgibbon,0,2,0,0,26-May-2004,https://afltables.com/rl/soo/game70.html
2004-Game 1-Blues-v-Maroons,2004,Game 1,Blues,Maroons,Blues,Andrew Ryan,0,0,0,0,26-May-2004,https://afltables.com/rl/soo/game70.html
2004-Game 1-Blues-v-Maroons,2004,Game 1,Blues,Maroons,Blues,Nathan Hindmarsh,0,0,0,0,26-May-2004,https://afltables.com/rl/soo/game70.html
2004-Game 1-Blues-v-Maroons,2004,Game 1,Blues,Maroons,Blues,Mark O'Meley,0,0,0,0,26-May-2004,https://afltables.com/rl/soo/game70.html
2004-Game 1-Blues-v-Maroons,2004,Game 1,Blues,Maroons,Blues,Danny Buderus,0,0,0,0,26-May-2004,https://afltables.com/rl/soo/game70.html
2004-Game 1-Blues-v-Maroons,2004,Game 1,Blues,Maroons,Blues,Ryan O'Hara,0,0,0,0,26-May-2004,https://afltables.com/rl/soo/game70.html
2004-Game 1-Blues-v-Maroons,2004,Game 1,Blues,Maroons,Blues,Craig Wing,0,0,0,0,26-May-2004,https://afltables.com/rl/soo/game70.html
2004-Game 1-Blues-v-Maroons,2004,Game 1,Blues,Maroons,Blues,Trent Waterhouse,0,0,0,0,26-May-2004,https://afltables.com/rl/soo/game70.html
2004-Game 1-Blues-v-Maroons,2004,Game 1,Blues,Maroons,Blues,Brent Kite,0,0,0,0,26-May-2004,https://afltables.com/rl/soo/game70.html
2004-Game 1-Blues-v-Maroons,2004,Game 1,Blues,Maroons,Blues,Willie Mason,0,0,0,0,26-May-2004,https://afltables.com/rl/soo/game70.html
2004-Game 1-Blues-v-Maroons,2004,Game 1,Blues,Maroons,Maroons,Justin Hodges,0,0,0,0,26-May-2004,https://afltables.com/rl/soo/game70.html
2004-Game 1-Blues-v-Maroons,2004,Game 1,Blues,Maroons,Maroons,Paul Bowman,0,0,0,0,26-May-2004,https://afltables.com/rl/soo/game70.html
2004-Game 1-Blues-v-Maroons,2004,Game 1,Blues,Maroons,Maroons,Brent Tate,1,0,0,0,26-May-2004,https://afltables.com/rl/soo/game70.html
2004-Game 1-Blues-v-Maroons,2004,Game 1,Blues,Maroons,Maroons,Billy Slater,0,0,0,0,26-May-2004,https://afltables.com/rl/soo/game70.html
2004-Game 1-Blues-v-Maroons,2004,Game 1,Blues,Maroons,Maroons,Chris Flannery,0,0,0,0,26-May-2004,https://afltables.com/rl/soo/game70.html
2004-Game 1-Blues-v-Maroons,2004,Game 1,Blues,Maroons,Maroons,Scott Prince,1,0,0,0,26-May-2004,https://afltables.com/rl/soo/game70.html
2004-Game 1-Blues-v-Maroons,2004,Game 1,Blues,Maroons,Maroons,Tonie Carroll,0,0,0,0,26-May-2004,https://afltables.com/rl/soo/game70.html
2004-Game 1-Blues-v-Maroons,2004,Game 1,Blues,Maroons,Maroons,Dane Carlaw,0,0,0,0,26-May-2004,https://afltables.com/rl/soo/game70.html
2004-Game 1-Blues-v-Maroons,2004,Game 1,Blues,Maroons,Maroons,Michael Crocker,0,0,0,0,26-May-2004,https://afltables.com/rl/soo/game70.html
2004-Game 1-Blues-v-Maroons,2004,Game 1,Blues,Maroons,Maroons,Steven Price,0,0,0,0,26-May-2004,https://afltables.com/rl/soo/game70.html
2004-Game 1-Blues-v-Maroons,2004,Game 1,Blues,Maroons,Maroons,Cameron Smith,0,0,0,0,26-May-2004,https://afltables.com/rl/soo/game70.html
2004-Game 1-Blues-v-Maroons,2004,Game 1,Blues,Maroons,Maroons,Shane Webcke,0,0,0,0,26-May-2004,https://afltables.com/rl/soo/game70.html
2004-Game 1-Blues-v-Maroons,2004,Game 1,Blues,Maroons,Maroons,Ben Ross,0,0,0,0,26-May-2004,https://afltables.com/rl/soo/game70.html
2004-Game 1-Blues-v-Maroons,2004,Game 1,Blues,Maroons,Maroons,Matthew Bowen,0,0,0,0,26-May-2004,https://afltables.com/rl/soo/game70.html
2004-Game 1-Blues-v-Maroons,2004,Game 1,Blues,Maroons,Maroons,Petero Civoniceva,0,0,0,0,26-May-2004,https://afltables.com/rl/soo/game70.html
2004-Game 1-Blues-v-Maroons,2004,Game 1,Blues,Maroons,Maroons,Travis Norton,0,0,0,0,26-May-2004,https://afltables.com/rl/soo/game70.html
2004-Game 2-Maroons-v-Blues,2004,Game 2,Maroons,Blues,Blues,Timana Tahu,2,0,0,0,16-Jun-2004,https://afltables.com/rl/soo/game71.html
2004-Game 2-Maroons-v-Blues,2004,Game 2,Maroons,Blues,Blues,Matthew Gidley,0,0,0,0,16-Jun-2004,https://afltables.com/rl/soo/game71.html
2004-Game 2-Maroons-v-Blues,2004,Game 2,Maroons,Blues,Blues,Luke Lewis,0,0,0,0,16-Jun-2004,https://afltables.com/rl/soo/game71.html
2004-Game 2-Maroons-v-Blues,2004,Game 2,Maroons,Blues,Blues,Luke Rooney,1,0,0,0,16-Jun-2004,https://afltables.com/rl/soo/game71.html
2004-Game 2-Maroons-v-Blues,2004,Game 2,Maroons,Blues,Blues,Brad Fittler,0,0,0,0,16-Jun-2004,https://afltables.com/rl/soo/game71.html
2004-Game 2-Maroons-v-Blues,2004,Game 2,Maroons,Blues,Blues,Brett Finch,0,0,0,0,16-Jun-2004,https://afltables.com/rl/soo/game71.html
2004-Game 2-Maroons-v-Blues,2004,Game 2,Maroons,Blues,Blues,Craig Fitzgibbon,0,3,0,0,16-Jun-2004,https://afltables.com/rl/soo/game71.html
2004-Game 2-Maroons-v-Blues,2004,Game 2,Maroons,Blues,Blues,Nathan Hindmarsh,0,0,0,0,16-Jun-2004,https://afltables.com/rl/soo/game71.html
2004-Game 2-Maroons-v-Blues,2004,Game 2,Maroons,Blues,Blues,Andrew Ryan,0,0,0,0,16-Jun-2004,https://afltables.com/rl/soo/game71.html
2004-Game 2-Maroons-v-Blues,2004,Game 2,Maroons,Blues,Blues,Jason Stevens,0,0,0,0,16-Jun-2004,https://afltables.com/rl/soo/game71.html
2004-Game 2-Maroons-v-Blues,2004,Game 2,Maroons,Blues,Blues,Danny Buderus,0,0,0,0,16-Jun-2004,https://afltables.com/rl/soo/game71.html
2004-Game 2-Maroons-v-Blues,2004,Game 2,Maroons,Blues,Blues,Mark O'Meley,0,0,0,0,16-Jun-2004,https://afltables.com/rl/soo/game71.html
2004-Game 2-Maroons-v-Blues,2004,Game 2,Maroons,Blues,Blues,Craig Wing,0,0,0,0,16-Jun-2004,https://afltables.com/rl/soo/game71.html
2004-Game 2-Maroons-v-Blues,2004,Game 2,Maroons,Blues,Blues,Trent Waterhouse,0,0,0,0,16-Jun-2004,https://afltables.com/rl/soo/game71.html
2004-Game 2-Maroons-v-Blues,2004,Game 2,Maroons,Blues,Blues,Willie Mason,0,0,0,0,16-Jun-2004,https://afltables.com/rl/soo/game71.html
2004-Game 2-Maroons-v-Blues,2004,Game 2,Maroons,Blues,Blues,Brent Kite,0,0,0,0,16-Jun-2004,https://afltables.com/rl/soo/game71.html
2004-Game 2-Maroons-v-Blues,2004,Game 2,Maroons,Blues,Maroons,Matt Sing,0,0,0,0,16-Jun-2004,https://afltables.com/rl/soo/game71.html
2004-Game 2-Maroons-v-Blues,2004,Game 2,Maroons,Blues,Maroons,Paul Bowman,0,0,0,0,16-Jun-2004,https://afltables.com/rl/soo/game71.html
2004-Game 2-Maroons-v-Blues,2004,Game 2,Maroons,Blues,Maroons,Willie Tonga,1,0,0,0,16-Jun-2004,https://afltables.com/rl/soo/game71.html
2004-Game 2-Maroons-v-Blues,2004,Game 2,Maroons,Blues,Maroons,Billy Slater,2,0,0,0,16-Jun-2004,https://afltables.com/rl/soo/game71.html
2004-Game 2-Maroons-v-Blues,2004,Game 2,Maroons,Blues,Maroons,Darren Lockyer,0,0,0,0,16-Jun-2004,https://afltables.com/rl/soo/game71.html
2004-Game 2-Maroons-v-Blues,2004,Game 2,Maroons,Blues,Maroons,Scott Prince,0,1,0,0,16-Jun-2004,https://afltables.com/rl/soo/game71.html
2004-Game 2-Maroons-v-Blues,2004,Game 2,Maroons,Blues,Maroons,Tonie Carroll,0,0,0,0,16-Jun-2004,https://afltables.com/rl/soo/game71.html
2004-Game 2-Maroons-v-Blues,2004,Game 2,Maroons,Blues,Maroons,Dane Carlaw,1,0,0,0,16-Jun-2004,https://afltables.com/rl/soo/game71.html
2004-Game 2-Maroons-v-Blues,2004,Game 2,Maroons,Blues,Maroons,Petero Civoniceva,0,0,0,0,16-Jun-2004,https://afltables.com/rl/soo/game71.html
2004-Game 2-Maroons-v-Blues,2004,Game 2,Maroons,Blues,Maroons,Shane Webcke,0,0,0,0,16-Jun-2004,https://afltables.com/rl/soo/game71.html
2004-Game 2-Maroons-v-Blues,2004,Game 2,Maroons,Blues,Maroons,Cameron Smith,0,2,0,0,16-Jun-2004,https://afltables.com/rl/soo/game71.html
2004-Game 2-Maroons-v-Blues,2004,Game 2,Maroons,Blues,Maroons,Steven Price,0,0,0,0,16-Jun-2004,https://afltables.com/rl/soo/game71.html
2004-Game 2-Maroons-v-Blues,2004,Game 2,Maroons,Blues,Maroons,Matthew Bowen,0,0,0,0,16-Jun-2004,https://afltables.com/rl/soo/game71.html
2004-Game 2-Maroons-v-Blues,2004,Game 2,Maroons,Blues,Maroons,Ben Ross,0,0,0,0,16-Jun-2004,https://afltables.com/rl/soo/game71.html
2004-Game 2-Maroons-v-Blues,2004,Game 2,Maroons,Blues,Maroons,Corey Parker,0,0,0,0,16-Jun-2004,https://afltables.com/rl/soo/game71.html
2004-Game 2-Maroons-v-Blues,2004,Game 2,Maroons,Blues,Maroons,Chris Flannery,0,0,0,0,16-Jun-2004,https://afltables.com/rl/soo/game71.html
2004-Game 3-Blues-v-Maroons,2004,Game 3,Blues,Maroons,Blues,Luke Lewis,0,0,0,0,7-Jul-2004,https://afltables.com/rl/soo/game72.html
2004-Game 3-Blues-v-Maroons,2004,Game 3,Blues,Maroons,Blues,Mark Gasnier,2,1,0,0,7-Jul-2004,https://afltables.com/rl/soo/game72.html
2004-Game 3-Blues-v-Maroons,2004,Game 3,Blues,Maroons,Blues,Matt Cooper,0,0,0,0,7-Jul-2004,https://afltables.com/rl/soo/game72.html
2004-Game 3-Blues-v-Maroons,2004,Game 3,Blues,Maroons,Blues,Luke Rooney,1,0,0,0,7-Jul-2004,https://afltables.com/rl/soo/game72.html
2004-Game 3-Blues-v-Maroons,2004,Game 3,Blues,Maroons,Blues,Brad Fittler,1,0,0,0,7-Jul-2004,https://afltables.com/rl/soo/game72.html
2004-Game 3-Blues-v-Maroons,2004,Game 3,Blues,Maroons,Blues,Trent Barrett,1,0,0,0,7-Jul-2004,https://afltables.com/rl/soo/game72.html
2004-Game 3-Blues-v-Maroons,2004,Game 3,Blues,Maroons,Blues,Shaun Timmins,0,0,0,0,7-Jul-2004,https://afltables.com/rl/soo/game72.html
2004-Game 3-Blues-v-Maroons,2004,Game 3,Blues,Maroons,Blues,Craig Fitzgibbon,0,5,0,0,7-Jul-2004,https://afltables.com/rl/soo/game72.html
2004-Game 3-Blues-v-Maroons,2004,Game 3,Blues,Maroons,Blues,Nathan Hindmarsh,0,0,0,0,7-Jul-2004,https://afltables.com/rl/soo/game72.html
2004-Game 3-Blues-v-Maroons,2004,Game 3,Blues,Maroons,Blues,Mark O'Meley,0,0,0,0,7-Jul-2004,https://afltables.com/rl/soo/game72.html
2004-Game 3-Blues-v-Maroons,2004,Game 3,Blues,Maroons,Blues,Danny Buderus,0,0,0,0,7-Jul-2004,https://afltables.com/rl/soo/game72.html
2004-Game 3-Blues-v-Maroons,2004,Game 3,Blues,Maroons,Blues,Jason Ryles,0,0,0,0,7-Jul-2004,https://afltables.com/rl/soo/game72.html
2004-Game 3-Blues-v-Maroons,2004,Game 3,Blues,Maroons,Blues,Willie Mason,0,0,0,0,7-Jul-2004,https://afltables.com/rl/soo/game72.html
2004-Game 3-Blues-v-Maroons,2004,Game 3,Blues,Maroons,Blues,Brent Kite,0,0,0,0,7-Jul-2004,https://afltables.com/rl/soo/game72.html
2004-Game 3-Blues-v-Maroons,2004,Game 3,Blues,Maroons,Blues,Craig Wing,0,0,0,0,7-Jul-2004,https://afltables.com/rl/soo/game72.html
2004-Game 3-Blues-v-Maroons,2004,Game 3,Blues,Maroons,Blues,Ben Kennedy,0,0,0,0,7-Jul-2004,https://afltables.com/rl/soo/game72.html
2004-Game 3-Blues-v-Maroons,2004,Game 3,Blues,Maroons,Maroons,Matt Sing,0,0,0,0,7-Jul-2004,https://afltables.com/rl/soo/game72.html
2004-Game 3-Blues-v-Maroons,2004,Game 3,Blues,Maroons,Maroons,Brent Tate,0,0,0,0,7-Jul-2004,https://afltables.com/rl/soo/game72.html
2004-Game 3-Blues-v-Maroons,2004,Game 3,Blues,Maroons,Maroons,Willie Tonga,0,0,0,0,7-Jul-2004,https://afltables.com/rl/soo/game72.html
2004-Game 3-Blues-v-Maroons,2004,Game 3,Blues,Maroons,Maroons,Billy Slater,1,0,0,0,7-Jul-2004,https://afltables.com/rl/soo/game72.html
2004-Game 3-Blues-v-Maroons,2004,Game 3,Blues,Maroons,Maroons,Darren Lockyer,0,0,0,0,7-Jul-2004,https://afltables.com/rl/soo/game72.html
2004-Game 3-Blues-v-Maroons,2004,Game 3,Blues,Maroons,Maroons,Scott Prince,0,0,0,0,7-Jul-2004,https://afltables.com/rl/soo/game72.html
2004-Game 3-Blues-v-Maroons,2004,Game 3,Blues,Maroons,Maroons,Chris Flannery,0,0,0,0,7-Jul-2004,https://afltables.com/rl/soo/game72.html
2004-Game 3-Blues-v-Maroons,2004,Game 3,Blues,Maroons,Maroons,Michael Crocker,0,0,0,0,7-Jul-2004,https://afltables.com/rl/soo/game72.html
2004-Game 3-Blues-v-Maroons,2004,Game 3,Blues,Maroons,Maroons,Dane Carlaw,0,0,0,0,7-Jul-2004,https://afltables.com/rl/soo/game72.html
2004-Game 3-Blues-v-Maroons,2004,Game 3,Blues,Maroons,Maroons,Shane Webcke,0,0,0,0,7-Jul-2004,https://afltables.com/rl/soo/game72.html
2004-Game 3-Blues-v-Maroons,2004,Game 3,Blues,Maroons,Maroons,Cameron Smith,0,3,0,0,7-Jul-2004,https://afltables.com/rl/soo/game72.html
2004-Game 3-Blues-v-Maroons,2004,Game 3,Blues,Maroons,Maroons,Steven Price,0,0,0,0,7-Jul-2004,https://afltables.com/rl/soo/game72.html
2004-Game 3-Blues-v-Maroons,2004,Game 3,Blues,Maroons,Maroons,Ben Ross,0,0,0,0,7-Jul-2004,https://afltables.com/rl/soo/game72.html
2004-Game 3-Blues-v-Maroons,2004,Game 3,Blues,Maroons,Maroons,Petero Civoniceva,0,0,0,0,7-Jul-2004,https://afltables.com/rl/soo/game72.html
2004-Game 3-Blues-v-Maroons,2004,Game 3,Blues,Maroons,Maroons,Corey Parker,0,0,0,0,7-Jul-2004,https://afltables.com/rl/soo/game72.html
2004-Game 3-Blues-v-Maroons,2004,Game 3,Blues,Maroons,Maroons,Matthew Bowen,1,0,0,0,7-Jul-2004,https://afltables.com/rl/soo/game72.html
2005-Game 1-Maroons-v-Blues,2005,Game 1,Maroons,Blues,Blues,Matt King,0,0,0,0,25-May-2005,https://afltables.com/rl/soo/game73.html
2005-Game 1-Maroons-v-Blues,2005,Game 1,Maroons,Blues,Blues,Mark Gasnier,1,0,0,0,25-May-2005,https://afltables.com/rl/soo/game73.html
2005-Game 1-Maroons-v-Blues,2005,Game 1,Maroons,Blues,Blues,Matt Cooper,0,0,0,0,25-May-2005,https://afltables.com/rl/soo/game73.html
2005-Game 1-Maroons-v-Blues,2005,Game 1,Maroons,Blues,Blues,Luke Rooney,1,0,0,0,25-May-2005,https://afltables.com/rl/soo/game73.html
2005-Game 1-Maroons-v-Blues,2005,Game 1,Maroons,Blues,Blues,Trent Barrett,0,0,0,0,25-May-2005,https://afltables.com/rl/soo/game73.html
2005-Game 1-Maroons-v-Blues,2005,Game 1,Maroons,Blues,Blues,Brett Kimmorley,0,0,0,0,25-May-2005,https://afltables.com/rl/soo/game73.html
2005-Game 1-Maroons-v-Blues,2005,Game 1,Maroons,Blues,Blues,Ben Kennedy,1,0,0,0,25-May-2005,https://afltables.com/rl/soo/game73.html
2005-Game 1-Maroons-v-Blues,2005,Game 1,Maroons,Blues,Blues,Craig Fitzgibbon,0,2,0,0,25-May-2005,https://afltables.com/rl/soo/game73.html
2005-Game 1-Maroons-v-Blues,2005,Game 1,Maroons,Blues,Blues,Nathan Hindmarsh,0,0,0,0,25-May-2005,https://afltables.com/rl/soo/game73.html
2005-Game 1-Maroons-v-Blues,2005,Game 1,Maroons,Blues,Blues,Luke Bailey,0,0,0,0,25-May-2005,https://afltables.com/rl/soo/game73.html
2005-Game 1-Maroons-v-Blues,2005,Game 1,Maroons,Blues,Blues,Danny Buderus,1,0,0,0,25-May-2005,https://afltables.com/rl/soo/game73.html
2005-Game 1-Maroons-v-Blues,2005,Game 1,Maroons,Blues,Blues,Jason Ryles,0,0,0,0,25-May-2005,https://afltables.com/rl/soo/game73.html
2005-Game 1-Maroons-v-Blues,2005,Game 1,Maroons,Blues,Blues,Craig Wing,0,0,0,0,25-May-2005,https://afltables.com/rl/soo/game73.html
2005-Game 1-Maroons-v-Blues,2005,Game 1,Maroons,Blues,Blues,Steve Simpson,0,0,0,0,25-May-2005,https://afltables.com/rl/soo/game73.html
2005-Game 1-Maroons-v-Blues,2005,Game 1,Maroons,Blues,Blues,Anthony Watmough,0,0,0,0,25-May-2005,https://afltables.com/rl/soo/game73.html
2005-Game 1-Maroons-v-Blues,2005,Game 1,Maroons,Blues,Blues,Andrew Ryan,0,0,0,0,25-May-2005,https://afltables.com/rl/soo/game73.html
2005-Game 1-Maroons-v-Blues,2005,Game 1,Maroons,Blues,Maroons,Ty Williams,1,0,0,0,25-May-2005,https://afltables.com/rl/soo/game73.html
2005-Game 1-Maroons-v-Blues,2005,Game 1,Maroons,Blues,Maroons,Shaun Berrigan,0,0,0,0,25-May-2005,https://afltables.com/rl/soo/game73.html
2005-Game 1-Maroons-v-Blues,2005,Game 1,Maroons,Blues,Maroons,Paul Bowman,0,0,0,0,25-May-2005,https://afltables.com/rl/soo/game73.html
2005-Game 1-Maroons-v-Blues,2005,Game 1,Maroons,Blues,Maroons,Matt Sing,0,0,0,0,25-May-2005,https://afltables.com/rl/soo/game73.html
2005-Game 1-Maroons-v-Blues,2005,Game 1,Maroons,Blues,Maroons,Darren Lockyer,0,0,1,0,25-May-2005,https://afltables.com/rl/soo/game73.html
2005-Game 1-Maroons-v-Blues,2005,Game 1,Maroons,Blues,Maroons,Johnathan Thurston,0,0,1,0,25-May-2005,https://afltables.com/rl/soo/game73.html
2005-Game 1-Maroons-v-Blues,2005,Game 1,Maroons,Blues,Maroons,Chris Flannery,0,0,0,0,25-May-2005,https://afltables.com/rl/soo/game73.html
2005-Game 1-Maroons-v-Blues,2005,Game 1,Maroons,Blues,Maroons,Brad Thorn,0,0,0,0,25-May-2005,https://afltables.com/rl/soo/game73.html
2005-Game 1-Maroons-v-Blues,2005,Game 1,Maroons,Blues,Maroons,Michael Crocker,1,0,0,0,25-May-2005,https://afltables.com/rl/soo/game73.html
2005-Game 1-Maroons-v-Blues,2005,Game 1,Maroons,Blues,Maroons,Steven Price,0,0,0,0,25-May-2005,https://afltables.com/rl/soo/game73.html
2005-Game 1-Maroons-v-Blues,2005,Game 1,Maroons,Blues,Maroons,Cameron Smith,0,5,0,0,25-May-2005,https://afltables.com/rl/soo/game73.html
2005-Game 1-Maroons-v-Blues,2005,Game 1,Maroons,Blues,Maroons,Petero Civoniceva,0,0,0,0,25-May-2005,https://afltables.com/rl/soo/game73.html
2005-Game 1-Maroons-v-Blues,2005,Game 1,Maroons,Blues,Maroons,Ben Ross,0,0,0,0,25-May-2005,https://afltables.com/rl/soo/game73.html
2005-Game 1-Maroons-v-Blues,2005,Game 1,Maroons,Blues,Maroons,Carl Webb,0,0,0,0,25-May-2005,https://afltables.com/rl/soo/game73.html
2005-Game 1-Maroons-v-Blues,2005,Game 1,Maroons,Blues,Maroons,Casey McGuire,0,0,0,0,25-May-2005,https://afltables.com/rl/soo/game73.html
2005-Game 1-Maroons-v-Blues,2005,Game 1,Maroons,Blues,Maroons,Matthew Bowen,1,0,0,0,25-May-2005,https://afltables.com/rl/soo/game73.html
2005-Game 2-Blues-v-Maroons,2005,Game 2,Blues,Maroons,Blues,Matt King,0,0,0,0,15-Jun-2005,https://afltables.com/rl/soo/game74.html
2005-Game 2-Blues-v-Maroons,2005,Game 2,Blues,Maroons,Blues,Mark Gasnier,0,0,0,0,15-Jun-2005,https://afltables.com/rl/soo/game74.html
2005-Game 2-Blues-v-Maroons,2005,Game 2,Blues,Maroons,Blues,Matt Cooper,1,0,0,0,15-Jun-2005,https://afltables.com/rl/soo/game74.html
2005-Game 2-Blues-v-Maroons,2005,Game 2,Blues,Maroons,Blues,Luke Rooney,0,0,0,0,15-Jun-2005,https://afltables.com/rl/soo/game74.html
2005-Game 2-Blues-v-Maroons,2005,Game 2,Blues,Maroons,Blues,Braith Anasta,0,0,0,0,15-Jun-2005,https://afltables.com/rl/soo/game74.html
2005-Game 2-Blues-v-Maroons,2005,Game 2,Blues,Maroons,Blues,Andrew Johns,0,3,0,0,15-Jun-2005,https://afltables.com/rl/soo/game74.html
2005-Game 2-Blues-v-Maroons,2005,Game 2,Blues,Maroons,Blues,Ben Kennedy,0,0,0,0,15-Jun-2005,https://afltables.com/rl/soo/game74.html
2005-Game 2-Blues-v-Maroons,2005,Game 2,Blues,Maroons,Blues,Craig Fitzgibbon,0,3,0,0,15-Jun-2005,https://afltables.com/rl/soo/game74.html
2005-Game 2-Blues-v-Maroons,2005,Game 2,Blues,Maroons,Blues,Nathan Hindmarsh,0,0,0,0,15-Jun-2005,https://afltables.com/rl/soo/game74.html
2005-Game 2-Blues-v-Maroons,2005,Game 2,Blues,Maroons,Blues,Jason Ryles,0,0,0,0,15-Jun-2005,https://afltables.com/rl/soo/game74.html
2005-Game 2-Blues-v-Maroons,2005,Game 2,Blues,Maroons,Blues,Danny Buderus,1,0,0,0,15-Jun-2005,https://afltables.com/rl/soo/game74.html
2005-Game 2-Blues-v-Maroons,2005,Game 2,Blues,Maroons,Blues,Steve Simpson,0,0,0,0,15-Jun-2005,https://afltables.com/rl/soo/game74.html
2005-Game 2-Blues-v-Maroons,2005,Game 2,Blues,Maroons,Blues,Craig Wing,0,0,0,0,15-Jun-2005,https://afltables.com/rl/soo/game74.html
2005-Game 2-Blues-v-Maroons,2005,Game 2,Blues,Maroons,Blues,Steve Menzies,1,0,0,0,15-Jun-2005,https://afltables.com/rl/soo/game74.html
2005-Game 2-Blues-v-Maroons,2005,Game 2,Blues,Maroons,Blues,Luke Bailey,0,0,0,0,15-Jun-2005,https://afltables.com/rl/soo/game74.html
2005-Game 2-Blues-v-Maroons,2005,Game 2,Blues,Maroons,Blues,Andrew Ryan,0,0,0,0,15-Jun-2005,https://afltables.com/rl/soo/game74.html
2005-Game 2-Blues-v-Maroons,2005,Game 2,Blues,Maroons,Maroons,Ty Williams,0,0,0,0,15-Jun-2005,https://afltables.com/rl/soo/game74.html
2005-Game 2-Blues-v-Maroons,2005,Game 2,Blues,Maroons,Maroons,Shaun Berrigan,0,0,0,0,15-Jun-2005,https://afltables.com/rl/soo/game74.html
2005-Game 2-Blues-v-Maroons,2005,Game 2,Blues,Maroons,Maroons,Paul Bowman,0,0,0,0,15-Jun-2005,https://afltables.com/rl/soo/game74.html
2005-Game 2-Blues-v-Maroons,2005,Game 2,Blues,Maroons,Maroons,Matt Sing,0,0,0,0,15-Jun-2005,https://afltables.com/rl/soo/game74.html
2005-Game 2-Blues-v-Maroons,2005,Game 2,Blues,Maroons,Maroons,Darren Lockyer,0,0,0,0,15-Jun-2005,https://afltables.com/rl/soo/game74.html
2005-Game 2-Blues-v-Maroons,2005,Game 2,Blues,Maroons,Maroons,Johnathan Thurston,0,0,0,0,15-Jun-2005,https://afltables.com/rl/soo/game74.html
2005-Game 2-Blues-v-Maroons,2005,Game 2,Blues,Maroons,Maroons,Chris Flannery,0,0,0,0,15-Jun-2005,https://afltables.com/rl/soo/game74.html
2005-Game 2-Blues-v-Maroons,2005,Game 2,Blues,Maroons,Maroons,Carl Webb,0,0,0,0,15-Jun-2005,https://afltables.com/rl/soo/game74.html
2005-Game 2-Blues-v-Maroons,2005,Game 2,Blues,Maroons,Maroons,Michael Crocker,0,0,0,0,15-Jun-2005,https://afltables.com/rl/soo/game74.html
2005-Game 2-Blues-v-Maroons,2005,Game 2,Blues,Maroons,Maroons,Petero Civoniceva,1,0,0,0,15-Jun-2005,https://afltables.com/rl/soo/game74.html
2005-Game 2-Blues-v-Maroons,2005,Game 2,Blues,Maroons,Maroons,Cameron Smith,0,3,0,0,15-Jun-2005,https://afltables.com/rl/soo/game74.html
2005-Game 2-Blues-v-Maroons,2005,Game 2,Blues,Maroons,Maroons,Brad Thorn,1,0,0,0,15-Jun-2005,https://afltables.com/rl/soo/game74.html
2005-Game 2-Blues-v-Maroons,2005,Game 2,Blues,Maroons,Maroons,Matthew Bowen,1,0,0,0,15-Jun-2005,https://afltables.com/rl/soo/game74.html
2005-Game 2-Blues-v-Maroons,2005,Game 2,Blues,Maroons,Maroons,Ben Ross,0,0,0,0,15-Jun-2005,https://afltables.com/rl/soo/game74.html
2005-Game 2-Blues-v-Maroons,2005,Game 2,Blues,Maroons,Maroons,Dane Carlaw,0,0,0,0,15-Jun-2005,https://afltables.com/rl/soo/game74.html
2005-Game 2-Blues-v-Maroons,2005,Game 2,Blues,Maroons,Maroons,Casey McGuire,0,0,0,0,15-Jun-2005,https://afltables.com/rl/soo/game74.html
2005-Game 3-Maroons-v-Blues,2005,Game 3,Maroons,Blues,Blues,Timana Tahu,1,0,0,0,6-Jul-2005,https://afltables.com/rl/soo/game75.html
2005-Game 3-Maroons-v-Blues,2005,Game 3,Maroons,Blues,Blues,Mark Gasnier,1,0,0,0,6-Jul-2005,https://afltables.com/rl/soo/game75.html
2005-Game 3-Maroons-v-Blues,2005,Game 3,Maroons,Blues,Blues,Matt Cooper,0,0,0,0,6-Jul-2005,https://afltables.com/rl/soo/game75.html
2005-Game 3-Maroons-v-Blues,2005,Game 3,Maroons,Blues,Blues,Matt King,3,0,0,0,6-Jul-2005,https://afltables.com/rl/soo/game75.html
2005-Game 3-Maroons-v-Blues,2005,Game 3,Maroons,Blues,Blues,Braith Anasta,1,0,0,0,6-Jul-2005,https://afltables.com/rl/soo/game75.html
2005-Game 3-Maroons-v-Blues,2005,Game 3,Maroons,Blues,Blues,Andrew Johns,0,3,0,0,6-Jul-2005,https://afltables.com/rl/soo/game75.html
2005-Game 3-Maroons-v-Blues,2005,Game 3,Maroons,Blues,Blues,Ben Kennedy,0,0,0,0,6-Jul-2005,https://afltables.com/rl/soo/game75.html
2005-Game 3-Maroons-v-Blues,2005,Game 3,Maroons,Blues,Blues,Nathan Hindmarsh,0,0,0,0,6-Jul-2005,https://afltables.com/rl/soo/game75.html
2005-Game 3-Maroons-v-Blues,2005,Game 3,Maroons,Blues,Blues,Craig Fitzgibbon,0,1,0,0,6-Jul-2005,https://afltables.com/rl/soo/game75.html
2005-Game 3-Maroons-v-Blues,2005,Game 3,Maroons,Blues,Blues,Jason Ryles,0,0,0,0,6-Jul-2005,https://afltables.com/rl/soo/game75.html
2005-Game 3-Maroons-v-Blues,2005,Game 3,Maroons,Blues,Blues,Danny Buderus,0,0,0,0,6-Jul-2005,https://afltables.com/rl/soo/game75.html
2005-Game 3-Maroons-v-Blues,2005,Game 3,Maroons,Blues,Blues,Luke Bailey,0,0,0,0,6-Jul-2005,https://afltables.com/rl/soo/game75.html
2005-Game 3-Maroons-v-Blues,2005,Game 3,Maroons,Blues,Blues,Craig Gower,0,0,0,0,6-Jul-2005,https://afltables.com/rl/soo/game75.html
2005-Game 3-Maroons-v-Blues,2005,Game 3,Maroons,Blues,Blues,Steve Simpson,0,0,0,0,6-Jul-2005,https://afltables.com/rl/soo/game75.html
2005-Game 3-Maroons-v-Blues,2005,Game 3,Maroons,Blues,Blues,Steve Menzies,0,0,0,0,6-Jul-2005,https://afltables.com/rl/soo/game75.html
2005-Game 3-Maroons-v-Blues,2005,Game 3,Maroons,Blues,Blues,Andrew Ryan,0,0,0,0,6-Jul-2005,https://afltables.com/rl/soo/game75.html
2005-Game 3-Maroons-v-Blues,2005,Game 3,Maroons,Blues,Maroons,Matt Sing,0,0,0,0,6-Jul-2005,https://afltables.com/rl/soo/game75.html
2005-Game 3-Maroons-v-Blues,2005,Game 3,Maroons,Blues,Maroons,Shaun Berrigan,0,0,0,0,6-Jul-2005,https://afltables.com/rl/soo/game75.html
2005-Game 3-Maroons-v-Blues,2005,Game 3,Maroons,Blues,Maroons,Paul Bowman,0,0,0,0,6-Jul-2005,https://afltables.com/rl/soo/game75.html
2005-Game 3-Maroons-v-Blues,2005,Game 3,Maroons,Blues,Maroons,Ty Williams,0,0,0,0,6-Jul-2005,https://afltables.com/rl/soo/game75.html
2005-Game 3-Maroons-v-Blues,2005,Game 3,Maroons,Blues,Maroons,Darren Lockyer,0,0,0,0,6-Jul-2005,https://afltables.com/rl/soo/game75.html
2005-Game 3-Maroons-v-Blues,2005,Game 3,Maroons,Blues,Maroons,Johnathan Thurston,1,0,0,0,6-Jul-2005,https://afltables.com/rl/soo/game75.html
2005-Game 3-Maroons-v-Blues,2005,Game 3,Maroons,Blues,Maroons,Chris Flannery,0,0,0,0,6-Jul-2005,https://afltables.com/rl/soo/game75.html
2005-Game 3-Maroons-v-Blues,2005,Game 3,Maroons,Blues,Maroons,Michael Crocker,0,0,0,0,6-Jul-2005,https://afltables.com/rl/soo/game75.html
2005-Game 3-Maroons-v-Blues,2005,Game 3,Maroons,Blues,Maroons,Brad Thorn,0,0,0,0,6-Jul-2005,https://afltables.com/rl/soo/game75.html
2005-Game 3-Maroons-v-Blues,2005,Game 3,Maroons,Blues,Maroons,Petero Civoniceva,0,0,0,0,6-Jul-2005,https://afltables.com/rl/soo/game75.html
2005-Game 3-Maroons-v-Blues,2005,Game 3,Maroons,Blues,Maroons,Cameron Smith,0,1,0,0,6-Jul-2005,https://afltables.com/rl/soo/game75.html
2005-Game 3-Maroons-v-Blues,2005,Game 3,Maroons,Blues,Maroons,Danny Nutley,0,0,0,0,6-Jul-2005,https://afltables.com/rl/soo/game75.html
2005-Game 3-Maroons-v-Blues,2005,Game 3,Maroons,Blues,Maroons,Ben Ross,0,0,0,0,6-Jul-2005,https://afltables.com/rl/soo/game75.html
2005-Game 3-Maroons-v-Blues,2005,Game 3,Maroons,Blues,Maroons,Corey Parker,0,0,0,0,6-Jul-2005,https://afltables.com/rl/soo/game75.html
2005-Game 3-Maroons-v-Blues,2005,Game 3,Maroons,Blues,Maroons,Ashley Harrison,0,0,0,0,6-Jul-2005,https://afltables.com/rl/soo/game75.html
2005-Game 3-Maroons-v-Blues,2005,Game 3,Maroons,Blues,Maroons,Tonie Carroll,0,0,0,0,6-Jul-2005,https://afltables.com/rl/soo/game75.html
2006-Game 1-Blues-v-Maroons,2006,Game 1,Blues,Maroons,Blues,Matt King,1,0,0,0,24-May-2006,https://afltables.com/rl/soo/game76.html
2006-Game 1-Blues-v-Maroons,2006,Game 1,Blues,Maroons,Blues,Mark Gasnier,0,0,0,0,24-May-2006,https://afltables.com/rl/soo/game76.html
2006-Game 1-Blues-v-Maroons,2006,Game 1,Blues,Maroons,Blues,Timana Tahu,0,0,0,0,24-May-2006,https://afltables.com/rl/soo/game76.html
2006-Game 1-Blues-v-Maroons,2006,Game 1,Blues,Maroons,Blues,Eric Grothe(P1),0,0,0,0,24-May-2006,https://afltables.com/rl/soo/game76.html
2006-Game 1-Blues-v-Maroons,2006,Game 1,Blues,Maroons,Blues,Braith Anasta,0,0,0,0,24-May-2006,https://afltables.com/rl/soo/game76.html
2006-Game 1-Blues-v-Maroons,2006,Game 1,Blues,Maroons,Blues,Brett Finch,1,0,1,0,24-May-2006,https://afltables.com/rl/soo/game76.html
2006-Game 1-Blues-v-Maroons,2006,Game 1,Blues,Maroons,Blues,Luke O'Donnell,0,0,0,0,24-May-2006,https://afltables.com/rl/soo/game76.html
2006-Game 1-Blues-v-Maroons,2006,Game 1,Blues,Maroons,Blues,Nathan Hindmarsh,0,0,0,0,24-May-2006,https://afltables.com/rl/soo/game76.html
2006-Game 1-Blues-v-Maroons,2006,Game 1,Blues,Maroons,Blues,Andrew Ryan,0,0,0,0,24-May-2006,https://afltables.com/rl/soo/game76.html
2006-Game 1-Blues-v-Maroons,2006,Game 1,Blues,Maroons,Blues,Brent Kite,0,0,0,0,24-May-2006,https://afltables.com/rl/soo/game76.html
2006-Game 1-Blues-v-Maroons,2006,Game 1,Blues,Maroons,Blues,Danny Buderus,0,0,0,0,24-May-2006,https://afltables.com/rl/soo/game76.html
2006-Game 1-Blues-v-Maroons,2006,Game 1,Blues,Maroons,Blues,Willie Mason,1,0,0,0,24-May-2006,https://afltables.com/rl/soo/game76.html
2006-Game 1-Blues-v-Maroons,2006,Game 1,Blues,Maroons,Blues,Steve Simpson,0,0,0,0,24-May-2006,https://afltables.com/rl/soo/game76.html
2006-Game 1-Blues-v-Maroons,2006,Game 1,Blues,Maroons,Blues,Craig Wing,0,0,0,0,24-May-2006,https://afltables.com/rl/soo/game76.html
2006-Game 1-Blues-v-Maroons,2006,Game 1,Blues,Maroons,Blues,Steve Menzies,0,0,0,0,24-May-2006,https://afltables.com/rl/soo/game76.html
2006-Game 1-Blues-v-Maroons,2006,Game 1,Blues,Maroons,Blues,Mark O'Meley,0,0,0,0,24-May-2006,https://afltables.com/rl/soo/game76.html
2006-Game 1-Blues-v-Maroons,2006,Game 1,Blues,Maroons,Maroons,Greg Inglis,2,0,0,0,24-May-2006,https://afltables.com/rl/soo/game76.html
2006-Game 1-Blues-v-Maroons,2006,Game 1,Blues,Maroons,Maroons,Justin Hodges,0,0,0,0,24-May-2006,https://afltables.com/rl/soo/game76.html
2006-Game 1-Blues-v-Maroons,2006,Game 1,Blues,Maroons,Maroons,Brent Tate,0,0,0,0,24-May-2006,https://afltables.com/rl/soo/game76.html
2006-Game 1-Blues-v-Maroons,2006,Game 1,Blues,Maroons,Maroons,Steven Bell,1,0,0,0,24-May-2006,https://afltables.com/rl/soo/game76.html
2006-Game 1-Blues-v-Maroons,2006,Game 1,Blues,Maroons,Maroons,Darren Lockyer,0,0,0,0,24-May-2006,https://afltables.com/rl/soo/game76.html
2006-Game 1-Blues-v-Maroons,2006,Game 1,Blues,Maroons,Maroons,Johnathan Thurston,0,2,0,0,24-May-2006,https://afltables.com/rl/soo/game76.html
2006-Game 1-Blues-v-Maroons,2006,Game 1,Blues,Maroons,Maroons,Dallas Johnson,0,0,0,0,24-May-2006,https://afltables.com/rl/soo/game76.html
2006-Game 1-Blues-v-Maroons,2006,Game 1,Blues,Maroons,Maroons,Matthew Scott,0,0,0,0,24-May-2006,https://afltables.com/rl/soo/game76.html
2006-Game 1-Blues-v-Maroons,2006,Game 1,Blues,Maroons,Maroons,David Stagg,0,0,0,0,24-May-2006,https://afltables.com/rl/soo/game76.html
2006-Game 1-Blues-v-Maroons,2006,Game 1,Blues,Maroons,Maroons,Petero Civoniceva,0,0,0,0,24-May-2006,https://afltables.com/rl/soo/game76.html
2006-Game 1-Blues-v-Maroons,2006,Game 1,Blues,Maroons,Maroons,Cameron Smith,0,0,0,0,24-May-2006,https://afltables.com/rl/soo/game76.html
2006-Game 1-Blues-v-Maroons,2006,Game 1,Blues,Maroons,Maroons,Steven Price,0,0,0,0,24-May-2006,https://afltables.com/rl/soo/game76.html
2006-Game 1-Blues-v-Maroons,2006,Game 1,Blues,Maroons,Maroons,Shaun Berrigan,0,0,0,0,24-May-2006,https://afltables.com/rl/soo/game76.html
2006-Game 1-Blues-v-Maroons,2006,Game 1,Blues,Maroons,Maroons,Carl Webb,0,0,0,0,24-May-2006,https://afltables.com/rl/soo/game76.html
2006-Game 1-Blues-v-Maroons,2006,Game 1,Blues,Maroons,Maroons,Sam Thaiday,0,0,0,0,24-May-2006,https://afltables.com/rl/soo/game76.html
2006-Game 1-Blues-v-Maroons,2006,Game 1,Blues,Maroons,Maroons,Nate Myles,0,0,0,0,24-May-2006,https://afltables.com/rl/soo/game76.html
2006-Game 2-Maroons-v-Blues,2006,Game 2,Maroons,Blues,Blues,Matt King,0,0,0,0,14-Jun-2006,https://afltables.com/rl/soo/game77.html
2006-Game 2-Maroons-v-Blues,2006,Game 2,Maroons,Blues,Blues,Mark Gasnier,0,0,0,0,14-Jun-2006,https://afltables.com/rl/soo/game77.html
2006-Game 2-Maroons-v-Blues,2006,Game 2,Maroons,Blues,Blues,Timana Tahu,1,0,0,0,14-Jun-2006,https://afltables.com/rl/soo/game77.html
2006-Game 2-Maroons-v-Blues,2006,Game 2,Maroons,Blues,Blues,Eric Grothe(P1),0,0,0,0,14-Jun-2006,https://afltables.com/rl/soo/game77.html
2006-Game 2-Maroons-v-Blues,2006,Game 2,Maroons,Blues,Blues,Braith Anasta,0,0,0,0,14-Jun-2006,https://afltables.com/rl/soo/game77.html
2006-Game 2-Maroons-v-Blues,2006,Game 2,Maroons,Blues,Blues,Brett Finch,0,0,0,0,14-Jun-2006,https://afltables.com/rl/soo/game77.html
2006-Game 2-Maroons-v-Blues,2006,Game 2,Maroons,Blues,Blues,Andrew Ryan,0,0,0,0,14-Jun-2006,https://afltables.com/rl/soo/game77.html
2006-Game 2-Maroons-v-Blues,2006,Game 2,Maroons,Blues,Blues,Nathan Hindmarsh,0,0,0,0,14-Jun-2006,https://afltables.com/rl/soo/game77.html
2006-Game 2-Maroons-v-Blues,2006,Game 2,Maroons,Blues,Blues,Steve Simpson,0,0,0,0,14-Jun-2006,https://afltables.com/rl/soo/game77.html
2006-Game 2-Maroons-v-Blues,2006,Game 2,Maroons,Blues,Blues,Brent Kite,0,0,0,0,14-Jun-2006,https://afltables.com/rl/soo/game77.html
2006-Game 2-Maroons-v-Blues,2006,Game 2,Maroons,Blues,Blues,Danny Buderus,0,0,0,0,14-Jun-2006,https://afltables.com/rl/soo/game77.html
2006-Game 2-Maroons-v-Blues,2006,Game 2,Maroons,Blues,Blues,Willie Mason,0,0,0,0,14-Jun-2006,https://afltables.com/rl/soo/game77.html
2006-Game 2-Maroons-v-Blues,2006,Game 2,Maroons,Blues,Blues,Luke Bailey,0,0,0,0,14-Jun-2006,https://afltables.com/rl/soo/game77.html
2006-Game 2-Maroons-v-Blues,2006,Game 2,Maroons,Blues,Blues,Mark O'Meley,0,0,0,0,14-Jun-2006,https://afltables.com/rl/soo/game77.html
2006-Game 2-Maroons-v-Blues,2006,Game 2,Maroons,Blues,Blues,Steve Menzies,0,0,0,0,14-Jun-2006,https://afltables.com/rl/soo/game77.html
2006-Game 2-Maroons-v-Blues,2006,Game 2,Maroons,Blues,Blues,Craig Wing,0,0,0,0,14-Jun-2006,https://afltables.com/rl/soo/game77.html
2006-Game 2-Maroons-v-Blues,2006,Game 2,Maroons,Blues,Maroons,Brent Tate,0,0,0,0,14-Jun-2006,https://afltables.com/rl/soo/game77.html
2006-Game 2-Maroons-v-Blues,2006,Game 2,Maroons,Blues,Maroons,Justin Hodges,1,0,0,0,14-Jun-2006,https://afltables.com/rl/soo/game77.html
2006-Game 2-Maroons-v-Blues,2006,Game 2,Maroons,Blues,Maroons,Steven Bell,0,0,0,0,14-Jun-2006,https://afltables.com/rl/soo/game77.html
2006-Game 2-Maroons-v-Blues,2006,Game 2,Maroons,Blues,Maroons,Adam Mogg,2,0,0,0,14-Jun-2006,https://afltables.com/rl/soo/game77.html
2006-Game 2-Maroons-v-Blues,2006,Game 2,Maroons,Blues,Maroons,Darren Lockyer,0,0,0,0,14-Jun-2006,https://afltables.com/rl/soo/game77.html
2006-Game 2-Maroons-v-Blues,2006,Game 2,Maroons,Blues,Maroons,Johnathan Thurston,0,5,0,0,14-Jun-2006,https://afltables.com/rl/soo/game77.html
2006-Game 2-Maroons-v-Blues,2006,Game 2,Maroons,Blues,Maroons,Dallas Johnson,0,0,0,0,14-Jun-2006,https://afltables.com/rl/soo/game77.html
2006-Game 2-Maroons-v-Blues,2006,Game 2,Maroons,Blues,Maroons,Carl Webb,1,0,0,0,14-Jun-2006,https://afltables.com/rl/soo/game77.html
2006-Game 2-Maroons-v-Blues,2006,Game 2,Maroons,Blues,Maroons,Nate Myles,0,0,0,0,14-Jun-2006,https://afltables.com/rl/soo/game77.html
2006-Game 2-Maroons-v-Blues,2006,Game 2,Maroons,Blues,Maroons,Petero Civoniceva,0,0,0,0,14-Jun-2006,https://afltables.com/rl/soo/game77.html
2006-Game 2-Maroons-v-Blues,2006,Game 2,Maroons,Blues,Maroons,Cameron Smith,0,0,0,0,14-Jun-2006,https://afltables.com/rl/soo/game77.html
2006-Game 2-Maroons-v-Blues,2006,Game 2,Maroons,Blues,Maroons,Steven Price,0,0,0,0,14-Jun-2006,https://afltables.com/rl/soo/game77.html
2006-Game 2-Maroons-v-Blues,2006,Game 2,Maroons,Blues,Maroons,Jacob Lillyman,0,0,0,0,14-Jun-2006,https://afltables.com/rl/soo/game77.html
2006-Game 2-Maroons-v-Blues,2006,Game 2,Maroons,Blues,Maroons,Sam Thaiday,0,0,0,0,14-Jun-2006,https://afltables.com/rl/soo/game77.html
2006-Game 2-Maroons-v-Blues,2006,Game 2,Maroons,Blues,Maroons,Chris Flannery,0,0,0,0,14-Jun-2006,https://afltables.com/rl/soo/game77.html
2006-Game 2-Maroons-v-Blues,2006,Game 2,Maroons,Blues,Maroons,Shaun Berrigan,1,0,0,0,14-Jun-2006,https://afltables.com/rl/soo/game77.html
2006-Game 3-Blues-v-Maroons,2006,Game 3,Blues,Maroons,Blues,Timana Tahu,0,0,0,0,5-Jul-2006,https://afltables.com/rl/soo/game78.html
2006-Game 3-Blues-v-Maroons,2006,Game 3,Blues,Maroons,Blues,Matt Cooper,0,0,0,0,5-Jul-2006,https://afltables.com/rl/soo/game78.html
2006-Game 3-Blues-v-Maroons,2006,Game 3,Blues,Maroons,Blues,Matt King,1,0,0,0,5-Jul-2006,https://afltables.com/rl/soo/game78.html
2006-Game 3-Blues-v-Maroons,2006,Game 3,Blues,Maroons,Blues,Eric Grothe(P1),2,0,0,0,5-Jul-2006,https://afltables.com/rl/soo/game78.html
2006-Game 3-Blues-v-Maroons,2006,Game 3,Blues,Maroons,Blues,Mark Gasnier,0,0,0,0,5-Jul-2006,https://afltables.com/rl/soo/game78.html
2006-Game 3-Blues-v-Maroons,2006,Game 3,Blues,Maroons,Blues,Craig Gower,0,0,0,0,5-Jul-2006,https://afltables.com/rl/soo/game78.html
2006-Game 3-Blues-v-Maroons,2006,Game 3,Blues,Maroons,Blues,Luke O'Donnell,0,0,0,0,5-Jul-2006,https://afltables.com/rl/soo/game78.html
2006-Game 3-Blues-v-Maroons,2006,Game 3,Blues,Maroons,Blues,Paul Gallen,0,0,0,0,5-Jul-2006,https://afltables.com/rl/soo/game78.html
2006-Game 3-Blues-v-Maroons,2006,Game 3,Blues,Maroons,Blues,Nathan Hindmarsh,0,0,0,0,5-Jul-2006,https://afltables.com/rl/soo/game78.html
2006-Game 3-Blues-v-Maroons,2006,Game 3,Blues,Maroons,Blues,Willie Mason,0,0,0,0,5-Jul-2006,https://afltables.com/rl/soo/game78.html
2006-Game 3-Blues-v-Maroons,2006,Game 3,Blues,Maroons,Blues,Danny Buderus,0,0,0,0,5-Jul-2006,https://afltables.com/rl/soo/game78.html
2006-Game 3-Blues-v-Maroons,2006,Game 3,Blues,Maroons,Blues,Luke Bailey,0,0,0,0,5-Jul-2006,https://afltables.com/rl/soo/game78.html
2006-Game 3-Blues-v-Maroons,2006,Game 3,Blues,Maroons,Blues,Ben Hornby,0,0,0,0,5-Jul-2006,https://afltables.com/rl/soo/game78.html
2006-Game 3-Blues-v-Maroons,2006,Game 3,Blues,Maroons,Blues,Mark O'Meley,0,0,0,0,5-Jul-2006,https://afltables.com/rl/soo/game78.html
2006-Game 3-Blues-v-Maroons,2006,Game 3,Blues,Maroons,Blues,Steve Simpson,0,0,0,0,5-Jul-2006,https://afltables.com/rl/soo/game78.html
2006-Game 3-Blues-v-Maroons,2006,Game 3,Blues,Maroons,Blues,Steve Menzies,0,0,0,0,5-Jul-2006,https://afltables.com/rl/soo/game78.html
2006-Game 3-Blues-v-Maroons,2006,Game 3,Blues,Maroons,Maroons,Rhys Wesser,0,0,0,0,5-Jul-2006,https://afltables.com/rl/soo/game78.html
2006-Game 3-Blues-v-Maroons,2006,Game 3,Blues,Maroons,Maroons,Brent Tate,1,0,0,0,5-Jul-2006,https://afltables.com/rl/soo/game78.html
2006-Game 3-Blues-v-Maroons,2006,Game 3,Blues,Maroons,Maroons,Josh Hannay,0,0,0,0,5-Jul-2006,https://afltables.com/rl/soo/game78.html
2006-Game 3-Blues-v-Maroons,2006,Game 3,Blues,Maroons,Maroons,Adam Mogg,1,0,0,0,5-Jul-2006,https://afltables.com/rl/soo/game78.html
2006-Game 3-Blues-v-Maroons,2006,Game 3,Blues,Maroons,Maroons,Darren Lockyer,1,0,0,0,5-Jul-2006,https://afltables.com/rl/soo/game78.html
2006-Game 3-Blues-v-Maroons,2006,Game 3,Blues,Maroons,Maroons,Johnathan Thurston,0,0,0,0,5-Jul-2006,https://afltables.com/rl/soo/game78.html
2006-Game 3-Blues-v-Maroons,2006,Game 3,Blues,Maroons,Maroons,Dallas Johnson,0,0,0,0,5-Jul-2006,https://afltables.com/rl/soo/game78.html
2006-Game 3-Blues-v-Maroons,2006,Game 3,Blues,Maroons,Maroons,Carl Webb,0,0,0,0,5-Jul-2006,https://afltables.com/rl/soo/game78.html
2006-Game 3-Blues-v-Maroons,2006,Game 3,Blues,Maroons,Maroons,Nate Myles,0,0,0,0,5-Jul-2006,https://afltables.com/rl/soo/game78.html
2006-Game 3-Blues-v-Maroons,2006,Game 3,Blues,Maroons,Maroons,Petero Civoniceva,0,0,0,0,5-Jul-2006,https://afltables.com/rl/soo/game78.html
2006-Game 3-Blues-v-Maroons,2006,Game 3,Blues,Maroons,Maroons,Cameron Smith,0,0,0,0,5-Jul-2006,https://afltables.com/rl/soo/game78.html
2006-Game 3-Blues-v-Maroons,2006,Game 3,Blues,Maroons,Maroons,Steven Price,0,0,0,0,5-Jul-2006,https://afltables.com/rl/soo/game78.html
2006-Game 3-Blues-v-Maroons,2006,Game 3,Blues,Maroons,Maroons,Chris Flannery,0,0,0,0,5-Jul-2006,https://afltables.com/rl/soo/game78.html
2006-Game 3-Blues-v-Maroons,2006,Game 3,Blues,Maroons,Maroons,Tonie Carroll,0,0,0,0,5-Jul-2006,https://afltables.com/rl/soo/game78.html
2006-Game 3-Blues-v-Maroons,2006,Game 3,Blues,Maroons,Maroons,Sam Thaiday,0,0,0,0,5-Jul-2006,https://afltables.com/rl/soo/game78.html
2006-Game 3-Blues-v-Maroons,2006,Game 3,Blues,Maroons,Maroons,Shaun Berrigan,0,0,0,0,5-Jul-2006,https://afltables.com/rl/soo/game78.html
2007-Game 1-Maroons-v-Blues,2007,Game 1,Maroons,Blues,Blues,Matt King,0,0,0,0,23-May-2007,https://afltables.com/rl/soo/game79.html
2007-Game 1-Maroons-v-Blues,2007,Game 1,Maroons,Blues,Blues,Jamie Lyon,0,3,0,0,23-May-2007,https://afltables.com/rl/soo/game79.html
2007-Game 1-Maroons-v-Blues,2007,Game 1,Maroons,Blues,Blues,Matt Cooper,1,0,0,0,23-May-2007,https://afltables.com/rl/soo/game79.html
2007-Game 1-Maroons-v-Blues,2007,Game 1,Maroons,Blues,Blues,Jarryd Hayne,1,0,0,0,23-May-2007,https://afltables.com/rl/soo/game79.html
2007-Game 1-Maroons-v-Blues,2007,Game 1,Maroons,Blues,Blues,Braith Anasta,0,0,0,0,23-May-2007,https://afltables.com/rl/soo/game79.html
2007-Game 1-Maroons-v-Blues,2007,Game 1,Maroons,Blues,Blues,Jarrod Mullen,0,0,0,0,23-May-2007,https://afltables.com/rl/soo/game79.html
2007-Game 1-Maroons-v-Blues,2007,Game 1,Maroons,Blues,Blues,Andrew Ryan,0,0,0,0,23-May-2007,https://afltables.com/rl/soo/game79.html
2007-Game 1-Maroons-v-Blues,2007,Game 1,Maroons,Blues,Blues,Nathan Hindmarsh,1,0,0,0,23-May-2007,https://afltables.com/rl/soo/game79.html
2007-Game 1-Maroons-v-Blues,2007,Game 1,Maroons,Blues,Blues,Willie Mason,0,0,0,0,23-May-2007,https://afltables.com/rl/soo/game79.html
2007-Game 1-Maroons-v-Blues,2007,Game 1,Maroons,Blues,Blues,Brent Kite,0,0,0,0,23-May-2007,https://afltables.com/rl/soo/game79.html
2007-Game 1-Maroons-v-Blues,2007,Game 1,Maroons,Blues,Blues,Danny Buderus,0,0,0,0,23-May-2007,https://afltables.com/rl/soo/game79.html
2007-Game 1-Maroons-v-Blues,2007,Game 1,Maroons,Blues,Blues,Brett White,0,0,0,0,23-May-2007,https://afltables.com/rl/soo/game79.html
2007-Game 1-Maroons-v-Blues,2007,Game 1,Maroons,Blues,Blues,Luke Bailey,0,0,0,0,23-May-2007,https://afltables.com/rl/soo/game79.html
2007-Game 1-Maroons-v-Blues,2007,Game 1,Maroons,Blues,Blues,Steve Simpson,0,0,0,0,23-May-2007,https://afltables.com/rl/soo/game79.html
2007-Game 1-Maroons-v-Blues,2007,Game 1,Maroons,Blues,Blues,Anthony Tupou,0,0,0,0,23-May-2007,https://afltables.com/rl/soo/game79.html
2007-Game 1-Maroons-v-Blues,2007,Game 1,Maroons,Blues,Blues,Kurt Gidley,0,0,0,0,23-May-2007,https://afltables.com/rl/soo/game79.html
2007-Game 1-Maroons-v-Blues,2007,Game 1,Maroons,Blues,Maroons,Brent Tate,0,0,0,0,23-May-2007,https://afltables.com/rl/soo/game79.html
2007-Game 1-Maroons-v-Blues,2007,Game 1,Maroons,Blues,Maroons,Steven Bell,0,0,0,0,23-May-2007,https://afltables.com/rl/soo/game79.html
2007-Game 1-Maroons-v-Blues,2007,Game 1,Maroons,Blues,Maroons,Justin Hodges,0,0,0,0,23-May-2007,https://afltables.com/rl/soo/game79.html
2007-Game 1-Maroons-v-Blues,2007,Game 1,Maroons,Blues,Maroons,Greg Inglis,2,0,0,0,23-May-2007,https://afltables.com/rl/soo/game79.html
2007-Game 1-Maroons-v-Blues,2007,Game 1,Maroons,Blues,Maroons,Darren Lockyer,1,0,0,0,23-May-2007,https://afltables.com/rl/soo/game79.html
2007-Game 1-Maroons-v-Blues,2007,Game 1,Maroons,Blues,Maroons,Johnathan Thurston,0,4,1,0,23-May-2007,https://afltables.com/rl/soo/game79.html
2007-Game 1-Maroons-v-Blues,2007,Game 1,Maroons,Blues,Maroons,Dallas Johnson,0,0,0,0,23-May-2007,https://afltables.com/rl/soo/game79.html
2007-Game 1-Maroons-v-Blues,2007,Game 1,Maroons,Blues,Maroons,Nate Myles,0,0,0,0,23-May-2007,https://afltables.com/rl/soo/game79.html
2007-Game 1-Maroons-v-Blues,2007,Game 1,Maroons,Blues,Maroons,Tonie Carroll,0,0,0,0,23-May-2007,https://afltables.com/rl/soo/game79.html
2007-Game 1-Maroons-v-Blues,2007,Game 1,Maroons,Blues,Maroons,Petero Civoniceva,0,0,0,0,23-May-2007,https://afltables.com/rl/soo/game79.html
2007-Game 1-Maroons-v-Blues,2007,Game 1,Maroons,Blues,Maroons,Cameron Smith,0,0,0,0,23-May-2007,https://afltables.com/rl/soo/game79.html
2007-Game 1-Maroons-v-Blues,2007,Game 1,Maroons,Blues,Maroons,Steven Price,1,0,0,0,23-May-2007,https://afltables.com/rl/soo/game79.html
2007-Game 1-Maroons-v-Blues,2007,Game 1,Maroons,Blues,Maroons,Shaun Berrigan,0,0,0,0,23-May-2007,https://afltables.com/rl/soo/game79.html
2007-Game 1-Maroons-v-Blues,2007,Game 1,Maroons,Blues,Maroons,Jacob Lillyman,0,0,0,0,23-May-2007,https://afltables.com/rl/soo/game79.html
2007-Game 1-Maroons-v-Blues,2007,Game 1,Maroons,Blues,Maroons,Neville Costigan,0,0,0,0,23-May-2007,https://afltables.com/rl/soo/game79.html
2007-Game 1-Maroons-v-Blues,2007,Game 1,Maroons,Blues,Maroons,Antonio Kaufusi,0,0,0,0,23-May-2007,https://afltables.com/rl/soo/game79.html
2007-Game 2-Blues-v-Maroons,2007,Game 2,Blues,Maroons,Blues,Matt King,0,0,0,0,13-Jun-2007,https://afltables.com/rl/soo/game80.html
2007-Game 2-Blues-v-Maroons,2007,Game 2,Blues,Maroons,Blues,Jamie Lyon,0,1,0,0,13-Jun-2007,https://afltables.com/rl/soo/game80.html
2007-Game 2-Blues-v-Maroons,2007,Game 2,Blues,Maroons,Blues,Matt Cooper,0,0,0,0,13-Jun-2007,https://afltables.com/rl/soo/game80.html
2007-Game 2-Blues-v-Maroons,2007,Game 2,Blues,Maroons,Blues,Jarryd Hayne,0,0,0,0,13-Jun-2007,https://afltables.com/rl/soo/game80.html
2007-Game 2-Blues-v-Maroons,2007,Game 2,Blues,Maroons,Blues,Braith Anasta,0,0,0,0,13-Jun-2007,https://afltables.com/rl/soo/game80.html
2007-Game 2-Blues-v-Maroons,2007,Game 2,Blues,Maroons,Blues,Brett Kimmorley,0,0,0,0,13-Jun-2007,https://afltables.com/rl/soo/game80.html
2007-Game 2-Blues-v-Maroons,2007,Game 2,Blues,Maroons,Blues,Andrew Ryan,0,0,0,0,13-Jun-2007,https://afltables.com/rl/soo/game80.html
2007-Game 2-Blues-v-Maroons,2007,Game 2,Blues,Maroons,Blues,Willie Mason,0,0,0,0,13-Jun-2007,https://afltables.com/rl/soo/game80.html
2007-Game 2-Blues-v-Maroons,2007,Game 2,Blues,Maroons,Blues,Nathan Hindmarsh,0,0,0,0,13-Jun-2007,https://afltables.com/rl/soo/game80.html
2007-Game 2-Blues-v-Maroons,2007,Game 2,Blues,Maroons,Blues,Brent Kite,0,0,0,0,13-Jun-2007,https://afltables.com/rl/soo/game80.html
2007-Game 2-Blues-v-Maroons,2007,Game 2,Blues,Maroons,Blues,Danny Buderus,0,0,0,0,13-Jun-2007,https://afltables.com/rl/soo/game80.html
2007-Game 2-Blues-v-Maroons,2007,Game 2,Blues,Maroons,Blues,Steve Simpson,0,0,0,0,13-Jun-2007,https://afltables.com/rl/soo/game80.html
2007-Game 2-Blues-v-Maroons,2007,Game 2,Blues,Maroons,Blues,Brett White,0,0,0,0,13-Jun-2007,https://afltables.com/rl/soo/game80.html
2007-Game 2-Blues-v-Maroons,2007,Game 2,Blues,Maroons,Blues,Luke Bailey,0,0,0,0,13-Jun-2007,https://afltables.com/rl/soo/game80.html
2007-Game 2-Blues-v-Maroons,2007,Game 2,Blues,Maroons,Blues,Ryan Hoffman,0,0,0,0,13-Jun-2007,https://afltables.com/rl/soo/game80.html
2007-Game 2-Blues-v-Maroons,2007,Game 2,Blues,Maroons,Blues,Greg Bird,0,0,0,0,13-Jun-2007,https://afltables.com/rl/soo/game80.html
2007-Game 2-Blues-v-Maroons,2007,Game 2,Blues,Maroons,Maroons,Brent Tate,0,0,0,0,13-Jun-2007,https://afltables.com/rl/soo/game80.html
2007-Game 2-Blues-v-Maroons,2007,Game 2,Blues,Maroons,Maroons,Steven Bell,1,0,0,0,13-Jun-2007,https://afltables.com/rl/soo/game80.html
2007-Game 2-Blues-v-Maroons,2007,Game 2,Blues,Maroons,Maroons,Justin Hodges,0,0,0,0,13-Jun-2007,https://afltables.com/rl/soo/game80.html
2007-Game 2-Blues-v-Maroons,2007,Game 2,Blues,Maroons,Maroons,Greg Inglis,1,0,0,0,13-Jun-2007,https://afltables.com/rl/soo/game80.html
2007-Game 2-Blues-v-Maroons,2007,Game 2,Blues,Maroons,Maroons,Darren Lockyer,0,0,0,0,13-Jun-2007,https://afltables.com/rl/soo/game80.html
2007-Game 2-Blues-v-Maroons,2007,Game 2,Blues,Maroons,Maroons,Johnathan Thurston,0,1,0,0,13-Jun-2007,https://afltables.com/rl/soo/game80.html
2007-Game 2-Blues-v-Maroons,2007,Game 2,Blues,Maroons,Maroons,Dallas Johnson,0,0,0,0,13-Jun-2007,https://afltables.com/rl/soo/game80.html
2007-Game 2-Blues-v-Maroons,2007,Game 2,Blues,Maroons,Maroons,Carl Webb,0,0,0,0,13-Jun-2007,https://afltables.com/rl/soo/game80.html
2007-Game 2-Blues-v-Maroons,2007,Game 2,Blues,Maroons,Maroons,Tonie Carroll,0,0,0,0,13-Jun-2007,https://afltables.com/rl/soo/game80.html
2007-Game 2-Blues-v-Maroons,2007,Game 2,Blues,Maroons,Maroons,Petero Civoniceva,0,0,0,0,13-Jun-2007,https://afltables.com/rl/soo/game80.html
2007-Game 2-Blues-v-Maroons,2007,Game 2,Blues,Maroons,Maroons,Cameron Smith,0,0,0,0,13-Jun-2007,https://afltables.com/rl/soo/game80.html
2007-Game 2-Blues-v-Maroons,2007,Game 2,Blues,Maroons,Maroons,Steven Price,0,0,0,0,13-Jun-2007,https://afltables.com/rl/soo/game80.html
2007-Game 2-Blues-v-Maroons,2007,Game 2,Blues,Maroons,Maroons,Shaun Berrigan,0,0,0,0,13-Jun-2007,https://afltables.com/rl/soo/game80.html
2007-Game 2-Blues-v-Maroons,2007,Game 2,Blues,Maroons,Maroons,Jacob Lillyman,0,0,0,0,13-Jun-2007,https://afltables.com/rl/soo/game80.html
2007-Game 2-Blues-v-Maroons,2007,Game 2,Blues,Maroons,Maroons,Nate Myles,0,0,0,0,13-Jun-2007,https://afltables.com/rl/soo/game80.html
2007-Game 2-Blues-v-Maroons,2007,Game 2,Blues,Maroons,Maroons,Neville Costigan,0,0,0,0,13-Jun-2007,https://afltables.com/rl/soo/game80.html
2007-Game 3-Maroons-v-Blues,2007,Game 3,Maroons,Blues,Blues,Hazem El Masri,1,3,0,0,4-Jul-2007,https://afltables.com/rl/soo/game81.html
2007-Game 3-Maroons-v-Blues,2007,Game 3,Maroons,Blues,Blues,Matt King,1,0,0,0,4-Jul-2007,https://afltables.com/rl/soo/game81.html
2007-Game 3-Maroons-v-Blues,2007,Game 3,Maroons,Blues,Blues,Matt Cooper,0,0,0,0,4-Jul-2007,https://afltables.com/rl/soo/game81.html
2007-Game 3-Maroons-v-Blues,2007,Game 3,Maroons,Blues,Blues,Jarryd Hayne,1,0,0,0,4-Jul-2007,https://afltables.com/rl/soo/game81.html
2007-Game 3-Maroons-v-Blues,2007,Game 3,Maroons,Blues,Blues,Greg Bird,0,0,0,0,4-Jul-2007,https://afltables.com/rl/soo/game81.html
2007-Game 3-Maroons-v-Blues,2007,Game 3,Maroons,Blues,Blues,Brett Kimmorley,0,0,0,0,4-Jul-2007,https://afltables.com/rl/soo/game81.html
2007-Game 3-Maroons-v-Blues,2007,Game 3,Maroons,Blues,Blues,Paul Gallen,0,0,0,0,4-Jul-2007,https://afltables.com/rl/soo/game81.html
2007-Game 3-Maroons-v-Blues,2007,Game 3,Maroons,Blues,Blues,Andrew Ryan,0,0,0,0,4-Jul-2007,https://afltables.com/rl/soo/game81.html
2007-Game 3-Maroons-v-Blues,2007,Game 3,Maroons,Blues,Blues,Nathan Hindmarsh,0,0,0,0,4-Jul-2007,https://afltables.com/rl/soo/game81.html
2007-Game 3-Maroons-v-Blues,2007,Game 3,Maroons,Blues,Blues,Willie Mason,0,0,0,0,4-Jul-2007,https://afltables.com/rl/soo/game81.html
2007-Game 3-Maroons-v-Blues,2007,Game 3,Maroons,Blues,Blues,Danny Buderus,0,0,0,0,4-Jul-2007,https://afltables.com/rl/soo/game81.html
2007-Game 3-Maroons-v-Blues,2007,Game 3,Maroons,Blues,Blues,Brent Kite,0,0,0,0,4-Jul-2007,https://afltables.com/rl/soo/game81.html
2007-Game 3-Maroons-v-Blues,2007,Game 3,Maroons,Blues,Blues,Luke Bailey,0,0,0,0,4-Jul-2007,https://afltables.com/rl/soo/game81.html
2007-Game 3-Maroons-v-Blues,2007,Game 3,Maroons,Blues,Blues,Steve Simpson,0,0,0,0,4-Jul-2007,https://afltables.com/rl/soo/game81.html
2007-Game 3-Maroons-v-Blues,2007,Game 3,Maroons,Blues,Blues,Ryan Hoffman,0,0,0,0,4-Jul-2007,https://afltables.com/rl/soo/game81.html
2007-Game 3-Maroons-v-Blues,2007,Game 3,Maroons,Blues,Blues,Kurt Gidley,0,0,0,0,4-Jul-2007,https://afltables.com/rl/soo/game81.html
2007-Game 3-Maroons-v-Blues,2007,Game 3,Maroons,Blues,Maroons,Brent Tate,0,0,0,0,4-Jul-2007,https://afltables.com/rl/soo/game81.html
2007-Game 3-Maroons-v-Blues,2007,Game 3,Maroons,Blues,Maroons,Justin Hodges,1,0,0,0,4-Jul-2007,https://afltables.com/rl/soo/game81.html
2007-Game 3-Maroons-v-Blues,2007,Game 3,Maroons,Blues,Maroons,Steven Bell,0,0,0,0,4-Jul-2007,https://afltables.com/rl/soo/game81.html
2007-Game 3-Maroons-v-Blues,2007,Game 3,Maroons,Blues,Maroons,Greg Inglis,0,0,0,0,4-Jul-2007,https://afltables.com/rl/soo/game81.html
2007-Game 3-Maroons-v-Blues,2007,Game 3,Maroons,Blues,Maroons,Darren Lockyer,0,0,0,0,4-Jul-2007,https://afltables.com/rl/soo/game81.html
2007-Game 3-Maroons-v-Blues,2007,Game 3,Maroons,Blues,Maroons,Johnathan Thurston,0,0,0,0,4-Jul-2007,https://afltables.com/rl/soo/game81.html
2007-Game 3-Maroons-v-Blues,2007,Game 3,Maroons,Blues,Maroons,Dallas Johnson,0,0,0,0,4-Jul-2007,https://afltables.com/rl/soo/game81.html
2007-Game 3-Maroons-v-Blues,2007,Game 3,Maroons,Blues,Maroons,Carl Webb,0,0,0,0,4-Jul-2007,https://afltables.com/rl/soo/game81.html
2007-Game 3-Maroons-v-Blues,2007,Game 3,Maroons,Blues,Maroons,Tonie Carroll,0,0,0,0,4-Jul-2007,https://afltables.com/rl/soo/game81.html
2007-Game 3-Maroons-v-Blues,2007,Game 3,Maroons,Blues,Maroons,Petero Civoniceva,0,0,0,0,4-Jul-2007,https://afltables.com/rl/soo/game81.html
2007-Game 3-Maroons-v-Blues,2007,Game 3,Maroons,Blues,Maroons,Cameron Smith,0,0,0,0,4-Jul-2007,https://afltables.com/rl/soo/game81.html
2007-Game 3-Maroons-v-Blues,2007,Game 3,Maroons,Blues,Maroons,Steven Price,0,0,0,0,4-Jul-2007,https://afltables.com/rl/soo/game81.html
2007-Game 3-Maroons-v-Blues,2007,Game 3,Maroons,Blues,Maroons,Shaun Berrigan,0,0,0,0,4-Jul-2007,https://afltables.com/rl/soo/game81.html
2007-Game 3-Maroons-v-Blues,2007,Game 3,Maroons,Blues,Maroons,Nate Myles,0,0,0,0,4-Jul-2007,https://afltables.com/rl/soo/game81.html
2007-Game 3-Maroons-v-Blues,2007,Game 3,Maroons,Blues,Maroons,Matthew Bowen,0,0,0,0,4-Jul-2007,https://afltables.com/rl/soo/game81.html
2007-Game 3-Maroons-v-Blues,2007,Game 3,Maroons,Blues,Maroons,Dane Carlaw,0,0,0,0,4-Jul-2007,https://afltables.com/rl/soo/game81.html
2008-Game 1-Blues-v-Maroons,2008,Game 1,Blues,Maroons,Blues,Jarryd Hayne,0,0,0,0,21-May-2008,https://afltables.com/rl/soo/game82.html
2008-Game 1-Blues-v-Maroons,2008,Game 1,Blues,Maroons,Blues,Mark Gasnier,0,0,0,0,21-May-2008,https://afltables.com/rl/soo/game82.html
2008-Game 1-Blues-v-Maroons,2008,Game 1,Blues,Maroons,Blues,Matt Cooper,0,0,0,0,21-May-2008,https://afltables.com/rl/soo/game82.html
2008-Game 1-Blues-v-Maroons,2008,Game 1,Blues,Maroons,Blues,Anthony Quinn,2,0,0,0,21-May-2008,https://afltables.com/rl/soo/game82.html
2008-Game 1-Blues-v-Maroons,2008,Game 1,Blues,Maroons,Blues,Greg Bird,0,0,0,0,21-May-2008,https://afltables.com/rl/soo/game82.html
2008-Game 1-Blues-v-Maroons,2008,Game 1,Blues,Maroons,Blues,Peter Wallace,0,0,0,0,21-May-2008,https://afltables.com/rl/soo/game82.html
2008-Game 1-Blues-v-Maroons,2008,Game 1,Blues,Maroons,Blues,Paul Gallen,0,0,0,0,21-May-2008,https://afltables.com/rl/soo/game82.html
2008-Game 1-Blues-v-Maroons,2008,Game 1,Blues,Maroons,Blues,Willie Mason,0,0,0,0,21-May-2008,https://afltables.com/rl/soo/game82.html
2008-Game 1-Blues-v-Maroons,2008,Game 1,Blues,Maroons,Blues,Ryan Hoffman,0,0,0,0,21-May-2008,https://afltables.com/rl/soo/game82.html
2008-Game 1-Blues-v-Maroons,2008,Game 1,Blues,Maroons,Blues,Craig Fitzgibbon,0,1,0,0,21-May-2008,https://afltables.com/rl/soo/game82.html
2008-Game 1-Blues-v-Maroons,2008,Game 1,Blues,Maroons,Blues,Danny Buderus,0,0,0,0,21-May-2008,https://afltables.com/rl/soo/game82.html
2008-Game 1-Blues-v-Maroons,2008,Game 1,Blues,Maroons,Blues,Brett White,0,0,0,0,21-May-2008,https://afltables.com/rl/soo/game82.html
2008-Game 1-Blues-v-Maroons,2008,Game 1,Blues,Maroons,Blues,Ben Hornby,0,0,0,0,21-May-2008,https://afltables.com/rl/soo/game82.html
2008-Game 1-Blues-v-Maroons,2008,Game 1,Blues,Maroons,Blues,Anthony Laffranchi,1,0,0,0,21-May-2008,https://afltables.com/rl/soo/game82.html
2008-Game 1-Blues-v-Maroons,2008,Game 1,Blues,Maroons,Blues,Anthony Tupou,0,0,0,0,21-May-2008,https://afltables.com/rl/soo/game82.html
2008-Game 1-Blues-v-Maroons,2008,Game 1,Blues,Maroons,Blues,Ben Cross,0,0,0,0,21-May-2008,https://afltables.com/rl/soo/game82.html
2008-Game 1-Blues-v-Maroons,2008,Game 1,Blues,Maroons,Maroons,Brent Tate,1,0,0,0,21-May-2008,https://afltables.com/rl/soo/game82.html
2008-Game 1-Blues-v-Maroons,2008,Game 1,Blues,Maroons,Maroons,Greg Inglis,0,0,0,0,21-May-2008,https://afltables.com/rl/soo/game82.html
2008-Game 1-Blues-v-Maroons,2008,Game 1,Blues,Maroons,Maroons,Justin Hodges,0,0,0,0,21-May-2008,https://afltables.com/rl/soo/game82.html
2008-Game 1-Blues-v-Maroons,2008,Game 1,Blues,Maroons,Maroons,Israel Folau,1,0,0,0,21-May-2008,https://afltables.com/rl/soo/game82.html
2008-Game 1-Blues-v-Maroons,2008,Game 1,Blues,Maroons,Maroons,Karmichael Hunt,0,0,0,0,21-May-2008,https://afltables.com/rl/soo/game82.html
2008-Game 1-Blues-v-Maroons,2008,Game 1,Blues,Maroons,Maroons,Johnathan Thurston,0,1,0,0,21-May-2008,https://afltables.com/rl/soo/game82.html
2008-Game 1-Blues-v-Maroons,2008,Game 1,Blues,Maroons,Maroons,Dallas Johnson,0,0,0,0,21-May-2008,https://afltables.com/rl/soo/game82.html
2008-Game 1-Blues-v-Maroons,2008,Game 1,Blues,Maroons,Maroons,Michael Crocker,0,0,0,0,21-May-2008,https://afltables.com/rl/soo/game82.html
2008-Game 1-Blues-v-Maroons,2008,Game 1,Blues,Maroons,Maroons,Sam Thaiday,0,0,0,0,21-May-2008,https://afltables.com/rl/soo/game82.html
2008-Game 1-Blues-v-Maroons,2008,Game 1,Blues,Maroons,Maroons,Petero Civoniceva,0,0,0,0,21-May-2008,https://afltables.com/rl/soo/game82.html
2008-Game 1-Blues-v-Maroons,2008,Game 1,Blues,Maroons,Maroons,Cameron Smith,0,0,0,0,21-May-2008,https://afltables.com/rl/soo/game82.html
2008-Game 1-Blues-v-Maroons,2008,Game 1,Blues,Maroons,Maroons,Carl Webb,0,0,0,0,21-May-2008,https://afltables.com/rl/soo/game82.html
2008-Game 1-Blues-v-Maroons,2008,Game 1,Blues,Maroons,Maroons,PJ Marsh,0,0,0,0,21-May-2008,https://afltables.com/rl/soo/game82.html
2008-Game 1-Blues-v-Maroons,2008,Game 1,Blues,Maroons,Maroons,Ben Hannant,0,0,0,0,21-May-2008,https://afltables.com/rl/soo/game82.html
2008-Game 1-Blues-v-Maroons,2008,Game 1,Blues,Maroons,Maroons,Nate Myles,0,0,0,0,21-May-2008,https://afltables.com/rl/soo/game82.html
2008-Game 1-Blues-v-Maroons,2008,Game 1,Blues,Maroons,Maroons,Jacob Lillyman,0,0,0,0,21-May-2008,https://afltables.com/rl/soo/game82.html
2008-Game 2-Maroons-v-Blues,2008,Game 2,Maroons,Blues,Blues,Steve Turner,0,0,0,0,11-Jun-2008,https://afltables.com/rl/soo/game83.html
2008-Game 2-Maroons-v-Blues,2008,Game 2,Maroons,Blues,Blues,Mark Gasnier,0,0,0,0,11-Jun-2008,https://afltables.com/rl/soo/game83.html
2008-Game 2-Maroons-v-Blues,2008,Game 2,Maroons,Blues,Blues,Matt Cooper,0,0,0,0,11-Jun-2008,https://afltables.com/rl/soo/game83.html
2008-Game 2-Maroons-v-Blues,2008,Game 2,Maroons,Blues,Blues,Anthony Quinn,0,0,0,0,11-Jun-2008,https://afltables.com/rl/soo/game83.html
2008-Game 2-Maroons-v-Blues,2008,Game 2,Maroons,Blues,Blues,Greg Bird,0,0,0,0,11-Jun-2008,https://afltables.com/rl/soo/game83.html
2008-Game 2-Maroons-v-Blues,2008,Game 2,Maroons,Blues,Blues,Peter Wallace,0,0,0,0,11-Jun-2008,https://afltables.com/rl/soo/game83.html
2008-Game 2-Maroons-v-Blues,2008,Game 2,Maroons,Blues,Blues,Paul Gallen,0,0,0,0,11-Jun-2008,https://afltables.com/rl/soo/game83.html
2008-Game 2-Maroons-v-Blues,2008,Game 2,Maroons,Blues,Blues,Ryan Hoffman,0,0,0,0,11-Jun-2008,https://afltables.com/rl/soo/game83.html
2008-Game 2-Maroons-v-Blues,2008,Game 2,Maroons,Blues,Blues,Willie Mason,0,0,0,0,11-Jun-2008,https://afltables.com/rl/soo/game83.html
2008-Game 2-Maroons-v-Blues,2008,Game 2,Maroons,Blues,Blues,Craig Fitzgibbon,0,0,0,0,11-Jun-2008,https://afltables.com/rl/soo/game83.html
2008-Game 2-Maroons-v-Blues,2008,Game 2,Maroons,Blues,Blues,Danny Buderus,0,0,0,0,11-Jun-2008,https://afltables.com/rl/soo/game83.html
2008-Game 2-Maroons-v-Blues,2008,Game 2,Maroons,Blues,Blues,Brett White,0,0,0,0,11-Jun-2008,https://afltables.com/rl/soo/game83.html
2008-Game 2-Maroons-v-Blues,2008,Game 2,Maroons,Blues,Blues,Kurt Gidley,0,0,0,0,11-Jun-2008,https://afltables.com/rl/soo/game83.html
2008-Game 2-Maroons-v-Blues,2008,Game 2,Maroons,Blues,Blues,Anthony Laffranchi,0,0,0,0,11-Jun-2008,https://afltables.com/rl/soo/game83.html
2008-Game 2-Maroons-v-Blues,2008,Game 2,Maroons,Blues,Blues,Steve Simpson,0,0,0,0,11-Jun-2008,https://afltables.com/rl/soo/game83.html
2008-Game 2-Maroons-v-Blues,2008,Game 2,Maroons,Blues,Blues,Anthony Tupou,0,0,0,0,11-Jun-2008,https://afltables.com/rl/soo/game83.html
2008-Game 2-Maroons-v-Blues,2008,Game 2,Maroons,Blues,Maroons,Darius Boyd,2,0,0,0,11-Jun-2008,https://afltables.com/rl/soo/game83.html
2008-Game 2-Maroons-v-Blues,2008,Game 2,Maroons,Blues,Maroons,Greg Inglis,0,0,0,0,11-Jun-2008,https://afltables.com/rl/soo/game83.html
2008-Game 2-Maroons-v-Blues,2008,Game 2,Maroons,Blues,Maroons,Brent Tate,0,0,0,0,11-Jun-2008,https://afltables.com/rl/soo/game83.html
2008-Game 2-Maroons-v-Blues,2008,Game 2,Maroons,Blues,Maroons,Israel Folau,1,0,0,0,11-Jun-2008,https://afltables.com/rl/soo/game83.html
2008-Game 2-Maroons-v-Blues,2008,Game 2,Maroons,Blues,Maroons,Johnathan Thurston,0,7,0,0,11-Jun-2008,https://afltables.com/rl/soo/game83.html
2008-Game 2-Maroons-v-Blues,2008,Game 2,Maroons,Blues,Maroons,Scott Prince,0,0,0,0,11-Jun-2008,https://afltables.com/rl/soo/game83.html
2008-Game 2-Maroons-v-Blues,2008,Game 2,Maroons,Blues,Maroons,Dallas Johnson,0,0,0,0,11-Jun-2008,https://afltables.com/rl/soo/game83.html
2008-Game 2-Maroons-v-Blues,2008,Game 2,Maroons,Blues,Maroons,Ashley Harrison,0,0,0,0,11-Jun-2008,https://afltables.com/rl/soo/game83.html
2008-Game 2-Maroons-v-Blues,2008,Game 2,Maroons,Blues,Maroons,Michael Crocker,0,0,0,0,11-Jun-2008,https://afltables.com/rl/soo/game83.html
2008-Game 2-Maroons-v-Blues,2008,Game 2,Maroons,Blues,Maroons,Petero Civoniceva,0,0,0,0,11-Jun-2008,https://afltables.com/rl/soo/game83.html
2008-Game 2-Maroons-v-Blues,2008,Game 2,Maroons,Blues,Maroons,Cameron Smith,0,0,0,0,11-Jun-2008,https://afltables.com/rl/soo/game83.html
2008-Game 2-Maroons-v-Blues,2008,Game 2,Maroons,Blues,Maroons,Steven Price,0,0,0,0,11-Jun-2008,https://afltables.com/rl/soo/game83.html
2008-Game 2-Maroons-v-Blues,2008,Game 2,Maroons,Blues,Maroons,Billy Slater,0,0,0,0,11-Jun-2008,https://afltables.com/rl/soo/game83.html
2008-Game 2-Maroons-v-Blues,2008,Game 2,Maroons,Blues,Maroons,Sam Thaiday,0,0,0,0,11-Jun-2008,https://afltables.com/rl/soo/game83.html
2008-Game 2-Maroons-v-Blues,2008,Game 2,Maroons,Blues,Maroons,Ben Hannant,1,0,0,0,11-Jun-2008,https://afltables.com/rl/soo/game83.html
2008-Game 2-Maroons-v-Blues,2008,Game 2,Maroons,Blues,Maroons,Nate Myles,0,0,0,0,11-Jun-2008,https://afltables.com/rl/soo/game83.html
2008-Game 3-Blues-v-Maroons,2008,Game 3,Blues,Maroons,Blues,Jarryd Hayne,0,0,0,0,2-Jul-2008,https://afltables.com/rl/soo/game84.html
2008-Game 3-Blues-v-Maroons,2008,Game 3,Blues,Maroons,Blues,Joel Monaghan,0,0,0,0,2-Jul-2008,https://afltables.com/rl/soo/game84.html
2008-Game 3-Blues-v-Maroons,2008,Game 3,Blues,Maroons,Blues,Matt Cooper,1,0,0,0,2-Jul-2008,https://afltables.com/rl/soo/game84.html
2008-Game 3-Blues-v-Maroons,2008,Game 3,Blues,Maroons,Blues,Anthony Quinn,0,0,0,0,2-Jul-2008,https://afltables.com/rl/soo/game84.html
2008-Game 3-Blues-v-Maroons,2008,Game 3,Blues,Maroons,Blues,Braith Anasta,0,0,0,0,2-Jul-2008,https://afltables.com/rl/soo/game84.html
2008-Game 3-Blues-v-Maroons,2008,Game 3,Blues,Maroons,Blues,Mitchell Pearce,0,0,0,0,2-Jul-2008,https://afltables.com/rl/soo/game84.html
2008-Game 3-Blues-v-Maroons,2008,Game 3,Blues,Maroons,Blues,Paul Gallen,0,0,0,0,2-Jul-2008,https://afltables.com/rl/soo/game84.html
2008-Game 3-Blues-v-Maroons,2008,Game 3,Blues,Maroons,Blues,Ryan Hoffman,0,0,0,0,2-Jul-2008,https://afltables.com/rl/soo/game84.html
2008-Game 3-Blues-v-Maroons,2008,Game 3,Blues,Maroons,Blues,Craig Fitzgibbon,0,3,0,0,2-Jul-2008,https://afltables.com/rl/soo/game84.html
2008-Game 3-Blues-v-Maroons,2008,Game 3,Blues,Maroons,Blues,Brett White,0,0,0,0,2-Jul-2008,https://afltables.com/rl/soo/game84.html
2008-Game 3-Blues-v-Maroons,2008,Game 3,Blues,Maroons,Blues,Danny Buderus,0,0,0,0,2-Jul-2008,https://afltables.com/rl/soo/game84.html
2008-Game 3-Blues-v-Maroons,2008,Game 3,Blues,Maroons,Blues,Ben Cross,0,0,0,0,2-Jul-2008,https://afltables.com/rl/soo/game84.html
2008-Game 3-Blues-v-Maroons,2008,Game 3,Blues,Maroons,Blues,Brett Stewart,0,0,0,0,2-Jul-2008,https://afltables.com/rl/soo/game84.html
2008-Game 3-Blues-v-Maroons,2008,Game 3,Blues,Maroons,Blues,Willie Mason,0,0,0,0,2-Jul-2008,https://afltables.com/rl/soo/game84.html
2008-Game 3-Blues-v-Maroons,2008,Game 3,Blues,Maroons,Blues,Anthony Tupou,0,0,0,0,2-Jul-2008,https://afltables.com/rl/soo/game84.html
2008-Game 3-Blues-v-Maroons,2008,Game 3,Blues,Maroons,Blues,Anthony Laffranchi,0,0,0,0,2-Jul-2008,https://afltables.com/rl/soo/game84.html
2008-Game 3-Blues-v-Maroons,2008,Game 3,Blues,Maroons,Maroons,Darius Boyd,0,0,0,0,2-Jul-2008,https://afltables.com/rl/soo/game84.html
2008-Game 3-Blues-v-Maroons,2008,Game 3,Blues,Maroons,Maroons,Greg Inglis,0,0,0,0,2-Jul-2008,https://afltables.com/rl/soo/game84.html
2008-Game 3-Blues-v-Maroons,2008,Game 3,Blues,Maroons,Maroons,Brent Tate,0,0,0,0,2-Jul-2008,https://afltables.com/rl/soo/game84.html
2008-Game 3-Blues-v-Maroons,2008,Game 3,Blues,Maroons,Maroons,Israel Folau,2,0,0,0,2-Jul-2008,https://afltables.com/rl/soo/game84.html
2008-Game 3-Blues-v-Maroons,2008,Game 3,Blues,Maroons,Maroons,Johnathan Thurston,0,2,0,0,2-Jul-2008,https://afltables.com/rl/soo/game84.html
2008-Game 3-Blues-v-Maroons,2008,Game 3,Blues,Maroons,Maroons,Scott Prince,0,0,0,0,2-Jul-2008,https://afltables.com/rl/soo/game84.html
2008-Game 3-Blues-v-Maroons,2008,Game 3,Blues,Maroons,Maroons,Dallas Johnson,0,0,0,0,2-Jul-2008,https://afltables.com/rl/soo/game84.html
2008-Game 3-Blues-v-Maroons,2008,Game 3,Blues,Maroons,Maroons,Ashley Harrison,0,0,0,0,2-Jul-2008,https://afltables.com/rl/soo/game84.html
2008-Game 3-Blues-v-Maroons,2008,Game 3,Blues,Maroons,Maroons,Nate Myles,0,0,0,0,2-Jul-2008,https://afltables.com/rl/soo/game84.html
2008-Game 3-Blues-v-Maroons,2008,Game 3,Blues,Maroons,Maroons,Petero Civoniceva,0,0,0,0,2-Jul-2008,https://afltables.com/rl/soo/game84.html
2008-Game 3-Blues-v-Maroons,2008,Game 3,Blues,Maroons,Maroons,Cameron Smith,0,0,0,0,2-Jul-2008,https://afltables.com/rl/soo/game84.html
2008-Game 3-Blues-v-Maroons,2008,Game 3,Blues,Maroons,Maroons,Steven Price,0,0,0,0,2-Jul-2008,https://afltables.com/rl/soo/game84.html
2008-Game 3-Blues-v-Maroons,2008,Game 3,Blues,Maroons,Maroons,Sam Thaiday,0,0,0,0,2-Jul-2008,https://afltables.com/rl/soo/game84.html
2008-Game 3-Blues-v-Maroons,2008,Game 3,Blues,Maroons,Maroons,Michael Crocker,0,0,0,0,2-Jul-2008,https://afltables.com/rl/soo/game84.html
2008-Game 3-Blues-v-Maroons,2008,Game 3,Blues,Maroons,Maroons,Billy Slater,1,0,0,0,2-Jul-2008,https://afltables.com/rl/soo/game84.html
2008-Game 3-Blues-v-Maroons,2008,Game 3,Blues,Maroons,Maroons,Ben Hannant,0,0,0,0,2-Jul-2008,https://afltables.com/rl/soo/game84.html
2009-Game 1-Maroons-v-Blues,2009,Game 1,Maroons,Blues,Blues,Jarryd Hayne,1,0,0,0,03-Jun-2009,https://afltables.com/rl/soo/game85.html
2009-Game 1-Maroons-v-Blues,2009,Game 1,Maroons,Blues,Blues,Michael Jennings,0,0,0,0,03-Jun-2009,https://afltables.com/rl/soo/game85.html
2009-Game 1-Maroons-v-Blues,2009,Game 1,Maroons,Blues,Blues,Jamie Lyon,0,0,0,0,03-Jun-2009,https://afltables.com/rl/soo/game85.html
2009-Game 1-Maroons-v-Blues,2009,Game 1,Maroons,Blues,Blues,James McManus,0,0,0,0,03-Jun-2009,https://afltables.com/rl/soo/game85.html
2009-Game 1-Maroons-v-Blues,2009,Game 1,Maroons,Blues,Blues,Terry Campese,0,0,0,0,03-Jun-2009,https://afltables.com/rl/soo/game85.html
2009-Game 1-Maroons-v-Blues,2009,Game 1,Maroons,Blues,Blues,Peter Wallace,0,0,0,0,03-Jun-2009,https://afltables.com/rl/soo/game85.html
2009-Game 1-Maroons-v-Blues,2009,Game 1,Maroons,Blues,Blues,Anthony Laffranchi,0,0,0,0,03-Jun-2009,https://afltables.com/rl/soo/game85.html
2009-Game 1-Maroons-v-Blues,2009,Game 1,Maroons,Blues,Blues,Ben Creagh,1,0,0,0,03-Jun-2009,https://afltables.com/rl/soo/game85.html
2009-Game 1-Maroons-v-Blues,2009,Game 1,Maroons,Blues,Blues,Luke O'Donnell,0,0,0,0,03-Jun-2009,https://afltables.com/rl/soo/game85.html
2009-Game 1-Maroons-v-Blues,2009,Game 1,Maroons,Blues,Blues,Luke Bailey,0,0,0,0,03-Jun-2009,https://afltables.com/rl/soo/game85.html
2009-Game 1-Maroons-v-Blues,2009,Game 1,Maroons,Blues,Blues,Robbie Farah,0,0,0,0,03-Jun-2009,https://afltables.com/rl/soo/game85.html
2009-Game 1-Maroons-v-Blues,2009,Game 1,Maroons,Blues,Blues,Brent Kite,0,0,0,0,03-Jun-2009,https://afltables.com/rl/soo/game85.html
2009-Game 1-Maroons-v-Blues,2009,Game 1,Maroons,Blues,Blues,Craig Wing,1,0,0,0,03-Jun-2009,https://afltables.com/rl/soo/game85.html
2009-Game 1-Maroons-v-Blues,2009,Game 1,Maroons,Blues,Blues,Justin Poore,0,0,0,0,03-Jun-2009,https://afltables.com/rl/soo/game85.html
2009-Game 1-Maroons-v-Blues,2009,Game 1,Maroons,Blues,Blues,Michael Weyman,0,0,0,0,03-Jun-2009,https://afltables.com/rl/soo/game85.html
2009-Game 1-Maroons-v-Blues,2009,Game 1,Maroons,Blues,Blues,Luke Lewis,0,0,0,0,03-Jun-2009,https://afltables.com/rl/soo/game85.html
2009-Game 1-Maroons-v-Blues,2009,Game 1,Maroons,Blues,Maroons,Darius Boyd,1,0,0,0,03-Jun-2009,https://afltables.com/rl/soo/game85.html
2009-Game 1-Maroons-v-Blues,2009,Game 1,Maroons,Blues,Maroons,Greg Inglis,2,0,0,0,03-Jun-2009,https://afltables.com/rl/soo/game85.html
2009-Game 1-Maroons-v-Blues,2009,Game 1,Maroons,Blues,Maroons,Justin Hodges,0,0,0,0,03-Jun-2009,https://afltables.com/rl/soo/game85.html
2009-Game 1-Maroons-v-Blues,2009,Game 1,Maroons,Blues,Maroons,Israel Folau,0,0,0,0,03-Jun-2009,https://afltables.com/rl/soo/game85.html
2009-Game 1-Maroons-v-Blues,2009,Game 1,Maroons,Blues,Maroons,Darren Lockyer,0,0,0,0,03-Jun-2009,https://afltables.com/rl/soo/game85.html
2009-Game 1-Maroons-v-Blues,2009,Game 1,Maroons,Blues,Maroons,Johnathan Thurston,1,4,0,0,03-Jun-2009,https://afltables.com/rl/soo/game85.html
2009-Game 1-Maroons-v-Blues,2009,Game 1,Maroons,Blues,Maroons,Dallas Johnson,0,0,0,0,03-Jun-2009,https://afltables.com/rl/soo/game85.html
2009-Game 1-Maroons-v-Blues,2009,Game 1,Maroons,Blues,Maroons,Sam Thaiday,0,0,0,0,03-Jun-2009,https://afltables.com/rl/soo/game85.html
2009-Game 1-Maroons-v-Blues,2009,Game 1,Maroons,Blues,Maroons,Ashley Harrison,0,0,0,0,03-Jun-2009,https://afltables.com/rl/soo/game85.html
2009-Game 1-Maroons-v-Blues,2009,Game 1,Maroons,Blues,Maroons,Petero Civoniceva,0,0,0,0,03-Jun-2009,https://afltables.com/rl/soo/game85.html
2009-Game 1-Maroons-v-Blues,2009,Game 1,Maroons,Blues,Maroons,Cameron Smith,0,0,0,0,03-Jun-2009,https://afltables.com/rl/soo/game85.html
2009-Game 1-Maroons-v-Blues,2009,Game 1,Maroons,Blues,Maroons,Steven Price,0,0,0,0,03-Jun-2009,https://afltables.com/rl/soo/game85.html
2009-Game 1-Maroons-v-Blues,2009,Game 1,Maroons,Blues,Maroons,Karmichael Hunt,0,0,0,0,03-Jun-2009,https://afltables.com/rl/soo/game85.html
2009-Game 1-Maroons-v-Blues,2009,Game 1,Maroons,Blues,Maroons,Ben Hannant,0,0,0,0,03-Jun-2009,https://afltables.com/rl/soo/game85.html
2009-Game 1-Maroons-v-Blues,2009,Game 1,Maroons,Blues,Maroons,Nate Myles,0,0,0,0,03-Jun-2009,https://afltables.com/rl/soo/game85.html
2009-Game 1-Maroons-v-Blues,2009,Game 1,Maroons,Blues,Maroons,Michael Crocker,0,0,0,0,03-Jun-2009,https://afltables.com/rl/soo/game85.html
2009-Game 2-Blues-v-Maroons,2009,Game 2,Blues,Maroons,Blues,Jarryd Hayne,2,0,0,0,24-Jun-2009,https://afltables.com/rl/soo/game86.html
2009-Game 2-Blues-v-Maroons,2009,Game 2,Blues,Maroons,Blues,Joel Monaghan,0,0,0,0,24-Jun-2009,https://afltables.com/rl/soo/game86.html
2009-Game 2-Blues-v-Maroons,2009,Game 2,Blues,Maroons,Blues,Jamie Lyon,0,0,0,0,24-Jun-2009,https://afltables.com/rl/soo/game86.html
2009-Game 2-Blues-v-Maroons,2009,Game 2,Blues,Maroons,Blues,David Williams,1,0,0,0,24-Jun-2009,https://afltables.com/rl/soo/game86.html
2009-Game 2-Blues-v-Maroons,2009,Game 2,Blues,Maroons,Blues,Trent Barrett,0,0,0,0,24-Jun-2009,https://afltables.com/rl/soo/game86.html
2009-Game 2-Blues-v-Maroons,2009,Game 2,Blues,Maroons,Blues,Peter Wallace,0,0,0,0,24-Jun-2009,https://afltables.com/rl/soo/game86.html
2009-Game 2-Blues-v-Maroons,2009,Game 2,Blues,Maroons,Blues,Paul Gallen,0,0,0,0,24-Jun-2009,https://afltables.com/rl/soo/game86.html
2009-Game 2-Blues-v-Maroons,2009,Game 2,Blues,Maroons,Blues,Ben Creagh,0,0,0,0,24-Jun-2009,https://afltables.com/rl/soo/game86.html
2009-Game 2-Blues-v-Maroons,2009,Game 2,Blues,Maroons,Blues,Luke O'Donnell,0,0,0,0,24-Jun-2009,https://afltables.com/rl/soo/game86.html
2009-Game 2-Blues-v-Maroons,2009,Game 2,Blues,Maroons,Blues,Michael Weyman,0,0,0,0,24-Jun-2009,https://afltables.com/rl/soo/game86.html
2009-Game 2-Blues-v-Maroons,2009,Game 2,Blues,Maroons,Blues,Robbie Farah,0,0,0,0,24-Jun-2009,https://afltables.com/rl/soo/game86.html
2009-Game 2-Blues-v-Maroons,2009,Game 2,Blues,Maroons,Blues,Brent Kite,0,0,0,0,24-Jun-2009,https://afltables.com/rl/soo/game86.html
2009-Game 2-Blues-v-Maroons,2009,Game 2,Blues,Maroons,Blues,Justin Poore,0,0,0,0,24-Jun-2009,https://afltables.com/rl/soo/game86.html
2009-Game 2-Blues-v-Maroons,2009,Game 2,Blues,Maroons,Blues,Glenn Stewart,0,0,0,0,24-Jun-2009,https://afltables.com/rl/soo/game86.html
2009-Game 2-Blues-v-Maroons,2009,Game 2,Blues,Maroons,Blues,Anthony Watmough,0,0,0,0,24-Jun-2009,https://afltables.com/rl/soo/game86.html
2009-Game 2-Blues-v-Maroons,2009,Game 2,Blues,Maroons,Blues,Josh Morris,0,0,0,0,24-Jun-2009,https://afltables.com/rl/soo/game86.html
2009-Game 2-Blues-v-Maroons,2009,Game 2,Blues,Maroons,Maroons,Darius Boyd,0,0,0,0,24-Jun-2009,https://afltables.com/rl/soo/game86.html
2009-Game 2-Blues-v-Maroons,2009,Game 2,Blues,Maroons,Maroons,Greg Inglis,1,0,0,0,24-Jun-2009,https://afltables.com/rl/soo/game86.html
2009-Game 2-Blues-v-Maroons,2009,Game 2,Blues,Maroons,Maroons,Willie Tonga,0,0,0,0,24-Jun-2009,https://afltables.com/rl/soo/game86.html
2009-Game 2-Blues-v-Maroons,2009,Game 2,Blues,Maroons,Maroons,Israel Folau,1,0,0,0,24-Jun-2009,https://afltables.com/rl/soo/game86.html
2009-Game 2-Blues-v-Maroons,2009,Game 2,Blues,Maroons,Maroons,Darren Lockyer,1,0,0,0,24-Jun-2009,https://afltables.com/rl/soo/game86.html
2009-Game 2-Blues-v-Maroons,2009,Game 2,Blues,Maroons,Maroons,Johnathan Thurston,0,4,0,0,24-Jun-2009,https://afltables.com/rl/soo/game86.html
2009-Game 2-Blues-v-Maroons,2009,Game 2,Blues,Maroons,Maroons,Dallas Johnson,0,0,0,0,24-Jun-2009,https://afltables.com/rl/soo/game86.html
2009-Game 2-Blues-v-Maroons,2009,Game 2,Blues,Maroons,Maroons,Sam Thaiday,0,0,0,0,24-Jun-2009,https://afltables.com/rl/soo/game86.html
2009-Game 2-Blues-v-Maroons,2009,Game 2,Blues,Maroons,Maroons,Ashley Harrison,0,0,0,0,24-Jun-2009,https://afltables.com/rl/soo/game86.html
2009-Game 2-Blues-v-Maroons,2009,Game 2,Blues,Maroons,Maroons,Petero Civoniceva,0,0,0,0,24-Jun-2009,https://afltables.com/rl/soo/game86.html
2009-Game 2-Blues-v-Maroons,2009,Game 2,Blues,Maroons,Maroons,Cameron Smith,1,0,0,0,24-Jun-2009,https://afltables.com/rl/soo/game86.html
2009-Game 2-Blues-v-Maroons,2009,Game 2,Blues,Maroons,Maroons,Steven Price,0,0,0,0,24-Jun-2009,https://afltables.com/rl/soo/game86.html
2009-Game 2-Blues-v-Maroons,2009,Game 2,Blues,Maroons,Maroons,Karmichael Hunt,0,0,0,0,24-Jun-2009,https://afltables.com/rl/soo/game86.html
2009-Game 2-Blues-v-Maroons,2009,Game 2,Blues,Maroons,Maroons,Ben Hannant,0,0,0,0,24-Jun-2009,https://afltables.com/rl/soo/game86.html
2009-Game 2-Blues-v-Maroons,2009,Game 2,Blues,Maroons,Maroons,Nate Myles,0,0,0,0,24-Jun-2009,https://afltables.com/rl/soo/game86.html
2009-Game 2-Blues-v-Maroons,2009,Game 2,Blues,Maroons,Maroons,Michael Crocker,0,0,0,0,24-Jun-2009,https://afltables.com/rl/soo/game86.html
2009-Game 3-Maroons-v-Blues,2009,Game 3,Maroons,Blues,Blues,Jarryd Hayne,0,0,0,0,15-Jul-2009,https://afltables.com/rl/soo/game87.html
2009-Game 3-Maroons-v-Blues,2009,Game 3,Maroons,Blues,Blues,Michael Jennings,0,0,0,0,15-Jul-2009,https://afltables.com/rl/soo/game87.html
2009-Game 3-Maroons-v-Blues,2009,Game 3,Maroons,Blues,Blues,Josh Morris,1,0,0,0,15-Jul-2009,https://afltables.com/rl/soo/game87.html
2009-Game 3-Maroons-v-Blues,2009,Game 3,Maroons,Blues,Blues,David Williams,1,0,0,0,15-Jul-2009,https://afltables.com/rl/soo/game87.html
2009-Game 3-Maroons-v-Blues,2009,Game 3,Maroons,Blues,Blues,Trent Barrett,0,0,0,0,15-Jul-2009,https://afltables.com/rl/soo/game87.html
2009-Game 3-Maroons-v-Blues,2009,Game 3,Maroons,Blues,Blues,Brett Kimmorley,0,0,0,0,15-Jul-2009,https://afltables.com/rl/soo/game87.html
2009-Game 3-Maroons-v-Blues,2009,Game 3,Maroons,Blues,Blues,Anthony Watmough,0,0,0,0,15-Jul-2009,https://afltables.com/rl/soo/game87.html
2009-Game 3-Maroons-v-Blues,2009,Game 3,Maroons,Blues,Blues,Ben Creagh,2,0,0,0,15-Jul-2009,https://afltables.com/rl/soo/game87.html
2009-Game 3-Maroons-v-Blues,2009,Game 3,Maroons,Blues,Blues,Trent Waterhouse,0,0,0,0,15-Jul-2009,https://afltables.com/rl/soo/game87.html
2009-Game 3-Maroons-v-Blues,2009,Game 3,Maroons,Blues,Blues,Justin Poore,0,0,0,0,15-Jul-2009,https://afltables.com/rl/soo/game87.html
2009-Game 3-Maroons-v-Blues,2009,Game 3,Maroons,Blues,Blues,Michael Ennis,0,3,0,0,15-Jul-2009,https://afltables.com/rl/soo/game87.html
2009-Game 3-Maroons-v-Blues,2009,Game 3,Maroons,Blues,Blues,Josh Perry,0,0,0,0,15-Jul-2009,https://afltables.com/rl/soo/game87.html
2009-Game 3-Maroons-v-Blues,2009,Game 3,Maroons,Blues,Blues,Craig Wing,0,0,0,0,15-Jul-2009,https://afltables.com/rl/soo/game87.html
2009-Game 3-Maroons-v-Blues,2009,Game 3,Maroons,Blues,Blues,Tom Learoyd-Lahrs,0,0,0,0,15-Jul-2009,https://afltables.com/rl/soo/game87.html
2009-Game 3-Maroons-v-Blues,2009,Game 3,Maroons,Blues,Blues,Glenn Stewart,0,0,0,0,15-Jul-2009,https://afltables.com/rl/soo/game87.html
2009-Game 3-Maroons-v-Blues,2009,Game 3,Maroons,Blues,Blues,Brett White,0,0,0,0,15-Jul-2009,https://afltables.com/rl/soo/game87.html
2009-Game 3-Maroons-v-Blues,2009,Game 3,Maroons,Blues,Maroons,Darius Boyd,0,0,0,0,15-Jul-2009,https://afltables.com/rl/soo/game87.html
2009-Game 3-Maroons-v-Blues,2009,Game 3,Maroons,Blues,Maroons,Greg Inglis,0,0,0,0,15-Jul-2009,https://afltables.com/rl/soo/game87.html
2009-Game 3-Maroons-v-Blues,2009,Game 3,Maroons,Blues,Maroons,Justin Hodges,1,0,0,0,15-Jul-2009,https://afltables.com/rl/soo/game87.html
2009-Game 3-Maroons-v-Blues,2009,Game 3,Maroons,Blues,Maroons,Willie Tonga,0,0,0,0,15-Jul-2009,https://afltables.com/rl/soo/game87.html
2009-Game 3-Maroons-v-Blues,2009,Game 3,Maroons,Blues,Maroons,Darren Lockyer,0,0,0,0,15-Jul-2009,https://afltables.com/rl/soo/game87.html
2009-Game 3-Maroons-v-Blues,2009,Game 3,Maroons,Blues,Maroons,Johnathan Thurston,0,2,0,0,15-Jul-2009,https://afltables.com/rl/soo/game87.html
2009-Game 3-Maroons-v-Blues,2009,Game 3,Maroons,Blues,Maroons,Dallas Johnson,1,0,0,0,15-Jul-2009,https://afltables.com/rl/soo/game87.html
2009-Game 3-Maroons-v-Blues,2009,Game 3,Maroons,Blues,Maroons,Michael Crocker,0,0,0,0,15-Jul-2009,https://afltables.com/rl/soo/game87.html
2009-Game 3-Maroons-v-Blues,2009,Game 3,Maroons,Blues,Maroons,Ashley Harrison,0,0,0,0,15-Jul-2009,https://afltables.com/rl/soo/game87.html
2009-Game 3-Maroons-v-Blues,2009,Game 3,Maroons,Blues,Maroons,Steven Price,0,0,0,0,15-Jul-2009,https://afltables.com/rl/soo/game87.html
2009-Game 3-Maroons-v-Blues,2009,Game 3,Maroons,Blues,Maroons,Cameron Smith,0,0,0,0,15-Jul-2009,https://afltables.com/rl/soo/game87.html
2009-Game 3-Maroons-v-Blues,2009,Game 3,Maroons,Blues,Maroons,David Shillington,0,0,0,0,15-Jul-2009,https://afltables.com/rl/soo/game87.html
2009-Game 3-Maroons-v-Blues,2009,Game 3,Maroons,Blues,Maroons,Matthew Scott,0,0,0,0,15-Jul-2009,https://afltables.com/rl/soo/game87.html
2009-Game 3-Maroons-v-Blues,2009,Game 3,Maroons,Blues,Maroons,Sam Thaiday,0,0,0,0,15-Jul-2009,https://afltables.com/rl/soo/game87.html
2009-Game 3-Maroons-v-Blues,2009,Game 3,Maroons,Blues,Maroons,Karmichael Hunt,0,0,0,0,15-Jul-2009,https://afltables.com/rl/soo/game87.html
2009-Game 3-Maroons-v-Blues,2009,Game 3,Maroons,Blues,Maroons,Neville Costigan,0,0,0,0,15-Jul-2009,https://afltables.com/rl/soo/game87.html
2010-Game 1-Blues-v-Maroons,2010,Game 1,Blues,Maroons,Blues,Jarryd Hayne,1,0,0,0,26-May-2010,https://afltables.com/rl/soo/game88.html
2010-Game 1-Blues-v-Maroons,2010,Game 1,Blues,Maroons,Blues,Timana Tahu,0,0,0,0,26-May-2010,https://afltables.com/rl/soo/game88.html
2010-Game 1-Blues-v-Maroons,2010,Game 1,Blues,Maroons,Blues,Matt Cooper,0,0,0,0,26-May-2010,https://afltables.com/rl/soo/game88.html
2010-Game 1-Blues-v-Maroons,2010,Game 1,Blues,Maroons,Blues,Brett Morris,0,0,0,0,26-May-2010,https://afltables.com/rl/soo/game88.html
2010-Game 1-Blues-v-Maroons,2010,Game 1,Blues,Maroons,Blues,Jamie Lyon,0,4,0,0,26-May-2010,https://afltables.com/rl/soo/game88.html
2010-Game 1-Blues-v-Maroons,2010,Game 1,Blues,Maroons,Blues,Brett Kimmorley,0,0,0,0,26-May-2010,https://afltables.com/rl/soo/game88.html
2010-Game 1-Blues-v-Maroons,2010,Game 1,Blues,Maroons,Blues,Anthony Watmough,1,0,0,0,26-May-2010,https://afltables.com/rl/soo/game88.html
2010-Game 1-Blues-v-Maroons,2010,Game 1,Blues,Maroons,Blues,Ben Creagh,1,0,0,0,26-May-2010,https://afltables.com/rl/soo/game88.html
2010-Game 1-Blues-v-Maroons,2010,Game 1,Blues,Maroons,Blues,Trent Waterhouse,0,0,0,0,26-May-2010,https://afltables.com/rl/soo/game88.html
2010-Game 1-Blues-v-Maroons,2010,Game 1,Blues,Maroons,Blues,Josh Perry,0,0,0,0,26-May-2010,https://afltables.com/rl/soo/game88.html
2010-Game 1-Blues-v-Maroons,2010,Game 1,Blues,Maroons,Blues,Michael Ennis,0,0,0,0,26-May-2010,https://afltables.com/rl/soo/game88.html
2010-Game 1-Blues-v-Maroons,2010,Game 1,Blues,Maroons,Blues,Michael Weyman,0,0,0,0,26-May-2010,https://afltables.com/rl/soo/game88.html
2010-Game 1-Blues-v-Maroons,2010,Game 1,Blues,Maroons,Blues,Jamal Idris,1,0,0,0,26-May-2010,https://afltables.com/rl/soo/game88.html
2010-Game 1-Blues-v-Maroons,2010,Game 1,Blues,Maroons,Blues,Tom Learoyd-Lahrs,0,0,0,0,26-May-2010,https://afltables.com/rl/soo/game88.html
2010-Game 1-Blues-v-Maroons,2010,Game 1,Blues,Maroons,Blues,Luke Lewis,0,0,0,0,26-May-2010,https://afltables.com/rl/soo/game88.html
2010-Game 1-Blues-v-Maroons,2010,Game 1,Blues,Maroons,Blues,Brett White,0,0,0,0,26-May-2010,https://afltables.com/rl/soo/game88.html
2010-Game 1-Blues-v-Maroons,2010,Game 1,Blues,Maroons,Maroons,Darius Boyd,1,0,0,0,26-May-2010,https://afltables.com/rl/soo/game88.html
2010-Game 1-Blues-v-Maroons,2010,Game 1,Blues,Maroons,Maroons,Greg Inglis,1,0,0,0,26-May-2010,https://afltables.com/rl/soo/game88.html
2010-Game 1-Blues-v-Maroons,2010,Game 1,Blues,Maroons,Maroons,Willie Tonga,0,0,0,0,26-May-2010,https://afltables.com/rl/soo/game88.html
2010-Game 1-Blues-v-Maroons,2010,Game 1,Blues,Maroons,Maroons,Israel Folau,0,0,0,0,26-May-2010,https://afltables.com/rl/soo/game88.html
2010-Game 1-Blues-v-Maroons,2010,Game 1,Blues,Maroons,Maroons,Darren Lockyer,1,0,0,0,26-May-2010,https://afltables.com/rl/soo/game88.html
2010-Game 1-Blues-v-Maroons,2010,Game 1,Blues,Maroons,Maroons,Johnathan Thurston,0,4,0,0,26-May-2010,https://afltables.com/rl/soo/game88.html
2010-Game 1-Blues-v-Maroons,2010,Game 1,Blues,Maroons,Maroons,Ashley Harrison,0,0,0,0,26-May-2010,https://afltables.com/rl/soo/game88.html
2010-Game 1-Blues-v-Maroons,2010,Game 1,Blues,Maroons,Maroons,Sam Thaiday,1,0,0,0,26-May-2010,https://afltables.com/rl/soo/game88.html
2010-Game 1-Blues-v-Maroons,2010,Game 1,Blues,Maroons,Maroons,Nate Myles,0,0,0,0,26-May-2010,https://afltables.com/rl/soo/game88.html
2010-Game 1-Blues-v-Maroons,2010,Game 1,Blues,Maroons,Maroons,Petero Civoniceva,0,0,0,0,26-May-2010,https://afltables.com/rl/soo/game88.html
2010-Game 1-Blues-v-Maroons,2010,Game 1,Blues,Maroons,Maroons,Matt Ballin,0,0,0,0,26-May-2010,https://afltables.com/rl/soo/game88.html
2010-Game 1-Blues-v-Maroons,2010,Game 1,Blues,Maroons,Maroons,Matthew Scott,0,0,0,0,26-May-2010,https://afltables.com/rl/soo/game88.html
2010-Game 1-Blues-v-Maroons,2010,Game 1,Blues,Maroons,Maroons,Cooper Cronk,0,0,0,0,26-May-2010,https://afltables.com/rl/soo/game88.html
2010-Game 1-Blues-v-Maroons,2010,Game 1,Blues,Maroons,Maroons,David Shillington,0,0,0,0,26-May-2010,https://afltables.com/rl/soo/game88.html
2010-Game 1-Blues-v-Maroons,2010,Game 1,Blues,Maroons,Maroons,Neville Costigan,0,0,0,0,26-May-2010,https://afltables.com/rl/soo/game88.html
2010-Game 1-Blues-v-Maroons,2010,Game 1,Blues,Maroons,Maroons,Dave Taylor,0,0,0,0,26-May-2010,https://afltables.com/rl/soo/game88.html
2010-Game 2-Maroons-v-Blues,2010,Game 2,Maroons,Blues,Blues,Brett Morris,0,0,0,0,16-Jun-2010,https://afltables.com/rl/soo/game89.html
2010-Game 2-Maroons-v-Blues,2010,Game 2,Maroons,Blues,Blues,Matt Cooper,0,0,0,0,16-Jun-2010,https://afltables.com/rl/soo/game89.html
2010-Game 2-Maroons-v-Blues,2010,Game 2,Maroons,Blues,Blues,Beau Scott,0,0,0,0,16-Jun-2010,https://afltables.com/rl/soo/game89.html
2010-Game 2-Maroons-v-Blues,2010,Game 2,Maroons,Blues,Blues,Joel Monaghan,0,0,0,0,16-Jun-2010,https://afltables.com/rl/soo/game89.html
2010-Game 2-Maroons-v-Blues,2010,Game 2,Maroons,Blues,Blues,Trent Barrett,0,0,0,0,16-Jun-2010,https://afltables.com/rl/soo/game89.html
2010-Game 2-Maroons-v-Blues,2010,Game 2,Maroons,Blues,Blues,Mitchell Pearce,0,0,0,0,16-Jun-2010,https://afltables.com/rl/soo/game89.html
2010-Game 2-Maroons-v-Blues,2010,Game 2,Maroons,Blues,Blues,Paul Gallen,0,0,0,0,16-Jun-2010,https://afltables.com/rl/soo/game89.html
2010-Game 2-Maroons-v-Blues,2010,Game 2,Maroons,Blues,Blues,Nathan Hindmarsh,0,0,0,0,16-Jun-2010,https://afltables.com/rl/soo/game89.html
2010-Game 2-Maroons-v-Blues,2010,Game 2,Maroons,Blues,Blues,Ben Creagh,0,0,0,0,16-Jun-2010,https://afltables.com/rl/soo/game89.html
2010-Game 2-Maroons-v-Blues,2010,Game 2,Maroons,Blues,Blues,Brett White,1,0,0,0,16-Jun-2010,https://afltables.com/rl/soo/game89.html
2010-Game 2-Maroons-v-Blues,2010,Game 2,Maroons,Blues,Blues,Michael Ennis,0,1,0,0,16-Jun-2010,https://afltables.com/rl/soo/game89.html
2010-Game 2-Maroons-v-Blues,2010,Game 2,Maroons,Blues,Blues,Michael Weyman,0,0,0,0,16-Jun-2010,https://afltables.com/rl/soo/game89.html
2010-Game 2-Maroons-v-Blues,2010,Game 2,Maroons,Blues,Blues,Trent Waterhouse,0,0,0,0,16-Jun-2010,https://afltables.com/rl/soo/game89.html
2010-Game 2-Maroons-v-Blues,2010,Game 2,Maroons,Blues,Blues,Kurt Gidley,0,0,0,0,16-Jun-2010,https://afltables.com/rl/soo/game89.html
2010-Game 2-Maroons-v-Blues,2010,Game 2,Maroons,Blues,Blues,Tom Learoyd-Lahrs,0,0,0,0,16-Jun-2010,https://afltables.com/rl/soo/game89.html
2010-Game 2-Maroons-v-Blues,2010,Game 2,Maroons,Blues,Blues,Luke O'Donnell,0,0,0,0,16-Jun-2010,https://afltables.com/rl/soo/game89.html
2010-Game 2-Maroons-v-Blues,2010,Game 2,Maroons,Blues,Maroons,Darius Boyd,1,0,0,0,16-Jun-2010,https://afltables.com/rl/soo/game89.html
2010-Game 2-Maroons-v-Blues,2010,Game 2,Maroons,Blues,Maroons,Greg Inglis,1,0,0,0,16-Jun-2010,https://afltables.com/rl/soo/game89.html
2010-Game 2-Maroons-v-Blues,2010,Game 2,Maroons,Blues,Maroons,Willie Tonga,1,0,0,0,16-Jun-2010,https://afltables.com/rl/soo/game89.html
2010-Game 2-Maroons-v-Blues,2010,Game 2,Maroons,Blues,Maroons,Israel Folau,2,0,0,0,16-Jun-2010,https://afltables.com/rl/soo/game89.html
2010-Game 2-Maroons-v-Blues,2010,Game 2,Maroons,Blues,Maroons,Darren Lockyer,0,0,0,0,16-Jun-2010,https://afltables.com/rl/soo/game89.html
2010-Game 2-Maroons-v-Blues,2010,Game 2,Maroons,Blues,Maroons,Johnathan Thurston,0,5,0,0,16-Jun-2010,https://afltables.com/rl/soo/game89.html
2010-Game 2-Maroons-v-Blues,2010,Game 2,Maroons,Blues,Maroons,Ashley Harrison,0,0,0,0,16-Jun-2010,https://afltables.com/rl/soo/game89.html
2010-Game 2-Maroons-v-Blues,2010,Game 2,Maroons,Blues,Maroons,Sam Thaiday,0,0,0,0,16-Jun-2010,https://afltables.com/rl/soo/game89.html
2010-Game 2-Maroons-v-Blues,2010,Game 2,Maroons,Blues,Maroons,Nate Myles,0,0,0,0,16-Jun-2010,https://afltables.com/rl/soo/game89.html
2010-Game 2-Maroons-v-Blues,2010,Game 2,Maroons,Blues,Maroons,David Shillington,0,0,0,0,16-Jun-2010,https://afltables.com/rl/soo/game89.html
2010-Game 2-Maroons-v-Blues,2010,Game 2,Maroons,Blues,Maroons,Cameron Smith,0,0,0,0,16-Jun-2010,https://afltables.com/rl/soo/game89.html
2010-Game 2-Maroons-v-Blues,2010,Game 2,Maroons,Blues,Maroons,Matthew Scott,0,0,0,0,16-Jun-2010,https://afltables.com/rl/soo/game89.html
2010-Game 2-Maroons-v-Blues,2010,Game 2,Maroons,Blues,Maroons,Cooper Cronk,1,0,0,0,16-Jun-2010,https://afltables.com/rl/soo/game89.html
2010-Game 2-Maroons-v-Blues,2010,Game 2,Maroons,Blues,Maroons,Ben Hannant,0,0,0,0,16-Jun-2010,https://afltables.com/rl/soo/game89.html
2010-Game 2-Maroons-v-Blues,2010,Game 2,Maroons,Blues,Maroons,Neville Costigan,0,0,0,0,16-Jun-2010,https://afltables.com/rl/soo/game89.html
2010-Game 2-Maroons-v-Blues,2010,Game 2,Maroons,Blues,Maroons,Dave Taylor,0,0,0,0,16-Jun-2010,https://afltables.com/rl/soo/game89.html
2010-Game 3-Blues-v-Maroons,2010,Game 3,Blues,Maroons,Blues,Brett Morris,0,0,0,0,7-Jul-2010,https://afltables.com/rl/soo/game90.html
2010-Game 3-Blues-v-Maroons,2010,Game 3,Blues,Maroons,Blues,Michael Jennings,0,0,0,0,7-Jul-2010,https://afltables.com/rl/soo/game90.html
2010-Game 3-Blues-v-Maroons,2010,Game 3,Blues,Maroons,Blues,Beau Scott,0,0,0,0,7-Jul-2010,https://afltables.com/rl/soo/game90.html
2010-Game 3-Blues-v-Maroons,2010,Game 3,Blues,Maroons,Blues,Michael Gordon,0,3,0,0,7-Jul-2010,https://afltables.com/rl/soo/game90.html
2010-Game 3-Blues-v-Maroons,2010,Game 3,Blues,Maroons,Blues,Trent Barrett,0,0,0,0,7-Jul-2010,https://afltables.com/rl/soo/game90.html
2010-Game 3-Blues-v-Maroons,2010,Game 3,Blues,Maroons,Blues,Mitchell Pearce,0,0,0,0,7-Jul-2010,https://afltables.com/rl/soo/game90.html
2010-Game 3-Blues-v-Maroons,2010,Game 3,Blues,Maroons,Blues,Greg Bird,1,0,0,0,7-Jul-2010,https://afltables.com/rl/soo/game90.html
2010-Game 3-Blues-v-Maroons,2010,Game 3,Blues,Maroons,Blues,Paul Gallen,1,0,0,0,7-Jul-2010,https://afltables.com/rl/soo/game90.html
2010-Game 3-Blues-v-Maroons,2010,Game 3,Blues,Maroons,Blues,Luke Lewis,0,0,0,0,7-Jul-2010,https://afltables.com/rl/soo/game90.html
2010-Game 3-Blues-v-Maroons,2010,Game 3,Blues,Maroons,Blues,Kade Snowden,0,0,0,0,7-Jul-2010,https://afltables.com/rl/soo/game90.html
2010-Game 3-Blues-v-Maroons,2010,Game 3,Blues,Maroons,Blues,Michael Ennis,0,0,0,0,7-Jul-2010,https://afltables.com/rl/soo/game90.html
2010-Game 3-Blues-v-Maroons,2010,Game 3,Blues,Maroons,Blues,Jason King,0,0,0,0,7-Jul-2010,https://afltables.com/rl/soo/game90.html
2010-Game 3-Blues-v-Maroons,2010,Game 3,Blues,Maroons,Blues,Kurt Gidley,1,0,0,0,7-Jul-2010,https://afltables.com/rl/soo/game90.html
2010-Game 3-Blues-v-Maroons,2010,Game 3,Blues,Maroons,Blues,Tom Learoyd-Lahrs,0,0,0,0,7-Jul-2010,https://afltables.com/rl/soo/game90.html
2010-Game 3-Blues-v-Maroons,2010,Game 3,Blues,Maroons,Blues,Tim Mannah,0,0,0,0,7-Jul-2010,https://afltables.com/rl/soo/game90.html
2010-Game 3-Blues-v-Maroons,2010,Game 3,Blues,Maroons,Blues,Anthony Watmough,0,0,0,0,7-Jul-2010,https://afltables.com/rl/soo/game90.html
2010-Game 3-Blues-v-Maroons,2010,Game 3,Blues,Maroons,Maroons,Darius Boyd,1,0,0,0,7-Jul-2010,https://afltables.com/rl/soo/game90.html
2010-Game 3-Blues-v-Maroons,2010,Game 3,Blues,Maroons,Maroons,Greg Inglis,0,0,0,0,7-Jul-2010,https://afltables.com/rl/soo/game90.html
2010-Game 3-Blues-v-Maroons,2010,Game 3,Blues,Maroons,Maroons,Willie Tonga,1,0,0,0,7-Jul-2010,https://afltables.com/rl/soo/game90.html
2010-Game 3-Blues-v-Maroons,2010,Game 3,Blues,Maroons,Maroons,Israel Folau,0,0,0,0,7-Jul-2010,https://afltables.com/rl/soo/game90.html
2010-Game 3-Blues-v-Maroons,2010,Game 3,Blues,Maroons,Maroons,Darren Lockyer,0,0,1,0,7-Jul-2010,https://afltables.com/rl/soo/game90.html
2010-Game 3-Blues-v-Maroons,2010,Game 3,Blues,Maroons,Maroons,Johnathan Thurston,0,3,0,0,7-Jul-2010,https://afltables.com/rl/soo/game90.html
2010-Game 3-Blues-v-Maroons,2010,Game 3,Blues,Maroons,Maroons,Ashley Harrison,0,0,0,0,7-Jul-2010,https://afltables.com/rl/soo/game90.html
2010-Game 3-Blues-v-Maroons,2010,Game 3,Blues,Maroons,Maroons,Sam Thaiday,0,0,0,0,7-Jul-2010,https://afltables.com/rl/soo/game90.html
2010-Game 3-Blues-v-Maroons,2010,Game 3,Blues,Maroons,Maroons,Nate Myles,1,0,0,0,7-Jul-2010,https://afltables.com/rl/soo/game90.html
2010-Game 3-Blues-v-Maroons,2010,Game 3,Blues,Maroons,Maroons,Petero Civoniceva,0,0,0,0,7-Jul-2010,https://afltables.com/rl/soo/game90.html
2010-Game 3-Blues-v-Maroons,2010,Game 3,Blues,Maroons,Maroons,Cameron Smith,0,0,0,0,7-Jul-2010,https://afltables.com/rl/soo/game90.html
2010-Game 3-Blues-v-Maroons,2010,Game 3,Blues,Maroons,Maroons,Matthew Scott,0,0,0,0,7-Jul-2010,https://afltables.com/rl/soo/game90.html
2010-Game 3-Blues-v-Maroons,2010,Game 3,Blues,Maroons,Maroons,Cooper Cronk,0,0,0,0,7-Jul-2010,https://afltables.com/rl/soo/game90.html
2010-Game 3-Blues-v-Maroons,2010,Game 3,Blues,Maroons,Maroons,David Shillington,0,0,0,0,7-Jul-2010,https://afltables.com/rl/soo/game90.html
2010-Game 3-Blues-v-Maroons,2010,Game 3,Blues,Maroons,Maroons,Neville Costigan,0,0,0,0,7-Jul-2010,https://afltables.com/rl/soo/game90.html
2010-Game 3-Blues-v-Maroons,2010,Game 3,Blues,Maroons,Maroons,Dave Taylor,0,0,0,0,7-Jul-2010,https://afltables.com/rl/soo/game90.html
2011-Game 1-Maroons-v-Blues,2011,Game 1,Maroons,Blues,Blues,Brett Morris,0,0,0,0,25-May-2011,https://afltables.com/rl/soo/game91.html
2011-Game 1-Maroons-v-Blues,2011,Game 1,Maroons,Blues,Blues,Mark Gasnier,0,0,0,0,25-May-2011,https://afltables.com/rl/soo/game91.html
2011-Game 1-Maroons-v-Blues,2011,Game 1,Maroons,Blues,Blues,Michael Jennings,1,0,0,0,25-May-2011,https://afltables.com/rl/soo/game91.html
2011-Game 1-Maroons-v-Blues,2011,Game 1,Maroons,Blues,Blues,Akuila Uate,0,0,0,0,25-May-2011,https://afltables.com/rl/soo/game91.html
2011-Game 1-Maroons-v-Blues,2011,Game 1,Maroons,Blues,Blues,Jamie Soward,0,2,0,0,25-May-2011,https://afltables.com/rl/soo/game91.html
2011-Game 1-Maroons-v-Blues,2011,Game 1,Maroons,Blues,Blues,Mitchell Pearce,1,0,0,0,25-May-2011,https://afltables.com/rl/soo/game91.html
2011-Game 1-Maroons-v-Blues,2011,Game 1,Maroons,Blues,Blues,Paul Gallen,0,0,0,0,25-May-2011,https://afltables.com/rl/soo/game91.html
2011-Game 1-Maroons-v-Blues,2011,Game 1,Maroons,Blues,Blues,Greg Bird,0,0,0,0,25-May-2011,https://afltables.com/rl/soo/game91.html
2011-Game 1-Maroons-v-Blues,2011,Game 1,Maroons,Blues,Blues,Beau Scott,0,0,0,0,25-May-2011,https://afltables.com/rl/soo/game91.html
2011-Game 1-Maroons-v-Blues,2011,Game 1,Maroons,Blues,Blues,Kade Snowden,0,0,0,0,25-May-2011,https://afltables.com/rl/soo/game91.html
2011-Game 1-Maroons-v-Blues,2011,Game 1,Maroons,Blues,Blues,Dean Young,0,0,0,0,25-May-2011,https://afltables.com/rl/soo/game91.html
2011-Game 1-Maroons-v-Blues,2011,Game 1,Maroons,Blues,Blues,Jason King,0,0,0,0,25-May-2011,https://afltables.com/rl/soo/game91.html
2011-Game 1-Maroons-v-Blues,2011,Game 1,Maroons,Blues,Blues,Michael Ennis,0,0,0,0,25-May-2011,https://afltables.com/rl/soo/game91.html
2011-Game 1-Maroons-v-Blues,2011,Game 1,Maroons,Blues,Blues,Ben Creagh,0,0,0,0,25-May-2011,https://afltables.com/rl/soo/game91.html
2011-Game 1-Maroons-v-Blues,2011,Game 1,Maroons,Blues,Blues,Trent Merrin,0,0,0,0,25-May-2011,https://afltables.com/rl/soo/game91.html
2011-Game 1-Maroons-v-Blues,2011,Game 1,Maroons,Blues,Blues,Tim Mannah,0,0,0,0,25-May-2011,https://afltables.com/rl/soo/game91.html
2011-Game 1-Maroons-v-Blues,2011,Game 1,Maroons,Blues,Maroons,Darius Boyd,0,0,0,0,25-May-2011,https://afltables.com/rl/soo/game91.html
2011-Game 1-Maroons-v-Blues,2011,Game 1,Maroons,Blues,Maroons,Dane Nielsen,0,0,0,0,25-May-2011,https://afltables.com/rl/soo/game91.html
2011-Game 1-Maroons-v-Blues,2011,Game 1,Maroons,Blues,Maroons,Willie Tonga,0,0,0,0,25-May-2011,https://afltables.com/rl/soo/game91.html
2011-Game 1-Maroons-v-Blues,2011,Game 1,Maroons,Blues,Maroons,Jharal Yow Yeh,1,0,0,0,25-May-2011,https://afltables.com/rl/soo/game91.html
2011-Game 1-Maroons-v-Blues,2011,Game 1,Maroons,Blues,Maroons,Darren Lockyer,0,0,0,0,25-May-2011,https://afltables.com/rl/soo/game91.html
2011-Game 1-Maroons-v-Blues,2011,Game 1,Maroons,Blues,Maroons,Johnathan Thurston,1,2,0,0,25-May-2011,https://afltables.com/rl/soo/game91.html
2011-Game 1-Maroons-v-Blues,2011,Game 1,Maroons,Blues,Maroons,Ashley Harrison,0,0,0,0,25-May-2011,https://afltables.com/rl/soo/game91.html
2011-Game 1-Maroons-v-Blues,2011,Game 1,Maroons,Blues,Maroons,Sam Thaiday,0,0,0,0,25-May-2011,https://afltables.com/rl/soo/game91.html
2011-Game 1-Maroons-v-Blues,2011,Game 1,Maroons,Blues,Maroons,Nate Myles,0,0,0,0,25-May-2011,https://afltables.com/rl/soo/game91.html
2011-Game 1-Maroons-v-Blues,2011,Game 1,Maroons,Blues,Maroons,Petero Civoniceva,0,0,0,0,25-May-2011,https://afltables.com/rl/soo/game91.html
2011-Game 1-Maroons-v-Blues,2011,Game 1,Maroons,Blues,Maroons,Cameron Smith,0,0,0,0,25-May-2011,https://afltables.com/rl/soo/game91.html
2011-Game 1-Maroons-v-Blues,2011,Game 1,Maroons,Blues,Maroons,Matthew Scott,0,0,0,0,25-May-2011,https://afltables.com/rl/soo/game91.html
2011-Game 1-Maroons-v-Blues,2011,Game 1,Maroons,Blues,Maroons,Cooper Cronk,0,0,0,0,25-May-2011,https://afltables.com/rl/soo/game91.html
2011-Game 1-Maroons-v-Blues,2011,Game 1,Maroons,Blues,Maroons,Corey Parker,0,0,0,0,25-May-2011,https://afltables.com/rl/soo/game91.html
2011-Game 1-Maroons-v-Blues,2011,Game 1,Maroons,Blues,Maroons,Jacob Lillyman,0,0,0,0,25-May-2011,https://afltables.com/rl/soo/game91.html
2011-Game 1-Maroons-v-Blues,2011,Game 1,Maroons,Blues,Maroons,Ben Hannant,0,0,0,0,25-May-2011,https://afltables.com/rl/soo/game91.html
2011-Game 2-Blues-v-Maroons,2011,Game 2,Blues,Maroons,Blues,Jarryd Hayne,0,0,0,0,15-Jun-2011,https://afltables.com/rl/soo/game92.html
2011-Game 2-Blues-v-Maroons,2011,Game 2,Blues,Maroons,Blues,Mark Gasnier,0,0,0,0,15-Jun-2011,https://afltables.com/rl/soo/game92.html
2011-Game 2-Blues-v-Maroons,2011,Game 2,Blues,Maroons,Blues,William Hopoate,1,0,0,0,15-Jun-2011,https://afltables.com/rl/soo/game92.html
2011-Game 2-Blues-v-Maroons,2011,Game 2,Blues,Maroons,Blues,Akuila Uate,0,0,0,0,15-Jun-2011,https://afltables.com/rl/soo/game92.html
2011-Game 2-Blues-v-Maroons,2011,Game 2,Blues,Maroons,Blues,Jamie Soward,0,3,0,0,15-Jun-2011,https://afltables.com/rl/soo/game92.html
2011-Game 2-Blues-v-Maroons,2011,Game 2,Blues,Maroons,Blues,Mitchell Pearce,0,0,0,0,15-Jun-2011,https://afltables.com/rl/soo/game92.html
2011-Game 2-Blues-v-Maroons,2011,Game 2,Blues,Maroons,Blues,Greg Bird,0,0,0,0,15-Jun-2011,https://afltables.com/rl/soo/game92.html
2011-Game 2-Blues-v-Maroons,2011,Game 2,Blues,Maroons,Blues,Ben Creagh,0,0,0,0,15-Jun-2011,https://afltables.com/rl/soo/game92.html
2011-Game 2-Blues-v-Maroons,2011,Game 2,Blues,Maroons,Blues,Beau Scott,0,0,0,0,15-Jun-2011,https://afltables.com/rl/soo/game92.html
2011-Game 2-Blues-v-Maroons,2011,Game 2,Blues,Maroons,Blues,Paul Gallen,0,0,0,0,15-Jun-2011,https://afltables.com/rl/soo/game92.html
2011-Game 2-Blues-v-Maroons,2011,Game 2,Blues,Maroons,Blues,Michael Ennis,0,0,0,0,15-Jun-2011,https://afltables.com/rl/soo/game92.html
2011-Game 2-Blues-v-Maroons,2011,Game 2,Blues,Maroons,Blues,Tim Mannah,0,0,0,0,15-Jun-2011,https://afltables.com/rl/soo/game92.html
2011-Game 2-Blues-v-Maroons,2011,Game 2,Blues,Maroons,Blues,Trent Merrin,0,0,0,0,15-Jun-2011,https://afltables.com/rl/soo/game92.html
2011-Game 2-Blues-v-Maroons,2011,Game 2,Blues,Maroons,Blues,Kurt Gidley,0,0,0,0,15-Jun-2011,https://afltables.com/rl/soo/game92.html
2011-Game 2-Blues-v-Maroons,2011,Game 2,Blues,Maroons,Blues,Anthony Watmough,0,0,0,0,15-Jun-2011,https://afltables.com/rl/soo/game92.html
2011-Game 2-Blues-v-Maroons,2011,Game 2,Blues,Maroons,Blues,Luke Lewis,1,0,0,0,15-Jun-2011,https://afltables.com/rl/soo/game92.html
2011-Game 2-Blues-v-Maroons,2011,Game 2,Blues,Maroons,Maroons,Darius Boyd,0,0,0,0,15-Jun-2011,https://afltables.com/rl/soo/game92.html
2011-Game 2-Blues-v-Maroons,2011,Game 2,Blues,Maroons,Maroons,Dane Nielsen,0,0,0,0,15-Jun-2011,https://afltables.com/rl/soo/game92.html
2011-Game 2-Blues-v-Maroons,2011,Game 2,Blues,Maroons,Maroons,Greg Inglis,0,0,0,0,15-Jun-2011,https://afltables.com/rl/soo/game92.html
2011-Game 2-Blues-v-Maroons,2011,Game 2,Blues,Maroons,Maroons,Jharal Yow Yeh,0,0,0,0,15-Jun-2011,https://afltables.com/rl/soo/game92.html
2011-Game 2-Blues-v-Maroons,2011,Game 2,Blues,Maroons,Maroons,Darren Lockyer,0,0,0,0,15-Jun-2011,https://afltables.com/rl/soo/game92.html
2011-Game 2-Blues-v-Maroons,2011,Game 2,Blues,Maroons,Maroons,Johnathan Thurston,0,2,0,0,15-Jun-2011,https://afltables.com/rl/soo/game92.html
2011-Game 2-Blues-v-Maroons,2011,Game 2,Blues,Maroons,Maroons,Ashley Harrison,0,0,0,0,15-Jun-2011,https://afltables.com/rl/soo/game92.html
2011-Game 2-Blues-v-Maroons,2011,Game 2,Blues,Maroons,Maroons,Sam Thaiday,0,0,0,0,15-Jun-2011,https://afltables.com/rl/soo/game92.html
2011-Game 2-Blues-v-Maroons,2011,Game 2,Blues,Maroons,Maroons,Nate Myles,0,0,0,0,15-Jun-2011,https://afltables.com/rl/soo/game92.html
2011-Game 2-Blues-v-Maroons,2011,Game 2,Blues,Maroons,Maroons,Petero Civoniceva,0,0,0,0,15-Jun-2011,https://afltables.com/rl/soo/game92.html
2011-Game 2-Blues-v-Maroons,2011,Game 2,Blues,Maroons,Maroons,Cameron Smith,1,0,0,0,15-Jun-2011,https://afltables.com/rl/soo/game92.html
2011-Game 2-Blues-v-Maroons,2011,Game 2,Blues,Maroons,Maroons,Matthew Scott,0,0,0,0,15-Jun-2011,https://afltables.com/rl/soo/game92.html
2011-Game 2-Blues-v-Maroons,2011,Game 2,Blues,Maroons,Maroons,Cooper Cronk,0,0,0,0,15-Jun-2011,https://afltables.com/rl/soo/game92.html
2011-Game 2-Blues-v-Maroons,2011,Game 2,Blues,Maroons,Maroons,Corey Parker,0,0,0,0,15-Jun-2011,https://afltables.com/rl/soo/game92.html
2011-Game 2-Blues-v-Maroons,2011,Game 2,Blues,Maroons,Maroons,Dave Taylor,0,0,0,0,15-Jun-2011,https://afltables.com/rl/soo/game92.html
2011-Game 2-Blues-v-Maroons,2011,Game 2,Blues,Maroons,Maroons,Ben Hannant,0,0,0,0,15-Jun-2011,https://afltables.com/rl/soo/game92.html
2011-Game 3-Maroons-v-Blues,2011,Game 3,Maroons,Blues,Blues,Brett Morris,0,0,0,0,6-Jul-2011,https://afltables.com/rl/soo/game93.html
2011-Game 3-Maroons-v-Blues,2011,Game 3,Maroons,Blues,Blues,Mark Gasnier,0,0,0,0,6-Jul-2011,https://afltables.com/rl/soo/game93.html
2011-Game 3-Maroons-v-Blues,2011,Game 3,Maroons,Blues,Blues,Jarryd Hayne,1,0,0,0,6-Jul-2011,https://afltables.com/rl/soo/game93.html
2011-Game 3-Maroons-v-Blues,2011,Game 3,Maroons,Blues,Blues,Akuila Uate,1,0,0,0,6-Jul-2011,https://afltables.com/rl/soo/game93.html
2011-Game 3-Maroons-v-Blues,2011,Game 3,Maroons,Blues,Blues,Jamie Soward,0,4,0,0,6-Jul-2011,https://afltables.com/rl/soo/game93.html
2011-Game 3-Maroons-v-Blues,2011,Game 3,Maroons,Blues,Blues,Mitchell Pearce,0,0,0,0,6-Jul-2011,https://afltables.com/rl/soo/game93.html
2011-Game 3-Maroons-v-Blues,2011,Game 3,Maroons,Blues,Blues,Greg Bird,1,0,0,0,6-Jul-2011,https://afltables.com/rl/soo/game93.html
2011-Game 3-Maroons-v-Blues,2011,Game 3,Maroons,Blues,Blues,Glenn Stewart,0,0,0,0,6-Jul-2011,https://afltables.com/rl/soo/game93.html
2011-Game 3-Maroons-v-Blues,2011,Game 3,Maroons,Blues,Blues,Ben Creagh,0,0,0,0,6-Jul-2011,https://afltables.com/rl/soo/game93.html
2011-Game 3-Maroons-v-Blues,2011,Game 3,Maroons,Blues,Blues,Paul Gallen,0,0,0,0,6-Jul-2011,https://afltables.com/rl/soo/game93.html
2011-Game 3-Maroons-v-Blues,2011,Game 3,Maroons,Blues,Blues,Michael Ennis,0,0,0,0,6-Jul-2011,https://afltables.com/rl/soo/game93.html
2011-Game 3-Maroons-v-Blues,2011,Game 3,Maroons,Blues,Blues,Tim Mannah,0,0,0,0,6-Jul-2011,https://afltables.com/rl/soo/game93.html
2011-Game 3-Maroons-v-Blues,2011,Game 3,Maroons,Blues,Blues,Kurt Gidley,0,0,0,0,6-Jul-2011,https://afltables.com/rl/soo/game93.html
2011-Game 3-Maroons-v-Blues,2011,Game 3,Maroons,Blues,Blues,Anthony Watmough,0,0,0,0,6-Jul-2011,https://afltables.com/rl/soo/game93.html
2011-Game 3-Maroons-v-Blues,2011,Game 3,Maroons,Blues,Blues,Luke Lewis,0,0,0,0,6-Jul-2011,https://afltables.com/rl/soo/game93.html
2011-Game 3-Maroons-v-Blues,2011,Game 3,Maroons,Blues,Blues,Keith Galloway,0,0,0,0,6-Jul-2011,https://afltables.com/rl/soo/game93.html
2011-Game 3-Maroons-v-Blues,2011,Game 3,Maroons,Blues,Maroons,Darius Boyd,0,0,0,0,6-Jul-2011,https://afltables.com/rl/soo/game93.html
2011-Game 3-Maroons-v-Blues,2011,Game 3,Maroons,Blues,Maroons,Justin Hodges,0,0,0,0,6-Jul-2011,https://afltables.com/rl/soo/game93.html
2011-Game 3-Maroons-v-Blues,2011,Game 3,Maroons,Blues,Maroons,Greg Inglis,2,0,0,0,6-Jul-2011,https://afltables.com/rl/soo/game93.html
2011-Game 3-Maroons-v-Blues,2011,Game 3,Maroons,Blues,Maroons,Jharal Yow Yeh,1,0,0,0,6-Jul-2011,https://afltables.com/rl/soo/game93.html
2011-Game 3-Maroons-v-Blues,2011,Game 3,Maroons,Blues,Maroons,Darren Lockyer,0,0,0,0,6-Jul-2011,https://afltables.com/rl/soo/game93.html
2011-Game 3-Maroons-v-Blues,2011,Game 3,Maroons,Blues,Maroons,Johnathan Thurston,0,4,0,0,6-Jul-2011,https://afltables.com/rl/soo/game93.html
2011-Game 3-Maroons-v-Blues,2011,Game 3,Maroons,Blues,Maroons,Ashley Harrison,0,0,0,0,6-Jul-2011,https://afltables.com/rl/soo/game93.html
2011-Game 3-Maroons-v-Blues,2011,Game 3,Maroons,Blues,Maroons,Sam Thaiday,1,0,0,0,6-Jul-2011,https://afltables.com/rl/soo/game93.html
2011-Game 3-Maroons-v-Blues,2011,Game 3,Maroons,Blues,Maroons,Nate Myles,0,0,0,0,6-Jul-2011,https://afltables.com/rl/soo/game93.html
2011-Game 3-Maroons-v-Blues,2011,Game 3,Maroons,Blues,Maroons,Petero Civoniceva,0,0,0,0,6-Jul-2011,https://afltables.com/rl/soo/game93.html
2011-Game 3-Maroons-v-Blues,2011,Game 3,Maroons,Blues,Maroons,Cameron Smith,1,1,0,0,6-Jul-2011,https://afltables.com/rl/soo/game93.html
2011-Game 3-Maroons-v-Blues,2011,Game 3,Maroons,Blues,Maroons,Matthew Scott,0,0,0,0,6-Jul-2011,https://afltables.com/rl/soo/game93.html
2011-Game 3-Maroons-v-Blues,2011,Game 3,Maroons,Blues,Maroons,Cooper Cronk,0,0,0,0,6-Jul-2011,https://afltables.com/rl/soo/game93.html
2011-Game 3-Maroons-v-Blues,2011,Game 3,Maroons,Blues,Maroons,Corey Parker,0,0,0,0,6-Jul-2011,https://afltables.com/rl/soo/game93.html
2011-Game 3-Maroons-v-Blues,2011,Game 3,Maroons,Blues,Maroons,Jacob Lillyman,0,0,0,0,6-Jul-2011,https://afltables.com/rl/soo/game93.html
2011-Game 3-Maroons-v-Blues,2011,Game 3,Maroons,Blues,Maroons,Ben Hannant,0,0,0,0,6-Jul-2011,https://afltables.com/rl/soo/game93.html
2012-Game 1-Blues-v-Maroons,2012,Game 1,Blues,Maroons,Blues,Jarryd Hayne,0,0,0,0,23-May-2012,https://afltables.com/rl/soo/game94.html
2012-Game 1-Blues-v-Maroons,2012,Game 1,Blues,Maroons,Blues,Michael Jennings,1,0,0,0,23-May-2012,https://afltables.com/rl/soo/game94.html
2012-Game 1-Blues-v-Maroons,2012,Game 1,Blues,Maroons,Blues,Josh Morris,0,0,0,0,23-May-2012,https://afltables.com/rl/soo/game94.html
2012-Game 1-Blues-v-Maroons,2012,Game 1,Blues,Maroons,Blues,Akuila Uate,1,0,0,0,23-May-2012,https://afltables.com/rl/soo/game94.html
2012-Game 1-Blues-v-Maroons,2012,Game 1,Blues,Maroons,Blues,Todd Carney,0,1,0,0,23-May-2012,https://afltables.com/rl/soo/game94.html
2012-Game 1-Blues-v-Maroons,2012,Game 1,Blues,Maroons,Blues,Mitchell Pearce,0,0,0,0,23-May-2012,https://afltables.com/rl/soo/game94.html
2012-Game 1-Blues-v-Maroons,2012,Game 1,Blues,Maroons,Blues,Greg Bird,0,0,0,0,23-May-2012,https://afltables.com/rl/soo/game94.html
2012-Game 1-Blues-v-Maroons,2012,Game 1,Blues,Maroons,Blues,Luke Lewis,0,0,0,0,23-May-2012,https://afltables.com/rl/soo/game94.html
2012-Game 1-Blues-v-Maroons,2012,Game 1,Blues,Maroons,Blues,Glenn Stewart,0,0,0,0,23-May-2012,https://afltables.com/rl/soo/game94.html
2012-Game 1-Blues-v-Maroons,2012,Game 1,Blues,Maroons,Blues,James Tamou,0,0,0,0,23-May-2012,https://afltables.com/rl/soo/game94.html
2012-Game 1-Blues-v-Maroons,2012,Game 1,Blues,Maroons,Blues,Robbie Farah,0,0,0,0,23-May-2012,https://afltables.com/rl/soo/game94.html
2012-Game 1-Blues-v-Maroons,2012,Game 1,Blues,Maroons,Blues,Paul Gallen,0,0,0,0,23-May-2012,https://afltables.com/rl/soo/game94.html
2012-Game 1-Blues-v-Maroons,2012,Game 1,Blues,Maroons,Blues,Trent Merrin,0,0,0,0,23-May-2012,https://afltables.com/rl/soo/game94.html
2012-Game 1-Blues-v-Maroons,2012,Game 1,Blues,Maroons,Blues,Jamie Buhrer,0,0,0,0,23-May-2012,https://afltables.com/rl/soo/game94.html
2012-Game 1-Blues-v-Maroons,2012,Game 1,Blues,Maroons,Blues,Ben Creagh,0,0,0,0,23-May-2012,https://afltables.com/rl/soo/game94.html
2012-Game 1-Blues-v-Maroons,2012,Game 1,Blues,Maroons,Blues,Tony Williams,0,0,0,0,23-May-2012,https://afltables.com/rl/soo/game94.html
2012-Game 1-Blues-v-Maroons,2012,Game 1,Blues,Maroons,Maroons,Darius Boyd,2,0,0,0,23-May-2012,https://afltables.com/rl/soo/game94.html
2012-Game 1-Blues-v-Maroons,2012,Game 1,Blues,Maroons,Maroons,Greg Inglis,1,0,0,0,23-May-2012,https://afltables.com/rl/soo/game94.html
2012-Game 1-Blues-v-Maroons,2012,Game 1,Blues,Maroons,Maroons,Justin Hodges,0,0,0,0,23-May-2012,https://afltables.com/rl/soo/game94.html
2012-Game 1-Blues-v-Maroons,2012,Game 1,Blues,Maroons,Maroons,Brent Tate,0,0,0,0,23-May-2012,https://afltables.com/rl/soo/game94.html
2012-Game 1-Blues-v-Maroons,2012,Game 1,Blues,Maroons,Maroons,Johnathan Thurston,0,3,0,0,23-May-2012,https://afltables.com/rl/soo/game94.html
2012-Game 1-Blues-v-Maroons,2012,Game 1,Blues,Maroons,Maroons,Cooper Cronk,0,0,0,0,23-May-2012,https://afltables.com/rl/soo/game94.html
2012-Game 1-Blues-v-Maroons,2012,Game 1,Blues,Maroons,Maroons,Ashley Harrison,0,0,0,0,23-May-2012,https://afltables.com/rl/soo/game94.html
2012-Game 1-Blues-v-Maroons,2012,Game 1,Blues,Maroons,Maroons,Sam Thaiday,0,0,0,0,23-May-2012,https://afltables.com/rl/soo/game94.html
2012-Game 1-Blues-v-Maroons,2012,Game 1,Blues,Maroons,Maroons,Nate Myles,0,0,0,0,23-May-2012,https://afltables.com/rl/soo/game94.html
2012-Game 1-Blues-v-Maroons,2012,Game 1,Blues,Maroons,Maroons,Petero Civoniceva,0,0,0,0,23-May-2012,https://afltables.com/rl/soo/game94.html
2012-Game 1-Blues-v-Maroons,2012,Game 1,Blues,Maroons,Maroons,Cameron Smith,0,0,0,0,23-May-2012,https://afltables.com/rl/soo/game94.html
2012-Game 1-Blues-v-Maroons,2012,Game 1,Blues,Maroons,Maroons,Matthew Scott,0,0,0,0,23-May-2012,https://afltables.com/rl/soo/game94.html
2012-Game 1-Blues-v-Maroons,2012,Game 1,Blues,Maroons,Maroons,Matt Gillett,0,0,0,0,23-May-2012,https://afltables.com/rl/soo/game94.html
2012-Game 1-Blues-v-Maroons,2012,Game 1,Blues,Maroons,Maroons,Dave Taylor,0,0,0,0,23-May-2012,https://afltables.com/rl/soo/game94.html
2012-Game 1-Blues-v-Maroons,2012,Game 1,Blues,Maroons,Maroons,Ben Hannant,0,0,0,0,23-May-2012,https://afltables.com/rl/soo/game94.html
2012-Game 1-Blues-v-Maroons,2012,Game 1,Blues,Maroons,Maroons,David Shillington,0,0,0,0,23-May-2012,https://afltables.com/rl/soo/game94.html
2012-Game 2-Blues-v-Maroons,2012,Game 2,Blues,Maroons,Blues,Jarryd Hayne,0,0,0,0,13-Jun-2012,https://afltables.com/rl/soo/game95.html
2012-Game 2-Blues-v-Maroons,2012,Game 2,Blues,Maroons,Blues,Michael Jennings,0,0,0,0,13-Jun-2012,https://afltables.com/rl/soo/game95.html
2012-Game 2-Blues-v-Maroons,2012,Game 2,Blues,Maroons,Blues,Josh Morris,1,0,0,0,13-Jun-2012,https://afltables.com/rl/soo/game95.html
2012-Game 2-Blues-v-Maroons,2012,Game 2,Blues,Maroons,Blues,Akuila Uate,0,0,0,0,13-Jun-2012,https://afltables.com/rl/soo/game95.html
2012-Game 2-Blues-v-Maroons,2012,Game 2,Blues,Maroons,Blues,Todd Carney,0,2,0,0,13-Jun-2012,https://afltables.com/rl/soo/game95.html
2012-Game 2-Blues-v-Maroons,2012,Game 2,Blues,Maroons,Blues,Mitchell Pearce,0,0,0,0,13-Jun-2012,https://afltables.com/rl/soo/game95.html
2012-Game 2-Blues-v-Maroons,2012,Game 2,Blues,Maroons,Blues,Paul Gallen,0,0,0,0,13-Jun-2012,https://afltables.com/rl/soo/game95.html
2012-Game 2-Blues-v-Maroons,2012,Game 2,Blues,Maroons,Blues,Greg Bird,0,0,0,0,13-Jun-2012,https://afltables.com/rl/soo/game95.html
2012-Game 2-Blues-v-Maroons,2012,Game 2,Blues,Maroons,Blues,Glenn Stewart,0,0,0,0,13-Jun-2012,https://afltables.com/rl/soo/game95.html
2012-Game 2-Blues-v-Maroons,2012,Game 2,Blues,Maroons,Blues,James Tamou,0,0,0,0,13-Jun-2012,https://afltables.com/rl/soo/game95.html
2012-Game 2-Blues-v-Maroons,2012,Game 2,Blues,Maroons,Blues,Robbie Farah,0,0,0,0,13-Jun-2012,https://afltables.com/rl/soo/game95.html
2012-Game 2-Blues-v-Maroons,2012,Game 2,Blues,Maroons,Blues,Tim Grant,0,0,0,0,13-Jun-2012,https://afltables.com/rl/soo/game95.html
2012-Game 2-Blues-v-Maroons,2012,Game 2,Blues,Maroons,Blues,Trent Merrin,0,0,0,0,13-Jun-2012,https://afltables.com/rl/soo/game95.html
2012-Game 2-Blues-v-Maroons,2012,Game 2,Blues,Maroons,Blues,Luke Lewis,0,0,0,0,13-Jun-2012,https://afltables.com/rl/soo/game95.html
2012-Game 2-Blues-v-Maroons,2012,Game 2,Blues,Maroons,Blues,Ben Creagh,0,0,0,0,13-Jun-2012,https://afltables.com/rl/soo/game95.html
2012-Game 2-Blues-v-Maroons,2012,Game 2,Blues,Maroons,Blues,Anthony Watmough,0,0,0,0,13-Jun-2012,https://afltables.com/rl/soo/game95.html
2012-Game 2-Blues-v-Maroons,2012,Game 2,Blues,Maroons,Maroons,Darius Boyd,0,0,0,0,13-Jun-2012,https://afltables.com/rl/soo/game95.html
2012-Game 2-Blues-v-Maroons,2012,Game 2,Blues,Maroons,Maroons,Greg Inglis,1,0,0,0,13-Jun-2012,https://afltables.com/rl/soo/game95.html
2012-Game 2-Blues-v-Maroons,2012,Game 2,Blues,Maroons,Maroons,Justin Hodges,0,0,0,0,13-Jun-2012,https://afltables.com/rl/soo/game95.html
2012-Game 2-Blues-v-Maroons,2012,Game 2,Blues,Maroons,Maroons,Brent Tate,0,0,0,0,13-Jun-2012,https://afltables.com/rl/soo/game95.html
2012-Game 2-Blues-v-Maroons,2012,Game 2,Blues,Maroons,Maroons,Johnathan Thurston,0,2,0,0,13-Jun-2012,https://afltables.com/rl/soo/game95.html
2012-Game 2-Blues-v-Maroons,2012,Game 2,Blues,Maroons,Maroons,Cooper Cronk,0,0,0,0,13-Jun-2012,https://afltables.com/rl/soo/game95.html
2012-Game 2-Blues-v-Maroons,2012,Game 2,Blues,Maroons,Maroons,Ashley Harrison,0,0,0,0,13-Jun-2012,https://afltables.com/rl/soo/game95.html
2012-Game 2-Blues-v-Maroons,2012,Game 2,Blues,Maroons,Maroons,Dave Taylor,0,0,0,0,13-Jun-2012,https://afltables.com/rl/soo/game95.html
2012-Game 2-Blues-v-Maroons,2012,Game 2,Blues,Maroons,Maroons,Nate Myles,0,0,0,0,13-Jun-2012,https://afltables.com/rl/soo/game95.html
2012-Game 2-Blues-v-Maroons,2012,Game 2,Blues,Maroons,Maroons,Petero Civoniceva,0,0,0,0,13-Jun-2012,https://afltables.com/rl/soo/game95.html
2012-Game 2-Blues-v-Maroons,2012,Game 2,Blues,Maroons,Maroons,Cameron Smith,0,0,0,0,13-Jun-2012,https://afltables.com/rl/soo/game95.html
2012-Game 2-Blues-v-Maroons,2012,Game 2,Blues,Maroons,Maroons,Matthew Scott,0,0,0,0,13-Jun-2012,https://afltables.com/rl/soo/game95.html
2012-Game 2-Blues-v-Maroons,2012,Game 2,Blues,Maroons,Maroons,Matt Gillett,0,0,0,0,13-Jun-2012,https://afltables.com/rl/soo/game95.html
2012-Game 2-Blues-v-Maroons,2012,Game 2,Blues,Maroons,Maroons,Corey Parker,0,0,0,0,13-Jun-2012,https://afltables.com/rl/soo/game95.html
2012-Game 2-Blues-v-Maroons,2012,Game 2,Blues,Maroons,Maroons,Ben Hannant,1,0,0,0,13-Jun-2012,https://afltables.com/rl/soo/game95.html
2012-Game 2-Blues-v-Maroons,2012,Game 2,Blues,Maroons,Maroons,David Shillington,0,0,0,0,13-Jun-2012,https://afltables.com/rl/soo/game95.html
2012-Game 3-Maroons-v-Blues,2012,Game 3,Maroons,Blues,Blues,Jarryd Hayne,0,0,0,0,4-Jul-2012,https://afltables.com/rl/soo/game96.html
2012-Game 3-Maroons-v-Blues,2012,Game 3,Maroons,Blues,Blues,Michael Jennings,0,0,0,0,4-Jul-2012,https://afltables.com/rl/soo/game96.html
2012-Game 3-Maroons-v-Blues,2012,Game 3,Maroons,Blues,Blues,Josh Morris,1,0,0,0,4-Jul-2012,https://afltables.com/rl/soo/game96.html
2012-Game 3-Maroons-v-Blues,2012,Game 3,Maroons,Blues,Blues,Brett Morris,1,0,0,0,4-Jul-2012,https://afltables.com/rl/soo/game96.html
2012-Game 3-Maroons-v-Blues,2012,Game 3,Maroons,Blues,Blues,Todd Carney,0,4,0,0,4-Jul-2012,https://afltables.com/rl/soo/game96.html
2012-Game 3-Maroons-v-Blues,2012,Game 3,Maroons,Blues,Blues,Mitchell Pearce,0,0,0,0,4-Jul-2012,https://afltables.com/rl/soo/game96.html
2012-Game 3-Maroons-v-Blues,2012,Game 3,Maroons,Blues,Blues,Paul Gallen,0,0,0,0,4-Jul-2012,https://afltables.com/rl/soo/game96.html
2012-Game 3-Maroons-v-Blues,2012,Game 3,Maroons,Blues,Blues,Greg Bird,0,0,0,0,4-Jul-2012,https://afltables.com/rl/soo/game96.html
2012-Game 3-Maroons-v-Blues,2012,Game 3,Maroons,Blues,Blues,Beau Scott,0,0,0,0,4-Jul-2012,https://afltables.com/rl/soo/game96.html
2012-Game 3-Maroons-v-Blues,2012,Game 3,Maroons,Blues,Blues,James Tamou,0,0,0,0,4-Jul-2012,https://afltables.com/rl/soo/game96.html
2012-Game 3-Maroons-v-Blues,2012,Game 3,Maroons,Blues,Blues,Robbie Farah,0,0,0,0,4-Jul-2012,https://afltables.com/rl/soo/game96.html
2012-Game 3-Maroons-v-Blues,2012,Game 3,Maroons,Blues,Blues,Tim Grant,0,0,0,0,4-Jul-2012,https://afltables.com/rl/soo/game96.html
2012-Game 3-Maroons-v-Blues,2012,Game 3,Maroons,Blues,Blues,Tony Williams,0,0,0,0,4-Jul-2012,https://afltables.com/rl/soo/game96.html
2012-Game 3-Maroons-v-Blues,2012,Game 3,Maroons,Blues,Blues,Luke Lewis,0,0,0,0,4-Jul-2012,https://afltables.com/rl/soo/game96.html
2012-Game 3-Maroons-v-Blues,2012,Game 3,Maroons,Blues,Blues,Ben Creagh,0,0,0,0,4-Jul-2012,https://afltables.com/rl/soo/game96.html
2012-Game 3-Maroons-v-Blues,2012,Game 3,Maroons,Blues,Blues,Anthony Watmough,0,0,0,0,4-Jul-2012,https://afltables.com/rl/soo/game96.html
2012-Game 3-Maroons-v-Blues,2012,Game 3,Maroons,Blues,Maroons,Darius Boyd,1,0,0,0,4-Jul-2012,https://afltables.com/rl/soo/game96.html
2012-Game 3-Maroons-v-Blues,2012,Game 3,Maroons,Blues,Maroons,Dane Nielsen,0,0,0,0,4-Jul-2012,https://afltables.com/rl/soo/game96.html
2012-Game 3-Maroons-v-Blues,2012,Game 3,Maroons,Blues,Maroons,Justin Hodges,1,0,0,0,4-Jul-2012,https://afltables.com/rl/soo/game96.html
2012-Game 3-Maroons-v-Blues,2012,Game 3,Maroons,Blues,Maroons,Brent Tate,0,0,0,0,4-Jul-2012,https://afltables.com/rl/soo/game96.html
2012-Game 3-Maroons-v-Blues,2012,Game 3,Maroons,Blues,Maroons,Johnathan Thurston,1,4,0,0,4-Jul-2012,https://afltables.com/rl/soo/game96.html
2012-Game 3-Maroons-v-Blues,2012,Game 3,Maroons,Blues,Maroons,Cooper Cronk,0,0,1,0,4-Jul-2012,https://afltables.com/rl/soo/game96.html
2012-Game 3-Maroons-v-Blues,2012,Game 3,Maroons,Blues,Maroons,Corey Parker,0,0,0,0,4-Jul-2012,https://afltables.com/rl/soo/game96.html
2012-Game 3-Maroons-v-Blues,2012,Game 3,Maroons,Blues,Maroons,Sam Thaiday,0,0,0,0,4-Jul-2012,https://afltables.com/rl/soo/game96.html
2012-Game 3-Maroons-v-Blues,2012,Game 3,Maroons,Blues,Maroons,Nate Myles,0,0,0,0,4-Jul-2012,https://afltables.com/rl/soo/game96.html
2012-Game 3-Maroons-v-Blues,2012,Game 3,Maroons,Blues,Maroons,Petero Civoniceva,0,0,0,0,4-Jul-2012,https://afltables.com/rl/soo/game96.html
2012-Game 3-Maroons-v-Blues,2012,Game 3,Maroons,Blues,Maroons,Cameron Smith,0,0,0,0,4-Jul-2012,https://afltables.com/rl/soo/game96.html
2012-Game 3-Maroons-v-Blues,2012,Game 3,Maroons,Blues,Maroons,Matthew Scott,0,0,0,0,4-Jul-2012,https://afltables.com/rl/soo/game96.html
2012-Game 3-Maroons-v-Blues,2012,Game 3,Maroons,Blues,Maroons,Matt Gillett,0,0,0,0,4-Jul-2012,https://afltables.com/rl/soo/game96.html
2012-Game 3-Maroons-v-Blues,2012,Game 3,Maroons,Blues,Maroons,Ben Te'o,0,0,0,0,4-Jul-2012,https://afltables.com/rl/soo/game96.html
2012-Game 3-Maroons-v-Blues,2012,Game 3,Maroons,Blues,Maroons,Ben Hannant,0,0,0,0,4-Jul-2012,https://afltables.com/rl/soo/game96.html
2012-Game 3-Maroons-v-Blues,2012,Game 3,Maroons,Blues,Maroons,David Shillington,0,0,0,0,4-Jul-2012,https://afltables.com/rl/soo/game96.html
2013-Game 1-Blues-v-Maroons,2013,Game 1,Blues,Maroons,Blues,Brett Morris,0,0,0,0,05-Jun-2013,https://afltables.com/rl/soo/game97.html
2013-Game 1-Blues-v-Maroons,2013,Game 1,Blues,Maroons,Blues,Michael Jennings,1,0,0,0,05-Jun-2013,https://afltables.com/rl/soo/game97.html
2013-Game 1-Blues-v-Maroons,2013,Game 1,Blues,Maroons,Blues,Josh Morris,0,0,0,0,05-Jun-2013,https://afltables.com/rl/soo/game97.html
2013-Game 1-Blues-v-Maroons,2013,Game 1,Blues,Maroons,Blues,Blake Ferguson,0,0,0,0,05-Jun-2013,https://afltables.com/rl/soo/game97.html
2013-Game 1-Blues-v-Maroons,2013,Game 1,Blues,Maroons,Blues,James Maloney,0,3,0,0,05-Jun-2013,https://afltables.com/rl/soo/game97.html
2013-Game 1-Blues-v-Maroons,2013,Game 1,Blues,Maroons,Blues,Mitchell Pearce,0,0,0,0,05-Jun-2013,https://afltables.com/rl/soo/game97.html
2013-Game 1-Blues-v-Maroons,2013,Game 1,Blues,Maroons,Blues,Greg Bird,0,0,0,0,05-Jun-2013,https://afltables.com/rl/soo/game97.html
2013-Game 1-Blues-v-Maroons,2013,Game 1,Blues,Maroons,Blues,Ryan Hoffman,0,0,0,0,05-Jun-2013,https://afltables.com/rl/soo/game97.html
2013-Game 1-Blues-v-Maroons,2013,Game 1,Blues,Maroons,Blues,Luke Lewis,0,0,0,0,05-Jun-2013,https://afltables.com/rl/soo/game97.html
2013-Game 1-Blues-v-Maroons,2013,Game 1,Blues,Maroons,Blues,James Tamou,0,0,0,0,05-Jun-2013,https://afltables.com/rl/soo/game97.html
2013-Game 1-Blues-v-Maroons,2013,Game 1,Blues,Maroons,Blues,Robbie Farah,0,0,0,0,05-Jun-2013,https://afltables.com/rl/soo/game97.html
2013-Game 1-Blues-v-Maroons,2013,Game 1,Blues,Maroons,Blues,Paul Gallen,0,0,0,0,05-Jun-2013,https://afltables.com/rl/soo/game97.html
2013-Game 1-Blues-v-Maroons,2013,Game 1,Blues,Maroons,Blues,Andrew Fifita,0,0,0,0,05-Jun-2013,https://afltables.com/rl/soo/game97.html
2013-Game 1-Blues-v-Maroons,2013,Game 1,Blues,Maroons,Blues,Trent Merrin,0,0,0,0,05-Jun-2013,https://afltables.com/rl/soo/game97.html
2013-Game 1-Blues-v-Maroons,2013,Game 1,Blues,Maroons,Blues,Josh Reynolds,0,0,0,0,05-Jun-2013,https://afltables.com/rl/soo/game97.html
2013-Game 1-Blues-v-Maroons,2013,Game 1,Blues,Maroons,Blues,Anthony Watmough,0,0,0,0,05-Jun-2013,https://afltables.com/rl/soo/game97.html
2013-Game 1-Blues-v-Maroons,2013,Game 1,Blues,Maroons,Maroons,Darius Boyd,1,0,0,0,05-Jun-2013,https://afltables.com/rl/soo/game97.html
2013-Game 1-Blues-v-Maroons,2013,Game 1,Blues,Maroons,Maroons,Greg Inglis,0,0,0,0,05-Jun-2013,https://afltables.com/rl/soo/game97.html
2013-Game 1-Blues-v-Maroons,2013,Game 1,Blues,Maroons,Maroons,Justin Hodges,0,0,0,0,05-Jun-2013,https://afltables.com/rl/soo/game97.html
2013-Game 1-Blues-v-Maroons,2013,Game 1,Blues,Maroons,Maroons,Brent Tate,0,0,0,0,05-Jun-2013,https://afltables.com/rl/soo/game97.html
2013-Game 1-Blues-v-Maroons,2013,Game 1,Blues,Maroons,Maroons,Johnathan Thurston,0,0,0,0,05-Jun-2013,https://afltables.com/rl/soo/game97.html
2013-Game 1-Blues-v-Maroons,2013,Game 1,Blues,Maroons,Maroons,Cooper Cronk,0,0,0,0,05-Jun-2013,https://afltables.com/rl/soo/game97.html
2013-Game 1-Blues-v-Maroons,2013,Game 1,Blues,Maroons,Maroons,Ashley Harrison,0,0,0,0,05-Jun-2013,https://afltables.com/rl/soo/game97.html
2013-Game 1-Blues-v-Maroons,2013,Game 1,Blues,Maroons,Maroons,Sam Thaiday,0,0,0,0,05-Jun-2013,https://afltables.com/rl/soo/game97.html
2013-Game 1-Blues-v-Maroons,2013,Game 1,Blues,Maroons,Maroons,Nate Myles,0,0,0,0,05-Jun-2013,https://afltables.com/rl/soo/game97.html
2013-Game 1-Blues-v-Maroons,2013,Game 1,Blues,Maroons,Maroons,David Shillington,0,0,0,0,05-Jun-2013,https://afltables.com/rl/soo/game97.html
2013-Game 1-Blues-v-Maroons,2013,Game 1,Blues,Maroons,Maroons,Cameron Smith,0,1,0,0,05-Jun-2013,https://afltables.com/rl/soo/game97.html
2013-Game 1-Blues-v-Maroons,2013,Game 1,Blues,Maroons,Maroons,Matthew Scott,0,0,0,0,05-Jun-2013,https://afltables.com/rl/soo/game97.html
2013-Game 1-Blues-v-Maroons,2013,Game 1,Blues,Maroons,Maroons,Corey Parker,0,0,0,0,05-Jun-2013,https://afltables.com/rl/soo/game97.html
2013-Game 1-Blues-v-Maroons,2013,Game 1,Blues,Maroons,Maroons,Matt Gillett,0,0,0,0,05-Jun-2013,https://afltables.com/rl/soo/game97.html
2013-Game 1-Blues-v-Maroons,2013,Game 1,Blues,Maroons,Maroons,Ben Te'o,0,0,0,0,05-Jun-2013,https://afltables.com/rl/soo/game97.html
2013-Game 1-Blues-v-Maroons,2013,Game 1,Blues,Maroons,Maroons,Chris McQueen,0,0,0,0,05-Jun-2013,https://afltables.com/rl/soo/game97.html
2013-Game 2-Maroons-v-Blues,2013,Game 2,Maroons,Blues,Blues,Brett Morris,1,0,0,0,26-Jun-2013,https://afltables.com/rl/soo/game98.html
2013-Game 2-Maroons-v-Blues,2013,Game 2,Maroons,Blues,Blues,Michael Jennings,0,0,0,0,26-Jun-2013,https://afltables.com/rl/soo/game98.html
2013-Game 2-Maroons-v-Blues,2013,Game 2,Maroons,Blues,Blues,Josh Morris,0,0,0,0,26-Jun-2013,https://afltables.com/rl/soo/game98.html
2013-Game 2-Maroons-v-Blues,2013,Game 2,Maroons,Blues,Blues,Nathan Merritt,0,0,0,0,26-Jun-2013,https://afltables.com/rl/soo/game98.html
2013-Game 2-Maroons-v-Blues,2013,Game 2,Maroons,Blues,Blues,James Maloney,0,1,0,0,26-Jun-2013,https://afltables.com/rl/soo/game98.html
2013-Game 2-Maroons-v-Blues,2013,Game 2,Maroons,Blues,Blues,Mitchell Pearce,0,0,0,0,26-Jun-2013,https://afltables.com/rl/soo/game98.html
2013-Game 2-Maroons-v-Blues,2013,Game 2,Maroons,Blues,Blues,Greg Bird,0,0,0,0,26-Jun-2013,https://afltables.com/rl/soo/game98.html
2013-Game 2-Maroons-v-Blues,2013,Game 2,Maroons,Blues,Blues,Luke Lewis,0,0,0,0,26-Jun-2013,https://afltables.com/rl/soo/game98.html
2013-Game 2-Maroons-v-Blues,2013,Game 2,Maroons,Blues,Blues,Ryan Hoffman,0,0,0,0,26-Jun-2013,https://afltables.com/rl/soo/game98.html
2013-Game 2-Maroons-v-Blues,2013,Game 2,Maroons,Blues,Blues,Aaron Woods,0,0,0,0,26-Jun-2013,https://afltables.com/rl/soo/game98.html
2013-Game 2-Maroons-v-Blues,2013,Game 2,Maroons,Blues,Blues,Robbie Farah,0,0,0,0,26-Jun-2013,https://afltables.com/rl/soo/game98.html
2013-Game 2-Maroons-v-Blues,2013,Game 2,Maroons,Blues,Blues,Paul Gallen,0,0,0,0,26-Jun-2013,https://afltables.com/rl/soo/game98.html
2013-Game 2-Maroons-v-Blues,2013,Game 2,Maroons,Blues,Blues,Andrew Fifita,0,0,0,0,26-Jun-2013,https://afltables.com/rl/soo/game98.html
2013-Game 2-Maroons-v-Blues,2013,Game 2,Maroons,Blues,Blues,Trent Merrin,0,0,0,0,26-Jun-2013,https://afltables.com/rl/soo/game98.html
2013-Game 2-Maroons-v-Blues,2013,Game 2,Maroons,Blues,Blues,Anthony Watmough,0,0,0,0,26-Jun-2013,https://afltables.com/rl/soo/game98.html
2013-Game 2-Maroons-v-Blues,2013,Game 2,Maroons,Blues,Blues,Josh Reynolds,0,0,0,0,26-Jun-2013,https://afltables.com/rl/soo/game98.html
2013-Game 2-Maroons-v-Blues,2013,Game 2,Maroons,Blues,Maroons,Darius Boyd,2,0,0,0,26-Jun-2013,https://afltables.com/rl/soo/game98.html
2013-Game 2-Maroons-v-Blues,2013,Game 2,Maroons,Blues,Maroons,Greg Inglis,1,0,0,0,26-Jun-2013,https://afltables.com/rl/soo/game98.html
2013-Game 2-Maroons-v-Blues,2013,Game 2,Maroons,Blues,Maroons,Justin Hodges,0,0,0,0,26-Jun-2013,https://afltables.com/rl/soo/game98.html
2013-Game 2-Maroons-v-Blues,2013,Game 2,Maroons,Blues,Maroons,Brent Tate,0,0,0,0,26-Jun-2013,https://afltables.com/rl/soo/game98.html
2013-Game 2-Maroons-v-Blues,2013,Game 2,Maroons,Blues,Maroons,Johnathan Thurston,0,5,0,0,26-Jun-2013,https://afltables.com/rl/soo/game98.html
2013-Game 2-Maroons-v-Blues,2013,Game 2,Maroons,Blues,Maroons,Cooper Cronk,0,0,0,0,26-Jun-2013,https://afltables.com/rl/soo/game98.html
2013-Game 2-Maroons-v-Blues,2013,Game 2,Maroons,Blues,Maroons,Corey Parker,0,0,0,0,26-Jun-2013,https://afltables.com/rl/soo/game98.html
2013-Game 2-Maroons-v-Blues,2013,Game 2,Maroons,Blues,Maroons,Sam Thaiday,1,0,0,0,26-Jun-2013,https://afltables.com/rl/soo/game98.html
2013-Game 2-Maroons-v-Blues,2013,Game 2,Maroons,Blues,Maroons,Chris McQueen,0,0,0,0,26-Jun-2013,https://afltables.com/rl/soo/game98.html
2013-Game 2-Maroons-v-Blues,2013,Game 2,Maroons,Blues,Maroons,Nate Myles,0,0,0,0,26-Jun-2013,https://afltables.com/rl/soo/game98.html
2013-Game 2-Maroons-v-Blues,2013,Game 2,Maroons,Blues,Maroons,Cameron Smith,0,0,0,0,26-Jun-2013,https://afltables.com/rl/soo/game98.html
2013-Game 2-Maroons-v-Blues,2013,Game 2,Maroons,Blues,Maroons,Matthew Scott,0,0,0,0,26-Jun-2013,https://afltables.com/rl/soo/game98.html
2013-Game 2-Maroons-v-Blues,2013,Game 2,Maroons,Blues,Maroons,Daly Cherry-Evans,0,0,0,0,26-Jun-2013,https://afltables.com/rl/soo/game98.html
2013-Game 2-Maroons-v-Blues,2013,Game 2,Maroons,Blues,Maroons,Ben Te'o,0,0,0,0,26-Jun-2013,https://afltables.com/rl/soo/game98.html
2013-Game 2-Maroons-v-Blues,2013,Game 2,Maroons,Blues,Maroons,Matt Gillett,0,0,0,0,26-Jun-2013,https://afltables.com/rl/soo/game98.html
2013-Game 2-Maroons-v-Blues,2013,Game 2,Maroons,Blues,Maroons,Josh Papalii,0,0,0,0,26-Jun-2013,https://afltables.com/rl/soo/game98.html
2013-Game 3-Blues-v-Maroons,2013,Game 3,Blues,Maroons,Blues,Brett Morris,0,0,0,0,17-Jul-2013,https://afltables.com/rl/soo/game99.html
2013-Game 3-Blues-v-Maroons,2013,Game 3,Blues,Maroons,Blues,Michael Jennings,0,0,0,0,17-Jul-2013,https://afltables.com/rl/soo/game99.html
2013-Game 3-Blues-v-Maroons,2013,Game 3,Blues,Maroons,Blues,Josh Morris,0,0,0,0,17-Jul-2013,https://afltables.com/rl/soo/game99.html
2013-Game 3-Blues-v-Maroons,2013,Game 3,Blues,Maroons,Blues,James McManus,1,0,0,0,17-Jul-2013,https://afltables.com/rl/soo/game99.html
2013-Game 3-Blues-v-Maroons,2013,Game 3,Blues,Maroons,Blues,James Maloney,0,1,0,0,17-Jul-2013,https://afltables.com/rl/soo/game99.html
2013-Game 3-Blues-v-Maroons,2013,Game 3,Blues,Maroons,Blues,Mitchell Pearce,0,0,0,0,17-Jul-2013,https://afltables.com/rl/soo/game99.html
2013-Game 3-Blues-v-Maroons,2013,Game 3,Blues,Maroons,Blues,Greg Bird,0,0,0,0,17-Jul-2013,https://afltables.com/rl/soo/game99.html
2013-Game 3-Blues-v-Maroons,2013,Game 3,Blues,Maroons,Blues,Ryan Hoffman,0,0,0,0,17-Jul-2013,https://afltables.com/rl/soo/game99.html
2013-Game 3-Blues-v-Maroons,2013,Game 3,Blues,Maroons,Blues,Luke Lewis,0,0,0,0,17-Jul-2013,https://afltables.com/rl/soo/game99.html
2013-Game 3-Blues-v-Maroons,2013,Game 3,Blues,Maroons,Blues,James Tamou,0,0,0,0,17-Jul-2013,https://afltables.com/rl/soo/game99.html
2013-Game 3-Blues-v-Maroons,2013,Game 3,Blues,Maroons,Blues,Robbie Farah,0,0,0,0,17-Jul-2013,https://afltables.com/rl/soo/game99.html
2013-Game 3-Blues-v-Maroons,2013,Game 3,Blues,Maroons,Blues,Aaron Woods,0,0,0,0,17-Jul-2013,https://afltables.com/rl/soo/game99.html
2013-Game 3-Blues-v-Maroons,2013,Game 3,Blues,Maroons,Blues,Anthony Watmough,0,0,0,0,17-Jul-2013,https://afltables.com/rl/soo/game99.html
2013-Game 3-Blues-v-Maroons,2013,Game 3,Blues,Maroons,Blues,Andrew Fifita,0,0,0,0,17-Jul-2013,https://afltables.com/rl/soo/game99.html
2013-Game 3-Blues-v-Maroons,2013,Game 3,Blues,Maroons,Blues,Trent Merrin,1,0,0,0,17-Jul-2013,https://afltables.com/rl/soo/game99.html
2013-Game 3-Blues-v-Maroons,2013,Game 3,Blues,Maroons,Blues,Boyd Cordner,0,0,0,0,17-Jul-2013,https://afltables.com/rl/soo/game99.html
2013-Game 3-Blues-v-Maroons,2013,Game 3,Blues,Maroons,Maroons,Darius Boyd,0,0,0,0,17-Jul-2013,https://afltables.com/rl/soo/game99.html
2013-Game 3-Blues-v-Maroons,2013,Game 3,Blues,Maroons,Maroons,Greg Inglis,0,0,0,0,17-Jul-2013,https://afltables.com/rl/soo/game99.html
2013-Game 3-Blues-v-Maroons,2013,Game 3,Blues,Maroons,Maroons,Justin Hodges,1,0,0,0,17-Jul-2013,https://afltables.com/rl/soo/game99.html
2013-Game 3-Blues-v-Maroons,2013,Game 3,Blues,Maroons,Maroons,Brent Tate,0,0,0,0,17-Jul-2013,https://afltables.com/rl/soo/game99.html
2013-Game 3-Blues-v-Maroons,2013,Game 3,Blues,Maroons,Maroons,Johnathan Thurston,1,2,0,0,17-Jul-2013,https://afltables.com/rl/soo/game99.html
2013-Game 3-Blues-v-Maroons,2013,Game 3,Blues,Maroons,Maroons,Cooper Cronk,0,0,0,0,17-Jul-2013,https://afltables.com/rl/soo/game99.html
2013-Game 3-Blues-v-Maroons,2013,Game 3,Blues,Maroons,Maroons,Corey Parker,0,0,0,0,17-Jul-2013,https://afltables.com/rl/soo/game99.html
2013-Game 3-Blues-v-Maroons,2013,Game 3,Blues,Maroons,Maroons,Sam Thaiday,0,0,0,0,17-Jul-2013,https://afltables.com/rl/soo/game99.html
2013-Game 3-Blues-v-Maroons,2013,Game 3,Blues,Maroons,Maroons,Chris McQueen,0,0,0,0,17-Jul-2013,https://afltables.com/rl/soo/game99.html
2013-Game 3-Blues-v-Maroons,2013,Game 3,Blues,Maroons,Maroons,Nate Myles,0,0,0,0,17-Jul-2013,https://afltables.com/rl/soo/game99.html
2013-Game 3-Blues-v-Maroons,2013,Game 3,Blues,Maroons,Maroons,Cameron Smith,0,0,0,0,17-Jul-2013,https://afltables.com/rl/soo/game99.html
2013-Game 3-Blues-v-Maroons,2013,Game 3,Blues,Maroons,Maroons,Matthew Scott,0,0,0,0,17-Jul-2013,https://afltables.com/rl/soo/game99.html
2013-Game 3-Blues-v-Maroons,2013,Game 3,Blues,Maroons,Maroons,Daly Cherry-Evans,0,0,0,0,17-Jul-2013,https://afltables.com/rl/soo/game99.html
2013-Game 3-Blues-v-Maroons,2013,Game 3,Blues,Maroons,Maroons,Ben Te'o,0,0,0,0,17-Jul-2013,https://afltables.com/rl/soo/game99.html
2013-Game 3-Blues-v-Maroons,2013,Game 3,Blues,Maroons,Maroons,Matt Gillett,0,0,0,0,17-Jul-2013,https://afltables.com/rl/soo/game99.html
2013-Game 3-Blues-v-Maroons,2013,Game 3,Blues,Maroons,Maroons,Josh Papalii,0,0,0,0,17-Jul-2013,https://afltables.com/rl/soo/game99.html
2014-Game 1-Maroons-v-Blues,2014,Game 1,Maroons,Blues,Blues,Brett Morris,1,0,0,0,28-May-2014,https://afltables.com/rl/soo/game100.html
2014-Game 1-Maroons-v-Blues,2014,Game 1,Maroons,Blues,Blues,Josh Morris,0,0,0,0,28-May-2014,https://afltables.com/rl/soo/game100.html
2014-Game 1-Maroons-v-Blues,2014,Game 1,Maroons,Blues,Blues,Michael Jennings,0,0,0,0,28-May-2014,https://afltables.com/rl/soo/game100.html
2014-Game 1-Maroons-v-Blues,2014,Game 1,Maroons,Blues,Blues,Daniel Tupou,0,0,0,0,28-May-2014,https://afltables.com/rl/soo/game100.html
2014-Game 1-Maroons-v-Blues,2014,Game 1,Maroons,Blues,Blues,Josh Reynolds,0,0,0,0,28-May-2014,https://afltables.com/rl/soo/game100.html
2014-Game 1-Maroons-v-Blues,2014,Game 1,Maroons,Blues,Blues,Trent Hodkinson,0,2,0,0,28-May-2014,https://afltables.com/rl/soo/game100.html
2014-Game 1-Maroons-v-Blues,2014,Game 1,Maroons,Blues,Blues,Paul Gallen,0,0,0,0,28-May-2014,https://afltables.com/rl/soo/game100.html
2014-Game 1-Maroons-v-Blues,2014,Game 1,Maroons,Blues,Blues,Beau Scott,0,0,0,0,28-May-2014,https://afltables.com/rl/soo/game100.html
2014-Game 1-Maroons-v-Blues,2014,Game 1,Maroons,Blues,Blues,Ryan Hoffman,0,0,0,0,28-May-2014,https://afltables.com/rl/soo/game100.html
2014-Game 1-Maroons-v-Blues,2014,Game 1,Maroons,Blues,Blues,James Tamou,0,0,0,0,28-May-2014,https://afltables.com/rl/soo/game100.html
2014-Game 1-Maroons-v-Blues,2014,Game 1,Maroons,Blues,Blues,Robbie Farah,0,0,0,0,28-May-2014,https://afltables.com/rl/soo/game100.html
2014-Game 1-Maroons-v-Blues,2014,Game 1,Maroons,Blues,Blues,Aaron Woods,0,0,0,0,28-May-2014,https://afltables.com/rl/soo/game100.html
2014-Game 1-Maroons-v-Blues,2014,Game 1,Maroons,Blues,Blues,Anthony Watmough,0,0,0,0,28-May-2014,https://afltables.com/rl/soo/game100.html
2014-Game 1-Maroons-v-Blues,2014,Game 1,Maroons,Blues,Blues,Trent Merrin,0,0,0,0,28-May-2014,https://afltables.com/rl/soo/game100.html
2014-Game 1-Maroons-v-Blues,2014,Game 1,Maroons,Blues,Blues,Luke Lewis,0,0,0,0,28-May-2014,https://afltables.com/rl/soo/game100.html
2014-Game 1-Maroons-v-Blues,2014,Game 1,Maroons,Blues,Blues,Tony Williams,0,0,0,0,28-May-2014,https://afltables.com/rl/soo/game100.html
2014-Game 1-Maroons-v-Blues,2014,Game 1,Maroons,Blues,Maroons,Darius Boyd,2,0,0,0,28-May-2014,https://afltables.com/rl/soo/game100.html
2014-Game 1-Maroons-v-Blues,2014,Game 1,Maroons,Blues,Maroons,Greg Inglis,0,0,0,0,28-May-2014,https://afltables.com/rl/soo/game100.html
2014-Game 1-Maroons-v-Blues,2014,Game 1,Maroons,Blues,Maroons,Justin Hodges,0,0,0,0,28-May-2014,https://afltables.com/rl/soo/game100.html
2014-Game 1-Maroons-v-Blues,2014,Game 1,Maroons,Blues,Maroons,Brent Tate,0,0,0,0,28-May-2014,https://afltables.com/rl/soo/game100.html
2014-Game 1-Maroons-v-Blues,2014,Game 1,Maroons,Blues,Maroons,Johnathan Thurston,0,0,0,0,28-May-2014,https://afltables.com/rl/soo/game100.html
2014-Game 1-Maroons-v-Blues,2014,Game 1,Maroons,Blues,Maroons,Cooper Cronk,0,0,0,0,28-May-2014,https://afltables.com/rl/soo/game100.html
2014-Game 1-Maroons-v-Blues,2014,Game 1,Maroons,Blues,Maroons,Corey Parker,0,0,0,0,28-May-2014,https://afltables.com/rl/soo/game100.html
2014-Game 1-Maroons-v-Blues,2014,Game 1,Maroons,Blues,Maroons,Matt Gillett,0,0,0,0,28-May-2014,https://afltables.com/rl/soo/game100.html
2014-Game 1-Maroons-v-Blues,2014,Game 1,Maroons,Blues,Maroons,Chris McQueen,0,0,0,0,28-May-2014,https://afltables.com/rl/soo/game100.html
2014-Game 1-Maroons-v-Blues,2014,Game 1,Maroons,Blues,Maroons,Nate Myles,0,0,0,0,28-May-2014,https://afltables.com/rl/soo/game100.html
2014-Game 1-Maroons-v-Blues,2014,Game 1,Maroons,Blues,Maroons,Cameron Smith,0,0,0,0,28-May-2014,https://afltables.com/rl/soo/game100.html
2014-Game 1-Maroons-v-Blues,2014,Game 1,Maroons,Blues,Maroons,Matthew Scott,0,0,0,0,28-May-2014,https://afltables.com/rl/soo/game100.html
2014-Game 1-Maroons-v-Blues,2014,Game 1,Maroons,Blues,Maroons,Daly Cherry-Evans,0,0,0,0,28-May-2014,https://afltables.com/rl/soo/game100.html
2014-Game 1-Maroons-v-Blues,2014,Game 1,Maroons,Blues,Maroons,Ben Te'o,0,0,0,0,28-May-2014,https://afltables.com/rl/soo/game100.html
2014-Game 1-Maroons-v-Blues,2014,Game 1,Maroons,Blues,Maroons,Aidan Guerra,0,0,0,0,28-May-2014,https://afltables.com/rl/soo/game100.html
2014-Game 1-Maroons-v-Blues,2014,Game 1,Maroons,Blues,Maroons,Josh Papalii,0,0,0,0,28-May-2014,https://afltables.com/rl/soo/game100.html
2014-Game 2-Blues-v-Maroons,2014,Game 2,Blues,Maroons,Blues,Daniel Tupou,0,0,0,0,18-Jun-2014,https://afltables.com/rl/soo/game101.html
2014-Game 2-Blues-v-Maroons,2014,Game 2,Blues,Maroons,Blues,Michael Jennings,0,0,0,0,18-Jun-2014,https://afltables.com/rl/soo/game101.html
2014-Game 2-Blues-v-Maroons,2014,Game 2,Blues,Maroons,Blues,Josh Dugan,0,0,0,0,18-Jun-2014,https://afltables.com/rl/soo/game101.html
2014-Game 2-Blues-v-Maroons,2014,Game 2,Blues,Maroons,Blues,William Hopoate,0,0,0,0,18-Jun-2014,https://afltables.com/rl/soo/game101.html
2014-Game 2-Blues-v-Maroons,2014,Game 2,Blues,Maroons,Blues,Josh Reynolds,0,0,0,0,18-Jun-2014,https://afltables.com/rl/soo/game101.html
2014-Game 2-Blues-v-Maroons,2014,Game 2,Blues,Maroons,Blues,Trent Hodkinson,1,1,0,0,18-Jun-2014,https://afltables.com/rl/soo/game101.html
2014-Game 2-Blues-v-Maroons,2014,Game 2,Blues,Maroons,Blues,Greg Bird,0,0,0,0,18-Jun-2014,https://afltables.com/rl/soo/game101.html
2014-Game 2-Blues-v-Maroons,2014,Game 2,Blues,Maroons,Blues,Beau Scott,0,0,0,0,18-Jun-2014,https://afltables.com/rl/soo/game101.html
2014-Game 2-Blues-v-Maroons,2014,Game 2,Blues,Maroons,Blues,Ryan Hoffman,0,0,0,0,18-Jun-2014,https://afltables.com/rl/soo/game101.html
2014-Game 2-Blues-v-Maroons,2014,Game 2,Blues,Maroons,Blues,Aaron Woods,0,0,0,0,18-Jun-2014,https://afltables.com/rl/soo/game101.html
2014-Game 2-Blues-v-Maroons,2014,Game 2,Blues,Maroons,Blues,Robbie Farah,0,0,0,0,18-Jun-2014,https://afltables.com/rl/soo/game101.html
2014-Game 2-Blues-v-Maroons,2014,Game 2,Blues,Maroons,Blues,Paul Gallen,0,0,0,0,18-Jun-2014,https://afltables.com/rl/soo/game101.html
2014-Game 2-Blues-v-Maroons,2014,Game 2,Blues,Maroons,Blues,James Tamou,0,0,0,0,18-Jun-2014,https://afltables.com/rl/soo/game101.html
2014-Game 2-Blues-v-Maroons,2014,Game 2,Blues,Maroons,Blues,Anthony Watmough,0,0,0,0,18-Jun-2014,https://afltables.com/rl/soo/game101.html
2014-Game 2-Blues-v-Maroons,2014,Game 2,Blues,Maroons,Blues,Trent Merrin,0,0,0,0,18-Jun-2014,https://afltables.com/rl/soo/game101.html
2014-Game 2-Blues-v-Maroons,2014,Game 2,Blues,Maroons,Blues,Luke Lewis,0,0,0,0,18-Jun-2014,https://afltables.com/rl/soo/game101.html
2014-Game 2-Blues-v-Maroons,2014,Game 2,Blues,Maroons,Maroons,Darius Boyd,0,0,0,0,18-Jun-2014,https://afltables.com/rl/soo/game101.html
2014-Game 2-Blues-v-Maroons,2014,Game 2,Blues,Maroons,Maroons,Greg Inglis,0,0,0,0,18-Jun-2014,https://afltables.com/rl/soo/game101.html
2014-Game 2-Blues-v-Maroons,2014,Game 2,Blues,Maroons,Maroons,Justin Hodges,0,0,0,0,18-Jun-2014,https://afltables.com/rl/soo/game101.html
2014-Game 2-Blues-v-Maroons,2014,Game 2,Blues,Maroons,Maroons,Brent Tate,0,0,0,0,18-Jun-2014,https://afltables.com/rl/soo/game101.html
2014-Game 2-Blues-v-Maroons,2014,Game 2,Blues,Maroons,Maroons,Johnathan Thurston,0,2,0,0,18-Jun-2014,https://afltables.com/rl/soo/game101.html
2014-Game 2-Blues-v-Maroons,2014,Game 2,Blues,Maroons,Maroons,Daly Cherry-Evans,0,0,0,0,18-Jun-2014,https://afltables.com/rl/soo/game101.html
2014-Game 2-Blues-v-Maroons,2014,Game 2,Blues,Maroons,Maroons,Sam Thaiday,0,0,0,0,18-Jun-2014,https://afltables.com/rl/soo/game101.html
2014-Game 2-Blues-v-Maroons,2014,Game 2,Blues,Maroons,Maroons,Matt Gillett,0,0,0,0,18-Jun-2014,https://afltables.com/rl/soo/game101.html
2014-Game 2-Blues-v-Maroons,2014,Game 2,Blues,Maroons,Maroons,Aidan Guerra,0,0,0,0,18-Jun-2014,https://afltables.com/rl/soo/game101.html
2014-Game 2-Blues-v-Maroons,2014,Game 2,Blues,Maroons,Maroons,Nate Myles,0,0,0,0,18-Jun-2014,https://afltables.com/rl/soo/game101.html
2014-Game 2-Blues-v-Maroons,2014,Game 2,Blues,Maroons,Maroons,Cameron Smith,0,0,0,0,18-Jun-2014,https://afltables.com/rl/soo/game101.html
2014-Game 2-Blues-v-Maroons,2014,Game 2,Blues,Maroons,Maroons,Matthew Scott,0,0,0,0,18-Jun-2014,https://afltables.com/rl/soo/game101.html
2014-Game 2-Blues-v-Maroons,2014,Game 2,Blues,Maroons,Maroons,Jacob Lillyman,0,0,0,0,18-Jun-2014,https://afltables.com/rl/soo/game101.html
2014-Game 2-Blues-v-Maroons,2014,Game 2,Blues,Maroons,Maroons,Ben Te'o,0,0,0,0,18-Jun-2014,https://afltables.com/rl/soo/game101.html
2014-Game 2-Blues-v-Maroons,2014,Game 2,Blues,Maroons,Maroons,Chris McQueen,0,0,0,0,18-Jun-2014,https://afltables.com/rl/soo/game101.html
2014-Game 2-Blues-v-Maroons,2014,Game 2,Blues,Maroons,Maroons,Dave Taylor,0,0,0,0,18-Jun-2014,https://afltables.com/rl/soo/game101.html
2014-Game 3-Maroons-v-Blues,2014,Game 3,Maroons,Blues,Blues,James McManus,0,0,0,0,9-Jul-2014,https://afltables.com/rl/soo/game102.html
2014-Game 3-Maroons-v-Blues,2014,Game 3,Maroons,Blues,Blues,Josh Dugan,1,0,0,0,9-Jul-2014,https://afltables.com/rl/soo/game102.html
2014-Game 3-Maroons-v-Blues,2014,Game 3,Maroons,Blues,Blues,Brett Morris,0,0,0,0,9-Jul-2014,https://afltables.com/rl/soo/game102.html
2014-Game 3-Maroons-v-Blues,2014,Game 3,Maroons,Blues,Blues,Daniel Tupou,0,0,0,0,9-Jul-2014,https://afltables.com/rl/soo/game102.html
2014-Game 3-Maroons-v-Blues,2014,Game 3,Maroons,Blues,Blues,Josh Reynolds,0,0,0,0,9-Jul-2014,https://afltables.com/rl/soo/game102.html
2014-Game 3-Maroons-v-Blues,2014,Game 3,Maroons,Blues,Blues,Trent Hodkinson,0,2,0,0,9-Jul-2014,https://afltables.com/rl/soo/game102.html
2014-Game 3-Maroons-v-Blues,2014,Game 3,Maroons,Blues,Blues,Greg Bird,0,0,0,0,9-Jul-2014,https://afltables.com/rl/soo/game102.html
2014-Game 3-Maroons-v-Blues,2014,Game 3,Maroons,Blues,Blues,Ryan Hoffman,0,0,0,0,9-Jul-2014,https://afltables.com/rl/soo/game102.html
2014-Game 3-Maroons-v-Blues,2014,Game 3,Maroons,Blues,Blues,Beau Scott,0,0,0,0,9-Jul-2014,https://afltables.com/rl/soo/game102.html
2014-Game 3-Maroons-v-Blues,2014,Game 3,Maroons,Blues,Blues,Aaron Woods,0,0,0,0,9-Jul-2014,https://afltables.com/rl/soo/game102.html
2014-Game 3-Maroons-v-Blues,2014,Game 3,Maroons,Blues,Blues,Robbie Farah,0,0,0,0,9-Jul-2014,https://afltables.com/rl/soo/game102.html
2014-Game 3-Maroons-v-Blues,2014,Game 3,Maroons,Blues,Blues,Paul Gallen,0,0,0,0,9-Jul-2014,https://afltables.com/rl/soo/game102.html
2014-Game 3-Maroons-v-Blues,2014,Game 3,Maroons,Blues,Blues,James Tamou,0,0,0,0,9-Jul-2014,https://afltables.com/rl/soo/game102.html
2014-Game 3-Maroons-v-Blues,2014,Game 3,Maroons,Blues,Blues,Boyd Cordner,0,0,0,0,9-Jul-2014,https://afltables.com/rl/soo/game102.html
2014-Game 3-Maroons-v-Blues,2014,Game 3,Maroons,Blues,Blues,Trent Merrin,0,0,0,0,9-Jul-2014,https://afltables.com/rl/soo/game102.html
2014-Game 3-Maroons-v-Blues,2014,Game 3,Maroons,Blues,Blues,Luke Lewis,0,0,0,0,9-Jul-2014,https://afltables.com/rl/soo/game102.html
2014-Game 3-Maroons-v-Blues,2014,Game 3,Maroons,Blues,Maroons,Darius Boyd,1,0,0,0,9-Jul-2014,https://afltables.com/rl/soo/game102.html
2014-Game 3-Maroons-v-Blues,2014,Game 3,Maroons,Blues,Maroons,Greg Inglis,0,0,0,0,9-Jul-2014,https://afltables.com/rl/soo/game102.html
2014-Game 3-Maroons-v-Blues,2014,Game 3,Maroons,Blues,Maroons,Justin Hodges,0,0,0,0,9-Jul-2014,https://afltables.com/rl/soo/game102.html
2014-Game 3-Maroons-v-Blues,2014,Game 3,Maroons,Blues,Maroons,Will Chambers,0,0,0,0,9-Jul-2014,https://afltables.com/rl/soo/game102.html
2014-Game 3-Maroons-v-Blues,2014,Game 3,Maroons,Blues,Maroons,Johnathan Thurston,0,6,0,0,9-Jul-2014,https://afltables.com/rl/soo/game102.html
2014-Game 3-Maroons-v-Blues,2014,Game 3,Maroons,Blues,Maroons,Cooper Cronk,1,0,0,0,9-Jul-2014,https://afltables.com/rl/soo/game102.html
2014-Game 3-Maroons-v-Blues,2014,Game 3,Maroons,Blues,Maroons,Corey Parker,0,0,0,0,9-Jul-2014,https://afltables.com/rl/soo/game102.html
2014-Game 3-Maroons-v-Blues,2014,Game 3,Maroons,Blues,Maroons,Sam Thaiday,0,0,0,0,9-Jul-2014,https://afltables.com/rl/soo/game102.html
2014-Game 3-Maroons-v-Blues,2014,Game 3,Maroons,Blues,Maroons,Aidan Guerra,1,0,0,0,9-Jul-2014,https://afltables.com/rl/soo/game102.html
2014-Game 3-Maroons-v-Blues,2014,Game 3,Maroons,Blues,Maroons,Nate Myles,0,0,0,0,9-Jul-2014,https://afltables.com/rl/soo/game102.html
2014-Game 3-Maroons-v-Blues,2014,Game 3,Maroons,Blues,Maroons,Cameron Smith,1,0,0,0,9-Jul-2014,https://afltables.com/rl/soo/game102.html
2014-Game 3-Maroons-v-Blues,2014,Game 3,Maroons,Blues,Maroons,Jacob Lillyman,0,0,0,0,9-Jul-2014,https://afltables.com/rl/soo/game102.html
2014-Game 3-Maroons-v-Blues,2014,Game 3,Maroons,Blues,Maroons,Daly Cherry-Evans,0,0,0,0,9-Jul-2014,https://afltables.com/rl/soo/game102.html
2014-Game 3-Maroons-v-Blues,2014,Game 3,Maroons,Blues,Maroons,Ben Te'o,0,0,0,0,9-Jul-2014,https://afltables.com/rl/soo/game102.html
2014-Game 3-Maroons-v-Blues,2014,Game 3,Maroons,Blues,Maroons,Matt Gillett,0,0,0,0,9-Jul-2014,https://afltables.com/rl/soo/game102.html
2014-Game 3-Maroons-v-Blues,2014,Game 3,Maroons,Blues,Maroons,Dave Taylor,0,0,0,0,9-Jul-2014,https://afltables.com/rl/soo/game102.html
2015-Game 1-Blues-v-Maroons,2015,Game 1,Blues,Maroons,Blues,William Hopoate,0,0,0,0,27-May-2015,https://afltables.com/rl/soo/game103.html
2015-Game 1-Blues-v-Maroons,2015,Game 1,Blues,Maroons,Blues,Michael Jennings,0,0,0,0,27-May-2015,https://afltables.com/rl/soo/game103.html
2015-Game 1-Blues-v-Maroons,2015,Game 1,Blues,Maroons,Blues,Josh Morris,1,0,0,0,27-May-2015,https://afltables.com/rl/soo/game103.html
2015-Game 1-Blues-v-Maroons,2015,Game 1,Blues,Maroons,Blues,Daniel Tupou,0,0,0,0,27-May-2015,https://afltables.com/rl/soo/game103.html
2015-Game 1-Blues-v-Maroons,2015,Game 1,Blues,Maroons,Blues,Mitchell Pearce,0,0,0,0,27-May-2015,https://afltables.com/rl/soo/game103.html
2015-Game 1-Blues-v-Maroons,2015,Game 1,Blues,Maroons,Blues,Trent Hodkinson,0,1,0,0,27-May-2015,https://afltables.com/rl/soo/game103.html
2015-Game 1-Blues-v-Maroons,2015,Game 1,Blues,Maroons,Blues,Josh Jackson,0,0,0,0,27-May-2015,https://afltables.com/rl/soo/game103.html
2015-Game 1-Blues-v-Maroons,2015,Game 1,Blues,Maroons,Blues,Ryan Hoffman,0,0,0,0,27-May-2015,https://afltables.com/rl/soo/game103.html
2015-Game 1-Blues-v-Maroons,2015,Game 1,Blues,Maroons,Blues,Beau Scott,1,0,0,0,27-May-2015,https://afltables.com/rl/soo/game103.html
2015-Game 1-Blues-v-Maroons,2015,Game 1,Blues,Maroons,Blues,James Tamou,0,0,0,0,27-May-2015,https://afltables.com/rl/soo/game103.html
2015-Game 1-Blues-v-Maroons,2015,Game 1,Blues,Maroons,Blues,Robbie Farah,0,0,0,0,27-May-2015,https://afltables.com/rl/soo/game103.html
2015-Game 1-Blues-v-Maroons,2015,Game 1,Blues,Maroons,Blues,Aaron Woods,0,0,0,0,27-May-2015,https://afltables.com/rl/soo/game103.html
2015-Game 1-Blues-v-Maroons,2015,Game 1,Blues,Maroons,Blues,Trent Merrin,0,0,0,0,27-May-2015,https://afltables.com/rl/soo/game103.html
2015-Game 1-Blues-v-Maroons,2015,Game 1,Blues,Maroons,Blues,Boyd Cordner,0,0,0,0,27-May-2015,https://afltables.com/rl/soo/game103.html
2015-Game 1-Blues-v-Maroons,2015,Game 1,Blues,Maroons,Blues,David Klemmer,0,0,0,0,27-May-2015,https://afltables.com/rl/soo/game103.html
2015-Game 1-Blues-v-Maroons,2015,Game 1,Blues,Maroons,Blues,Andrew Fifita,0,0,0,0,27-May-2015,https://afltables.com/rl/soo/game103.html
2015-Game 1-Blues-v-Maroons,2015,Game 1,Blues,Maroons,Maroons,Darius Boyd,0,0,0,0,27-May-2015,https://afltables.com/rl/soo/game103.html
2015-Game 1-Blues-v-Maroons,2015,Game 1,Blues,Maroons,Maroons,Greg Inglis,0,0,0,0,27-May-2015,https://afltables.com/rl/soo/game103.html
2015-Game 1-Blues-v-Maroons,2015,Game 1,Blues,Maroons,Maroons,Justin Hodges,0,0,0,0,27-May-2015,https://afltables.com/rl/soo/game103.html
2015-Game 1-Blues-v-Maroons,2015,Game 1,Blues,Maroons,Maroons,Will Chambers,1,0,0,0,27-May-2015,https://afltables.com/rl/soo/game103.html
2015-Game 1-Blues-v-Maroons,2015,Game 1,Blues,Maroons,Maroons,Johnathan Thurston,0,1,0,0,27-May-2015,https://afltables.com/rl/soo/game103.html
2015-Game 1-Blues-v-Maroons,2015,Game 1,Blues,Maroons,Maroons,Cooper Cronk,1,0,1,0,27-May-2015,https://afltables.com/rl/soo/game103.html
2015-Game 1-Blues-v-Maroons,2015,Game 1,Blues,Maroons,Maroons,Corey Parker,0,0,0,0,27-May-2015,https://afltables.com/rl/soo/game103.html
2015-Game 1-Blues-v-Maroons,2015,Game 1,Blues,Maroons,Maroons,Sam Thaiday,0,0,0,0,27-May-2015,https://afltables.com/rl/soo/game103.html
2015-Game 1-Blues-v-Maroons,2015,Game 1,Blues,Maroons,Maroons,Aidan Guerra,0,0,0,0,27-May-2015,https://afltables.com/rl/soo/game103.html
2015-Game 1-Blues-v-Maroons,2015,Game 1,Blues,Maroons,Maroons,Nate Myles,0,0,0,0,27-May-2015,https://afltables.com/rl/soo/game103.html
2015-Game 1-Blues-v-Maroons,2015,Game 1,Blues,Maroons,Maroons,Cameron Smith,0,0,0,0,27-May-2015,https://afltables.com/rl/soo/game103.html
2015-Game 1-Blues-v-Maroons,2015,Game 1,Blues,Maroons,Maroons,Matthew Scott,0,0,0,0,27-May-2015,https://afltables.com/rl/soo/game103.html
2015-Game 1-Blues-v-Maroons,2015,Game 1,Blues,Maroons,Maroons,Michael Morgan,0,0,0,0,27-May-2015,https://afltables.com/rl/soo/game103.html
2015-Game 1-Blues-v-Maroons,2015,Game 1,Blues,Maroons,Maroons,Josh McGuire,0,0,0,0,27-May-2015,https://afltables.com/rl/soo/game103.html
2015-Game 1-Blues-v-Maroons,2015,Game 1,Blues,Maroons,Maroons,Matt Gillett,0,0,0,0,27-May-2015,https://afltables.com/rl/soo/game103.html
2015-Game 1-Blues-v-Maroons,2015,Game 1,Blues,Maroons,Maroons,Jacob Lillyman,0,0,0,0,27-May-2015,https://afltables.com/rl/soo/game103.html
2015-Game 2-Blues-v-Maroons,2015,Game 2,Blues,Maroons,Blues,William Hopoate,0,0,0,0,17-Jun-2015,https://afltables.com/rl/soo/game104.html
2015-Game 2-Blues-v-Maroons,2015,Game 2,Blues,Maroons,Blues,Michael Jennings,1,0,0,0,17-Jun-2015,https://afltables.com/rl/soo/game104.html
2015-Game 2-Blues-v-Maroons,2015,Game 2,Blues,Maroons,Blues,Josh Morris,1,0,0,0,17-Jun-2015,https://afltables.com/rl/soo/game104.html
2015-Game 2-Blues-v-Maroons,2015,Game 2,Blues,Maroons,Blues,Brett Morris,0,0,0,0,17-Jun-2015,https://afltables.com/rl/soo/game104.html
2015-Game 2-Blues-v-Maroons,2015,Game 2,Blues,Maroons,Blues,Mitchell Pearce,0,0,0,0,17-Jun-2015,https://afltables.com/rl/soo/game104.html
2015-Game 2-Blues-v-Maroons,2015,Game 2,Blues,Maroons,Blues,Trent Hodkinson,0,5,0,0,17-Jun-2015,https://afltables.com/rl/soo/game104.html
2015-Game 2-Blues-v-Maroons,2015,Game 2,Blues,Maroons,Blues,Paul Gallen,0,0,0,0,17-Jun-2015,https://afltables.com/rl/soo/game104.html
2015-Game 2-Blues-v-Maroons,2015,Game 2,Blues,Maroons,Blues,Ryan Hoffman,0,0,0,0,17-Jun-2015,https://afltables.com/rl/soo/game104.html
2015-Game 2-Blues-v-Maroons,2015,Game 2,Blues,Maroons,Blues,Beau Scott,0,0,0,0,17-Jun-2015,https://afltables.com/rl/soo/game104.html
2015-Game 2-Blues-v-Maroons,2015,Game 2,Blues,Maroons,Blues,James Tamou,0,0,0,0,17-Jun-2015,https://afltables.com/rl/soo/game104.html
2015-Game 2-Blues-v-Maroons,2015,Game 2,Blues,Maroons,Blues,Robbie Farah,0,0,0,0,17-Jun-2015,https://afltables.com/rl/soo/game104.html
2015-Game 2-Blues-v-Maroons,2015,Game 2,Blues,Maroons,Blues,Aaron Woods,1,0,0,0,17-Jun-2015,https://afltables.com/rl/soo/game104.html
2015-Game 2-Blues-v-Maroons,2015,Game 2,Blues,Maroons,Blues,Trent Merrin,0,0,0,0,17-Jun-2015,https://afltables.com/rl/soo/game104.html
2015-Game 2-Blues-v-Maroons,2015,Game 2,Blues,Maroons,Blues,Boyd Cordner,0,0,0,0,17-Jun-2015,https://afltables.com/rl/soo/game104.html
2015-Game 2-Blues-v-Maroons,2015,Game 2,Blues,Maroons,Blues,David Klemmer,0,0,0,0,17-Jun-2015,https://afltables.com/rl/soo/game104.html
2015-Game 2-Blues-v-Maroons,2015,Game 2,Blues,Maroons,Blues,Josh Jackson,0,0,0,0,17-Jun-2015,https://afltables.com/rl/soo/game104.html
2015-Game 2-Blues-v-Maroons,2015,Game 2,Blues,Maroons,Maroons,Darius Boyd,0,0,0,0,17-Jun-2015,https://afltables.com/rl/soo/game104.html
2015-Game 2-Blues-v-Maroons,2015,Game 2,Blues,Maroons,Maroons,Greg Inglis,1,0,0,0,17-Jun-2015,https://afltables.com/rl/soo/game104.html
2015-Game 2-Blues-v-Maroons,2015,Game 2,Blues,Maroons,Maroons,Justin Hodges,0,0,0,0,17-Jun-2015,https://afltables.com/rl/soo/game104.html
2015-Game 2-Blues-v-Maroons,2015,Game 2,Blues,Maroons,Maroons,Will Chambers,0,0,0,0,17-Jun-2015,https://afltables.com/rl/soo/game104.html
2015-Game 2-Blues-v-Maroons,2015,Game 2,Blues,Maroons,Maroons,Johnathan Thurston,0,3,0,0,17-Jun-2015,https://afltables.com/rl/soo/game104.html
2015-Game 2-Blues-v-Maroons,2015,Game 2,Blues,Maroons,Maroons,Daly Cherry-Evans,0,0,0,0,17-Jun-2015,https://afltables.com/rl/soo/game104.html
2015-Game 2-Blues-v-Maroons,2015,Game 2,Blues,Maroons,Maroons,Corey Parker,0,0,0,0,17-Jun-2015,https://afltables.com/rl/soo/game104.html
2015-Game 2-Blues-v-Maroons,2015,Game 2,Blues,Maroons,Maroons,Sam Thaiday,0,0,0,0,17-Jun-2015,https://afltables.com/rl/soo/game104.html
2015-Game 2-Blues-v-Maroons,2015,Game 2,Blues,Maroons,Maroons,Aidan Guerra,0,0,0,0,17-Jun-2015,https://afltables.com/rl/soo/game104.html
2015-Game 2-Blues-v-Maroons,2015,Game 2,Blues,Maroons,Maroons,Nate Myles,0,0,0,0,17-Jun-2015,https://afltables.com/rl/soo/game104.html
2015-Game 2-Blues-v-Maroons,2015,Game 2,Blues,Maroons,Maroons,Cameron Smith,0,0,0,0,17-Jun-2015,https://afltables.com/rl/soo/game104.html
2015-Game 2-Blues-v-Maroons,2015,Game 2,Blues,Maroons,Maroons,Matthew Scott,1,0,0,0,17-Jun-2015,https://afltables.com/rl/soo/game104.html
2015-Game 2-Blues-v-Maroons,2015,Game 2,Blues,Maroons,Maroons,Michael Morgan,0,0,0,0,17-Jun-2015,https://afltables.com/rl/soo/game104.html
2015-Game 2-Blues-v-Maroons,2015,Game 2,Blues,Maroons,Maroons,Josh McGuire,0,0,0,0,17-Jun-2015,https://afltables.com/rl/soo/game104.html
2015-Game 2-Blues-v-Maroons,2015,Game 2,Blues,Maroons,Maroons,Matt Gillett,1,0,0,0,17-Jun-2015,https://afltables.com/rl/soo/game104.html
2015-Game 2-Blues-v-Maroons,2015,Game 2,Blues,Maroons,Maroons,Jacob Lillyman,0,0,0,0,17-Jun-2015,https://afltables.com/rl/soo/game104.html
2015-Game 3-Maroons-v-Blues,2015,Game 3,Maroons,Blues,Blues,William Hopoate,0,0,0,0,8-Jul-2015,https://afltables.com/rl/soo/game105.html
2015-Game 3-Maroons-v-Blues,2015,Game 3,Maroons,Blues,Blues,Michael Jennings,1,0,0,0,8-Jul-2015,https://afltables.com/rl/soo/game105.html
2015-Game 3-Maroons-v-Blues,2015,Game 3,Maroons,Blues,Blues,Josh Morris,0,0,0,0,8-Jul-2015,https://afltables.com/rl/soo/game105.html
2015-Game 3-Maroons-v-Blues,2015,Game 3,Maroons,Blues,Blues,Brett Morris,0,0,0,0,8-Jul-2015,https://afltables.com/rl/soo/game105.html
2015-Game 3-Maroons-v-Blues,2015,Game 3,Maroons,Blues,Blues,Mitchell Pearce,0,0,0,0,8-Jul-2015,https://afltables.com/rl/soo/game105.html
2015-Game 3-Maroons-v-Blues,2015,Game 3,Maroons,Blues,Blues,Trent Hodkinson,0,1,0,0,8-Jul-2015,https://afltables.com/rl/soo/game105.html
2015-Game 3-Maroons-v-Blues,2015,Game 3,Maroons,Blues,Blues,Paul Gallen,0,0,0,0,8-Jul-2015,https://afltables.com/rl/soo/game105.html
2015-Game 3-Maroons-v-Blues,2015,Game 3,Maroons,Blues,Blues,Ryan Hoffman,0,0,0,0,8-Jul-2015,https://afltables.com/rl/soo/game105.html
2015-Game 3-Maroons-v-Blues,2015,Game 3,Maroons,Blues,Blues,Beau Scott,0,0,0,0,8-Jul-2015,https://afltables.com/rl/soo/game105.html
2015-Game 3-Maroons-v-Blues,2015,Game 3,Maroons,Blues,Blues,James Tamou,0,0,0,0,8-Jul-2015,https://afltables.com/rl/soo/game105.html
2015-Game 3-Maroons-v-Blues,2015,Game 3,Maroons,Blues,Blues,Michael Ennis,0,0,0,0,8-Jul-2015,https://afltables.com/rl/soo/game105.html
2015-Game 3-Maroons-v-Blues,2015,Game 3,Maroons,Blues,Blues,Aaron Woods,0,0,0,0,8-Jul-2015,https://afltables.com/rl/soo/game105.html
2015-Game 3-Maroons-v-Blues,2015,Game 3,Maroons,Blues,Blues,Trent Merrin,0,0,0,0,8-Jul-2015,https://afltables.com/rl/soo/game105.html
2015-Game 3-Maroons-v-Blues,2015,Game 3,Maroons,Blues,Blues,Boyd Cordner,0,0,0,0,8-Jul-2015,https://afltables.com/rl/soo/game105.html
2015-Game 3-Maroons-v-Blues,2015,Game 3,Maroons,Blues,Blues,David Klemmer,0,0,0,0,8-Jul-2015,https://afltables.com/rl/soo/game105.html
2015-Game 3-Maroons-v-Blues,2015,Game 3,Maroons,Blues,Blues,Josh Jackson,0,0,0,0,8-Jul-2015,https://afltables.com/rl/soo/game105.html
2015-Game 3-Maroons-v-Blues,2015,Game 3,Maroons,Blues,Maroons,Darius Boyd,1,0,0,0,8-Jul-2015,https://afltables.com/rl/soo/game105.html
2015-Game 3-Maroons-v-Blues,2015,Game 3,Maroons,Blues,Maroons,Will Chambers,1,0,0,0,8-Jul-2015,https://afltables.com/rl/soo/game105.html
2015-Game 3-Maroons-v-Blues,2015,Game 3,Maroons,Blues,Maroons,Justin Hodges,0,1,0,0,8-Jul-2015,https://afltables.com/rl/soo/game105.html
2015-Game 3-Maroons-v-Blues,2015,Game 3,Maroons,Blues,Maroons,Dane Gagai,1,0,0,0,8-Jul-2015,https://afltables.com/rl/soo/game105.html
2015-Game 3-Maroons-v-Blues,2015,Game 3,Maroons,Blues,Maroons,Johnathan Thurston,0,9,0,0,8-Jul-2015,https://afltables.com/rl/soo/game105.html
2015-Game 3-Maroons-v-Blues,2015,Game 3,Maroons,Blues,Maroons,Cooper Cronk,0,0,0,0,8-Jul-2015,https://afltables.com/rl/soo/game105.html
2015-Game 3-Maroons-v-Blues,2015,Game 3,Maroons,Blues,Maroons,Corey Parker,0,0,0,0,8-Jul-2015,https://afltables.com/rl/soo/game105.html
2015-Game 3-Maroons-v-Blues,2015,Game 3,Maroons,Blues,Maroons,Sam Thaiday,0,0,0,0,8-Jul-2015,https://afltables.com/rl/soo/game105.html
2015-Game 3-Maroons-v-Blues,2015,Game 3,Maroons,Blues,Maroons,Aidan Guerra,1,0,0,0,8-Jul-2015,https://afltables.com/rl/soo/game105.html
2015-Game 3-Maroons-v-Blues,2015,Game 3,Maroons,Blues,Maroons,Nate Myles,0,0,0,0,8-Jul-2015,https://afltables.com/rl/soo/game105.html
2015-Game 3-Maroons-v-Blues,2015,Game 3,Maroons,Blues,Maroons,Cameron Smith,0,0,0,0,8-Jul-2015,https://afltables.com/rl/soo/game105.html
2015-Game 3-Maroons-v-Blues,2015,Game 3,Maroons,Blues,Maroons,Matthew Scott,0,0,0,0,8-Jul-2015,https://afltables.com/rl/soo/game105.html
2015-Game 3-Maroons-v-Blues,2015,Game 3,Maroons,Blues,Maroons,Michael Morgan,1,0,0,0,8-Jul-2015,https://afltables.com/rl/soo/game105.html
2015-Game 3-Maroons-v-Blues,2015,Game 3,Maroons,Blues,Maroons,Josh Papalii,1,0,0,0,8-Jul-2015,https://afltables.com/rl/soo/game105.html
2015-Game 3-Maroons-v-Blues,2015,Game 3,Maroons,Blues,Maroons,Matt Gillett,1,0,0,0,8-Jul-2015,https://afltables.com/rl/soo/game105.html
2015-Game 3-Maroons-v-Blues,2015,Game 3,Maroons,Blues,Maroons,Jacob Lillyman,0,0,0,0,8-Jul-2015,https://afltables.com/rl/soo/game105.html
2016-Game 1-Blues-v-Maroons,2016,Game 1,Blues,Maroons,Blues,Blake Ferguson,0,0,0,0,1-Jun-2016,https://afltables.com/rl/soo/game106.html
2016-Game 1-Blues-v-Maroons,2016,Game 1,Blues,Maroons,Blues,Michael Jennings,0,0,0,0,1-Jun-2016,https://afltables.com/rl/soo/game106.html
2016-Game 1-Blues-v-Maroons,2016,Game 1,Blues,Maroons,Blues,Josh Morris,0,0,0,0,1-Jun-2016,https://afltables.com/rl/soo/game106.html
2016-Game 1-Blues-v-Maroons,2016,Game 1,Blues,Maroons,Blues,Josh Mansour,0,0,0,0,1-Jun-2016,https://afltables.com/rl/soo/game106.html
2016-Game 1-Blues-v-Maroons,2016,Game 1,Blues,Maroons,Blues,James Maloney,0,0,0,0,1-Jun-2016,https://afltables.com/rl/soo/game106.html
2016-Game 1-Blues-v-Maroons,2016,Game 1,Blues,Maroons,Blues,Adam Reynolds,0,0,0,0,1-Jun-2016,https://afltables.com/rl/soo/game106.html
2016-Game 1-Blues-v-Maroons,2016,Game 1,Blues,Maroons,Blues,James Tamou,0,0,0,0,1-Jun-2016,https://afltables.com/rl/soo/game106.html
2016-Game 1-Blues-v-Maroons,2016,Game 1,Blues,Maroons,Blues,Josh Jackson,0,0,0,0,1-Jun-2016,https://afltables.com/rl/soo/game106.html
2016-Game 1-Blues-v-Maroons,2016,Game 1,Blues,Maroons,Blues,Boyd Cordner,1,0,0,0,1-Jun-2016,https://afltables.com/rl/soo/game106.html
2016-Game 1-Blues-v-Maroons,2016,Game 1,Blues,Maroons,Blues,Paul Gallen,0,0,0,0,1-Jun-2016,https://afltables.com/rl/soo/game106.html
2016-Game 1-Blues-v-Maroons,2016,Game 1,Blues,Maroons,Blues,Robbie Farah,0,0,0,0,1-Jun-2016,https://afltables.com/rl/soo/game106.html
2016-Game 1-Blues-v-Maroons,2016,Game 1,Blues,Maroons,Blues,Aaron Woods,0,0,0,0,1-Jun-2016,https://afltables.com/rl/soo/game106.html
2016-Game 1-Blues-v-Maroons,2016,Game 1,Blues,Maroons,Blues,Greg Bird,0,0,0,0,1-Jun-2016,https://afltables.com/rl/soo/game106.html
2016-Game 1-Blues-v-Maroons,2016,Game 1,Blues,Maroons,Blues,Dylan Walker,0,0,0,0,1-Jun-2016,https://afltables.com/rl/soo/game106.html
2016-Game 1-Blues-v-Maroons,2016,Game 1,Blues,Maroons,Blues,David Klemmer,0,0,0,0,1-Jun-2016,https://afltables.com/rl/soo/game106.html
2016-Game 1-Blues-v-Maroons,2016,Game 1,Blues,Maroons,Blues,Andrew Fifita,0,0,0,0,1-Jun-2016,https://afltables.com/rl/soo/game106.html
2016-Game 1-Blues-v-Maroons,2016,Game 1,Blues,Maroons,Maroons,Corey Oates,0,0,0,0,1-Jun-2016,https://afltables.com/rl/soo/game106.html
2016-Game 1-Blues-v-Maroons,2016,Game 1,Blues,Maroons,Maroons,Greg Inglis,0,0,0,0,1-Jun-2016,https://afltables.com/rl/soo/game106.html
2016-Game 1-Blues-v-Maroons,2016,Game 1,Blues,Maroons,Maroons,Justin O'Neill,0,0,0,0,1-Jun-2016,https://afltables.com/rl/soo/game106.html
2016-Game 1-Blues-v-Maroons,2016,Game 1,Blues,Maroons,Maroons,Dane Gagai,1,0,0,0,1-Jun-2016,https://afltables.com/rl/soo/game106.html
2016-Game 1-Blues-v-Maroons,2016,Game 1,Blues,Maroons,Maroons,Johnathan Thurston,0,1,0,0,1-Jun-2016,https://afltables.com/rl/soo/game106.html
2016-Game 1-Blues-v-Maroons,2016,Game 1,Blues,Maroons,Maroons,Cooper Cronk,0,0,0,0,1-Jun-2016,https://afltables.com/rl/soo/game106.html
2016-Game 1-Blues-v-Maroons,2016,Game 1,Blues,Maroons,Maroons,Corey Parker,0,0,0,0,1-Jun-2016,https://afltables.com/rl/soo/game106.html
2016-Game 1-Blues-v-Maroons,2016,Game 1,Blues,Maroons,Maroons,Sam Thaiday,0,0,0,0,1-Jun-2016,https://afltables.com/rl/soo/game106.html
2016-Game 1-Blues-v-Maroons,2016,Game 1,Blues,Maroons,Maroons,Matt Gillett,0,0,0,0,1-Jun-2016,https://afltables.com/rl/soo/game106.html
2016-Game 1-Blues-v-Maroons,2016,Game 1,Blues,Maroons,Maroons,Nate Myles,0,0,0,0,1-Jun-2016,https://afltables.com/rl/soo/game106.html
2016-Game 1-Blues-v-Maroons,2016,Game 1,Blues,Maroons,Maroons,Cameron Smith,0,0,0,0,1-Jun-2016,https://afltables.com/rl/soo/game106.html
2016-Game 1-Blues-v-Maroons,2016,Game 1,Blues,Maroons,Maroons,Matthew Scott,0,0,0,0,1-Jun-2016,https://afltables.com/rl/soo/game106.html
2016-Game 1-Blues-v-Maroons,2016,Game 1,Blues,Maroons,Maroons,Michael Morgan,0,0,0,0,1-Jun-2016,https://afltables.com/rl/soo/game106.html
2016-Game 1-Blues-v-Maroons,2016,Game 1,Blues,Maroons,Maroons,Josh McGuire,0,0,0,0,1-Jun-2016,https://afltables.com/rl/soo/game106.html
2016-Game 1-Blues-v-Maroons,2016,Game 1,Blues,Maroons,Maroons,Aidan Guerra,0,0,0,0,1-Jun-2016,https://afltables.com/rl/soo/game106.html
2016-Game 1-Blues-v-Maroons,2016,Game 1,Blues,Maroons,Maroons,Josh Papalii,0,0,0,0,1-Jun-2016,https://afltables.com/rl/soo/game106.html
2016-Game 2-Maroons-v-Blues,2016,Game 2,Maroons,Blues,Blues,Blake Ferguson,0,0,0,0,22-Jun-2016,https://afltables.com/rl/soo/game107.html
2016-Game 2-Maroons-v-Blues,2016,Game 2,Maroons,Blues,Blues,Michael Jennings,0,0,0,0,22-Jun-2016,https://afltables.com/rl/soo/game107.html
2016-Game 2-Maroons-v-Blues,2016,Game 2,Maroons,Blues,Blues,Dylan Walker,0,0,0,0,22-Jun-2016,https://afltables.com/rl/soo/game107.html
2016-Game 2-Maroons-v-Blues,2016,Game 2,Maroons,Blues,Blues,Josh Mansour,0,0,0,0,22-Jun-2016,https://afltables.com/rl/soo/game107.html
2016-Game 2-Maroons-v-Blues,2016,Game 2,Maroons,Blues,Blues,James Maloney,1,1,0,0,22-Jun-2016,https://afltables.com/rl/soo/game107.html
2016-Game 2-Maroons-v-Blues,2016,Game 2,Maroons,Blues,Blues,Adam Reynolds,0,3,0,0,22-Jun-2016,https://afltables.com/rl/soo/game107.html
2016-Game 2-Maroons-v-Blues,2016,Game 2,Maroons,Blues,Blues,Paul Gallen,0,0,0,0,22-Jun-2016,https://afltables.com/rl/soo/game107.html
2016-Game 2-Maroons-v-Blues,2016,Game 2,Maroons,Blues,Blues,Josh Jackson,0,0,0,0,22-Jun-2016,https://afltables.com/rl/soo/game107.html
2016-Game 2-Maroons-v-Blues,2016,Game 2,Maroons,Blues,Blues,Tyson Frizell,1,0,0,0,22-Jun-2016,https://afltables.com/rl/soo/game107.html
2016-Game 2-Maroons-v-Blues,2016,Game 2,Maroons,Blues,Blues,James Tamou,0,0,0,0,22-Jun-2016,https://afltables.com/rl/soo/game107.html
2016-Game 2-Maroons-v-Blues,2016,Game 2,Maroons,Blues,Blues,Robbie Farah,0,0,0,0,22-Jun-2016,https://afltables.com/rl/soo/game107.html
2016-Game 2-Maroons-v-Blues,2016,Game 2,Maroons,Blues,Blues,Aaron Woods,0,0,0,0,22-Jun-2016,https://afltables.com/rl/soo/game107.html
2016-Game 2-Maroons-v-Blues,2016,Game 2,Maroons,Blues,Blues,Greg Bird,0,0,0,0,22-Jun-2016,https://afltables.com/rl/soo/game107.html
2016-Game 2-Maroons-v-Blues,2016,Game 2,Maroons,Blues,Blues,David Klemmer,0,0,0,0,22-Jun-2016,https://afltables.com/rl/soo/game107.html
2016-Game 2-Maroons-v-Blues,2016,Game 2,Maroons,Blues,Blues,Andrew Fifita,0,0,0,0,22-Jun-2016,https://afltables.com/rl/soo/game107.html
2016-Game 2-Maroons-v-Blues,2016,Game 2,Maroons,Blues,Blues,Jack Bird,0,0,0,0,22-Jun-2016,https://afltables.com/rl/soo/game107.html
2016-Game 2-Maroons-v-Blues,2016,Game 2,Maroons,Blues,Maroons,Corey Oates,1,0,0,0,22-Jun-2016,https://afltables.com/rl/soo/game107.html
2016-Game 2-Maroons-v-Blues,2016,Game 2,Maroons,Blues,Maroons,Greg Inglis,0,0,0,0,22-Jun-2016,https://afltables.com/rl/soo/game107.html
2016-Game 2-Maroons-v-Blues,2016,Game 2,Maroons,Blues,Maroons,Justin O'Neill,0,0,0,0,22-Jun-2016,https://afltables.com/rl/soo/game107.html
2016-Game 2-Maroons-v-Blues,2016,Game 2,Maroons,Blues,Maroons,Dane Gagai,3,0,0,0,22-Jun-2016,https://afltables.com/rl/soo/game107.html
2016-Game 2-Maroons-v-Blues,2016,Game 2,Maroons,Blues,Maroons,Johnathan Thurston,0,5,0,0,22-Jun-2016,https://afltables.com/rl/soo/game107.html
2016-Game 2-Maroons-v-Blues,2016,Game 2,Maroons,Blues,Maroons,Cooper Cronk,0,0,0,0,22-Jun-2016,https://afltables.com/rl/soo/game107.html
2016-Game 2-Maroons-v-Blues,2016,Game 2,Maroons,Blues,Maroons,Corey Parker,0,0,0,0,22-Jun-2016,https://afltables.com/rl/soo/game107.html
2016-Game 2-Maroons-v-Blues,2016,Game 2,Maroons,Blues,Maroons,Sam Thaiday,0,0,0,0,22-Jun-2016,https://afltables.com/rl/soo/game107.html
2016-Game 2-Maroons-v-Blues,2016,Game 2,Maroons,Blues,Maroons,Matt Gillett,0,0,0,0,22-Jun-2016,https://afltables.com/rl/soo/game107.html
2016-Game 2-Maroons-v-Blues,2016,Game 2,Maroons,Blues,Maroons,Josh McGuire,0,0,0,0,22-Jun-2016,https://afltables.com/rl/soo/game107.html
2016-Game 2-Maroons-v-Blues,2016,Game 2,Maroons,Blues,Maroons,Cameron Smith,0,0,0,0,22-Jun-2016,https://afltables.com/rl/soo/game107.html
2016-Game 2-Maroons-v-Blues,2016,Game 2,Maroons,Blues,Maroons,Matthew Scott,0,0,0,0,22-Jun-2016,https://afltables.com/rl/soo/game107.html
2016-Game 2-Maroons-v-Blues,2016,Game 2,Maroons,Blues,Maroons,Michael Morgan,0,0,0,0,22-Jun-2016,https://afltables.com/rl/soo/game107.html
2016-Game 2-Maroons-v-Blues,2016,Game 2,Maroons,Blues,Maroons,Jacob Lillyman,0,0,0,0,22-Jun-2016,https://afltables.com/rl/soo/game107.html
2016-Game 2-Maroons-v-Blues,2016,Game 2,Maroons,Blues,Maroons,Aidan Guerra,0,0,0,0,22-Jun-2016,https://afltables.com/rl/soo/game107.html
2016-Game 2-Maroons-v-Blues,2016,Game 2,Maroons,Blues,Maroons,Josh Papalii,0,0,0,0,22-Jun-2016,https://afltables.com/rl/soo/game107.html
2016-Game 3-Blues-v-Maroons,2016,Game 3,Blues,Maroons,Blues,Blake Ferguson,0,0,0,0,13-Jul-2016,https://afltables.com/rl/soo/game108.html
2016-Game 3-Blues-v-Maroons,2016,Game 3,Blues,Maroons,Blues,Michael Jennings,1,0,0,0,13-Jul-2016,https://afltables.com/rl/soo/game108.html
2016-Game 3-Blues-v-Maroons,2016,Game 3,Blues,Maroons,Blues,Josh Dugan,0,0,0,0,13-Jul-2016,https://afltables.com/rl/soo/game108.html
2016-Game 3-Blues-v-Maroons,2016,Game 3,Blues,Maroons,Blues,Josh Mansour,0,0,0,0,13-Jul-2016,https://afltables.com/rl/soo/game108.html
2016-Game 3-Blues-v-Maroons,2016,Game 3,Blues,Maroons,Blues,Matt Moylan,0,0,0,0,13-Jul-2016,https://afltables.com/rl/soo/game108.html
2016-Game 3-Blues-v-Maroons,2016,Game 3,Blues,Maroons,Blues,James Maloney,0,2,0,0,13-Jul-2016,https://afltables.com/rl/soo/game108.html
2016-Game 3-Blues-v-Maroons,2016,Game 3,Blues,Maroons,Blues,Tyson Frizell,1,0,0,0,13-Jul-2016,https://afltables.com/rl/soo/game108.html
2016-Game 3-Blues-v-Maroons,2016,Game 3,Blues,Maroons,Blues,Josh Jackson,0,0,0,0,13-Jul-2016,https://afltables.com/rl/soo/game108.html
2016-Game 3-Blues-v-Maroons,2016,Game 3,Blues,Maroons,Blues,Wade Graham,0,0,0,0,13-Jul-2016,https://afltables.com/rl/soo/game108.html
2016-Game 3-Blues-v-Maroons,2016,Game 3,Blues,Maroons,Blues,Paul Gallen,0,1,0,0,13-Jul-2016,https://afltables.com/rl/soo/game108.html
2016-Game 3-Blues-v-Maroons,2016,Game 3,Blues,Maroons,Blues,Robbie Farah,0,0,0,0,13-Jul-2016,https://afltables.com/rl/soo/game108.html
2016-Game 3-Blues-v-Maroons,2016,Game 3,Blues,Maroons,Blues,Aaron Woods,0,0,0,0,13-Jul-2016,https://afltables.com/rl/soo/game108.html
2016-Game 3-Blues-v-Maroons,2016,Game 3,Blues,Maroons,Blues,Jack Bird,0,0,0,0,13-Jul-2016,https://afltables.com/rl/soo/game108.html
2016-Game 3-Blues-v-Maroons,2016,Game 3,Blues,Maroons,Blues,James Tamou,0,0,0,0,13-Jul-2016,https://afltables.com/rl/soo/game108.html
2016-Game 3-Blues-v-Maroons,2016,Game 3,Blues,Maroons,Blues,David Klemmer,0,0,0,0,13-Jul-2016,https://afltables.com/rl/soo/game108.html
2016-Game 3-Blues-v-Maroons,2016,Game 3,Blues,Maroons,Blues,Andrew Fifita,1,0,0,0,13-Jul-2016,https://afltables.com/rl/soo/game108.html
2016-Game 3-Blues-v-Maroons,2016,Game 3,Blues,Maroons,Maroons,Corey Oates,0,0,0,0,13-Jul-2016,https://afltables.com/rl/soo/game108.html
2016-Game 3-Blues-v-Maroons,2016,Game 3,Blues,Maroons,Maroons,Greg Inglis,1,0,0,0,13-Jul-2016,https://afltables.com/rl/soo/game108.html
2016-Game 3-Blues-v-Maroons,2016,Game 3,Blues,Maroons,Maroons,Justin O'Neill,0,0,0,0,13-Jul-2016,https://afltables.com/rl/soo/game108.html
2016-Game 3-Blues-v-Maroons,2016,Game 3,Blues,Maroons,Maroons,Dane Gagai,0,0,0,0,13-Jul-2016,https://afltables.com/rl/soo/game108.html
2016-Game 3-Blues-v-Maroons,2016,Game 3,Blues,Maroons,Maroons,Johnathan Thurston,0,1,0,0,13-Jul-2016,https://afltables.com/rl/soo/game108.html
2016-Game 3-Blues-v-Maroons,2016,Game 3,Blues,Maroons,Maroons,Cooper Cronk,0,0,0,0,13-Jul-2016,https://afltables.com/rl/soo/game108.html
2016-Game 3-Blues-v-Maroons,2016,Game 3,Blues,Maroons,Maroons,Corey Parker,0,0,0,0,13-Jul-2016,https://afltables.com/rl/soo/game108.html
2016-Game 3-Blues-v-Maroons,2016,Game 3,Blues,Maroons,Maroons,Sam Thaiday,0,0,0,0,13-Jul-2016,https://afltables.com/rl/soo/game108.html
2016-Game 3-Blues-v-Maroons,2016,Game 3,Blues,Maroons,Maroons,Matt Gillett,0,0,0,0,13-Jul-2016,https://afltables.com/rl/soo/game108.html
2016-Game 3-Blues-v-Maroons,2016,Game 3,Blues,Maroons,Maroons,Nate Myles,0,0,0,0,13-Jul-2016,https://afltables.com/rl/soo/game108.html
2016-Game 3-Blues-v-Maroons,2016,Game 3,Blues,Maroons,Maroons,Cameron Smith,0,0,0,0,13-Jul-2016,https://afltables.com/rl/soo/game108.html
2016-Game 3-Blues-v-Maroons,2016,Game 3,Blues,Maroons,Maroons,Matthew Scott,0,0,0,0,13-Jul-2016,https://afltables.com/rl/soo/game108.html
2016-Game 3-Blues-v-Maroons,2016,Game 3,Blues,Maroons,Maroons,Gavin Cooper,1,0,0,0,13-Jul-2016,https://afltables.com/rl/soo/game108.html
2016-Game 3-Blues-v-Maroons,2016,Game 3,Blues,Maroons,Maroons,Josh McGuire,0,0,0,0,13-Jul-2016,https://afltables.com/rl/soo/game108.html
2016-Game 3-Blues-v-Maroons,2016,Game 3,Blues,Maroons,Maroons,Aidan Guerra,0,0,0,0,13-Jul-2016,https://afltables.com/rl/soo/game108.html
2016-Game 3-Blues-v-Maroons,2016,Game 3,Blues,Maroons,Maroons,Jacob Lillyman,0,0,0,0,13-Jul-2016,https://afltables.com/rl/soo/game108.html
2017-Game 1-Maroons-v-Blues,2017,Game 1,Maroons,Blues,Blues,Brett Morris,0,0,0,0,31-May-2017,https://afltables.com/rl/soo/game109.html
2017-Game 1-Maroons-v-Blues,2017,Game 1,Maroons,Blues,Blues,Josh Dugan,0,0,0,0,31-May-2017,https://afltables.com/rl/soo/game109.html
2017-Game 1-Maroons-v-Blues,2017,Game 1,Maroons,Blues,Blues,Jarryd Hayne,1,0,0,0,31-May-2017,https://afltables.com/rl/soo/game109.html
2017-Game 1-Maroons-v-Blues,2017,Game 1,Maroons,Blues,Blues,Blake Ferguson,0,0,0,0,31-May-2017,https://afltables.com/rl/soo/game109.html
2017-Game 1-Maroons-v-Blues,2017,Game 1,Maroons,Blues,Blues,James Maloney,1,4,0,0,31-May-2017,https://afltables.com/rl/soo/game109.html
2017-Game 1-Maroons-v-Blues,2017,Game 1,Maroons,Blues,Blues,Mitchell Pearce,1,0,0,0,31-May-2017,https://afltables.com/rl/soo/game109.html
2017-Game 1-Maroons-v-Blues,2017,Game 1,Maroons,Blues,Blues,Tyson Frizell,0,0,0,0,31-May-2017,https://afltables.com/rl/soo/game109.html
2017-Game 1-Maroons-v-Blues,2017,Game 1,Maroons,Blues,Blues,Boyd Cordner,0,0,0,0,31-May-2017,https://afltables.com/rl/soo/game109.html
2017-Game 1-Maroons-v-Blues,2017,Game 1,Maroons,Blues,Blues,Josh Jackson,0,0,0,0,31-May-2017,https://afltables.com/rl/soo/game109.html
2017-Game 1-Maroons-v-Blues,2017,Game 1,Maroons,Blues,Blues,Andrew Fifita,1,0,0,0,31-May-2017,https://afltables.com/rl/soo/game109.html
2017-Game 1-Maroons-v-Blues,2017,Game 1,Maroons,Blues,Blues,Nathan Peats,0,0,0,0,31-May-2017,https://afltables.com/rl/soo/game109.html
2017-Game 1-Maroons-v-Blues,2017,Game 1,Maroons,Blues,Blues,Aaron Woods,0,0,0,0,31-May-2017,https://afltables.com/rl/soo/game109.html
2017-Game 1-Maroons-v-Blues,2017,Game 1,Maroons,Blues,Blues,David Klemmer,0,0,0,0,31-May-2017,https://afltables.com/rl/soo/game109.html
2017-Game 1-Maroons-v-Blues,2017,Game 1,Maroons,Blues,Blues,Wade Graham,0,0,0,0,31-May-2017,https://afltables.com/rl/soo/game109.html
2017-Game 1-Maroons-v-Blues,2017,Game 1,Maroons,Blues,Blues,Jake Trbojevic,0,0,0,0,31-May-2017,https://afltables.com/rl/soo/game109.html
2017-Game 1-Maroons-v-Blues,2017,Game 1,Maroons,Blues,Blues,Jack Bird,0,0,0,0,31-May-2017,https://afltables.com/rl/soo/game109.html
2017-Game 1-Maroons-v-Blues,2017,Game 1,Maroons,Blues,Maroons,Corey Oates,1,0,0,0,31-May-2017,https://afltables.com/rl/soo/game109.html
2017-Game 1-Maroons-v-Blues,2017,Game 1,Maroons,Blues,Maroons,Will Chambers,0,0,0,0,31-May-2017,https://afltables.com/rl/soo/game109.html
2017-Game 1-Maroons-v-Blues,2017,Game 1,Maroons,Blues,Maroons,Justin O'Neill,0,0,0,0,31-May-2017,https://afltables.com/rl/soo/game109.html
2017-Game 1-Maroons-v-Blues,2017,Game 1,Maroons,Blues,Maroons,Dane Gagai,0,0,0,0,31-May-2017,https://afltables.com/rl/soo/game109.html
2017-Game 1-Maroons-v-Blues,2017,Game 1,Maroons,Blues,Maroons,Anthony Milford,0,0,0,0,31-May-2017,https://afltables.com/rl/soo/game109.html
2017-Game 1-Maroons-v-Blues,2017,Game 1,Maroons,Blues,Maroons,Cooper Cronk,0,0,0,0,31-May-2017,https://afltables.com/rl/soo/game109.html
2017-Game 1-Maroons-v-Blues,2017,Game 1,Maroons,Blues,Maroons,Josh McGuire,0,0,0,0,31-May-2017,https://afltables.com/rl/soo/game109.html
2017-Game 1-Maroons-v-Blues,2017,Game 1,Maroons,Blues,Maroons,Matt Gillett,0,0,0,0,31-May-2017,https://afltables.com/rl/soo/game109.html
2017-Game 1-Maroons-v-Blues,2017,Game 1,Maroons,Blues,Maroons,Josh Papalii,0,0,0,0,31-May-2017,https://afltables.com/rl/soo/game109.html
2017-Game 1-Maroons-v-Blues,2017,Game 1,Maroons,Blues,Maroons,Nate Myles,0,0,0,0,31-May-2017,https://afltables.com/rl/soo/game109.html
2017-Game 1-Maroons-v-Blues,2017,Game 1,Maroons,Blues,Maroons,Cameron Smith,0,0,0,0,31-May-2017,https://afltables.com/rl/soo/game109.html
2017-Game 1-Maroons-v-Blues,2017,Game 1,Maroons,Blues,Maroons,Dylan Napa,0,0,0,0,31-May-2017,https://afltables.com/rl/soo/game109.html
2017-Game 1-Maroons-v-Blues,2017,Game 1,Maroons,Blues,Maroons,Michael Morgan,0,0,0,0,31-May-2017,https://afltables.com/rl/soo/game109.html
2017-Game 1-Maroons-v-Blues,2017,Game 1,Maroons,Blues,Maroons,Sam Thaiday,0,0,0,0,31-May-2017,https://afltables.com/rl/soo/game109.html
2017-Game 1-Maroons-v-Blues,2017,Game 1,Maroons,Blues,Maroons,Aidan Guerra,0,0,0,0,31-May-2017,https://afltables.com/rl/soo/game109.html
2017-Game 1-Maroons-v-Blues,2017,Game 1,Maroons,Blues,Maroons,Jacob Lillyman,0,0,0,0,31-May-2017,https://afltables.com/rl/soo/game109.html
2017-Game 2-Blues-v-Maroons,2017,Game 2,Blues,Maroons,Blues,Brett Morris,1,0,0,0,21-Jun-2017,https://afltables.com/rl/soo/game110.html
2017-Game 2-Blues-v-Maroons,2017,Game 2,Blues,Maroons,Blues,Josh Dugan,0,0,0,0,21-Jun-2017,https://afltables.com/rl/soo/game110.html
2017-Game 2-Blues-v-Maroons,2017,Game 2,Blues,Maroons,Blues,Jarryd Hayne,1,0,0,0,21-Jun-2017,https://afltables.com/rl/soo/game110.html
2017-Game 2-Blues-v-Maroons,2017,Game 2,Blues,Maroons,Blues,Blake Ferguson,0,0,0,0,21-Jun-2017,https://afltables.com/rl/soo/game110.html
2017-Game 2-Blues-v-Maroons,2017,Game 2,Blues,Maroons,Blues,James Maloney,0,2,0,0,21-Jun-2017,https://afltables.com/rl/soo/game110.html
2017-Game 2-Blues-v-Maroons,2017,Game 2,Blues,Maroons,Blues,Mitchell Pearce,1,0,0,0,21-Jun-2017,https://afltables.com/rl/soo/game110.html
2017-Game 2-Blues-v-Maroons,2017,Game 2,Blues,Maroons,Blues,Tyson Frizell,0,0,0,0,21-Jun-2017,https://afltables.com/rl/soo/game110.html
2017-Game 2-Blues-v-Maroons,2017,Game 2,Blues,Maroons,Blues,Josh Jackson,0,0,0,0,21-Jun-2017,https://afltables.com/rl/soo/game110.html
2017-Game 2-Blues-v-Maroons,2017,Game 2,Blues,Maroons,Blues,Boyd Cordner,0,0,0,0,21-Jun-2017,https://afltables.com/rl/soo/game110.html
2017-Game 2-Blues-v-Maroons,2017,Game 2,Blues,Maroons,Blues,Andrew Fifita,0,0,0,0,21-Jun-2017,https://afltables.com/rl/soo/game110.html
2017-Game 2-Blues-v-Maroons,2017,Game 2,Blues,Maroons,Blues,Nathan Peats,0,0,0,0,21-Jun-2017,https://afltables.com/rl/soo/game110.html
2017-Game 2-Blues-v-Maroons,2017,Game 2,Blues,Maroons,Blues,Aaron Woods,0,0,0,0,21-Jun-2017,https://afltables.com/rl/soo/game110.html
2017-Game 2-Blues-v-Maroons,2017,Game 2,Blues,Maroons,Blues,David Klemmer,0,0,0,0,21-Jun-2017,https://afltables.com/rl/soo/game110.html
2017-Game 2-Blues-v-Maroons,2017,Game 2,Blues,Maroons,Blues,Wade Graham,0,0,0,0,21-Jun-2017,https://afltables.com/rl/soo/game110.html
2017-Game 2-Blues-v-Maroons,2017,Game 2,Blues,Maroons,Blues,Jake Trbojevic,0,0,0,0,21-Jun-2017,https://afltables.com/rl/soo/game110.html
2017-Game 2-Blues-v-Maroons,2017,Game 2,Blues,Maroons,Blues,Jack Bird,0,0,0,0,21-Jun-2017,https://afltables.com/rl/soo/game110.html
2017-Game 2-Blues-v-Maroons,2017,Game 2,Blues,Maroons,Maroons,Valentine Holmes,1,0,0,0,21-Jun-2017,https://afltables.com/rl/soo/game110.html
2017-Game 2-Blues-v-Maroons,2017,Game 2,Blues,Maroons,Maroons,Will Chambers,0,0,0,0,21-Jun-2017,https://afltables.com/rl/soo/game110.html
2017-Game 2-Blues-v-Maroons,2017,Game 2,Blues,Maroons,Maroons,Darius Boyd,0,0,0,0,21-Jun-2017,https://afltables.com/rl/soo/game110.html
2017-Game 2-Blues-v-Maroons,2017,Game 2,Blues,Maroons,Maroons,Dane Gagai,2,0,0,0,21-Jun-2017,https://afltables.com/rl/soo/game110.html
2017-Game 2-Blues-v-Maroons,2017,Game 2,Blues,Maroons,Maroons,Johnathan Thurston,0,3,0,0,21-Jun-2017,https://afltables.com/rl/soo/game110.html
2017-Game 2-Blues-v-Maroons,2017,Game 2,Blues,Maroons,Maroons,Cooper Cronk,0,0,0,0,21-Jun-2017,https://afltables.com/rl/soo/game110.html
2017-Game 2-Blues-v-Maroons,2017,Game 2,Blues,Maroons,Maroons,Josh McGuire,0,0,0,0,21-Jun-2017,https://afltables.com/rl/soo/game110.html
2017-Game 2-Blues-v-Maroons,2017,Game 2,Blues,Maroons,Maroons,Matt Gillett,0,0,0,0,21-Jun-2017,https://afltables.com/rl/soo/game110.html
2017-Game 2-Blues-v-Maroons,2017,Game 2,Blues,Maroons,Maroons,Gavin Cooper,0,0,0,0,21-Jun-2017,https://afltables.com/rl/soo/game110.html
2017-Game 2-Blues-v-Maroons,2017,Game 2,Blues,Maroons,Maroons,Jarrod Wallace,0,0,0,0,21-Jun-2017,https://afltables.com/rl/soo/game110.html
2017-Game 2-Blues-v-Maroons,2017,Game 2,Blues,Maroons,Maroons,Cameron Smith,0,0,0,0,21-Jun-2017,https://afltables.com/rl/soo/game110.html
2017-Game 2-Blues-v-Maroons,2017,Game 2,Blues,Maroons,Maroons,Dylan Napa,0,0,0,0,21-Jun-2017,https://afltables.com/rl/soo/game110.html
2017-Game 2-Blues-v-Maroons,2017,Game 2,Blues,Maroons,Maroons,Michael Morgan,0,0,0,0,21-Jun-2017,https://afltables.com/rl/soo/game110.html
2017-Game 2-Blues-v-Maroons,2017,Game 2,Blues,Maroons,Maroons,Josh Papalii,0,0,0,0,21-Jun-2017,https://afltables.com/rl/soo/game110.html
2017-Game 2-Blues-v-Maroons,2017,Game 2,Blues,Maroons,Maroons,Coen Hess,0,0,0,0,21-Jun-2017,https://afltables.com/rl/soo/game110.html
2017-Game 2-Blues-v-Maroons,2017,Game 2,Blues,Maroons,Maroons,Tim Glasby,0,0,0,0,21-Jun-2017,https://afltables.com/rl/soo/game110.html
2017-Game 3-Maroons-v-Blues,2017,Game 3,Maroons,Blues,Blues,Brett Morris,0,0,0,0,12-Jul-2017,https://afltables.com/rl/soo/game111.html
2017-Game 3-Maroons-v-Blues,2017,Game 3,Maroons,Blues,Blues,Josh Dugan,1,0,0,0,12-Jul-2017,https://afltables.com/rl/soo/game111.html
2017-Game 3-Maroons-v-Blues,2017,Game 3,Maroons,Blues,Blues,Jarryd Hayne,0,0,0,0,12-Jul-2017,https://afltables.com/rl/soo/game111.html
2017-Game 3-Maroons-v-Blues,2017,Game 3,Maroons,Blues,Blues,Blake Ferguson,0,0,0,0,12-Jul-2017,https://afltables.com/rl/soo/game111.html
2017-Game 3-Maroons-v-Blues,2017,Game 3,Maroons,Blues,Blues,James Maloney,0,1,0,0,12-Jul-2017,https://afltables.com/rl/soo/game111.html
2017-Game 3-Maroons-v-Blues,2017,Game 3,Maroons,Blues,Blues,Mitchell Pearce,0,0,0,0,12-Jul-2017,https://afltables.com/rl/soo/game111.html
2017-Game 3-Maroons-v-Blues,2017,Game 3,Maroons,Blues,Blues,Tyson Frizell,0,0,0,0,12-Jul-2017,https://afltables.com/rl/soo/game111.html
2017-Game 3-Maroons-v-Blues,2017,Game 3,Maroons,Blues,Blues,Josh Jackson,0,0,0,0,12-Jul-2017,https://afltables.com/rl/soo/game111.html
2017-Game 3-Maroons-v-Blues,2017,Game 3,Maroons,Blues,Blues,Boyd Cordner,0,0,0,0,12-Jul-2017,https://afltables.com/rl/soo/game111.html
2017-Game 3-Maroons-v-Blues,2017,Game 3,Maroons,Blues,Blues,Andrew Fifita,0,0,0,0,12-Jul-2017,https://afltables.com/rl/soo/game111.html
2017-Game 3-Maroons-v-Blues,2017,Game 3,Maroons,Blues,Blues,Nathan Peats,0,0,0,0,12-Jul-2017,https://afltables.com/rl/soo/game111.html
2017-Game 3-Maroons-v-Blues,2017,Game 3,Maroons,Blues,Blues,Aaron Woods,0,0,0,0,12-Jul-2017,https://afltables.com/rl/soo/game111.html
2017-Game 3-Maroons-v-Blues,2017,Game 3,Maroons,Blues,Blues,David Klemmer,0,0,0,0,12-Jul-2017,https://afltables.com/rl/soo/game111.html
2017-Game 3-Maroons-v-Blues,2017,Game 3,Maroons,Blues,Blues,Wade Graham,0,0,0,0,12-Jul-2017,https://afltables.com/rl/soo/game111.html
2017-Game 3-Maroons-v-Blues,2017,Game 3,Maroons,Blues,Blues,Jake Trbojevic,0,0,0,0,12-Jul-2017,https://afltables.com/rl/soo/game111.html
2017-Game 3-Maroons-v-Blues,2017,Game 3,Maroons,Blues,Blues,Jack Bird,0,0,0,0,12-Jul-2017,https://afltables.com/rl/soo/game111.html
2017-Game 3-Maroons-v-Blues,2017,Game 3,Maroons,Blues,Maroons,Valentine Holmes,3,0,0,0,12-Jul-2017,https://afltables.com/rl/soo/game111.html
2017-Game 3-Maroons-v-Blues,2017,Game 3,Maroons,Blues,Maroons,Will Chambers,0,0,0,0,12-Jul-2017,https://afltables.com/rl/soo/game111.html
2017-Game 3-Maroons-v-Blues,2017,Game 3,Maroons,Blues,Maroons,Michael Morgan,0,0,0,0,12-Jul-2017,https://afltables.com/rl/soo/game111.html
2017-Game 3-Maroons-v-Blues,2017,Game 3,Maroons,Blues,Maroons,Dane Gagai,0,0,0,0,12-Jul-2017,https://afltables.com/rl/soo/game111.html
2017-Game 3-Maroons-v-Blues,2017,Game 3,Maroons,Blues,Maroons,Cameron Munster,0,0,0,0,12-Jul-2017,https://afltables.com/rl/soo/game111.html
2017-Game 3-Maroons-v-Blues,2017,Game 3,Maroons,Blues,Maroons,Cooper Cronk,0,0,0,0,12-Jul-2017,https://afltables.com/rl/soo/game111.html
2017-Game 3-Maroons-v-Blues,2017,Game 3,Maroons,Blues,Maroons,Josh McGuire,0,0,0,0,12-Jul-2017,https://afltables.com/rl/soo/game111.html
2017-Game 3-Maroons-v-Blues,2017,Game 3,Maroons,Blues,Maroons,Matt Gillett,0,0,0,0,12-Jul-2017,https://afltables.com/rl/soo/game111.html
2017-Game 3-Maroons-v-Blues,2017,Game 3,Maroons,Blues,Maroons,Gavin Cooper,0,0,0,0,12-Jul-2017,https://afltables.com/rl/soo/game111.html
2017-Game 3-Maroons-v-Blues,2017,Game 3,Maroons,Blues,Maroons,Jarrod Wallace,1,0,0,0,12-Jul-2017,https://afltables.com/rl/soo/game111.html
2017-Game 3-Maroons-v-Blues,2017,Game 3,Maroons,Blues,Maroons,Cameron Smith,0,3,0,0,12-Jul-2017,https://afltables.com/rl/soo/game111.html
2017-Game 3-Maroons-v-Blues,2017,Game 3,Maroons,Blues,Maroons,Dylan Napa,0,0,0,0,12-Jul-2017,https://afltables.com/rl/soo/game111.html
2017-Game 3-Maroons-v-Blues,2017,Game 3,Maroons,Blues,Maroons,Ben Hunt,0,0,0,0,12-Jul-2017,https://afltables.com/rl/soo/game111.html
2017-Game 3-Maroons-v-Blues,2017,Game 3,Maroons,Blues,Maroons,Josh Papalii,0,0,0,0,12-Jul-2017,https://afltables.com/rl/soo/game111.html
2017-Game 3-Maroons-v-Blues,2017,Game 3,Maroons,Blues,Maroons,Coen Hess,0,0,0,0,12-Jul-2017,https://afltables.com/rl/soo/game111.html
2017-Game 3-Maroons-v-Blues,2017,Game 3,Maroons,Blues,Maroons,Tim Glasby,0,0,0,0,12-Jul-2017,https://afltables.com/rl/soo/game111.html
2018-Game 1-Blues-v-Maroons,2018,Game 1,Blues,Maroons,Blues,Tom Trbojevic,1,0,0,0,6-Jun-2018,https://afltables.com/rl/soo/game112.html
2018-Game 1-Blues-v-Maroons,2018,Game 1,Blues,Maroons,Blues,Latrell Mitchell,1,0,0,0,6-Jun-2018,https://afltables.com/rl/soo/game112.html
2018-Game 1-Blues-v-Maroons,2018,Game 1,Blues,Maroons,Blues,James Roberts,0,0,0,0,6-Jun-2018,https://afltables.com/rl/soo/game112.html
2018-Game 1-Blues-v-Maroons,2018,Game 1,Blues,Maroons,Blues,Josh Addo-Carr,1,0,0,0,6-Jun-2018,https://afltables.com/rl/soo/game112.html
2018-Game 1-Blues-v-Maroons,2018,Game 1,Blues,Maroons,Blues,James Maloney,0,3,0,0,6-Jun-2018,https://afltables.com/rl/soo/game112.html
2018-Game 1-Blues-v-Maroons,2018,Game 1,Blues,Maroons,Blues,Nathan Cleary,0,0,0,0,6-Jun-2018,https://afltables.com/rl/soo/game112.html
2018-Game 1-Blues-v-Maroons,2018,Game 1,Blues,Maroons,Blues,David Klemmer,0,0,0,0,6-Jun-2018,https://afltables.com/rl/soo/game112.html
2018-Game 1-Blues-v-Maroons,2018,Game 1,Blues,Maroons,Blues,Damien Cook,0,0,0,0,6-Jun-2018,https://afltables.com/rl/soo/game112.html
2018-Game 1-Blues-v-Maroons,2018,Game 1,Blues,Maroons,Blues,Reagan Campbell-Gillard,0,0,0,0,6-Jun-2018,https://afltables.com/rl/soo/game112.html
2018-Game 1-Blues-v-Maroons,2018,Game 1,Blues,Maroons,Blues,Boyd Cordner,0,0,0,0,6-Jun-2018,https://afltables.com/rl/soo/game112.html
2018-Game 1-Blues-v-Maroons,2018,Game 1,Blues,Maroons,Blues,Tyson Frizell,0,0,0,0,6-Jun-2018,https://afltables.com/rl/soo/game112.html
2018-Game 1-Blues-v-Maroons,2018,Game 1,Blues,Maroons,Blues,Jack De Belin,0,0,0,0,6-Jun-2018,https://afltables.com/rl/soo/game112.html
2018-Game 1-Blues-v-Maroons,2018,Game 1,Blues,Maroons,Blues,Paul Vaughan,0,0,0,0,6-Jun-2018,https://afltables.com/rl/soo/game112.html
2018-Game 1-Blues-v-Maroons,2018,Game 1,Blues,Maroons,Blues,Jake Trbojevic,0,0,0,0,6-Jun-2018,https://afltables.com/rl/soo/game112.html
2018-Game 1-Blues-v-Maroons,2018,Game 1,Blues,Maroons,Blues,Angus Crichton,0,0,0,0,6-Jun-2018,https://afltables.com/rl/soo/game112.html
2018-Game 1-Blues-v-Maroons,2018,Game 1,Blues,Maroons,Blues,Tyrone Peachey,0,0,0,0,6-Jun-2018,https://afltables.com/rl/soo/game112.html
2018-Game 1-Blues-v-Maroons,2018,Game 1,Blues,Maroons,Maroons,Valentine Holmes,1,2,0,0,6-Jun-2018,https://afltables.com/rl/soo/game112.html
2018-Game 1-Blues-v-Maroons,2018,Game 1,Blues,Maroons,Maroons,Greg Inglis,0,0,0,0,6-Jun-2018,https://afltables.com/rl/soo/game112.html
2018-Game 1-Blues-v-Maroons,2018,Game 1,Blues,Maroons,Maroons,Will Chambers,0,0,0,0,6-Jun-2018,https://afltables.com/rl/soo/game112.html
2018-Game 1-Blues-v-Maroons,2018,Game 1,Blues,Maroons,Maroons,Dane Gagai,1,0,0,0,6-Jun-2018,https://afltables.com/rl/soo/game112.html
2018-Game 1-Blues-v-Maroons,2018,Game 1,Blues,Maroons,Maroons,Cameron Munster,0,0,0,0,6-Jun-2018,https://afltables.com/rl/soo/game112.html
2018-Game 1-Blues-v-Maroons,2018,Game 1,Blues,Maroons,Maroons,Ben Hunt,0,0,0,0,6-Jun-2018,https://afltables.com/rl/soo/game112.html
2018-Game 1-Blues-v-Maroons,2018,Game 1,Blues,Maroons,Maroons,Dylan Napa,0,0,0,0,6-Jun-2018,https://afltables.com/rl/soo/game112.html
2018-Game 1-Blues-v-Maroons,2018,Game 1,Blues,Maroons,Maroons,Andrew McCullough,0,0,0,0,6-Jun-2018,https://afltables.com/rl/soo/game112.html
2018-Game 1-Blues-v-Maroons,2018,Game 1,Blues,Maroons,Maroons,Jarrod Wallace,0,0,0,0,6-Jun-2018,https://afltables.com/rl/soo/game112.html
2018-Game 1-Blues-v-Maroons,2018,Game 1,Blues,Maroons,Maroons,Gavin Cooper,0,0,0,0,6-Jun-2018,https://afltables.com/rl/soo/game112.html
2018-Game 1-Blues-v-Maroons,2018,Game 1,Blues,Maroons,Maroons,Felise Kaufusi,0,0,0,0,6-Jun-2018,https://afltables.com/rl/soo/game112.html
2018-Game 1-Blues-v-Maroons,2018,Game 1,Blues,Maroons,Maroons,Josh McGuire,0,0,0,0,6-Jun-2018,https://afltables.com/rl/soo/game112.html
2018-Game 1-Blues-v-Maroons,2018,Game 1,Blues,Maroons,Maroons,Josh Papalii,0,0,0,0,6-Jun-2018,https://afltables.com/rl/soo/game112.html
2018-Game 1-Blues-v-Maroons,2018,Game 1,Blues,Maroons,Maroons,Coen Hess,0,0,0,0,6-Jun-2018,https://afltables.com/rl/soo/game112.html
2018-Game 1-Blues-v-Maroons,2018,Game 1,Blues,Maroons,Maroons,Jai Arrow,0,0,0,0,6-Jun-2018,https://afltables.com/rl/soo/game112.html
2018-Game 1-Blues-v-Maroons,2018,Game 1,Blues,Maroons,Maroons,Anthony Milford,0,0,0,0,6-Jun-2018,https://afltables.com/rl/soo/game112.html
2018-Game 2-Blues-v-Maroons,2018,Game 2,Blues,Maroons,Blues,Tom Trbojevic,0,0,0,0,24-Jun-2018,https://afltables.com/rl/soo/game113.html
2018-Game 2-Blues-v-Maroons,2018,Game 2,Blues,Maroons,Blues,Latrell Mitchell,1,0,0,0,24-Jun-2018,https://afltables.com/rl/soo/game113.html
2018-Game 2-Blues-v-Maroons,2018,Game 2,Blues,Maroons,Blues,James Roberts,0,0,0,0,24-Jun-2018,https://afltables.com/rl/soo/game113.html
2018-Game 2-Blues-v-Maroons,2018,Game 2,Blues,Maroons,Blues,Josh Addo-Carr,1,0,0,0,24-Jun-2018,https://afltables.com/rl/soo/game113.html
2018-Game 2-Blues-v-Maroons,2018,Game 2,Blues,Maroons,Blues,James Maloney,0,3,0,0,24-Jun-2018,https://afltables.com/rl/soo/game113.html
2018-Game 2-Blues-v-Maroons,2018,Game 2,Blues,Maroons,Blues,Nathan Cleary,0,0,0,0,24-Jun-2018,https://afltables.com/rl/soo/game113.html
2018-Game 2-Blues-v-Maroons,2018,Game 2,Blues,Maroons,Blues,David Klemmer,0,0,0,0,24-Jun-2018,https://afltables.com/rl/soo/game113.html
2018-Game 2-Blues-v-Maroons,2018,Game 2,Blues,Maroons,Blues,Damien Cook,0,0,0,0,24-Jun-2018,https://afltables.com/rl/soo/game113.html
2018-Game 2-Blues-v-Maroons,2018,Game 2,Blues,Maroons,Blues,Matt Prior,0,0,0,0,24-Jun-2018,https://afltables.com/rl/soo/game113.html
2018-Game 2-Blues-v-Maroons,2018,Game 2,Blues,Maroons,Blues,Boyd Cordner,1,0,0,0,24-Jun-2018,https://afltables.com/rl/soo/game113.html
2018-Game 2-Blues-v-Maroons,2018,Game 2,Blues,Maroons,Blues,Tyson Frizell,0,0,0,0,24-Jun-2018,https://afltables.com/rl/soo/game113.html
2018-Game 2-Blues-v-Maroons,2018,Game 2,Blues,Maroons,Blues,Jack De Belin,0,0,0,0,24-Jun-2018,https://afltables.com/rl/soo/game113.html
2018-Game 2-Blues-v-Maroons,2018,Game 2,Blues,Maroons,Blues,Paul Vaughan,0,0,0,0,24-Jun-2018,https://afltables.com/rl/soo/game113.html
2018-Game 2-Blues-v-Maroons,2018,Game 2,Blues,Maroons,Blues,Jake Trbojevic,0,0,0,0,24-Jun-2018,https://afltables.com/rl/soo/game113.html
2018-Game 2-Blues-v-Maroons,2018,Game 2,Blues,Maroons,Blues,Angus Crichton,0,0,0,0,24-Jun-2018,https://afltables.com/rl/soo/game113.html
2018-Game 2-Blues-v-Maroons,2018,Game 2,Blues,Maroons,Blues,Tyrone Peachey,0,0,0,0,24-Jun-2018,https://afltables.com/rl/soo/game113.html
2018-Game 2-Blues-v-Maroons,2018,Game 2,Blues,Maroons,Maroons,Valentine Holmes,1,1,0,0,24-Jun-2018,https://afltables.com/rl/soo/game113.html
2018-Game 2-Blues-v-Maroons,2018,Game 2,Blues,Maroons,Maroons,Greg Inglis,0,0,0,0,24-Jun-2018,https://afltables.com/rl/soo/game113.html
2018-Game 2-Blues-v-Maroons,2018,Game 2,Blues,Maroons,Maroons,Will Chambers,1,0,0,0,24-Jun-2018,https://afltables.com/rl/soo/game113.html
2018-Game 2-Blues-v-Maroons,2018,Game 2,Blues,Maroons,Maroons,Dane Gagai,1,0,0,0,24-Jun-2018,https://afltables.com/rl/soo/game113.html
2018-Game 2-Blues-v-Maroons,2018,Game 2,Blues,Maroons,Maroons,Cameron Munster,0,0,0,0,24-Jun-2018,https://afltables.com/rl/soo/game113.html
2018-Game 2-Blues-v-Maroons,2018,Game 2,Blues,Maroons,Maroons,Ben Hunt,0,0,0,0,24-Jun-2018,https://afltables.com/rl/soo/game113.html
2018-Game 2-Blues-v-Maroons,2018,Game 2,Blues,Maroons,Maroons,Dylan Napa,0,0,0,0,24-Jun-2018,https://afltables.com/rl/soo/game113.html
2018-Game 2-Blues-v-Maroons,2018,Game 2,Blues,Maroons,Maroons,Andrew McCullough,0,0,0,0,24-Jun-2018,https://afltables.com/rl/soo/game113.html
2018-Game 2-Blues-v-Maroons,2018,Game 2,Blues,Maroons,Maroons,Jarrod Wallace,0,0,0,0,24-Jun-2018,https://afltables.com/rl/soo/game113.html
2018-Game 2-Blues-v-Maroons,2018,Game 2,Blues,Maroons,Maroons,Gavin Cooper,0,0,0,0,24-Jun-2018,https://afltables.com/rl/soo/game113.html
2018-Game 2-Blues-v-Maroons,2018,Game 2,Blues,Maroons,Maroons,Felise Kaufusi,0,0,0,0,24-Jun-2018,https://afltables.com/rl/soo/game113.html
2018-Game 2-Blues-v-Maroons,2018,Game 2,Blues,Maroons,Maroons,Josh McGuire,0,0,0,0,24-Jun-2018,https://afltables.com/rl/soo/game113.html
2018-Game 2-Blues-v-Maroons,2018,Game 2,Blues,Maroons,Maroons,Kalyn Ponga,0,0,0,0,24-Jun-2018,https://afltables.com/rl/soo/game113.html
2018-Game 2-Blues-v-Maroons,2018,Game 2,Blues,Maroons,Maroons,Josh Papalii,0,0,0,0,24-Jun-2018,https://afltables.com/rl/soo/game113.html
2018-Game 2-Blues-v-Maroons,2018,Game 2,Blues,Maroons,Maroons,Coen Hess,0,0,0,0,24-Jun-2018,https://afltables.com/rl/soo/game113.html
2018-Game 2-Blues-v-Maroons,2018,Game 2,Blues,Maroons,Maroons,Jai Arrow,0,0,0,0,24-Jun-2018,https://afltables.com/rl/soo/game113.html
2018-Game 3-Maroons-v-Blues,2018,Game 3,Maroons,Blues,Blues,Tom Trbojevic,1,0,0,0,11-Jul-2018,https://afltables.com/rl/soo/game114.html
2018-Game 3-Maroons-v-Blues,2018,Game 3,Maroons,Blues,Blues,Latrell Mitchell,0,0,0,0,11-Jul-2018,https://afltables.com/rl/soo/game114.html
2018-Game 3-Maroons-v-Blues,2018,Game 3,Maroons,Blues,Blues,James Roberts,0,0,0,0,11-Jul-2018,https://afltables.com/rl/soo/game114.html
2018-Game 3-Maroons-v-Blues,2018,Game 3,Maroons,Blues,Blues,Josh Addo-Carr,0,0,0,0,11-Jul-2018,https://afltables.com/rl/soo/game114.html
2018-Game 3-Maroons-v-Blues,2018,Game 3,Maroons,Blues,Blues,James Maloney,0,0,0,0,11-Jul-2018,https://afltables.com/rl/soo/game114.html
2018-Game 3-Maroons-v-Blues,2018,Game 3,Maroons,Blues,Blues,Nathan Cleary,0,2,0,0,11-Jul-2018,https://afltables.com/rl/soo/game114.html
2018-Game 3-Maroons-v-Blues,2018,Game 3,Maroons,Blues,Blues,David Klemmer,0,0,0,0,11-Jul-2018,https://afltables.com/rl/soo/game114.html
2018-Game 3-Maroons-v-Blues,2018,Game 3,Maroons,Blues,Blues,Damien Cook,0,0,0,0,11-Jul-2018,https://afltables.com/rl/soo/game114.html
2018-Game 3-Maroons-v-Blues,2018,Game 3,Maroons,Blues,Blues,Paul Vaughan,0,0,0,0,11-Jul-2018,https://afltables.com/rl/soo/game114.html
2018-Game 3-Maroons-v-Blues,2018,Game 3,Maroons,Blues,Blues,Boyd Cordner,0,0,0,0,11-Jul-2018,https://afltables.com/rl/soo/game114.html
2018-Game 3-Maroons-v-Blues,2018,Game 3,Maroons,Blues,Blues,Tyson Frizell,0,0,0,0,11-Jul-2018,https://afltables.com/rl/soo/game114.html
2018-Game 3-Maroons-v-Blues,2018,Game 3,Maroons,Blues,Blues,Jake Trbojevic,0,0,0,0,11-Jul-2018,https://afltables.com/rl/soo/game114.html
2018-Game 3-Maroons-v-Blues,2018,Game 3,Maroons,Blues,Blues,Jack De Belin,0,0,0,0,11-Jul-2018,https://afltables.com/rl/soo/game114.html
2018-Game 3-Maroons-v-Blues,2018,Game 3,Maroons,Blues,Blues,Tariq Sims,0,0,0,0,11-Jul-2018,https://afltables.com/rl/soo/game114.html
2018-Game 3-Maroons-v-Blues,2018,Game 3,Maroons,Blues,Blues,Angus Crichton,0,0,0,0,11-Jul-2018,https://afltables.com/rl/soo/game114.html
2018-Game 3-Maroons-v-Blues,2018,Game 3,Maroons,Blues,Blues,Tyrone Peachey,0,0,0,0,11-Jul-2018,https://afltables.com/rl/soo/game114.html
2018-Game 3-Maroons-v-Blues,2018,Game 3,Maroons,Blues,Maroons,Valentine Holmes,2,3,0,0,11-Jul-2018,https://afltables.com/rl/soo/game114.html
2018-Game 3-Maroons-v-Blues,2018,Game 3,Maroons,Blues,Maroons,Dane Gagai,0,0,0,0,11-Jul-2018,https://afltables.com/rl/soo/game114.html
2018-Game 3-Maroons-v-Blues,2018,Game 3,Maroons,Blues,Maroons,Will Chambers,0,0,0,0,11-Jul-2018,https://afltables.com/rl/soo/game114.html
2018-Game 3-Maroons-v-Blues,2018,Game 3,Maroons,Blues,Maroons,Corey Oates,0,0,0,0,11-Jul-2018,https://afltables.com/rl/soo/game114.html
2018-Game 3-Maroons-v-Blues,2018,Game 3,Maroons,Blues,Maroons,Cameron Munster,0,0,0,0,11-Jul-2018,https://afltables.com/rl/soo/game114.html
2018-Game 3-Maroons-v-Blues,2018,Game 3,Maroons,Blues,Maroons,Daly Cherry-Evans,1,0,0,0,11-Jul-2018,https://afltables.com/rl/soo/game114.html
2018-Game 3-Maroons-v-Blues,2018,Game 3,Maroons,Blues,Maroons,Jai Arrow,0,0,0,0,11-Jul-2018,https://afltables.com/rl/soo/game114.html
2018-Game 3-Maroons-v-Blues,2018,Game 3,Maroons,Blues,Maroons,Andrew McCullough,0,0,0,0,11-Jul-2018,https://afltables.com/rl/soo/game114.html
2018-Game 3-Maroons-v-Blues,2018,Game 3,Maroons,Blues,Maroons,Josh Papalii,0,0,0,0,11-Jul-2018,https://afltables.com/rl/soo/game114.html
2018-Game 3-Maroons-v-Blues,2018,Game 3,Maroons,Blues,Maroons,Gavin Cooper,0,0,0,0,11-Jul-2018,https://afltables.com/rl/soo/game114.html
2018-Game 3-Maroons-v-Blues,2018,Game 3,Maroons,Blues,Maroons,Felise Kaufusi,0,0,0,0,11-Jul-2018,https://afltables.com/rl/soo/game114.html
2018-Game 3-Maroons-v-Blues,2018,Game 3,Maroons,Blues,Maroons,Josh McGuire,0,0,0,0,11-Jul-2018,https://afltables.com/rl/soo/game114.html
2018-Game 3-Maroons-v-Blues,2018,Game 3,Maroons,Blues,Maroons,Ben Hunt,0,0,0,0,11-Jul-2018,https://afltables.com/rl/soo/game114.html
2018-Game 3-Maroons-v-Blues,2018,Game 3,Maroons,Blues,Maroons,Jarrod Wallace,0,0,0,0,11-Jul-2018,https://afltables.com/rl/soo/game114.html
2018-Game 3-Maroons-v-Blues,2018,Game 3,Maroons,Blues,Maroons,Coen Hess,0,0,0,0,11-Jul-2018,https://afltables.com/rl/soo/game114.html
2018-Game 3-Maroons-v-Blues,2018,Game 3,Maroons,Blues,Maroons,Tim Glasby,0,0,0,0,11-Jul-2018,https://afltables.com/rl/soo/game114.html
2019-Game 1-Maroons-v-Blues,2019,Game 1,Maroons,Blues,Blues,Nick Cotric,0,0,0,0,5-Jun-2019,https://afltables.com/rl/soo/game115.html
2019-Game 1-Maroons-v-Blues,2019,Game 1,Maroons,Blues,Blues,Latrell Mitchell,0,0,0,0,5-Jun-2019,https://afltables.com/rl/soo/game115.html
2019-Game 1-Maroons-v-Blues,2019,Game 1,Maroons,Blues,Blues,Josh Morris,1,0,0,0,5-Jun-2019,https://afltables.com/rl/soo/game115.html
2019-Game 1-Maroons-v-Blues,2019,Game 1,Maroons,Blues,Blues,Josh Addo-Carr,0,0,0,0,5-Jun-2019,https://afltables.com/rl/soo/game115.html
2019-Game 1-Maroons-v-Blues,2019,Game 1,Maroons,Blues,Blues,Cody Walker,0,0,0,0,5-Jun-2019,https://afltables.com/rl/soo/game115.html
2019-Game 1-Maroons-v-Blues,2019,Game 1,Maroons,Blues,Blues,Nathan Cleary,0,3,0,0,5-Jun-2019,https://afltables.com/rl/soo/game115.html
2019-Game 1-Maroons-v-Blues,2019,Game 1,Maroons,Blues,Blues,Jake Trbojevic,1,0,0,0,5-Jun-2019,https://afltables.com/rl/soo/game115.html
2019-Game 1-Maroons-v-Blues,2019,Game 1,Maroons,Blues,Blues,Tyson Frizell,0,0,0,0,5-Jun-2019,https://afltables.com/rl/soo/game115.html
2019-Game 1-Maroons-v-Blues,2019,Game 1,Maroons,Blues,Blues,Boyd Cordner,0,0,0,0,5-Jun-2019,https://afltables.com/rl/soo/game115.html
2019-Game 1-Maroons-v-Blues,2019,Game 1,Maroons,Blues,Blues,Paul Vaughan,0,0,0,0,5-Jun-2019,https://afltables.com/rl/soo/game115.html
2019-Game 1-Maroons-v-Blues,2019,Game 1,Maroons,Blues,Blues,Damien Cook,0,0,0,0,5-Jun-2019,https://afltables.com/rl/soo/game115.html
2019-Game 1-Maroons-v-Blues,2019,Game 1,Maroons,Blues,Blues,David Klemmer,0,0,0,0,5-Jun-2019,https://afltables.com/rl/soo/game115.html
2019-Game 1-Maroons-v-Blues,2019,Game 1,Maroons,Blues,Blues,Jack Wighton,0,0,0,0,5-Jun-2019,https://afltables.com/rl/soo/game115.html
2019-Game 1-Maroons-v-Blues,2019,Game 1,Maroons,Blues,Blues,Payne Haas,0,0,0,0,5-Jun-2019,https://afltables.com/rl/soo/game115.html
2019-Game 1-Maroons-v-Blues,2019,Game 1,Maroons,Blues,Blues,Cameron Murray,0,0,0,0,5-Jun-2019,https://afltables.com/rl/soo/game115.html
2019-Game 1-Maroons-v-Blues,2019,Game 1,Maroons,Blues,Blues,Angus Crichton,0,0,0,0,5-Jun-2019,https://afltables.com/rl/soo/game115.html
2019-Game 1-Maroons-v-Blues,2019,Game 1,Maroons,Blues,Maroons,Corey Oates,1,0,0,0,5-Jun-2019,https://afltables.com/rl/soo/game115.html
2019-Game 1-Maroons-v-Blues,2019,Game 1,Maroons,Blues,Maroons,Michael Morgan,0,0,0,0,5-Jun-2019,https://afltables.com/rl/soo/game115.html
2019-Game 1-Maroons-v-Blues,2019,Game 1,Maroons,Blues,Maroons,Will Chambers,0,0,0,0,5-Jun-2019,https://afltables.com/rl/soo/game115.html
2019-Game 1-Maroons-v-Blues,2019,Game 1,Maroons,Blues,Maroons,Dane Gagai,2,0,0,0,5-Jun-2019,https://afltables.com/rl/soo/game115.html
2019-Game 1-Maroons-v-Blues,2019,Game 1,Maroons,Blues,Maroons,Cameron Munster,0,0,0,0,5-Jun-2019,https://afltables.com/rl/soo/game115.html
2019-Game 1-Maroons-v-Blues,2019,Game 1,Maroons,Blues,Maroons,Daly Cherry-Evans,0,0,0,0,5-Jun-2019,https://afltables.com/rl/soo/game115.html
2019-Game 1-Maroons-v-Blues,2019,Game 1,Maroons,Blues,Maroons,Josh McGuire,0,0,0,0,5-Jun-2019,https://afltables.com/rl/soo/game115.html
2019-Game 1-Maroons-v-Blues,2019,Game 1,Maroons,Blues,Maroons,Michael Gillett,0,0,0,0,5-Jun-2019,https://afltables.com/rl/soo/game115.html
2019-Game 1-Maroons-v-Blues,2019,Game 1,Maroons,Blues,Maroons,Felise Kaufusi,0,0,0,0,5-Jun-2019,https://afltables.com/rl/soo/game115.html
2019-Game 1-Maroons-v-Blues,2019,Game 1,Maroons,Blues,Maroons,Josh Papalii,0,0,0,0,5-Jun-2019,https://afltables.com/rl/soo/game115.html
2019-Game 1-Maroons-v-Blues,2019,Game 1,Maroons,Blues,Maroons,Ben Hunt,0,0,0,0,5-Jun-2019,https://afltables.com/rl/soo/game115.html
2019-Game 1-Maroons-v-Blues,2019,Game 1,Maroons,Blues,Maroons,Jai Arrow,0,0,0,0,5-Jun-2019,https://afltables.com/rl/soo/game115.html
2019-Game 1-Maroons-v-Blues,2019,Game 1,Maroons,Blues,Maroons,Moses Mbye,0,0,0,0,5-Jun-2019,https://afltables.com/rl/soo/game115.html
2019-Game 1-Maroons-v-Blues,2019,Game 1,Maroons,Blues,Maroons,Joe Ofahengaue,0,0,0,0,5-Jun-2019,https://afltables.com/rl/soo/game115.html
2019-Game 1-Maroons-v-Blues,2019,Game 1,Maroons,Blues,Maroons,Dylan Napa,0,0,0,0,5-Jun-2019,https://afltables.com/rl/soo/game115.html
2019-Game 1-Maroons-v-Blues,2019,Game 1,Maroons,Blues,Maroons,David Fifita,0,0,0,0,5-Jun-2019,https://afltables.com/rl/soo/game115.html
2019-Game 2-Maroons-v-Blues,2019,Game 2,Maroons,Blues,Blues,Blake Ferguson,0,0,0,0,23-Jun-2019,https://afltables.com/rl/soo/game116.html
2019-Game 2-Maroons-v-Blues,2019,Game 2,Maroons,Blues,Blues,Tom Trbojevic,3,0,0,0,23-Jun-2019,https://afltables.com/rl/soo/game116.html
2019-Game 2-Maroons-v-Blues,2019,Game 2,Maroons,Blues,Blues,Jack Wighton,0,0,0,0,23-Jun-2019,https://afltables.com/rl/soo/game116.html
2019-Game 2-Maroons-v-Blues,2019,Game 2,Maroons,Blues,Blues,Josh Addo-Carr,2,0,0,0,23-Jun-2019,https://afltables.com/rl/soo/game116.html
2019-Game 2-Maroons-v-Blues,2019,Game 2,Maroons,Blues,Blues,James Maloney,0,5,0,0,23-Jun-2019,https://afltables.com/rl/soo/game116.html
2019-Game 2-Maroons-v-Blues,2019,Game 2,Maroons,Blues,Blues,Nathan Cleary,0,2,0,0,23-Jun-2019,https://afltables.com/rl/soo/game116.html
2019-Game 2-Maroons-v-Blues,2019,Game 2,Maroons,Blues,Blues,Dale Finucane,0,0,0,0,23-Jun-2019,https://afltables.com/rl/soo/game116.html
2019-Game 2-Maroons-v-Blues,2019,Game 2,Maroons,Blues,Blues,Tyson Frizell,1,0,0,0,23-Jun-2019,https://afltables.com/rl/soo/game116.html
2019-Game 2-Maroons-v-Blues,2019,Game 2,Maroons,Blues,Blues,Boyd Cordner,0,0,0,0,23-Jun-2019,https://afltables.com/rl/soo/game116.html
2019-Game 2-Maroons-v-Blues,2019,Game 2,Maroons,Blues,Blues,Jake Trbojevic,0,0,0,0,23-Jun-2019,https://afltables.com/rl/soo/game116.html
2019-Game 2-Maroons-v-Blues,2019,Game 2,Maroons,Blues,Blues,Damien Cook,0,0,0,0,23-Jun-2019,https://afltables.com/rl/soo/game116.html
2019-Game 2-Maroons-v-Blues,2019,Game 2,Maroons,Blues,Blues,Daniel Saifiti,0,0,0,0,23-Jun-2019,https://afltables.com/rl/soo/game116.html
2019-Game 2-Maroons-v-Blues,2019,Game 2,Maroons,Blues,Blues,Paul Vaughan,0,0,0,0,23-Jun-2019,https://afltables.com/rl/soo/game116.html
2019-Game 2-Maroons-v-Blues,2019,Game 2,Maroons,Blues,Blues,Tariq Sims,0,0,0,0,23-Jun-2019,https://afltables.com/rl/soo/game116.html
2019-Game 2-Maroons-v-Blues,2019,Game 2,Maroons,Blues,Blues,Cameron Murray,0,0,0,0,23-Jun-2019,https://afltables.com/rl/soo/game116.html
2019-Game 2-Maroons-v-Blues,2019,Game 2,Maroons,Blues,Blues,Wade Graham,0,0,0,0,23-Jun-2019,https://afltables.com/rl/soo/game116.html
2019-Game 2-Maroons-v-Blues,2019,Game 2,Maroons,Blues,Maroons,Corey Oates,0,0,0,0,23-Jun-2019,https://afltables.com/rl/soo/game116.html
2019-Game 2-Maroons-v-Blues,2019,Game 2,Maroons,Blues,Maroons,Michael Morgan,0,0,0,0,23-Jun-2019,https://afltables.com/rl/soo/game116.html
2019-Game 2-Maroons-v-Blues,2019,Game 2,Maroons,Blues,Maroons,Will Chambers,1,0,0,0,23-Jun-2019,https://afltables.com/rl/soo/game116.html
2019-Game 2-Maroons-v-Blues,2019,Game 2,Maroons,Blues,Maroons,Dane Gagai,0,0,0,0,23-Jun-2019,https://afltables.com/rl/soo/game116.html
2019-Game 2-Maroons-v-Blues,2019,Game 2,Maroons,Blues,Maroons,Cameron Munster,0,0,0,0,23-Jun-2019,https://afltables.com/rl/soo/game116.html
2019-Game 2-Maroons-v-Blues,2019,Game 2,Maroons,Blues,Maroons,Daly Cherry-Evans,0,0,0,0,23-Jun-2019,https://afltables.com/rl/soo/game116.html
2019-Game 2-Maroons-v-Blues,2019,Game 2,Maroons,Blues,Maroons,Josh McGuire,0,0,0,0,23-Jun-2019,https://afltables.com/rl/soo/game116.html
2019-Game 2-Maroons-v-Blues,2019,Game 2,Maroons,Blues,Maroons,Matt Gillett,0,0,0,0,23-Jun-2019,https://afltables.com/rl/soo/game116.html
2019-Game 2-Maroons-v-Blues,2019,Game 2,Maroons,Blues,Maroons,Felise Kaufusi,0,0,0,0,23-Jun-2019,https://afltables.com/rl/soo/game116.html
2019-Game 2-Maroons-v-Blues,2019,Game 2,Maroons,Blues,Maroons,Josh Papalii,0,0,0,0,23-Jun-2019,https://afltables.com/rl/soo/game116.html
2019-Game 2-Maroons-v-Blues,2019,Game 2,Maroons,Blues,Maroons,Ben Hunt,0,0,0,0,23-Jun-2019,https://afltables.com/rl/soo/game116.html
2019-Game 2-Maroons-v-Blues,2019,Game 2,Maroons,Blues,Maroons,Dylan Napa,0,0,0,0,23-Jun-2019,https://afltables.com/rl/soo/game116.html
2019-Game 2-Maroons-v-Blues,2019,Game 2,Maroons,Blues,Maroons,Moses Mbye,0,0,0,0,23-Jun-2019,https://afltables.com/rl/soo/game116.html
2019-Game 2-Maroons-v-Blues,2019,Game 2,Maroons,Blues,Maroons,Jarrod Wallace,0,0,0,0,23-Jun-2019,https://afltables.com/rl/soo/game116.html
2019-Game 2-Maroons-v-Blues,2019,Game 2,Maroons,Blues,Maroons,Tim Glasby,0,0,0,0,23-Jun-2019,https://afltables.com/rl/soo/game116.html
2019-Game 2-Maroons-v-Blues,2019,Game 2,Maroons,Blues,Maroons,David Fifita,0,0,0,0,23-Jun-2019,https://afltables.com/rl/soo/game116.html
2019-Game 3-Blues-v-Maroons,2019,Game 3,Blues,Maroons,Blues,Blake Ferguson,0,0,0,0,1-Jul-2019,https://afltables.com/rl/soo/game117.html
2019-Game 3-Blues-v-Maroons,2019,Game 3,Blues,Maroons,Blues,Tom Trbojevic,0,0,0,0,1-Jul-2019,https://afltables.com/rl/soo/game117.html
2019-Game 3-Blues-v-Maroons,2019,Game 3,Blues,Maroons,Blues,Jack Wighton,0,0,0,0,1-Jul-2019,https://afltables.com/rl/soo/game117.html
2019-Game 3-Blues-v-Maroons,2019,Game 3,Blues,Maroons,Blues,Josh Addo-Carr,0,0,0,0,1-Jul-2019,https://afltables.com/rl/soo/game117.html
2019-Game 3-Blues-v-Maroons,2019,Game 3,Blues,Maroons,Blues,James Maloney,0,5,0,0,1-Jul-2019,https://afltables.com/rl/soo/game117.html
2019-Game 3-Blues-v-Maroons,2019,Game 3,Blues,Maroons,Blues,Mitchell Pearce,0,0,0,0,1-Jul-2019,https://afltables.com/rl/soo/game117.html
2019-Game 3-Blues-v-Maroons,2019,Game 3,Blues,Maroons,Blues,Jake Trbojevic,0,0,0,0,1-Jul-2019,https://afltables.com/rl/soo/game117.html
2019-Game 3-Blues-v-Maroons,2019,Game 3,Blues,Maroons,Blues,Tyson Frizell,0,0,0,0,1-Jul-2019,https://afltables.com/rl/soo/game117.html
2019-Game 3-Blues-v-Maroons,2019,Game 3,Blues,Maroons,Blues,Boyd Cordner,0,0,0,0,1-Jul-2019,https://afltables.com/rl/soo/game117.html
2019-Game 3-Blues-v-Maroons,2019,Game 3,Blues,Maroons,Blues,David Klemmer,0,0,0,0,1-Jul-2019,https://afltables.com/rl/soo/game117.html
2019-Game 3-Blues-v-Maroons,2019,Game 3,Blues,Maroons,Blues,Damien Cook,1,0,0,0,1-Jul-2019,https://afltables.com/rl/soo/game117.html
2019-Game 3-Blues-v-Maroons,2019,Game 3,Blues,Maroons,Blues,Daniel Saifiti,0,0,0,0,1-Jul-2019,https://afltables.com/rl/soo/game117.html
2019-Game 3-Blues-v-Maroons,2019,Game 3,Blues,Maroons,Blues,Paul Vaughan,1,0,0,0,1-Jul-2019,https://afltables.com/rl/soo/game117.html
2019-Game 3-Blues-v-Maroons,2019,Game 3,Blues,Maroons,Blues,Dale Finucane,0,0,0,0,1-Jul-2019,https://afltables.com/rl/soo/game117.html
2019-Game 3-Blues-v-Maroons,2019,Game 3,Blues,Maroons,Blues,Cameron Murray,0,0,0,0,1-Jul-2019,https://afltables.com/rl/soo/game117.html
2019-Game 3-Blues-v-Maroons,2019,Game 3,Blues,Maroons,Blues,Wade Graham,0,0,0,0,1-Jul-2019,https://afltables.com/rl/soo/game117.html
2019-Game 3-Blues-v-Maroons,2019,Game 3,Blues,Maroons,Maroons,Corey Oates,0,0,0,0,1-Jul-2019,https://afltables.com/rl/soo/game117.html
2019-Game 3-Blues-v-Maroons,2019,Game 3,Blues,Maroons,Maroons,Moses Mbye,0,0,0,0,1-Jul-2019,https://afltables.com/rl/soo/game117.html
2019-Game 3-Blues-v-Maroons,2019,Game 3,Blues,Maroons,Maroons,Will Chambers,0,0,0,0,1-Jul-2019,https://afltables.com/rl/soo/game117.html
2019-Game 3-Blues-v-Maroons,2019,Game 3,Blues,Maroons,Maroons,Dane Gagai,0,0,0,0,1-Jul-2019,https://afltables.com/rl/soo/game117.html
2019-Game 3-Blues-v-Maroons,2019,Game 3,Blues,Maroons,Maroons,Corey Norman,0,0,0,0,1-Jul-2019,https://afltables.com/rl/soo/game117.html
2019-Game 3-Blues-v-Maroons,2019,Game 3,Blues,Maroons,Maroons,Daly Cherry-Evans,0,0,0,0,1-Jul-2019,https://afltables.com/rl/soo/game117.html
2019-Game 3-Blues-v-Maroons,2019,Game 3,Blues,Maroons,Maroons,Josh McGuire,1,0,0,0,1-Jul-2019,https://afltables.com/rl/soo/game117.html
2019-Game 3-Blues-v-Maroons,2019,Game 3,Blues,Maroons,Maroons,Ethan Lowe,0,4,0,0,1-Jul-2019,https://afltables.com/rl/soo/game117.html
2019-Game 3-Blues-v-Maroons,2019,Game 3,Blues,Maroons,Maroons,Felise Kaufusi,1,0,0,0,1-Jul-2019,https://afltables.com/rl/soo/game117.html
2019-Game 3-Blues-v-Maroons,2019,Game 3,Blues,Maroons,Maroons,Josh Papalii,1,0,0,0,1-Jul-2019,https://afltables.com/rl/soo/game117.html
2019-Game 3-Blues-v-Maroons,2019,Game 3,Blues,Maroons,Maroons,Ben Hunt,0,0,0,0,1-Jul-2019,https://afltables.com/rl/soo/game117.html
2019-Game 3-Blues-v-Maroons,2019,Game 3,Blues,Maroons,Maroons,Joe Ofahengaue,0,0,0,0,1-Jul-2019,https://afltables.com/rl/soo/game117.html
2019-Game 3-Blues-v-Maroons,2019,Game 3,Blues,Maroons,Maroons,David Fifita,0,0,0,0,1-Jul-2019,https://afltables.com/rl/soo/game117.html
2019-Game 3-Blues-v-Maroons,2019,Game 3,Blues,Maroons,Maroons,Tim Glasby,0,0,0,0,1-Jul-2019,https://afltables.com/rl/soo/game117.html
2019-Game 3-Blues-v-Maroons,2019,Game 3,Blues,Maroons,Maroons,Christian Welch,0,0,0,0,1-Jul-2019,https://afltables.com/rl/soo/game117.html
2019-Game 3-Blues-v-Maroons,2019,Game 3,Blues,Maroons,Maroons,Michael Morgan,0,0,0,0,1-Jul-2019,https://afltables.com/rl/soo/game117.html
2020-Game 1-Blues-v-Maroons,2020,Game 1,Blues,Maroons,Blues,Daniel Tupou,0,0,0,0,04-Nov-2020,https://afltables.com/rl/soo/game118.html
2020-Game 1-Blues-v-Maroons,2020,Game 1,Blues,Maroons,Blues,Clint Gutherson,0,0,0,0,04-Nov-2020,https://afltables.com/rl/soo/game118.html
2020-Game 1-Blues-v-Maroons,2020,Game 1,Blues,Maroons,Blues,Jack Wighton,0,0,0,0,04-Nov-2020,https://afltables.com/rl/soo/game118.html
2020-Game 1-Blues-v-Maroons,2020,Game 1,Blues,Maroons,Blues,Josh Addo-Carr,2,0,0,0,04-Nov-2020,https://afltables.com/rl/soo/game118.html
2020-Game 1-Blues-v-Maroons,2020,Game 1,Blues,Maroons,Blues,Luke Keary,0,0,0,0,04-Nov-2020,https://afltables.com/rl/soo/game118.html
2020-Game 1-Blues-v-Maroons,2020,Game 1,Blues,Maroons,Blues,Nathan Cleary,0,1,0,0,04-Nov-2020,https://afltables.com/rl/soo/game118.html
2020-Game 1-Blues-v-Maroons,2020,Game 1,Blues,Maroons,Blues,Jake Trbojevic,0,0,0,0,04-Nov-2020,https://afltables.com/rl/soo/game118.html
2020-Game 1-Blues-v-Maroons,2020,Game 1,Blues,Maroons,Blues,Tyson Frizell,0,0,0,0,04-Nov-2020,https://afltables.com/rl/soo/game118.html
2020-Game 1-Blues-v-Maroons,2020,Game 1,Blues,Maroons,Blues,Boyd Cordner,0,0,0,0,04-Nov-2020,https://afltables.com/rl/soo/game118.html
2020-Game 1-Blues-v-Maroons,2020,Game 1,Blues,Maroons,Blues,Junior Paulo(P1),0,0,0,0,04-Nov-2020,https://afltables.com/rl/soo/game118.html
2020-Game 1-Blues-v-Maroons,2020,Game 1,Blues,Maroons,Blues,Damien Cook,1,0,0,0,04-Nov-2020,https://afltables.com/rl/soo/game118.html
2020-Game 1-Blues-v-Maroons,2020,Game 1,Blues,Maroons,Blues,Daniel Saifiti,0,0,0,0,04-Nov-2020,https://afltables.com/rl/soo/game118.html
2020-Game 1-Blues-v-Maroons,2020,Game 1,Blues,Maroons,Blues,Cody Walker,0,0,0,0,04-Nov-2020,https://afltables.com/rl/soo/game118.html
2020-Game 1-Blues-v-Maroons,2020,Game 1,Blues,Maroons,Blues,Payne Haas,0,0,0,0,04-Nov-2020,https://afltables.com/rl/soo/game118.html
2020-Game 1-Blues-v-Maroons,2020,Game 1,Blues,Maroons,Blues,Cameron Murray,0,0,0,0,04-Nov-2020,https://afltables.com/rl/soo/game118.html
2020-Game 1-Blues-v-Maroons,2020,Game 1,Blues,Maroons,Blues,Angus Crichton,0,0,0,0,04-Nov-2020,https://afltables.com/rl/soo/game118.html
2020-Game 1-Blues-v-Maroons,2020,Game 1,Blues,Maroons,Maroons,Xavier Coates,1,0,0,0,04-Nov-2020,https://afltables.com/rl/soo/game118.html
2020-Game 1-Blues-v-Maroons,2020,Game 1,Blues,Maroons,Maroons,Dane Gagai,0,0,0,0,04-Nov-2020,https://afltables.com/rl/soo/game118.html
2020-Game 1-Blues-v-Maroons,2020,Game 1,Blues,Maroons,Maroons,Kurt Capewell,0,0,0,0,04-Nov-2020,https://afltables.com/rl/soo/game118.html
2020-Game 1-Blues-v-Maroons,2020,Game 1,Blues,Maroons,Maroons,Phillip Sami,0,0,0,0,04-Nov-2020,https://afltables.com/rl/soo/game118.html
2020-Game 1-Blues-v-Maroons,2020,Game 1,Blues,Maroons,Maroons,Cameron Munster,1,0,0,0,04-Nov-2020,https://afltables.com/rl/soo/game118.html
2020-Game 1-Blues-v-Maroons,2020,Game 1,Blues,Maroons,Maroons,Daly Cherry-Evans,0,3,0,0,04-Nov-2020,https://afltables.com/rl/soo/game118.html
2020-Game 1-Blues-v-Maroons,2020,Game 1,Blues,Maroons,Maroons,Tino Fa'asuamaleaui,0,0,0,0,04-Nov-2020,https://afltables.com/rl/soo/game118.html
2020-Game 1-Blues-v-Maroons,2020,Game 1,Blues,Maroons,Maroons,Coen Hess,0,0,0,0,04-Nov-2020,https://afltables.com/rl/soo/game118.html
2020-Game 1-Blues-v-Maroons,2020,Game 1,Blues,Maroons,Maroons,Felise Kaufusi,0,0,0,0,04-Nov-2020,https://afltables.com/rl/soo/game118.html
2020-Game 1-Blues-v-Maroons,2020,Game 1,Blues,Maroons,Maroons,Josh Papalii,0,0,0,0,04-Nov-2020,https://afltables.com/rl/soo/game118.html
2020-Game 1-Blues-v-Maroons,2020,Game 1,Blues,Maroons,Maroons,Jake Friend,0,0,0,0,04-Nov-2020,https://afltables.com/rl/soo/game118.html
2020-Game 1-Blues-v-Maroons,2020,Game 1,Blues,Maroons,Maroons,Christian Welch,0,0,0,0,04-Nov-2020,https://afltables.com/rl/soo/game118.html
2020-Game 1-Blues-v-Maroons,2020,Game 1,Blues,Maroons,Maroons,Ben Hunt,0,0,0,0,04-Nov-2020,https://afltables.com/rl/soo/game118.html
2020-Game 1-Blues-v-Maroons,2020,Game 1,Blues,Maroons,Maroons,Lindsay Collins,0,0,0,0,04-Nov-2020,https://afltables.com/rl/soo/game118.html
2020-Game 1-Blues-v-Maroons,2020,Game 1,Blues,Maroons,Maroons,Jai Arrow,0,0,0,0,04-Nov-2020,https://afltables.com/rl/soo/game118.html
2020-Game 1-Blues-v-Maroons,2020,Game 1,Blues,Maroons,Maroons,Jaydn Su'A,0,0,0,0,04-Nov-2020,https://afltables.com/rl/soo/game118.html
2020-Game 2-Blues-v-Maroons,2020,Game 2,Blues,Maroons,Blues,Daniel Tupou,1,0,0,0,11-Nov-2020,https://afltables.com/rl/soo/game119.html
2020-Game 2-Blues-v-Maroons,2020,Game 2,Blues,Maroons,Blues,Clint Gutherson,0,0,0,0,11-Nov-2020,https://afltables.com/rl/soo/game119.html
2020-Game 2-Blues-v-Maroons,2020,Game 2,Blues,Maroons,Blues,Jack Wighton,1,0,0,0,11-Nov-2020,https://afltables.com/rl/soo/game119.html
2020-Game 2-Blues-v-Maroons,2020,Game 2,Blues,Maroons,Blues,Josh Addo-Carr,2,0,0,0,11-Nov-2020,https://afltables.com/rl/soo/game119.html
2020-Game 2-Blues-v-Maroons,2020,Game 2,Blues,Maroons,Blues,Cody Walker,1,0,0,0,11-Nov-2020,https://afltables.com/rl/soo/game119.html
2020-Game 2-Blues-v-Maroons,2020,Game 2,Blues,Maroons,Blues,Nathan Cleary,0,5,0,0,11-Nov-2020,https://afltables.com/rl/soo/game119.html
2020-Game 2-Blues-v-Maroons,2020,Game 2,Blues,Maroons,Blues,Jake Trbojevic,0,0,0,0,11-Nov-2020,https://afltables.com/rl/soo/game119.html
2020-Game 2-Blues-v-Maroons,2020,Game 2,Blues,Maroons,Blues,Tyson Frizell,0,0,0,0,11-Nov-2020,https://afltables.com/rl/soo/game119.html
2020-Game 2-Blues-v-Maroons,2020,Game 2,Blues,Maroons,Blues,Angus Crichton,0,0,0,0,11-Nov-2020,https://afltables.com/rl/soo/game119.html
2020-Game 2-Blues-v-Maroons,2020,Game 2,Blues,Maroons,Blues,Payne Haas,0,0,0,0,11-Nov-2020,https://afltables.com/rl/soo/game119.html
2020-Game 2-Blues-v-Maroons,2020,Game 2,Blues,Maroons,Blues,Damien Cook,0,0,0,0,11-Nov-2020,https://afltables.com/rl/soo/game119.html
2020-Game 2-Blues-v-Maroons,2020,Game 2,Blues,Maroons,Blues,Daniel Saifiti,0,0,0,0,11-Nov-2020,https://afltables.com/rl/soo/game119.html
2020-Game 2-Blues-v-Maroons,2020,Game 2,Blues,Maroons,Blues,Dale Finucane,0,0,0,0,11-Nov-2020,https://afltables.com/rl/soo/game119.html
2020-Game 2-Blues-v-Maroons,2020,Game 2,Blues,Maroons,Blues,Junior Paulo(P1),0,0,0,0,11-Nov-2020,https://afltables.com/rl/soo/game119.html
2020-Game 2-Blues-v-Maroons,2020,Game 2,Blues,Maroons,Blues,Nathan Brown,0,0,0,0,11-Nov-2020,https://afltables.com/rl/soo/game119.html
2020-Game 2-Blues-v-Maroons,2020,Game 2,Blues,Maroons,Blues,Isaah Yeo,0,0,0,0,11-Nov-2020,https://afltables.com/rl/soo/game119.html
2020-Game 2-Blues-v-Maroons,2020,Game 2,Blues,Maroons,Maroons,Xavier Coates,1,0,0,0,11-Nov-2020,https://afltables.com/rl/soo/game119.html
2020-Game 2-Blues-v-Maroons,2020,Game 2,Blues,Maroons,Maroons,Kurt Capewell,0,0,0,0,11-Nov-2020,https://afltables.com/rl/soo/game119.html
2020-Game 2-Blues-v-Maroons,2020,Game 2,Blues,Maroons,Maroons,Dane Gagai,0,0,0,0,11-Nov-2020,https://afltables.com/rl/soo/game119.html
2020-Game 2-Blues-v-Maroons,2020,Game 2,Blues,Maroons,Maroons,Phillip Sami,0,0,0,0,11-Nov-2020,https://afltables.com/rl/soo/game119.html
2020-Game 2-Blues-v-Maroons,2020,Game 2,Blues,Maroons,Maroons,Cameron Munster,0,0,0,0,11-Nov-2020,https://afltables.com/rl/soo/game119.html
2020-Game 2-Blues-v-Maroons,2020,Game 2,Blues,Maroons,Maroons,Daly Cherry-Evans,0,0,0,0,11-Nov-2020,https://afltables.com/rl/soo/game119.html
2020-Game 2-Blues-v-Maroons,2020,Game 2,Blues,Maroons,Maroons,Tino Fa'asuamaleaui,0,0,0,0,11-Nov-2020,https://afltables.com/rl/soo/game119.html
2020-Game 2-Blues-v-Maroons,2020,Game 2,Blues,Maroons,Maroons,Jaydn Su'A,0,0,0,0,11-Nov-2020,https://afltables.com/rl/soo/game119.html
2020-Game 2-Blues-v-Maroons,2020,Game 2,Blues,Maroons,Maroons,Felise Kaufusi,0,0,0,0,11-Nov-2020,https://afltables.com/rl/soo/game119.html
2020-Game 2-Blues-v-Maroons,2020,Game 2,Blues,Maroons,Maroons,Josh Papalii,1,0,0,0,11-Nov-2020,https://afltables.com/rl/soo/game119.html
2020-Game 2-Blues-v-Maroons,2020,Game 2,Blues,Maroons,Maroons,Jake Friend,0,0,0,0,11-Nov-2020,https://afltables.com/rl/soo/game119.html
2020-Game 2-Blues-v-Maroons,2020,Game 2,Blues,Maroons,Maroons,Dunamis Lui,0,0,0,0,11-Nov-2020,https://afltables.com/rl/soo/game119.html
2020-Game 2-Blues-v-Maroons,2020,Game 2,Blues,Maroons,Maroons,Ben Hunt,0,0,0,0,11-Nov-2020,https://afltables.com/rl/soo/game119.html
2020-Game 2-Blues-v-Maroons,2020,Game 2,Blues,Maroons,Maroons,Lindsay Collins,0,0,0,0,11-Nov-2020,https://afltables.com/rl/soo/game119.html
2020-Game 2-Blues-v-Maroons,2020,Game 2,Blues,Maroons,Maroons,Jai Arrow,0,0,0,0,11-Nov-2020,https://afltables.com/rl/soo/game119.html
2020-Game 2-Blues-v-Maroons,2020,Game 2,Blues,Maroons,Maroons,Moeaki Fotuaika,0,0,0,0,11-Nov-2020,https://afltables.com/rl/soo/game119.html
2020-Game 3-Maroons-v-Blues,2020,Game 3,Maroons,Blues,Blues,Daniel Tupou,1,0,0,0,18-Nov-2020,https://afltables.com/rl/soo/game120.html
2020-Game 3-Maroons-v-Blues,2020,Game 3,Maroons,Blues,Blues,Clint Gutherson,0,0,0,0,18-Nov-2020,https://afltables.com/rl/soo/game120.html
2020-Game 3-Maroons-v-Blues,2020,Game 3,Maroons,Blues,Blues,Jack Wighton,0,0,0,0,18-Nov-2020,https://afltables.com/rl/soo/game120.html
2020-Game 3-Maroons-v-Blues,2020,Game 3,Maroons,Blues,Blues,Josh Addo-Carr,0,0,0,0,18-Nov-2020,https://afltables.com/rl/soo/game120.html
2020-Game 3-Maroons-v-Blues,2020,Game 3,Maroons,Blues,Blues,Cody Walker,0,0,0,0,18-Nov-2020,https://afltables.com/rl/soo/game120.html
2020-Game 3-Maroons-v-Blues,2020,Game 3,Maroons,Blues,Blues,Nathan Cleary,0,3,0,0,18-Nov-2020,https://afltables.com/rl/soo/game120.html
2020-Game 3-Maroons-v-Blues,2020,Game 3,Maroons,Blues,Blues,Jake Trbojevic,0,0,0,0,18-Nov-2020,https://afltables.com/rl/soo/game120.html
2020-Game 3-Maroons-v-Blues,2020,Game 3,Maroons,Blues,Blues,Tyson Frizell,0,0,0,0,18-Nov-2020,https://afltables.com/rl/soo/game120.html
2020-Game 3-Maroons-v-Blues,2020,Game 3,Maroons,Blues,Blues,Angus Crichton,0,0,0,0,18-Nov-2020,https://afltables.com/rl/soo/game120.html
2020-Game 3-Maroons-v-Blues,2020,Game 3,Maroons,Blues,Blues,Payne Haas,0,0,0,0,18-Nov-2020,https://afltables.com/rl/soo/game120.html
2020-Game 3-Maroons-v-Blues,2020,Game 3,Maroons,Blues,Blues,Damien Cook,0,0,0,0,18-Nov-2020,https://afltables.com/rl/soo/game120.html
2020-Game 3-Maroons-v-Blues,2020,Game 3,Maroons,Blues,Blues,Daniel Saifiti,0,0,0,0,18-Nov-2020,https://afltables.com/rl/soo/game120.html
2020-Game 3-Maroons-v-Blues,2020,Game 3,Maroons,Blues,Blues,Dale Finucane,0,0,0,0,18-Nov-2020,https://afltables.com/rl/soo/game120.html
2020-Game 3-Maroons-v-Blues,2020,Game 3,Maroons,Blues,Blues,Junior Paulo(P1),0,0,0,0,18-Nov-2020,https://afltables.com/rl/soo/game120.html
2020-Game 3-Maroons-v-Blues,2020,Game 3,Maroons,Blues,Blues,Nathan Brown,0,0,0,0,18-Nov-2020,https://afltables.com/rl/soo/game120.html
2020-Game 3-Maroons-v-Blues,2020,Game 3,Maroons,Blues,Blues,Isaah Yeo,0,0,0,0,18-Nov-2020,https://afltables.com/rl/soo/game120.html
2020-Game 3-Maroons-v-Blues,2020,Game 3,Maroons,Blues,Maroons,Valentine Holmes,1,4,0,0,18-Nov-2020,https://afltables.com/rl/soo/game120.html
2020-Game 3-Maroons-v-Blues,2020,Game 3,Maroons,Blues,Maroons,Dane Gagai,0,0,0,0,18-Nov-2020,https://afltables.com/rl/soo/game120.html
2020-Game 3-Maroons-v-Blues,2020,Game 3,Maroons,Blues,Maroons,Brenko Lee,0,0,0,0,18-Nov-2020,https://afltables.com/rl/soo/game120.html
2020-Game 3-Maroons-v-Blues,2020,Game 3,Maroons,Blues,Maroons,Edrick Lee,1,0,0,0,18-Nov-2020,https://afltables.com/rl/soo/game120.html
2020-Game 3-Maroons-v-Blues,2020,Game 3,Maroons,Blues,Maroons,Cameron Munster,0,0,0,0,18-Nov-2020,https://afltables.com/rl/soo/game120.html
2020-Game 3-Maroons-v-Blues,2020,Game 3,Maroons,Blues,Maroons,Daly Cherry-Evans,0,0,0,0,18-Nov-2020,https://afltables.com/rl/soo/game120.html
2020-Game 3-Maroons-v-Blues,2020,Game 3,Maroons,Blues,Maroons,Tino Fa'asuamaleaui,0,0,0,0,18-Nov-2020,https://afltables.com/rl/soo/game120.html
2020-Game 3-Maroons-v-Blues,2020,Game 3,Maroons,Blues,Maroons,Felise Kaufusi,0,0,0,0,18-Nov-2020,https://afltables.com/rl/soo/game120.html
2020-Game 3-Maroons-v-Blues,2020,Game 3,Maroons,Blues,Maroons,Kurt Capewell,0,0,0,0,18-Nov-2020,https://afltables.com/rl/soo/game120.html
2020-Game 3-Maroons-v-Blues,2020,Game 3,Maroons,Blues,Maroons,Josh Papalii,0,0,0,0,18-Nov-2020,https://afltables.com/rl/soo/game120.html
2020-Game 3-Maroons-v-Blues,2020,Game 3,Maroons,Blues,Maroons,Jake Friend,0,0,0,0,18-Nov-2020,https://afltables.com/rl/soo/game120.html
2020-Game 3-Maroons-v-Blues,2020,Game 3,Maroons,Blues,Maroons,Christian Welch,0,0,0,0,18-Nov-2020,https://afltables.com/rl/soo/game120.html
2020-Game 3-Maroons-v-Blues,2020,Game 3,Maroons,Blues,Maroons,Jaydn Su'A,0,0,0,0,18-Nov-2020,https://afltables.com/rl/soo/game120.html
2020-Game 3-Maroons-v-Blues,2020,Game 3,Maroons,Blues,Maroons,Harry Grant,1,0,0,0,18-Nov-2020,https://afltables.com/rl/soo/game120.html
2020-Game 3-Maroons-v-Blues,2020,Game 3,Maroons,Blues,Maroons,Lindsay Collins,0,0,0,0,18-Nov-2020,https://afltables.com/rl/soo/game120.html
2020-Game 3-Maroons-v-Blues,2020,Game 3,Maroons,Blues,Maroons,Jai Arrow,0,0,0,0,18-Nov-2020,https://afltables.com/rl/soo/game120.html
2021-Game 1-Maroons-v-Blues,2021,Game 1,Maroons,Blues,Blues,Brian To'o,2,0,0,0,9-Jun-2021,https://afltables.com/rl/soo/game121.html
2021-Game 1-Maroons-v-Blues,2021,Game 1,Maroons,Blues,Blues,Latrell Mitchell,2,1,0,0,9-Jun-2021,https://afltables.com/rl/soo/game121.html
2021-Game 1-Maroons-v-Blues,2021,Game 1,Maroons,Blues,Blues,Tom Trbojevic,3,0,0,0,9-Jun-2021,https://afltables.com/rl/soo/game121.html
2021-Game 1-Maroons-v-Blues,2021,Game 1,Maroons,Blues,Blues,Josh Addo-Carr,0,0,0,0,9-Jun-2021,https://afltables.com/rl/soo/game121.html
2021-Game 1-Maroons-v-Blues,2021,Game 1,Maroons,Blues,Blues,Jarome Luai,0,0,0,0,9-Jun-2021,https://afltables.com/rl/soo/game121.html
2021-Game 1-Maroons-v-Blues,2021,Game 1,Maroons,Blues,Blues,Nathan Cleary,0,8,0,0,9-Jun-2021,https://afltables.com/rl/soo/game121.html
2021-Game 1-Maroons-v-Blues,2021,Game 1,Maroons,Blues,Blues,Isaah Yeo,0,0,0,0,9-Jun-2021,https://afltables.com/rl/soo/game121.html
2021-Game 1-Maroons-v-Blues,2021,Game 1,Maroons,Blues,Blues,Tariq Sims,0,0,0,0,9-Jun-2021,https://afltables.com/rl/soo/game121.html
2021-Game 1-Maroons-v-Blues,2021,Game 1,Maroons,Blues,Blues,Cameron Murray,0,0,0,0,9-Jun-2021,https://afltables.com/rl/soo/game121.html
2021-Game 1-Maroons-v-Blues,2021,Game 1,Maroons,Blues,Blues,Jake Trbojevic,0,0,0,0,9-Jun-2021,https://afltables.com/rl/soo/game121.html
2021-Game 1-Maroons-v-Blues,2021,Game 1,Maroons,Blues,Blues,Damien Cook,0,0,0,0,9-Jun-2021,https://afltables.com/rl/soo/game121.html
2021-Game 1-Maroons-v-Blues,2021,Game 1,Maroons,Blues,Blues,Daniel Saifiti,1,0,0,0,9-Jun-2021,https://afltables.com/rl/soo/game121.html
2021-Game 1-Maroons-v-Blues,2021,Game 1,Maroons,Blues,Blues,Jack Wighton,0,0,0,0,9-Jun-2021,https://afltables.com/rl/soo/game121.html
2021-Game 1-Maroons-v-Blues,2021,Game 1,Maroons,Blues,Blues,Junior Paulo(P1),0,0,0,0,9-Jun-2021,https://afltables.com/rl/soo/game121.html
2021-Game 1-Maroons-v-Blues,2021,Game 1,Maroons,Blues,Blues,Payne Haas,0,0,0,0,9-Jun-2021,https://afltables.com/rl/soo/game121.html
2021-Game 1-Maroons-v-Blues,2021,Game 1,Maroons,Blues,Blues,Liam Martin,0,0,0,0,9-Jun-2021,https://afltables.com/rl/soo/game121.html
2021-Game 1-Maroons-v-Blues,2021,Game 1,Maroons,Blues,Maroons,Xavier Coates,0,0,0,0,9-Jun-2021,https://afltables.com/rl/soo/game121.html
2021-Game 1-Maroons-v-Blues,2021,Game 1,Maroons,Blues,Maroons,Kurt Capewell,1,0,0,0,9-Jun-2021,https://afltables.com/rl/soo/game121.html
2021-Game 1-Maroons-v-Blues,2021,Game 1,Maroons,Blues,Maroons,Dane Gagai,0,0,0,0,9-Jun-2021,https://afltables.com/rl/soo/game121.html
2021-Game 1-Maroons-v-Blues,2021,Game 1,Maroons,Blues,Maroons,Kyle Feldt,0,0,0,0,9-Jun-2021,https://afltables.com/rl/soo/game121.html
2021-Game 1-Maroons-v-Blues,2021,Game 1,Maroons,Blues,Maroons,Cameron Munster,0,0,0,0,9-Jun-2021,https://afltables.com/rl/soo/game121.html
2021-Game 1-Maroons-v-Blues,2021,Game 1,Maroons,Blues,Maroons,Daly Cherry-Evans,0,0,0,0,9-Jun-2021,https://afltables.com/rl/soo/game121.html
2021-Game 1-Maroons-v-Blues,2021,Game 1,Maroons,Blues,Maroons,Jai Arrow,0,0,0,0,9-Jun-2021,https://afltables.com/rl/soo/game121.html
2021-Game 1-Maroons-v-Blues,2021,Game 1,Maroons,Blues,Maroons,David Fifita,0,0,0,0,9-Jun-2021,https://afltables.com/rl/soo/game121.html
2021-Game 1-Maroons-v-Blues,2021,Game 1,Maroons,Blues,Maroons,Felise Kaufusi,0,0,0,0,9-Jun-2021,https://afltables.com/rl/soo/game121.html
2021-Game 1-Maroons-v-Blues,2021,Game 1,Maroons,Blues,Maroons,Tino Fa'asuamaleaui,0,0,0,0,9-Jun-2021,https://afltables.com/rl/soo/game121.html
2021-Game 1-Maroons-v-Blues,2021,Game 1,Maroons,Blues,Maroons,Harry Grant,0,0,0,0,9-Jun-2021,https://afltables.com/rl/soo/game121.html
2021-Game 1-Maroons-v-Blues,2021,Game 1,Maroons,Blues,Maroons,Christian Welch,0,0,0,0,9-Jun-2021,https://afltables.com/rl/soo/game121.html
2021-Game 1-Maroons-v-Blues,2021,Game 1,Maroons,Blues,Maroons,AJ Brimson,0,0,0,0,9-Jun-2021,https://afltables.com/rl/soo/game121.html
2021-Game 1-Maroons-v-Blues,2021,Game 1,Maroons,Blues,Maroons,Jaydn Su'A,0,0,0,0,9-Jun-2021,https://afltables.com/rl/soo/game121.html
2021-Game 1-Maroons-v-Blues,2021,Game 1,Maroons,Blues,Maroons,Moeaki Fotuaika,0,0,0,0,9-Jun-2021,https://afltables.com/rl/soo/game121.html
2021-Game 1-Maroons-v-Blues,2021,Game 1,Maroons,Blues,Maroons,Joe Ofahengaue,0,0,0,0,9-Jun-2021,https://afltables.com/rl/soo/game121.html
2021-Game 2-Maroons-v-Blues,2021,Game 2,Maroons,Blues,Blues,Brian To'o,0,0,0,0,27-Jun-2021,https://afltables.com/rl/soo/game122.html
2021-Game 2-Maroons-v-Blues,2021,Game 2,Maroons,Blues,Blues,Latrell Mitchell,1,0,0,0,27-Jun-2021,https://afltables.com/rl/soo/game122.html
2021-Game 2-Maroons-v-Blues,2021,Game 2,Maroons,Blues,Blues,Tom Trbojevic,1,0,0,0,27-Jun-2021,https://afltables.com/rl/soo/game122.html
2021-Game 2-Maroons-v-Blues,2021,Game 2,Maroons,Blues,Blues,Josh Addo-Carr,2,0,0,0,27-Jun-2021,https://afltables.com/rl/soo/game122.html
2021-Game 2-Maroons-v-Blues,2021,Game 2,Maroons,Blues,Blues,Jarome Luai,0,0,0,0,27-Jun-2021,https://afltables.com/rl/soo/game122.html
2021-Game 2-Maroons-v-Blues,2021,Game 2,Maroons,Blues,Blues,Nathan Cleary,0,5,0,0,27-Jun-2021,https://afltables.com/rl/soo/game122.html
2021-Game 2-Maroons-v-Blues,2021,Game 2,Maroons,Blues,Blues,Isaah Yeo,0,0,0,0,27-Jun-2021,https://afltables.com/rl/soo/game122.html
2021-Game 2-Maroons-v-Blues,2021,Game 2,Maroons,Blues,Blues,Tariq Sims,0,0,0,0,27-Jun-2021,https://afltables.com/rl/soo/game122.html
2021-Game 2-Maroons-v-Blues,2021,Game 2,Maroons,Blues,Blues,Cameron Murray,0,0,0,0,27-Jun-2021,https://afltables.com/rl/soo/game122.html
2021-Game 2-Maroons-v-Blues,2021,Game 2,Maroons,Blues,Blues,Junior Paulo(P1),0,0,0,0,27-Jun-2021,https://afltables.com/rl/soo/game122.html
2021-Game 2-Maroons-v-Blues,2021,Game 2,Maroons,Blues,Blues,Damien Cook,0,0,0,0,27-Jun-2021,https://afltables.com/rl/soo/game122.html
2021-Game 2-Maroons-v-Blues,2021,Game 2,Maroons,Blues,Blues,Daniel Saifiti,0,0,0,0,27-Jun-2021,https://afltables.com/rl/soo/game122.html
2021-Game 2-Maroons-v-Blues,2021,Game 2,Maroons,Blues,Blues,Jack Wighton,0,0,0,0,27-Jun-2021,https://afltables.com/rl/soo/game122.html
2021-Game 2-Maroons-v-Blues,2021,Game 2,Maroons,Blues,Blues,Angus Crichton,0,0,0,0,27-Jun-2021,https://afltables.com/rl/soo/game122.html
2021-Game 2-Maroons-v-Blues,2021,Game 2,Maroons,Blues,Blues,Payne Haas,0,0,0,0,27-Jun-2021,https://afltables.com/rl/soo/game122.html
2021-Game 2-Maroons-v-Blues,2021,Game 2,Maroons,Blues,Blues,Liam Martin,0,0,0,0,27-Jun-2021,https://afltables.com/rl/soo/game122.html
2021-Game 2-Maroons-v-Blues,2021,Game 2,Maroons,Blues,Maroons,Xavier Coates,0,0,0,0,27-Jun-2021,https://afltables.com/rl/soo/game122.html
2021-Game 2-Maroons-v-Blues,2021,Game 2,Maroons,Blues,Maroons,Kurt Capewell,0,0,0,0,27-Jun-2021,https://afltables.com/rl/soo/game122.html
2021-Game 2-Maroons-v-Blues,2021,Game 2,Maroons,Blues,Maroons,Dane Gagai,0,0,0,0,27-Jun-2021,https://afltables.com/rl/soo/game122.html
2021-Game 2-Maroons-v-Blues,2021,Game 2,Maroons,Blues,Maroons,Kyle Feldt,0,0,0,0,27-Jun-2021,https://afltables.com/rl/soo/game122.html
2021-Game 2-Maroons-v-Blues,2021,Game 2,Maroons,Blues,Maroons,Cameron Munster,0,0,0,0,27-Jun-2021,https://afltables.com/rl/soo/game122.html
2021-Game 2-Maroons-v-Blues,2021,Game 2,Maroons,Blues,Maroons,Daly Cherry-Evans,0,0,0,0,27-Jun-2021,https://afltables.com/rl/soo/game122.html
2021-Game 2-Maroons-v-Blues,2021,Game 2,Maroons,Blues,Maroons,Tino Fa'asuamaleaui,0,0,0,0,27-Jun-2021,https://afltables.com/rl/soo/game122.html
2021-Game 2-Maroons-v-Blues,2021,Game 2,Maroons,Blues,Maroons,Felise Kaufusi,0,0,0,0,27-Jun-2021,https://afltables.com/rl/soo/game122.html
2021-Game 2-Maroons-v-Blues,2021,Game 2,Maroons,Blues,Maroons,Jai Arrow,0,0,0,0,27-Jun-2021,https://afltables.com/rl/soo/game122.html
2021-Game 2-Maroons-v-Blues,2021,Game 2,Maroons,Blues,Maroons,Josh Papalii,0,0,0,0,27-Jun-2021,https://afltables.com/rl/soo/game122.html
2021-Game 2-Maroons-v-Blues,2021,Game 2,Maroons,Blues,Maroons,Andrew McCullough,0,0,0,0,27-Jun-2021,https://afltables.com/rl/soo/game122.html
2021-Game 2-Maroons-v-Blues,2021,Game 2,Maroons,Blues,Maroons,Christian Welch,0,0,0,0,27-Jun-2021,https://afltables.com/rl/soo/game122.html
2021-Game 2-Maroons-v-Blues,2021,Game 2,Maroons,Blues,Maroons,Ben Hunt,0,0,0,0,27-Jun-2021,https://afltables.com/rl/soo/game122.html
2021-Game 2-Maroons-v-Blues,2021,Game 2,Maroons,Blues,Maroons,Moeaki Fotuaika,0,0,0,0,27-Jun-2021,https://afltables.com/rl/soo/game122.html
2021-Game 2-Maroons-v-Blues,2021,Game 2,Maroons,Blues,Maroons,David Fifita,0,0,0,0,27-Jun-2021,https://afltables.com/rl/soo/game122.html
2021-Game 2-Maroons-v-Blues,2021,Game 2,Maroons,Blues,Maroons,Francis Molo,0,0,0,0,27-Jun-2021,https://afltables.com/rl/soo/game122.html
2021-Game 3-Blues-v-Maroons,2021,Game 3,Blues,Maroons,Blues,Brian To'o,0,0,0,0,14-Jul-2021,https://afltables.com/rl/soo/game123.html
2021-Game 3-Blues-v-Maroons,2021,Game 3,Blues,Maroons,Blues,Latrell Mitchell,1,3,0,0,14-Jul-2021,https://afltables.com/rl/soo/game123.html
2021-Game 3-Blues-v-Maroons,2021,Game 3,Blues,Maroons,Blues,Tom Trbojevic,0,0,0,0,14-Jul-2021,https://afltables.com/rl/soo/game123.html
2021-Game 3-Blues-v-Maroons,2021,Game 3,Blues,Maroons,Blues,Josh Addo-Carr,0,0,0,0,14-Jul-2021,https://afltables.com/rl/soo/game123.html
2021-Game 3-Blues-v-Maroons,2021,Game 3,Blues,Maroons,Blues,Jack Wighton,1,0,0,0,14-Jul-2021,https://afltables.com/rl/soo/game123.html
2021-Game 3-Blues-v-Maroons,2021,Game 3,Blues,Maroons,Blues,Mitchell Moses,0,0,0,0,14-Jul-2021,https://afltables.com/rl/soo/game123.html
2021-Game 3-Blues-v-Maroons,2021,Game 3,Blues,Maroons,Blues,Isaah Yeo,0,0,0,0,14-Jul-2021,https://afltables.com/rl/soo/game123.html
2021-Game 3-Blues-v-Maroons,2021,Game 3,Blues,Maroons,Blues,Tariq Sims,0,0,0,0,14-Jul-2021,https://afltables.com/rl/soo/game123.html
2021-Game 3-Blues-v-Maroons,2021,Game 3,Blues,Maroons,Blues,Cameron Murray,0,0,0,0,14-Jul-2021,https://afltables.com/rl/soo/game123.html
2021-Game 3-Blues-v-Maroons,2021,Game 3,Blues,Maroons,Blues,Junior Paulo(P1),0,0,0,0,14-Jul-2021,https://afltables.com/rl/soo/game123.html
2021-Game 3-Blues-v-Maroons,2021,Game 3,Blues,Maroons,Blues,Damien Cook,0,0,0,0,14-Jul-2021,https://afltables.com/rl/soo/game123.html
2021-Game 3-Blues-v-Maroons,2021,Game 3,Blues,Maroons,Blues,Dale Finucane,0,0,0,0,14-Jul-2021,https://afltables.com/rl/soo/game123.html
2021-Game 3-Blues-v-Maroons,2021,Game 3,Blues,Maroons,Blues,Apisai Koroisau,1,0,0,0,14-Jul-2021,https://afltables.com/rl/soo/game123.html
2021-Game 3-Blues-v-Maroons,2021,Game 3,Blues,Maroons,Blues,Angus Crichton,0,0,0,0,14-Jul-2021,https://afltables.com/rl/soo/game123.html
2021-Game 3-Blues-v-Maroons,2021,Game 3,Blues,Maroons,Blues,Payne Haas,0,0,0,0,14-Jul-2021,https://afltables.com/rl/soo/game123.html
2021-Game 3-Blues-v-Maroons,2021,Game 3,Blues,Maroons,Blues,Liam Martin,0,0,0,0,14-Jul-2021,https://afltables.com/rl/soo/game123.html
2021-Game 3-Blues-v-Maroons,2021,Game 3,Blues,Maroons,Maroons,Valentine Holmes,0,2,0,0,14-Jul-2021,https://afltables.com/rl/soo/game123.html
2021-Game 3-Blues-v-Maroons,2021,Game 3,Blues,Maroons,Maroons,Dane Gagai,0,0,0,0,14-Jul-2021,https://afltables.com/rl/soo/game123.html
2021-Game 3-Blues-v-Maroons,2021,Game 3,Blues,Maroons,Maroons,Hamiso Tabuai-Fidow,1,0,0,0,14-Jul-2021,https://afltables.com/rl/soo/game123.html
2021-Game 3-Blues-v-Maroons,2021,Game 3,Blues,Maroons,Maroons,Xavier Coates,0,0,0,0,14-Jul-2021,https://afltables.com/rl/soo/game123.html
2021-Game 3-Blues-v-Maroons,2021,Game 3,Blues,Maroons,Maroons,Cameron Munster,0,0,0,0,14-Jul-2021,https://afltables.com/rl/soo/game123.html
2021-Game 3-Blues-v-Maroons,2021,Game 3,Blues,Maroons,Maroons,Daly Cherry-Evans,0,2,0,0,14-Jul-2021,https://afltables.com/rl/soo/game123.html
2021-Game 3-Blues-v-Maroons,2021,Game 3,Blues,Maroons,Maroons,Tino Fa'asuamaleaui,0,0,0,0,14-Jul-2021,https://afltables.com/rl/soo/game123.html
2021-Game 3-Blues-v-Maroons,2021,Game 3,Blues,Maroons,Maroons,Felise Kaufusi,0,0,0,0,14-Jul-2021,https://afltables.com/rl/soo/game123.html
2021-Game 3-Blues-v-Maroons,2021,Game 3,Blues,Maroons,Maroons,Kurt Capewell,0,0,0,0,14-Jul-2021,https://afltables.com/rl/soo/game123.html
2021-Game 3-Blues-v-Maroons,2021,Game 3,Blues,Maroons,Maroons,Josh Papalii,0,0,0,0,14-Jul-2021,https://afltables.com/rl/soo/game123.html
2021-Game 3-Blues-v-Maroons,2021,Game 3,Blues,Maroons,Maroons,Ben Hunt,2,0,0,0,14-Jul-2021,https://afltables.com/rl/soo/game123.html
2021-Game 3-Blues-v-Maroons,2021,Game 3,Blues,Maroons,Maroons,Christian Welch,0,0,0,0,14-Jul-2021,https://afltables.com/rl/soo/game123.html
2021-Game 3-Blues-v-Maroons,2021,Game 3,Blues,Maroons,Maroons,AJ Brimson,0,0,0,0,14-Jul-2021,https://afltables.com/rl/soo/game123.html
2021-Game 3-Blues-v-Maroons,2021,Game 3,Blues,Maroons,Maroons,Moeaki Fotuaika,0,0,0,0,14-Jul-2021,https://afltables.com/rl/soo/game123.html
2021-Game 3-Blues-v-Maroons,2021,Game 3,Blues,Maroons,Maroons,Francis Molo,0,0,0,0,14-Jul-2021,https://afltables.com/rl/soo/game123.html
2021-Game 3-Blues-v-Maroons,2021,Game 3,Blues,Maroons,Maroons,Thomas Flegler,0,0,0,0,14-Jul-2021,https://afltables.com/rl/soo/game123.html
2022-Game 1-Blues-v-Maroons,2022,Game 1,Blues,Maroons,Blues,Brian To'o,0,0,0,0,8-Jun-2022,https://afltables.com/rl/soo/game124.html
2022-Game 1-Blues-v-Maroons,2022,Game 1,Blues,Maroons,Blues,Kotoni Staggs,0,0,0,0,8-Jun-2022,https://afltables.com/rl/soo/game124.html
2022-Game 1-Blues-v-Maroons,2022,Game 1,Blues,Maroons,Blues,Jack Wighton,1,0,0,0,8-Jun-2022,https://afltables.com/rl/soo/game124.html
2022-Game 1-Blues-v-Maroons,2022,Game 1,Blues,Maroons,Blues,Daniel Tupou,0,0,0,0,8-Jun-2022,https://afltables.com/rl/soo/game124.html
2022-Game 1-Blues-v-Maroons,2022,Game 1,Blues,Maroons,Blues,Jarome Luai,0,0,0,0,8-Jun-2022,https://afltables.com/rl/soo/game124.html
2022-Game 1-Blues-v-Maroons,2022,Game 1,Blues,Maroons,Blues,Nathan Cleary,0,1,0,0,8-Jun-2022,https://afltables.com/rl/soo/game124.html
2022-Game 1-Blues-v-Maroons,2022,Game 1,Blues,Maroons,Blues,Isaah Yeo,0,0,0,0,8-Jun-2022,https://afltables.com/rl/soo/game124.html
2022-Game 1-Blues-v-Maroons,2022,Game 1,Blues,Maroons,Blues,Tariq Sims,0,0,0,0,8-Jun-2022,https://afltables.com/rl/soo/game124.html
2022-Game 1-Blues-v-Maroons,2022,Game 1,Blues,Maroons,Blues,Liam Martin,0,0,0,0,8-Jun-2022,https://afltables.com/rl/soo/game124.html
2022-Game 1-Blues-v-Maroons,2022,Game 1,Blues,Maroons,Blues,Reagan Campbell-Gillard,0,0,0,0,8-Jun-2022,https://afltables.com/rl/soo/game124.html
2022-Game 1-Blues-v-Maroons,2022,Game 1,Blues,Maroons,Blues,Damien Cook,0,0,0,0,8-Jun-2022,https://afltables.com/rl/soo/game124.html
2022-Game 1-Blues-v-Maroons,2022,Game 1,Blues,Maroons,Blues,Payne Haas,0,0,0,0,8-Jun-2022,https://afltables.com/rl/soo/game124.html
2022-Game 1-Blues-v-Maroons,2022,Game 1,Blues,Maroons,Blues,Junior Paulo(P1),0,0,0,0,8-Jun-2022,https://afltables.com/rl/soo/game124.html
2022-Game 1-Blues-v-Maroons,2022,Game 1,Blues,Maroons,Blues,Cameron Murray,1,0,0,0,8-Jun-2022,https://afltables.com/rl/soo/game124.html
2022-Game 1-Blues-v-Maroons,2022,Game 1,Blues,Maroons,Blues,Stephen Crichton,0,0,0,0,8-Jun-2022,https://afltables.com/rl/soo/game124.html
2022-Game 1-Blues-v-Maroons,2022,Game 1,Blues,Maroons,Blues,Ryan Matterson,0,0,0,0,8-Jun-2022,https://afltables.com/rl/soo/game124.html
2022-Game 1-Blues-v-Maroons,2022,Game 1,Blues,Maroons,Maroons,Selwyn Cobbo,0,0,0,0,8-Jun-2022,https://afltables.com/rl/soo/game124.html
2022-Game 1-Blues-v-Maroons,2022,Game 1,Blues,Maroons,Maroons,Valentine Holmes,1,2,0,0,8-Jun-2022,https://afltables.com/rl/soo/game124.html
2022-Game 1-Blues-v-Maroons,2022,Game 1,Blues,Maroons,Maroons,Dane Gagai,1,0,0,0,8-Jun-2022,https://afltables.com/rl/soo/game124.html
2022-Game 1-Blues-v-Maroons,2022,Game 1,Blues,Maroons,Maroons,Xavier Coates,0,0,0,0,8-Jun-2022,https://afltables.com/rl/soo/game124.html
2022-Game 1-Blues-v-Maroons,2022,Game 1,Blues,Maroons,Maroons,Cameron Munster,0,0,0,0,8-Jun-2022,https://afltables.com/rl/soo/game124.html
2022-Game 1-Blues-v-Maroons,2022,Game 1,Blues,Maroons,Maroons,Daly Cherry-Evans,1,0,0,0,8-Jun-2022,https://afltables.com/rl/soo/game124.html
2022-Game 1-Blues-v-Maroons,2022,Game 1,Blues,Maroons,Maroons,Reuben Cotter,0,0,0,0,8-Jun-2022,https://afltables.com/rl/soo/game124.html
2022-Game 1-Blues-v-Maroons,2022,Game 1,Blues,Maroons,Maroons,Felise Kaufusi,0,0,0,0,8-Jun-2022,https://afltables.com/rl/soo/game124.html
2022-Game 1-Blues-v-Maroons,2022,Game 1,Blues,Maroons,Maroons,Kurt Capewell,0,0,0,0,8-Jun-2022,https://afltables.com/rl/soo/game124.html
2022-Game 1-Blues-v-Maroons,2022,Game 1,Blues,Maroons,Maroons,Josh Papalii,0,0,0,0,8-Jun-2022,https://afltables.com/rl/soo/game124.html
2022-Game 1-Blues-v-Maroons,2022,Game 1,Blues,Maroons,Maroons,Ben Hunt,0,0,0,0,8-Jun-2022,https://afltables.com/rl/soo/game124.html
2022-Game 1-Blues-v-Maroons,2022,Game 1,Blues,Maroons,Maroons,Tino Fa'asuamaleaui,0,0,0,0,8-Jun-2022,https://afltables.com/rl/soo/game124.html
2022-Game 1-Blues-v-Maroons,2022,Game 1,Blues,Maroons,Maroons,Harry Grant,0,0,0,0,8-Jun-2022,https://afltables.com/rl/soo/game124.html
2022-Game 1-Blues-v-Maroons,2022,Game 1,Blues,Maroons,Maroons,Lindsay Collins,0,0,0,0,8-Jun-2022,https://afltables.com/rl/soo/game124.html
2022-Game 1-Blues-v-Maroons,2022,Game 1,Blues,Maroons,Maroons,Patrick Carrigan,0,0,0,0,8-Jun-2022,https://afltables.com/rl/soo/game124.html
2022-Game 1-Blues-v-Maroons,2022,Game 1,Blues,Maroons,Maroons,Jeremiah Nanai,0,0,0,0,8-Jun-2022,https://afltables.com/rl/soo/game124.html
2022-Game 2-Blues-v-Maroons,2022,Game 2,Blues,Maroons,Blues,Brian To'o,1,0,0,0,26-Jun-2022,https://afltables.com/rl/soo/game125.html
2022-Game 2-Blues-v-Maroons,2022,Game 2,Blues,Maroons,Blues,Matt Burton,1,0,0,0,26-Jun-2022,https://afltables.com/rl/soo/game125.html
2022-Game 2-Blues-v-Maroons,2022,Game 2,Blues,Maroons,Blues,Stephen Crichton,0,0,0,0,26-Jun-2022,https://afltables.com/rl/soo/game125.html
2022-Game 2-Blues-v-Maroons,2022,Game 2,Blues,Maroons,Blues,Daniel Tupou,1,0,0,0,26-Jun-2022,https://afltables.com/rl/soo/game125.html
2022-Game 2-Blues-v-Maroons,2022,Game 2,Blues,Maroons,Blues,Jarome Luai,1,0,0,0,26-Jun-2022,https://afltables.com/rl/soo/game125.html
2022-Game 2-Blues-v-Maroons,2022,Game 2,Blues,Maroons,Blues,Nathan Cleary,2,8,0,0,26-Jun-2022,https://afltables.com/rl/soo/game125.html
2022-Game 2-Blues-v-Maroons,2022,Game 2,Blues,Maroons,Blues,Isaah Yeo,0,0,0,0,26-Jun-2022,https://afltables.com/rl/soo/game125.html
2022-Game 2-Blues-v-Maroons,2022,Game 2,Blues,Maroons,Blues,Liam Martin,0,0,0,0,26-Jun-2022,https://afltables.com/rl/soo/game125.html
2022-Game 2-Blues-v-Maroons,2022,Game 2,Blues,Maroons,Blues,Cameron Murray,0,0,0,0,26-Jun-2022,https://afltables.com/rl/soo/game125.html
2022-Game 2-Blues-v-Maroons,2022,Game 2,Blues,Maroons,Blues,Jake Trbojevic,0,0,0,0,26-Jun-2022,https://afltables.com/rl/soo/game125.html
2022-Game 2-Blues-v-Maroons,2022,Game 2,Blues,Maroons,Blues,Apisai Koroisau,0,0,0,0,26-Jun-2022,https://afltables.com/rl/soo/game125.html
2022-Game 2-Blues-v-Maroons,2022,Game 2,Blues,Maroons,Blues,Payne Haas,0,0,0,0,26-Jun-2022,https://afltables.com/rl/soo/game125.html
2022-Game 2-Blues-v-Maroons,2022,Game 2,Blues,Maroons,Blues,Damien Cook,0,0,0,0,26-Jun-2022,https://afltables.com/rl/soo/game125.html
2022-Game 2-Blues-v-Maroons,2022,Game 2,Blues,Maroons,Blues,Angus Crichton,1,0,0,0,26-Jun-2022,https://afltables.com/rl/soo/game125.html
2022-Game 2-Blues-v-Maroons,2022,Game 2,Blues,Maroons,Blues,Junior Paulo(P1),0,0,0,0,26-Jun-2022,https://afltables.com/rl/soo/game125.html
2022-Game 2-Blues-v-Maroons,2022,Game 2,Blues,Maroons,Blues,Siosifa Talakai,0,0,0,0,26-Jun-2022,https://afltables.com/rl/soo/game125.html
2022-Game 2-Blues-v-Maroons,2022,Game 2,Blues,Maroons,Maroons,Selwyn Cobbo,0,0,0,0,26-Jun-2022,https://afltables.com/rl/soo/game125.html
2022-Game 2-Blues-v-Maroons,2022,Game 2,Blues,Maroons,Maroons,Valentine Holmes,0,2,0,0,26-Jun-2022,https://afltables.com/rl/soo/game125.html
2022-Game 2-Blues-v-Maroons,2022,Game 2,Blues,Maroons,Maroons,Dane Gagai,0,0,0,0,26-Jun-2022,https://afltables.com/rl/soo/game125.html
2022-Game 2-Blues-v-Maroons,2022,Game 2,Blues,Maroons,Maroons,Murray Taulagi,0,0,0,0,26-Jun-2022,https://afltables.com/rl/soo/game125.html
2022-Game 2-Blues-v-Maroons,2022,Game 2,Blues,Maroons,Maroons,Cameron Munster,1,0,0,0,26-Jun-2022,https://afltables.com/rl/soo/game125.html
2022-Game 2-Blues-v-Maroons,2022,Game 2,Blues,Maroons,Maroons,Daly Cherry-Evans,0,0,0,0,26-Jun-2022,https://afltables.com/rl/soo/game125.html
2022-Game 2-Blues-v-Maroons,2022,Game 2,Blues,Maroons,Maroons,Tino Fa'asuamaleaui,0,0,0,0,26-Jun-2022,https://afltables.com/rl/soo/game125.html
2022-Game 2-Blues-v-Maroons,2022,Game 2,Blues,Maroons,Maroons,Felise Kaufusi,1,0,0,0,26-Jun-2022,https://afltables.com/rl/soo/game125.html
2022-Game 2-Blues-v-Maroons,2022,Game 2,Blues,Maroons,Maroons,Kurt Capewell,0,0,0,0,26-Jun-2022,https://afltables.com/rl/soo/game125.html
2022-Game 2-Blues-v-Maroons,2022,Game 2,Blues,Maroons,Maroons,Josh Papalii,0,0,0,0,26-Jun-2022,https://afltables.com/rl/soo/game125.html
2022-Game 2-Blues-v-Maroons,2022,Game 2,Blues,Maroons,Maroons,Ben Hunt,0,0,0,0,26-Jun-2022,https://afltables.com/rl/soo/game125.html
2022-Game 2-Blues-v-Maroons,2022,Game 2,Blues,Maroons,Maroons,Lindsay Collins,0,0,0,0,26-Jun-2022,https://afltables.com/rl/soo/game125.html
2022-Game 2-Blues-v-Maroons,2022,Game 2,Blues,Maroons,Maroons,Harry Grant,0,0,0,0,26-Jun-2022,https://afltables.com/rl/soo/game125.html
2022-Game 2-Blues-v-Maroons,2022,Game 2,Blues,Maroons,Maroons,Jai Arrow,0,0,0,0,26-Jun-2022,https://afltables.com/rl/soo/game125.html
2022-Game 2-Blues-v-Maroons,2022,Game 2,Blues,Maroons,Maroons,Patrick Carrigan,0,0,0,0,26-Jun-2022,https://afltables.com/rl/soo/game125.html
2022-Game 2-Blues-v-Maroons,2022,Game 2,Blues,Maroons,Maroons,Jeremiah Nanai,0,0,0,0,26-Jun-2022,https://afltables.com/rl/soo/game125.html
2022-Game 3-Maroons-v-Blues,2022,Game 3,Maroons,Blues,Blues,Brian To'o,0,0,0,0,13-Jul-2022,https://afltables.com/rl/soo/game126.html
2022-Game 3-Maroons-v-Blues,2022,Game 3,Maroons,Blues,Blues,Matt Burton,0,0,0,0,13-Jul-2022,https://afltables.com/rl/soo/game126.html
2022-Game 3-Maroons-v-Blues,2022,Game 3,Maroons,Blues,Blues,Stephen Crichton,0,0,0,0,13-Jul-2022,https://afltables.com/rl/soo/game126.html
2022-Game 3-Maroons-v-Blues,2022,Game 3,Maroons,Blues,Blues,Daniel Tupou,0,0,0,0,13-Jul-2022,https://afltables.com/rl/soo/game126.html
2022-Game 3-Maroons-v-Blues,2022,Game 3,Maroons,Blues,Blues,Jarome Luai,1,0,0,0,13-Jul-2022,https://afltables.com/rl/soo/game126.html
2022-Game 3-Maroons-v-Blues,2022,Game 3,Maroons,Blues,Blues,Nathan Cleary,0,2,0,0,13-Jul-2022,https://afltables.com/rl/soo/game126.html
2022-Game 3-Maroons-v-Blues,2022,Game 3,Maroons,Blues,Blues,Isaah Yeo,0,0,0,0,13-Jul-2022,https://afltables.com/rl/soo/game126.html
2022-Game 3-Maroons-v-Blues,2022,Game 3,Maroons,Blues,Blues,Liam Martin,0,0,0,0,13-Jul-2022,https://afltables.com/rl/soo/game126.html
2022-Game 3-Maroons-v-Blues,2022,Game 3,Maroons,Blues,Blues,Cameron Murray,0,0,0,0,13-Jul-2022,https://afltables.com/rl/soo/game126.html
2022-Game 3-Maroons-v-Blues,2022,Game 3,Maroons,Blues,Blues,Jake Trbojevic,0,0,0,0,13-Jul-2022,https://afltables.com/rl/soo/game126.html
2022-Game 3-Maroons-v-Blues,2022,Game 3,Maroons,Blues,Blues,Apisai Koroisau,0,0,0,0,13-Jul-2022,https://afltables.com/rl/soo/game126.html
2022-Game 3-Maroons-v-Blues,2022,Game 3,Maroons,Blues,Blues,Jacob Saifiti,1,0,0,0,13-Jul-2022,https://afltables.com/rl/soo/game126.html
2022-Game 3-Maroons-v-Blues,2022,Game 3,Maroons,Blues,Blues,Angus Crichton,0,0,0,0,13-Jul-2022,https://afltables.com/rl/soo/game126.html
2022-Game 3-Maroons-v-Blues,2022,Game 3,Maroons,Blues,Blues,Damien Cook,0,0,0,0,13-Jul-2022,https://afltables.com/rl/soo/game126.html
2022-Game 3-Maroons-v-Blues,2022,Game 3,Maroons,Blues,Blues,Junior Paulo(P1),0,0,0,0,13-Jul-2022,https://afltables.com/rl/soo/game126.html
2022-Game 3-Maroons-v-Blues,2022,Game 3,Maroons,Blues,Blues,Siosifa Talakai,0,0,0,0,13-Jul-2022,https://afltables.com/rl/soo/game126.html
2022-Game 3-Maroons-v-Blues,2022,Game 3,Maroons,Blues,Maroons,Selwyn Cobbo,0,0,0,0,13-Jul-2022,https://afltables.com/rl/soo/game126.html
2022-Game 3-Maroons-v-Blues,2022,Game 3,Maroons,Blues,Maroons,Valentine Holmes,1,3,0,0,13-Jul-2022,https://afltables.com/rl/soo/game126.html
2022-Game 3-Maroons-v-Blues,2022,Game 3,Maroons,Blues,Maroons,Dane Gagai,0,0,0,0,13-Jul-2022,https://afltables.com/rl/soo/game126.html
2022-Game 3-Maroons-v-Blues,2022,Game 3,Maroons,Blues,Maroons,Corey Oates,0,0,0,0,13-Jul-2022,https://afltables.com/rl/soo/game126.html
2022-Game 3-Maroons-v-Blues,2022,Game 3,Maroons,Blues,Maroons,Tom Dearden,0,0,0,0,13-Jul-2022,https://afltables.com/rl/soo/game126.html
2022-Game 3-Maroons-v-Blues,2022,Game 3,Maroons,Blues,Maroons,Daly Cherry-Evans,0,0,0,0,13-Jul-2022,https://afltables.com/rl/soo/game126.html
2022-Game 3-Maroons-v-Blues,2022,Game 3,Maroons,Blues,Maroons,Tino Fa'asuamaleaui,0,0,0,0,13-Jul-2022,https://afltables.com/rl/soo/game126.html
2022-Game 3-Maroons-v-Blues,2022,Game 3,Maroons,Blues,Maroons,Jeremiah Nanai,0,0,0,0,13-Jul-2022,https://afltables.com/rl/soo/game126.html
2022-Game 3-Maroons-v-Blues,2022,Game 3,Maroons,Blues,Maroons,Kurt Capewell,1,0,0,0,13-Jul-2022,https://afltables.com/rl/soo/game126.html
2022-Game 3-Maroons-v-Blues,2022,Game 3,Maroons,Blues,Maroons,Josh Papalii,0,0,0,0,13-Jul-2022,https://afltables.com/rl/soo/game126.html
2022-Game 3-Maroons-v-Blues,2022,Game 3,Maroons,Blues,Maroons,Ben Hunt,1,0,0,0,13-Jul-2022,https://afltables.com/rl/soo/game126.html
2022-Game 3-Maroons-v-Blues,2022,Game 3,Maroons,Blues,Maroons,Lindsay Collins,0,0,0,0,13-Jul-2022,https://afltables.com/rl/soo/game126.html
2022-Game 3-Maroons-v-Blues,2022,Game 3,Maroons,Blues,Maroons,Harry Grant,0,0,0,0,13-Jul-2022,https://afltables.com/rl/soo/game126.html
2022-Game 3-Maroons-v-Blues,2022,Game 3,Maroons,Blues,Maroons,Jai Arrow,0,0,0,0,13-Jul-2022,https://afltables.com/rl/soo/game126.html
2022-Game 3-Maroons-v-Blues,2022,Game 3,Maroons,Blues,Maroons,Patrick Carrigan,0,0,0,0,13-Jul-2022,https://afltables.com/rl/soo/game126.html
2022-Game 3-Maroons-v-Blues,2022,Game 3,Maroons,Blues,Maroons,Tom Gilbert,0,0,0,0,13-Jul-2022,https://afltables.com/rl/soo/game126.html
2023-Game 1-Maroons-v-Blues,2023,Game 1,Maroons,Blues,Blues,Brian To'o,0,0,0,0,31-May-2023,https://afltables.com/rl/soo/game127.html
2023-Game 1-Maroons-v-Blues,2023,Game 1,Maroons,Blues,Blues,Stephen Crichton,1,0,0,0,31-May-2023,https://afltables.com/rl/soo/game127.html
2023-Game 1-Maroons-v-Blues,2023,Game 1,Maroons,Blues,Blues,Tom Trbojevic,0,0,0,0,31-May-2023,https://afltables.com/rl/soo/game127.html
2023-Game 1-Maroons-v-Blues,2023,Game 1,Maroons,Blues,Blues,Josh Addo-Carr,0,0,0,0,31-May-2023,https://afltables.com/rl/soo/game127.html
2023-Game 1-Maroons-v-Blues,2023,Game 1,Maroons,Blues,Blues,Jarome Luai,0,0,0,0,31-May-2023,https://afltables.com/rl/soo/game127.html
2023-Game 1-Maroons-v-Blues,2023,Game 1,Maroons,Blues,Blues,Nathan Cleary,0,3,0,0,31-May-2023,https://afltables.com/rl/soo/game127.html
2023-Game 1-Maroons-v-Blues,2023,Game 1,Maroons,Blues,Blues,Isaah Yeo,0,0,0,0,31-May-2023,https://afltables.com/rl/soo/game127.html
2023-Game 1-Maroons-v-Blues,2023,Game 1,Maroons,Blues,Blues,Hudson Young,0,0,0,0,31-May-2023,https://afltables.com/rl/soo/game127.html
2023-Game 1-Maroons-v-Blues,2023,Game 1,Maroons,Blues,Blues,Tyson Frizell,0,0,0,0,31-May-2023,https://afltables.com/rl/soo/game127.html
2023-Game 1-Maroons-v-Blues,2023,Game 1,Maroons,Blues,Blues,Payne Haas,0,0,0,0,31-May-2023,https://afltables.com/rl/soo/game127.html
2023-Game 1-Maroons-v-Blues,2023,Game 1,Maroons,Blues,Blues,Apisai Koroisau,1,0,0,0,31-May-2023,https://afltables.com/rl/soo/game127.html
2023-Game 1-Maroons-v-Blues,2023,Game 1,Maroons,Blues,Blues,Tevita Pangai,0,0,0,0,31-May-2023,https://afltables.com/rl/soo/game127.html
2023-Game 1-Maroons-v-Blues,2023,Game 1,Maroons,Blues,Blues,Junior Paulo(P1),0,0,0,0,31-May-2023,https://afltables.com/rl/soo/game127.html
2023-Game 1-Maroons-v-Blues,2023,Game 1,Maroons,Blues,Blues,Cameron Murray,0,0,0,0,31-May-2023,https://afltables.com/rl/soo/game127.html
2023-Game 1-Maroons-v-Blues,2023,Game 1,Maroons,Blues,Blues,Liam Martin,1,0,0,0,31-May-2023,https://afltables.com/rl/soo/game127.html
2023-Game 1-Maroons-v-Blues,2023,Game 1,Maroons,Blues,Blues,Nicho Hynes,0,0,0,0,31-May-2023,https://afltables.com/rl/soo/game127.html
2023-Game 1-Maroons-v-Blues,2023,Game 1,Maroons,Blues,Maroons,Selwyn Cobbo,2,0,0,0,31-May-2023,https://afltables.com/rl/soo/game127.html
2023-Game 1-Maroons-v-Blues,2023,Game 1,Maroons,Blues,Maroons,Valentine Holmes,0,3,0,0,31-May-2023,https://afltables.com/rl/soo/game127.html
2023-Game 1-Maroons-v-Blues,2023,Game 1,Maroons,Blues,Maroons,Hamiso Tabuai-Fidow,2,0,0,0,31-May-2023,https://afltables.com/rl/soo/game127.html
2023-Game 1-Maroons-v-Blues,2023,Game 1,Maroons,Blues,Maroons,Murray Taulagi,0,0,0,0,31-May-2023,https://afltables.com/rl/soo/game127.html
2023-Game 1-Maroons-v-Blues,2023,Game 1,Maroons,Blues,Maroons,Cameron Munster,1,0,0,0,31-May-2023,https://afltables.com/rl/soo/game127.html
2023-Game 1-Maroons-v-Blues,2023,Game 1,Maroons,Blues,Maroons,Daly Cherry-Evans,0,0,0,0,31-May-2023,https://afltables.com/rl/soo/game127.html
2023-Game 1-Maroons-v-Blues,2023,Game 1,Maroons,Blues,Maroons,Patrick Carrigan,0,0,0,0,31-May-2023,https://afltables.com/rl/soo/game127.html
2023-Game 1-Maroons-v-Blues,2023,Game 1,Maroons,Blues,Maroons,Tom Gilbert,0,0,0,0,31-May-2023,https://afltables.com/rl/soo/game127.html
2023-Game 1-Maroons-v-Blues,2023,Game 1,Maroons,Blues,Maroons,David Fifita,0,0,0,0,31-May-2023,https://afltables.com/rl/soo/game127.html
2023-Game 1-Maroons-v-Blues,2023,Game 1,Maroons,Blues,Maroons,Lindsay Collins,0,0,0,0,31-May-2023,https://afltables.com/rl/soo/game127.html
2023-Game 1-Maroons-v-Blues,2023,Game 1,Maroons,Blues,Maroons,Ben Hunt,0,0,0,0,31-May-2023,https://afltables.com/rl/soo/game127.html
2023-Game 1-Maroons-v-Blues,2023,Game 1,Maroons,Blues,Maroons,Thomas Flegler,0,0,0,0,31-May-2023,https://afltables.com/rl/soo/game127.html
2023-Game 1-Maroons-v-Blues,2023,Game 1,Maroons,Blues,Maroons,Harry Grant,0,0,0,0,31-May-2023,https://afltables.com/rl/soo/game127.html
2023-Game 1-Maroons-v-Blues,2023,Game 1,Maroons,Blues,Maroons,Tino Fa'asuamaleaui,0,0,0,0,31-May-2023,https://afltables.com/rl/soo/game127.html
2023-Game 1-Maroons-v-Blues,2023,Game 1,Maroons,Blues,Maroons,Reuben Cotter,0,0,0,0,31-May-2023,https://afltables.com/rl/soo/game127.html
2023-Game 1-Maroons-v-Blues,2023,Game 1,Maroons,Blues,Maroons,Jai Arrow,0,0,0,0,31-May-2023,https://afltables.com/rl/soo/game127.html
2023-Game 2-Maroons-v-Blues,2023,Game 2,Maroons,Blues,Blues,Brian To'o,0,0,0,0,21-Jun-2023,https://afltables.com/rl/soo/game128.html
2023-Game 2-Maroons-v-Blues,2023,Game 2,Maroons,Blues,Blues,Stephen Crichton,0,1,0,0,21-Jun-2023,https://afltables.com/rl/soo/game128.html
2023-Game 2-Maroons-v-Blues,2023,Game 2,Maroons,Blues,Blues,Tom Trbojevic,0,0,0,0,21-Jun-2023,https://afltables.com/rl/soo/game128.html
2023-Game 2-Maroons-v-Blues,2023,Game 2,Maroons,Blues,Blues,Josh Addo-Carr,0,0,0,0,21-Jun-2023,https://afltables.com/rl/soo/game128.html
2023-Game 2-Maroons-v-Blues,2023,Game 2,Maroons,Blues,Blues,Jarome Luai,0,0,0,0,21-Jun-2023,https://afltables.com/rl/soo/game128.html
2023-Game 2-Maroons-v-Blues,2023,Game 2,Maroons,Blues,Blues,Mitchell Moses,0,0,0,0,21-Jun-2023,https://afltables.com/rl/soo/game128.html
2023-Game 2-Maroons-v-Blues,2023,Game 2,Maroons,Blues,Blues,Isaah Yeo,0,0,0,0,21-Jun-2023,https://afltables.com/rl/soo/game128.html
2023-Game 2-Maroons-v-Blues,2023,Game 2,Maroons,Blues,Blues,Hudson Young,0,0,0,0,21-Jun-2023,https://afltables.com/rl/soo/game128.html
2023-Game 2-Maroons-v-Blues,2023,Game 2,Maroons,Blues,Blues,Tyson Frizell,0,0,0,0,21-Jun-2023,https://afltables.com/rl/soo/game128.html
2023-Game 2-Maroons-v-Blues,2023,Game 2,Maroons,Blues,Blues,Payne Haas,0,0,0,0,21-Jun-2023,https://afltables.com/rl/soo/game128.html
2023-Game 2-Maroons-v-Blues,2023,Game 2,Maroons,Blues,Blues,Damien Cook,1,0,0,0,21-Jun-2023,https://afltables.com/rl/soo/game128.html
2023-Game 2-Maroons-v-Blues,2023,Game 2,Maroons,Blues,Blues,Junior Paulo(P1),0,0,0,0,21-Jun-2023,https://afltables.com/rl/soo/game128.html
2023-Game 2-Maroons-v-Blues,2023,Game 2,Maroons,Blues,Blues,Stefano Utoikamanu,0,0,0,0,21-Jun-2023,https://afltables.com/rl/soo/game128.html
2023-Game 2-Maroons-v-Blues,2023,Game 2,Maroons,Blues,Blues,Cameron Murray,0,0,0,0,21-Jun-2023,https://afltables.com/rl/soo/game128.html
2023-Game 2-Maroons-v-Blues,2023,Game 2,Maroons,Blues,Blues,Liam Martin,0,0,0,0,21-Jun-2023,https://afltables.com/rl/soo/game128.html
2023-Game 2-Maroons-v-Blues,2023,Game 2,Maroons,Blues,Blues,Reece Robson,0,0,0,0,21-Jun-2023,https://afltables.com/rl/soo/game128.html
2023-Game 2-Maroons-v-Blues,2023,Game 2,Maroons,Blues,Maroons,Xavier Coates,1,0,0,0,21-Jun-2023,https://afltables.com/rl/soo/game128.html
2023-Game 2-Maroons-v-Blues,2023,Game 2,Maroons,Blues,Maroons,Valentine Holmes,2,4,0,0,21-Jun-2023,https://afltables.com/rl/soo/game128.html
2023-Game 2-Maroons-v-Blues,2023,Game 2,Maroons,Blues,Maroons,Hamiso Tabuai-Fidow,1,0,0,0,21-Jun-2023,https://afltables.com/rl/soo/game128.html
2023-Game 2-Maroons-v-Blues,2023,Game 2,Maroons,Blues,Maroons,Murray Taulagi,1,0,0,0,21-Jun-2023,https://afltables.com/rl/soo/game128.html
2023-Game 2-Maroons-v-Blues,2023,Game 2,Maroons,Blues,Maroons,Cameron Munster,0,0,0,0,21-Jun-2023,https://afltables.com/rl/soo/game128.html
2023-Game 2-Maroons-v-Blues,2023,Game 2,Maroons,Blues,Maroons,Daly Cherry-Evans,0,0,0,0,21-Jun-2023,https://afltables.com/rl/soo/game128.html
2023-Game 2-Maroons-v-Blues,2023,Game 2,Maroons,Blues,Maroons,Patrick Carrigan,0,0,0,0,21-Jun-2023,https://afltables.com/rl/soo/game128.html
2023-Game 2-Maroons-v-Blues,2023,Game 2,Maroons,Blues,Maroons,Jeremiah Nanai,1,0,0,0,21-Jun-2023,https://afltables.com/rl/soo/game128.html
2023-Game 2-Maroons-v-Blues,2023,Game 2,Maroons,Blues,Maroons,David Fifita,0,0,0,0,21-Jun-2023,https://afltables.com/rl/soo/game128.html
2023-Game 2-Maroons-v-Blues,2023,Game 2,Maroons,Blues,Maroons,Tino Fa'asuamaleaui,0,0,0,0,21-Jun-2023,https://afltables.com/rl/soo/game128.html
2023-Game 2-Maroons-v-Blues,2023,Game 2,Maroons,Blues,Maroons,Ben Hunt,0,0,0,0,21-Jun-2023,https://afltables.com/rl/soo/game128.html
2023-Game 2-Maroons-v-Blues,2023,Game 2,Maroons,Blues,Maroons,Lindsay Collins,0,0,0,0,21-Jun-2023,https://afltables.com/rl/soo/game128.html
2023-Game 2-Maroons-v-Blues,2023,Game 2,Maroons,Blues,Maroons,Harry Grant,0,0,0,0,21-Jun-2023,https://afltables.com/rl/soo/game128.html
2023-Game 2-Maroons-v-Blues,2023,Game 2,Maroons,Blues,Maroons,Thomas Flegler,0,0,0,0,21-Jun-2023,https://afltables.com/rl/soo/game128.html
2023-Game 2-Maroons-v-Blues,2023,Game 2,Maroons,Blues,Maroons,Reuben Cotter,0,0,0,0,21-Jun-2023,https://afltables.com/rl/soo/game128.html
2023-Game 2-Maroons-v-Blues,2023,Game 2,Maroons,Blues,Maroons,Moeaki Fotuaika,0,0,0,0,21-Jun-2023,https://afltables.com/rl/soo/game128.html
2023-Game 3-Blues-v-Maroons,2023,Game 3,Blues,Maroons,Blues,Brian To'o,1,0,0,0,12-Jul-2023,https://afltables.com/rl/soo/game129.html
2023-Game 3-Blues-v-Maroons,2023,Game 3,Blues,Maroons,Blues,Stephen Crichton,0,4,0,0,12-Jul-2023,https://afltables.com/rl/soo/game129.html
2023-Game 3-Blues-v-Maroons,2023,Game 3,Blues,Maroons,Blues,Bradman Best,2,0,0,0,12-Jul-2023,https://afltables.com/rl/soo/game129.html
2023-Game 3-Blues-v-Maroons,2023,Game 3,Blues,Maroons,Blues,Josh Addo-Carr,1,0,0,0,12-Jul-2023,https://afltables.com/rl/soo/game129.html
2023-Game 3-Blues-v-Maroons,2023,Game 3,Blues,Maroons,Blues,Cody Walker,0,0,0,0,12-Jul-2023,https://afltables.com/rl/soo/game129.html
2023-Game 3-Blues-v-Maroons,2023,Game 3,Blues,Maroons,Blues,Mitchell Moses,0,0,0,0,12-Jul-2023,https://afltables.com/rl/soo/game129.html
2023-Game 3-Blues-v-Maroons,2023,Game 3,Blues,Maroons,Blues,Cameron Murray,0,0,0,0,12-Jul-2023,https://afltables.com/rl/soo/game129.html
2023-Game 3-Blues-v-Maroons,2023,Game 3,Blues,Maroons,Blues,Keaon Koloamatangi,0,0,0,0,12-Jul-2023,https://afltables.com/rl/soo/game129.html
2023-Game 3-Blues-v-Maroons,2023,Game 3,Blues,Maroons,Blues,Liam Martin,0,0,0,0,12-Jul-2023,https://afltables.com/rl/soo/game129.html
2023-Game 3-Blues-v-Maroons,2023,Game 3,Blues,Maroons,Blues,Reagan Campbell-Gillard,0,0,0,0,12-Jul-2023,https://afltables.com/rl/soo/game129.html
2023-Game 3-Blues-v-Maroons,2023,Game 3,Blues,Maroons,Blues,Damien Cook,0,0,0,0,12-Jul-2023,https://afltables.com/rl/soo/game129.html
2023-Game 3-Blues-v-Maroons,2023,Game 3,Blues,Maroons,Blues,Jake Trbojevic,0,0,0,0,12-Jul-2023,https://afltables.com/rl/soo/game129.html
2023-Game 3-Blues-v-Maroons,2023,Game 3,Blues,Maroons,Blues,Isaah Yeo,0,0,0,0,12-Jul-2023,https://afltables.com/rl/soo/game129.html
2023-Game 3-Blues-v-Maroons,2023,Game 3,Blues,Maroons,Blues,Jacob Saifiti,0,0,0,0,12-Jul-2023,https://afltables.com/rl/soo/game129.html
2023-Game 3-Blues-v-Maroons,2023,Game 3,Blues,Maroons,Blues,Reece Robson,0,0,0,0,12-Jul-2023,https://afltables.com/rl/soo/game129.html
2023-Game 3-Blues-v-Maroons,2023,Game 3,Blues,Maroons,Blues,Clint Gutherson,0,0,0,0,12-Jul-2023,https://afltables.com/rl/soo/game129.html
2023-Game 3-Blues-v-Maroons,2023,Game 3,Blues,Maroons,Maroons,Xavier Coates,0,0,0,0,12-Jul-2023,https://afltables.com/rl/soo/game129.html
2023-Game 3-Blues-v-Maroons,2023,Game 3,Blues,Maroons,Maroons,Valentine Holmes,0,1,0,0,12-Jul-2023,https://afltables.com/rl/soo/game129.html
2023-Game 3-Blues-v-Maroons,2023,Game 3,Blues,Maroons,Maroons,Hamiso Tabuai-Fidow,1,0,0,0,12-Jul-2023,https://afltables.com/rl/soo/game129.html
2023-Game 3-Blues-v-Maroons,2023,Game 3,Blues,Maroons,Maroons,Murray Taulagi,0,0,0,0,12-Jul-2023,https://afltables.com/rl/soo/game129.html
2023-Game 3-Blues-v-Maroons,2023,Game 3,Blues,Maroons,Maroons,Cameron Munster,0,0,0,0,12-Jul-2023,https://afltables.com/rl/soo/game129.html
2023-Game 3-Blues-v-Maroons,2023,Game 3,Blues,Maroons,Maroons,Daly Cherry-Evans,0,0,0,0,12-Jul-2023,https://afltables.com/rl/soo/game129.html
2023-Game 3-Blues-v-Maroons,2023,Game 3,Blues,Maroons,Maroons,Patrick Carrigan,0,0,0,0,12-Jul-2023,https://afltables.com/rl/soo/game129.html
2023-Game 3-Blues-v-Maroons,2023,Game 3,Blues,Maroons,Maroons,Jeremiah Nanai,0,0,0,0,12-Jul-2023,https://afltables.com/rl/soo/game129.html
2023-Game 3-Blues-v-Maroons,2023,Game 3,Blues,Maroons,Maroons,David Fifita,1,0,0,0,12-Jul-2023,https://afltables.com/rl/soo/game129.html
2023-Game 3-Blues-v-Maroons,2023,Game 3,Blues,Maroons,Maroons,Tino Fa'asuamaleaui,0,0,0,0,12-Jul-2023,https://afltables.com/rl/soo/game129.html
2023-Game 3-Blues-v-Maroons,2023,Game 3,Blues,Maroons,Maroons,Harry Grant,0,0,0,0,12-Jul-2023,https://afltables.com/rl/soo/game129.html
2023-Game 3-Blues-v-Maroons,2023,Game 3,Blues,Maroons,Maroons,Reuben Cotter,0,0,0,0,12-Jul-2023,https://afltables.com/rl/soo/game129.html
2023-Game 3-Blues-v-Maroons,2023,Game 3,Blues,Maroons,Maroons,Ben Hunt,0,0,0,0,12-Jul-2023,https://afltables.com/rl/soo/game129.html
2023-Game 3-Blues-v-Maroons,2023,Game 3,Blues,Maroons,Maroons,Lindsay Collins,0,0,0,0,12-Jul-2023,https://afltables.com/rl/soo/game129.html
2023-Game 3-Blues-v-Maroons,2023,Game 3,Blues,Maroons,Maroons,Moeaki Fotuaika,0,0,0,0,12-Jul-2023,https://afltables.com/rl/soo/game129.html
2023-Game 3-Blues-v-Maroons,2023,Game 3,Blues,Maroons,Maroons,Corey Horsburgh,0,0,0,0,12-Jul-2023,https://afltables.com/rl/soo/game129.html
2024-Game 1-Blues-v-Maroons,2024,Game 1,Blues,Maroons,Blues,Brian To'o,0,0,0,0,5-Jun-2024,https://afltables.com/rl/soo/game130.html
2024-Game 1-Blues-v-Maroons,2024,Game 1,Blues,Maroons,Blues,Stephen Crichton,0,0,0,0,5-Jun-2024,https://afltables.com/rl/soo/game130.html
2024-Game 1-Blues-v-Maroons,2024,Game 1,Blues,Maroons,Blues,Joseph Suaalii,0,0,0,0,5-Jun-2024,https://afltables.com/rl/soo/game130.html
2024-Game 1-Blues-v-Maroons,2024,Game 1,Blues,Maroons,Blues,Zac Lomax,1,0,0,0,5-Jun-2024,https://afltables.com/rl/soo/game130.html
2024-Game 1-Blues-v-Maroons,2024,Game 1,Blues,Maroons,Blues,Jarome Luai,0,0,0,0,5-Jun-2024,https://afltables.com/rl/soo/game130.html
2024-Game 1-Blues-v-Maroons,2024,Game 1,Blues,Maroons,Blues,Nicho Hynes,0,1,0,0,5-Jun-2024,https://afltables.com/rl/soo/game130.html
2024-Game 1-Blues-v-Maroons,2024,Game 1,Blues,Maroons,Blues,Jake Trbojevic,0,0,0,0,5-Jun-2024,https://afltables.com/rl/soo/game130.html
2024-Game 1-Blues-v-Maroons,2024,Game 1,Blues,Maroons,Blues,Reece Robson,0,0,0,0,5-Jun-2024,https://afltables.com/rl/soo/game130.html
2024-Game 1-Blues-v-Maroons,2024,Game 1,Blues,Maroons,Blues,Payne Haas,0,0,0,0,5-Jun-2024,https://afltables.com/rl/soo/game130.html
2024-Game 1-Blues-v-Maroons,2024,Game 1,Blues,Maroons,Blues,Liam Martin,0,0,0,0,5-Jun-2024,https://afltables.com/rl/soo/game130.html
2024-Game 1-Blues-v-Maroons,2024,Game 1,Blues,Maroons,Blues,Angus Crichton,0,0,0,0,5-Jun-2024,https://afltables.com/rl/soo/game130.html
2024-Game 1-Blues-v-Maroons,2024,Game 1,Blues,Maroons,Blues,Cameron McInnes,0,0,0,0,5-Jun-2024,https://afltables.com/rl/soo/game130.html
2024-Game 1-Blues-v-Maroons,2024,Game 1,Blues,Maroons,Blues,Isaah Yeo,0,0,0,0,5-Jun-2024,https://afltables.com/rl/soo/game130.html
2024-Game 1-Blues-v-Maroons,2024,Game 1,Blues,Maroons,Blues,Haumole Olakau'atu,0,0,0,0,5-Jun-2024,https://afltables.com/rl/soo/game130.html
2024-Game 1-Blues-v-Maroons,2024,Game 1,Blues,Maroons,Blues,Spencer Leniu,0,0,0,0,5-Jun-2024,https://afltables.com/rl/soo/game130.html
2024-Game 1-Blues-v-Maroons,2024,Game 1,Blues,Maroons,Blues,Hudson Young,0,0,0,0,5-Jun-2024,https://afltables.com/rl/soo/game130.html
2024-Game 1-Blues-v-Maroons,2024,Game 1,Blues,Maroons,Maroons,Xavier Coates,1,0,0,0,5-Jun-2024,https://afltables.com/rl/soo/game130.html
2024-Game 1-Blues-v-Maroons,2024,Game 1,Blues,Maroons,Maroons,Valentine Holmes,0,7,0,0,5-Jun-2024,https://afltables.com/rl/soo/game130.html
2024-Game 1-Blues-v-Maroons,2024,Game 1,Blues,Maroons,Maroons,Hamiso Tabuai-Fidow,3,0,0,0,5-Jun-2024,https://afltables.com/rl/soo/game130.html
2024-Game 1-Blues-v-Maroons,2024,Game 1,Blues,Maroons,Maroons,Murray Taulagi,0,0,0,0,5-Jun-2024,https://afltables.com/rl/soo/game130.html
2024-Game 1-Blues-v-Maroons,2024,Game 1,Blues,Maroons,Maroons,Tom Dearden,0,0,0,0,5-Jun-2024,https://afltables.com/rl/soo/game130.html
2024-Game 1-Blues-v-Maroons,2024,Game 1,Blues,Maroons,Maroons,Daly Cherry-Evans,0,0,0,0,5-Jun-2024,https://afltables.com/rl/soo/game130.html
2024-Game 1-Blues-v-Maroons,2024,Game 1,Blues,Maroons,Maroons,Reuben Cotter,0,0,0,0,5-Jun-2024,https://afltables.com/rl/soo/game130.html
2024-Game 1-Blues-v-Maroons,2024,Game 1,Blues,Maroons,Maroons,Ben Hunt,2,0,0,0,5-Jun-2024,https://afltables.com/rl/soo/game130.html
2024-Game 1-Blues-v-Maroons,2024,Game 1,Blues,Maroons,Maroons,Lindsay Collins,0,0,0,0,5-Jun-2024,https://afltables.com/rl/soo/game130.html
2024-Game 1-Blues-v-Maroons,2024,Game 1,Blues,Maroons,Maroons,Jaydn Su'A,0,0,0,0,5-Jun-2024,https://afltables.com/rl/soo/game130.html
2024-Game 1-Blues-v-Maroons,2024,Game 1,Blues,Maroons,Maroons,Jeremiah Nanai,0,0,0,0,5-Jun-2024,https://afltables.com/rl/soo/game130.html
2024-Game 1-Blues-v-Maroons,2024,Game 1,Blues,Maroons,Maroons,Patrick Carrigan,0,0,0,0,5-Jun-2024,https://afltables.com/rl/soo/game130.html
2024-Game 1-Blues-v-Maroons,2024,Game 1,Blues,Maroons,Maroons,Harry Grant,0,0,0,0,5-Jun-2024,https://afltables.com/rl/soo/game130.html
2024-Game 1-Blues-v-Maroons,2024,Game 1,Blues,Maroons,Maroons,Moeaki Fotuaika,0,0,0,0,5-Jun-2024,https://afltables.com/rl/soo/game130.html
2024-Game 1-Blues-v-Maroons,2024,Game 1,Blues,Maroons,Maroons,J'maine Hopgood,0,0,0,0,5-Jun-2024,https://afltables.com/rl/soo/game130.html
2024-Game 1-Blues-v-Maroons,2024,Game 1,Blues,Maroons,Maroons,Selwyn Cobbo,0,0,0,0,5-Jun-2024,https://afltables.com/rl/soo/game130.html
2024-Game 1-Blues-v-Maroons,2024,Game 1,Blues,Maroons,Maroons,Felise Kaufusi,0,0,0,0,5-Jun-2024,https://afltables.com/rl/soo/game130.html
2024-Game 2-Blues-v-Maroons,2024,Game 2,Blues,Maroons,Blues,Brian To'o,2,0,0,0,26-Jun-2024,https://afltables.com/rl/soo/game131.html
2024-Game 2-Blues-v-Maroons,2024,Game 2,Blues,Maroons,Blues,Latrell Mitchell,1,0,0,0,26-Jun-2024,https://afltables.com/rl/soo/game131.html
2024-Game 2-Blues-v-Maroons,2024,Game 2,Blues,Maroons,Blues,Stephen Crichton,0,0,0,0,26-Jun-2024,https://afltables.com/rl/soo/game131.html
2024-Game 2-Blues-v-Maroons,2024,Game 2,Blues,Maroons,Blues,Zac Lomax,2,5,0,0,26-Jun-2024,https://afltables.com/rl/soo/game131.html
2024-Game 2-Blues-v-Maroons,2024,Game 2,Blues,Maroons,Blues,Jarome Luai,0,0,0,0,26-Jun-2024,https://afltables.com/rl/soo/game131.html
2024-Game 2-Blues-v-Maroons,2024,Game 2,Blues,Maroons,Blues,Mitchell Moses,0,0,0,0,26-Jun-2024,https://afltables.com/rl/soo/game131.html
2024-Game 2-Blues-v-Maroons,2024,Game 2,Blues,Maroons,Blues,Jake Trbojevic,0,0,0,0,26-Jun-2024,https://afltables.com/rl/soo/game131.html
2024-Game 2-Blues-v-Maroons,2024,Game 2,Blues,Maroons,Blues,Reece Robson,0,0,0,0,26-Jun-2024,https://afltables.com/rl/soo/game131.html
2024-Game 2-Blues-v-Maroons,2024,Game 2,Blues,Maroons,Blues,Payne Haas,0,0,0,0,26-Jun-2024,https://afltables.com/rl/soo/game131.html
2024-Game 2-Blues-v-Maroons,2024,Game 2,Blues,Maroons,Blues,Liam Martin,1,0,0,0,26-Jun-2024,https://afltables.com/rl/soo/game131.html
2024-Game 2-Blues-v-Maroons,2024,Game 2,Blues,Maroons,Blues,Angus Crichton,0,0,0,0,26-Jun-2024,https://afltables.com/rl/soo/game131.html
2024-Game 2-Blues-v-Maroons,2024,Game 2,Blues,Maroons,Blues,Cameron Murray,0,0,0,0,26-Jun-2024,https://afltables.com/rl/soo/game131.html
2024-Game 2-Blues-v-Maroons,2024,Game 2,Blues,Maroons,Blues,Connor Watson,0,0,0,0,26-Jun-2024,https://afltables.com/rl/soo/game131.html
2024-Game 2-Blues-v-Maroons,2024,Game 2,Blues,Maroons,Blues,Isaah Yeo,0,0,0,0,26-Jun-2024,https://afltables.com/rl/soo/game131.html
2024-Game 2-Blues-v-Maroons,2024,Game 2,Blues,Maroons,Blues,Haumole Olakau'atu,0,0,0,0,26-Jun-2024,https://afltables.com/rl/soo/game131.html
2024-Game 2-Blues-v-Maroons,2024,Game 2,Blues,Maroons,Blues,Spencer Leniu,0,0,0,0,26-Jun-2024,https://afltables.com/rl/soo/game131.html
2024-Game 2-Blues-v-Maroons,2024,Game 2,Blues,Maroons,Maroons,Xavier Coates,0,0,0,0,26-Jun-2024,https://afltables.com/rl/soo/game131.html
2024-Game 2-Blues-v-Maroons,2024,Game 2,Blues,Maroons,Maroons,Valentine Holmes,0,3,0,0,26-Jun-2024,https://afltables.com/rl/soo/game131.html
2024-Game 2-Blues-v-Maroons,2024,Game 2,Blues,Maroons,Maroons,Hamiso Tabuai-Fidow,1,0,0,0,26-Jun-2024,https://afltables.com/rl/soo/game131.html
2024-Game 2-Blues-v-Maroons,2024,Game 2,Blues,Maroons,Maroons,Murray Taulagi,1,0,0,0,26-Jun-2024,https://afltables.com/rl/soo/game131.html
2024-Game 2-Blues-v-Maroons,2024,Game 2,Blues,Maroons,Maroons,Tom Dearden,0,0,0,0,26-Jun-2024,https://afltables.com/rl/soo/game131.html
2024-Game 2-Blues-v-Maroons,2024,Game 2,Blues,Maroons,Maroons,Daly Cherry-Evans,0,0,0,0,26-Jun-2024,https://afltables.com/rl/soo/game131.html
2024-Game 2-Blues-v-Maroons,2024,Game 2,Blues,Maroons,Maroons,Reuben Cotter,0,0,0,0,26-Jun-2024,https://afltables.com/rl/soo/game131.html
2024-Game 2-Blues-v-Maroons,2024,Game 2,Blues,Maroons,Maroons,Ben Hunt,0,0,0,0,26-Jun-2024,https://afltables.com/rl/soo/game131.html
2024-Game 2-Blues-v-Maroons,2024,Game 2,Blues,Maroons,Maroons,Lindsay Collins,0,0,0,0,26-Jun-2024,https://afltables.com/rl/soo/game131.html
2024-Game 2-Blues-v-Maroons,2024,Game 2,Blues,Maroons,Maroons,Jaydn Su'A,0,0,0,0,26-Jun-2024,https://afltables.com/rl/soo/game131.html
2024-Game 2-Blues-v-Maroons,2024,Game 2,Blues,Maroons,Maroons,Jeremiah Nanai,1,0,0,0,26-Jun-2024,https://afltables.com/rl/soo/game131.html
2024-Game 2-Blues-v-Maroons,2024,Game 2,Blues,Maroons,Maroons,Patrick Carrigan,0,0,0,0,26-Jun-2024,https://afltables.com/rl/soo/game131.html
2024-Game 2-Blues-v-Maroons,2024,Game 2,Blues,Maroons,Maroons,Harry Grant,0,0,0,0,26-Jun-2024,https://afltables.com/rl/soo/game131.html
2024-Game 2-Blues-v-Maroons,2024,Game 2,Blues,Maroons,Maroons,Moeaki Fotuaika,0,0,0,0,26-Jun-2024,https://afltables.com/rl/soo/game131.html
2024-Game 2-Blues-v-Maroons,2024,Game 2,Blues,Maroons,Maroons,Felise Kaufusi,0,0,0,0,26-Jun-2024,https://afltables.com/rl/soo/game131.html
2024-Game 2-Blues-v-Maroons,2024,Game 2,Blues,Maroons,Maroons,Kurt Capewell,0,0,0,0,26-Jun-2024,https://afltables.com/rl/soo/game131.html
2024-Game 3-Maroons-v-Blues,2024,Game 3,Maroons,Blues,Blues,Brian To'o,0,0,0,0,17-Jul-2024,https://afltables.com/rl/soo/game132.html
2024-Game 3-Maroons-v-Blues,2024,Game 3,Maroons,Blues,Blues,Bradman Best,1,0,0,0,17-Jul-2024,https://afltables.com/rl/soo/game132.html
2024-Game 3-Maroons-v-Blues,2024,Game 3,Maroons,Blues,Blues,Stephen Crichton,0,0,0,0,17-Jul-2024,https://afltables.com/rl/soo/game132.html
2024-Game 3-Maroons-v-Blues,2024,Game 3,Maroons,Blues,Blues,Zac Lomax,0,3,0,0,17-Jul-2024,https://afltables.com/rl/soo/game132.html
2024-Game 3-Maroons-v-Blues,2024,Game 3,Maroons,Blues,Blues,Jarome Luai,0,0,0,0,17-Jul-2024,https://afltables.com/rl/soo/game132.html
2024-Game 3-Maroons-v-Blues,2024,Game 3,Maroons,Blues,Blues,Mitchell Moses,1,0,0,0,17-Jul-2024,https://afltables.com/rl/soo/game132.html
2024-Game 3-Maroons-v-Blues,2024,Game 3,Maroons,Blues,Blues,Cameron Murray,0,0,0,0,17-Jul-2024,https://afltables.com/rl/soo/game132.html
2024-Game 3-Maroons-v-Blues,2024,Game 3,Maroons,Blues,Blues,Angus Crichton,0,0,0,0,17-Jul-2024,https://afltables.com/rl/soo/game132.html
2024-Game 3-Maroons-v-Blues,2024,Game 3,Maroons,Blues,Blues,Liam Martin,0,0,0,0,17-Jul-2024,https://afltables.com/rl/soo/game132.html
2024-Game 3-Maroons-v-Blues,2024,Game 3,Maroons,Blues,Blues,Payne Haas,0,0,0,0,17-Jul-2024,https://afltables.com/rl/soo/game132.html
2024-Game 3-Maroons-v-Blues,2024,Game 3,Maroons,Blues,Blues,Reece Robson,0,0,0,0,17-Jul-2024,https://afltables.com/rl/soo/game132.html
2024-Game 3-Maroons-v-Blues,2024,Game 3,Maroons,Blues,Blues,Jake Trbojevic,0,0,0,0,17-Jul-2024,https://afltables.com/rl/soo/game132.html
2024-Game 3-Maroons-v-Blues,2024,Game 3,Maroons,Blues,Blues,Connor Watson,0,0,0,0,17-Jul-2024,https://afltables.com/rl/soo/game132.html
2024-Game 3-Maroons-v-Blues,2024,Game 3,Maroons,Blues,Blues,Isaah Yeo,0,0,0,0,17-Jul-2024,https://afltables.com/rl/soo/game132.html
2024-Game 3-Maroons-v-Blues,2024,Game 3,Maroons,Blues,Blues,Mitchell Barnett,0,0,0,0,17-Jul-2024,https://afltables.com/rl/soo/game132.html
2024-Game 3-Maroons-v-Blues,2024,Game 3,Maroons,Blues,Blues,Spencer Leniu,0,0,0,0,17-Jul-2024,https://afltables.com/rl/soo/game132.html
2024-Game 3-Maroons-v-Blues,2024,Game 3,Maroons,Blues,Maroons,Selwyn Cobbo,0,0,0,0,17-Jul-2024,https://afltables.com/rl/soo/game132.html
2024-Game 3-Maroons-v-Blues,2024,Game 3,Maroons,Blues,Maroons,Dane Gagai,0,0,0,0,17-Jul-2024,https://afltables.com/rl/soo/game132.html
2024-Game 3-Maroons-v-Blues,2024,Game 3,Maroons,Blues,Maroons,Hamiso Tabuai-Fidow,0,0,0,0,17-Jul-2024,https://afltables.com/rl/soo/game132.html
2024-Game 3-Maroons-v-Blues,2024,Game 3,Maroons,Blues,Maroons,Valentine Holmes,0,2,0,0,17-Jul-2024,https://afltables.com/rl/soo/game132.html
2024-Game 3-Maroons-v-Blues,2024,Game 3,Maroons,Blues,Maroons,Tom Dearden,0,0,0,0,17-Jul-2024,https://afltables.com/rl/soo/game132.html
2024-Game 3-Maroons-v-Blues,2024,Game 3,Maroons,Blues,Maroons,Daly Cherry-Evans,0,0,0,0,17-Jul-2024,https://afltables.com/rl/soo/game132.html
2024-Game 3-Maroons-v-Blues,2024,Game 3,Maroons,Blues,Maroons,Patrick Carrigan,0,0,0,0,17-Jul-2024,https://afltables.com/rl/soo/game132.html
2024-Game 3-Maroons-v-Blues,2024,Game 3,Maroons,Blues,Maroons,Jeremiah Nanai,0,0,0,0,17-Jul-2024,https://afltables.com/rl/soo/game132.html
2024-Game 3-Maroons-v-Blues,2024,Game 3,Maroons,Blues,Maroons,Kurt Capewell,0,0,0,0,17-Jul-2024,https://afltables.com/rl/soo/game132.html
2024-Game 3-Maroons-v-Blues,2024,Game 3,Maroons,Blues,Maroons,Lindsay Collins,0,0,0,0,17-Jul-2024,https://afltables.com/rl/soo/game132.html
2024-Game 3-Maroons-v-Blues,2024,Game 3,Maroons,Blues,Maroons,Ben Hunt,0,0,0,0,17-Jul-2024,https://afltables.com/rl/soo/game132.html
2024-Game 3-Maroons-v-Blues,2024,Game 3,Maroons,Blues,Maroons,Reuben Cotter,0,0,0,0,17-Jul-2024,https://afltables.com/rl/soo/game132.html
2024-Game 3-Maroons-v-Blues,2024,Game 3,Maroons,Blues,Maroons,Moeaki Fotuaika,0,0,0,0,17-Jul-2024,https://afltables.com/rl/soo/game132.html
2024-Game 3-Maroons-v-Blues,2024,Game 3,Maroons,Blues,Maroons,Felise Kaufusi,0,0,0,0,17-Jul-2024,https://afltables.com/rl/soo/game132.html
2024-Game 3-Maroons-v-Blues,2024,Game 3,Maroons,Blues,Maroons,Kalyn Ponga,0,0,0,0,17-Jul-2024,https://afltables.com/rl/soo/game132.html
2024-Game 3-Maroons-v-Blues,2024,Game 3,Maroons,Blues,Maroons,Trent Loiero,0,0,0,0,17-Jul-2024,https://afltables.com/rl/soo/game132.html
