source,player_name,normalized_name,observed_names,first_season,last_season,seasons,teams,first_match_date,last_match_date,match_count,total_tries,total_goals,total_fg1,total_fg2,team_meaning
NRL player stats data,Aaron Booth,aaron booth,Aaron Booth,2020,2022,2020 | 2021 | 2022,Storm | Titans,2020-09-27T06:05:00Z,2022-08-05T08:00:00Z,14,0,0,0,0,Teams listed are inferred from match structure in player-stat JSON.
NRL player stats data,Aaron Cannings,aaron cannings,Aaron Cannings,2002,2010,2002 | 2003 | 2004 | 2005 | 2007 | 2008 | 2009 | 2010,Eagles | Eels | Sea Eagles | Titans,2002-06-29T00:00:00Z,2010-08-14T00:00:00Z,97,0,0,0,0,Teams listed are inferred from match structure in player-stat JSON.
NRL player stats data,Aaron Cotter,aaron cotter,Aaron Cotter,1998,1998,1998,Magpies,1998-07-05T00:00:00Z,1998-07-19T00:00:00Z,3,0,0,0,0,Teams listed are inferred from match structure in player-stat JSON.
NRL player stats data,Aaron Douglas,aaron douglas,Aaron Douglas,1998,1998,1998,Chargers,1998-03-21T00:00:00Z,1998-04-19T00:00:00Z,5,0,0,0,0,Teams listed are inferred from match structure in player-stat JSON.
NRL player stats data,Aaron Gorrell,aaron gorrell,Aaron Gorrell,2002,2009,2002 | 2005 | 2006 | 2009,Broncos | Dragons,2002-04-14T00:00:00Z,2009-07-24T00:00:00Z,60,0,0,0,0,Teams listed are inferred from match structure in player-stat JSON.
NRL player stats data,Aaron Grainger,aaron grainger,Aaron Grainger,1998,1998,1998,Knights,1998-06-28T00:00:00Z,1998-07-04T00:00:00Z,2,0,0,0,0,Teams listed are inferred from match structure in player-stat JSON.
NRL player stats data,Aaron Gray,aaron gray,Aaron Gray,2015,2019,2015 | 2016 | 2017 | 2018 | 2019,Rabbitohs | Sharks,2015-04-26T06:00:00Z,2019-09-14T09:50:00Z,49,0,0,0,0,Teams listed are inferred from match structure in player-stat JSON.
NRL player stats data,Aaron Groom,aaron groom,Aaron Groom,2008,2008,2008,Bulldogs,2008-05-16T00:00:00Z,2008-08-09T00:00:00Z,6,0,0,0,0,Teams listed are inferred from match structure in player-stat JSON.
NRL player stats data,Aaron Heremaia,aaron heremaia,Aaron Heremaia,2009,2011,2009 | 2010 | 2011,Warriors,2009-05-31T00:00:00Z,2011-10-02T17:19:59Z,60,0,0,0,0,Teams listed are inferred from match structure in player-stat JSON.
NRL player stats data,Aaron Morgan,aaron morgan,Aaron Morgan,2003,2003,2003,Cowboys,2003-06-21T00:00:00Z,2003-07-12T00:00:00Z,2,0,0,0,0,Teams listed are inferred from match structure in player-stat JSON.
NRL player stats data,Aaron Moule,aaron moule,Aaron Moule,1998,2003,1998 | 1999 | 2000 | 2001 | 2002 | 2003,Storm,1998-03-14T00:00:00Z,2003-04-12T00:00:00Z,104,0,0,0,0,Teams listed are inferred from match structure in player-stat JSON.
NRL player stats data,Aaron Payne,aaron payne,Aaron Payne,2002,2012,2002 | 2003 | 2004 | 2005 | 2006 | 2007 | 2008 | 2009 | 2010 | 2011 | 2012,Cowboys,2002-06-01T00:00:00Z,2012-09-08T00:00:00Z,219,0,0,0,0,Teams listed are inferred from match structure in player-stat JSON.
NRL player stats data,Aaron Pene,aaron pene,Aaron Pene,2020,2023,2020 | 2021 | 2022 | 2023,Storm | Warriors,2020-09-27T06:05:00Z,2023-08-31T09:50:00Z,34,0,0,0,0,Teams listed are inferred from match structure in player-stat JSON.
NRL player stats data,Aaron Raper,aaron raper,Aaron Raper,1998,1998,1998,Eels,1998-04-03T00:00:00Z,1998-09-20T00:00:00Z,14,0,0,0,0,Teams listed are inferred from match structure in player-stat JSON.
NRL player stats data,Aaron Schoupp,aaron schoupp,Aaron Schoupp,2021,2025,2021 | 2022 | 2023 | 2024 | 2025,Bulldogs | Sea Eagles | Titans,2021-04-18T06:05:00Z,2025-09-05T08:00:00Z,65,0,0,0,0,Teams listed are inferred from match structure in player-stat JSON.
NRL player stats data,Aaron Wheatley,aaron wheatley,Aaron Wheatley,2004,2007,2004 | 2007,Bulldogs | Dragons,2004-05-21T00:00:00Z,2007-07-14T00:00:00Z,7,0,0,0,0,Teams listed are inferred from match structure in player-stat JSON.
NRL player stats data,Aaron Whitchurch,aaron whitchurch,Aaron Whitchurch,2012,2015,2012 | 2013 | 2015,Broncos,2012-06-29T00:00:00Z,2015-05-25T09:00:00Z,5,0,0,0,0,Teams listed are inferred from match structure in player-stat JSON.
NRL player stats data,Aaron Whittaker,aaron whittaker,Aaron Whittaker,1998,1998,1998,Warriors,1998-04-26T00:00:00Z,1998-06-07T00:00:00Z,7,0,0,0,0,Teams listed are inferred from match structure in player-stat JSON.
NRL player stats data,Aaron Woods,aaron woods,Aaron Woods,2011,2024,2011 | 2012 | 2013 | 2014 | 2015 | 2016 | 2017 | 2018 | 2019 | 2020 | 2021 | 2022 | 2023 | 2024,Bulldogs | Dragons | Sea Eagles | Sharks | Wests Tigers,2011-03-14T00:00:00Z,2024-05-24T10:00:00Z,276,0,0,0,0,Teams listed are inferred from match structure in player-stat JSON.
NRL player stats data,Abbas Miski,abbas miski,Abbas Miski,2019,2020,2019 | 2020,Sea Eagles,2019-05-04T07:30:00Z,2020-09-27T04:00:00Z,6,0,0,0,0,Teams listed are inferred from match structure in player-stat JSON.
NRL player stats data,Abraham Papalii,abraham papalii,Abraham Papalii,2016,2016,2016,Roosters,2016-04-08T09:50:00Z,2016-06-11T09:30:00Z,2,0,0,0,0,Teams listed are inferred from match structure in player-stat JSON.
NRL player stats data,Adam Blair,adam blair,Adam Blair,2006,2020,2006 | 2007 | 2008 | 2009 | 2010 | 2011 | 2012 | 2013 | 2014 | 2015 | 2016 | 2017 | 2018 | 2019 | 2020,Broncos | Storm | Warriors | Wests Tigers,2006-04-02T00:00:00Z,2020-09-27T04:00:00Z,331,0,0,0,0,Teams listed are inferred from match structure in player-stat JSON.
NRL player stats data,Adam Brideson,adam brideson,Adam Brideson,2002,2007,2002 | 2003 | 2004 | 2005 | 2007,Bulldogs,2002-08-25T00:00:00Z,2007-07-02T00:00:00Z,22,0,0,0,0,Teams listed are inferred from match structure in player-stat JSON.
NRL player stats data,Adam Bristow,adam bristow,Adam Bristow,1998,1999,1998 | 1999,Magpies | Steelers,1998-05-09T00:00:00Z,1999-08-29T00:00:00Z,13,0,0,0,0,Teams listed are inferred from match structure in player-stat JSON.
NRL player stats data,Adam Brown,adam brown,Adam Brown,1999,1999,1999,Sea Eagles,1999-03-06T00:00:00Z,1999-07-31T00:00:00Z,16,0,0,0,0,Teams listed are inferred from match structure in player-stat JSON.
NRL player stats data,Adam Christensen,adam christensen,Adam Christensen,2026,2026,2026,Titans,2026-04-12T04:00:00Z,2026-06-14T06:05:00Z,4,0,0,0,0,Teams listed are inferred from match structure in player-stat JSON.
NRL player stats data,Adam Clune,adam clune,Adam Clune,2020,2023,2020 | 2021 | 2022 | 2023,Dragons | Knights,2020-06-08T06:05:00Z,2023-09-16T06:05:00Z,49,0,0,0,0,Teams listed are inferred from match structure in player-stat JSON.
NRL player stats data,Adam Clydsdale,adam clydsdale,Adam Clydsdale,2013,2017,2013 | 2014 | 2015 | 2016 | 2017,Knights | Raiders | Sharks,2013-05-12T04:00:00Z,2017-08-05T09:30:00Z,59,0,0,0,0,Teams listed are inferred from match structure in player-stat JSON.
NRL player stats data,Adam Connelly,adam connelly,Adam Connelly,1999,2001,1999 | 2000 | 2001,Cowboys,1999-05-01T00:00:00Z,2001-08-18T00:00:00Z,26,0,0,0,0,Teams listed are inferred from match structure in player-stat JSON.
NRL player stats data,Adam Cook,adam cook,Adam Cook,2020,2025,2020 | 2024 | 2025,Raiders,2020-09-26T07:30:00Z,2025-09-07T04:00:00Z,10,0,0,0,0,Teams listed are inferred from match structure in player-stat JSON.
NRL player stats data,Adam Cuthbertson,adam cuthbertson,Adam Cuthbertson,2006,2014,2006 | 2007 | 2008 | 2009 | 2010 | 2011 | 2012 | 2013 | 2014,Dragons | Knights | Sea Eagles | Sharks,2006-03-25T00:00:00Z,2014-09-07T04:00:00Z,137,0,0,0,0,Teams listed are inferred from match structure in player-stat JSON.
NRL player stats data,Adam Docker,adam docker,Adam Docker,2012,2015,2012 | 2013 | 2014 | 2015,Panthers,2012-08-19T00:00:00Z,2015-06-06T09:30:00Z,42,0,0,0,0,Teams listed are inferred from match structure in player-stat JSON.
NRL player stats data,Adam Donovan,adam donovan,Adam Donovan,1998,1999,1998 | 1999,Magpies,1998-03-15T00:00:00Z,1999-08-29T00:00:00Z,14,0,0,0,0,Teams listed are inferred from match structure in player-stat JSON.
NRL player stats data,Adam Doueihi,adam doueihi,Adam Doueihi,2018,2026,2018 | 2019 | 2020 | 2021 | 2022 | 2023 | 2024 | 2025 | 2026,Rabbitohs | Wests Tigers,2018-03-17T06:30:00Z,2026-05-03T06:05:00Z,126,0,0,0,0,Teams listed are inferred from match structure in player-stat JSON.
NRL player stats data,Adam Dykes,adam dykes,Adam Dykes,1998,2007,1998 | 1999 | 2000 | 2001 | 2002 | 2003 | 2004 | 2005 | 2006 | 2007,Eels | Sharks,1998-03-14T00:00:00Z,2007-08-18T00:00:00Z,178,0,0,0,0,Teams listed are inferred from match structure in player-stat JSON.
NRL player stats data,Adam Elliott,adam elliott,Adam Elliott,2016,2026,2016 | 2017 | 2018 | 2019 | 2020 | 2021 | 2022 | 2023 | 2024 | 2025 | 2026,Bulldogs | Knights | Rabbitohs | Raiders,2016-03-04T09:05:00Z,2026-05-24T06:05:00Z,179,0,0,0,0,Teams listed are inferred from match structure in player-stat JSON.
NRL player stats data,Adam Hayden,adam hayden,Adam Hayden,1998,2000,1998 | 1999 | 2000,Eagles | Roosters | Sea Eagles,1998-03-27T00:00:00Z,2000-06-03T00:00:00Z,21,0,0,0,0,Teams listed are inferred from match structure in player-stat JSON.
NRL player stats data,Adam Henry,adam henry,Adam Henry,2012,2012,2012,Roosters,2012-06-10T00:00:00Z,2012-08-11T00:00:00Z,4,0,0,0,0,Teams listed are inferred from match structure in player-stat JSON.
NRL player stats data,Adam Hutchison,adam hutchison,Adam Hutchison,1998,1998,1998,Chargers,1998-06-14T00:00:00Z,1998-06-27T00:00:00Z,2,0,0,0,0,Teams listed are inferred from match structure in player-stat JSON.
NRL player stats data,Adam Keighran,adam keighran,Adam Keighran,2019,2022,2019 | 2020 | 2021 | 2022,Roosters | Warriors,2019-03-16T04:00:00Z,2022-09-11T06:05:00Z,34,0,0,0,0,Teams listed are inferred from match structure in player-stat JSON.
NRL player stats data,Adam MacDougall,adam macdougall,Adam MacDougall,1998,2011,1998 | 1999 | 2000 | 2001 | 2002 | 2003 | 2004 | 2005 | 2006 | 2007 | 2008 | 2009 | 2010 | 2011,Knights | Rabbitohs,1998-03-28T00:00:00Z,2011-09-11T00:00:00Z,178,0,0,0,0,Teams listed are inferred from match structure in player-stat JSON.
NRL player stats data,Adam Mogg,adam mogg,Adam Mogg,2002,2010,2002 | 2003 | 2004 | 2005 | 2006 | 2010,Eels | Raiders | Roosters,2002-05-18T00:00:00Z,2010-08-22T00:00:00Z,105,0,0,0,0,Teams listed are inferred from match structure in player-stat JSON.
NRL player stats data,Adam Muir,adam muir,Adam Muir,1998,2002,1998 | 1999 | 2000 | 2001 | 2002,Bears | Eagles | Rabbitohs,1998-03-15T00:00:00Z,2002-08-31T00:00:00Z,85,0,0,0,0,Teams listed are inferred from match structure in player-stat JSON.
NRL player stats data,Adam Nable,adam nable,Adam Nable,1998,2001,1998 | 1999 | 2000 | 2001,Cowboys | Tigers | Wests Tigers,1998-03-14T00:00:00Z,2001-03-10T00:00:00Z,52,0,0,0,0,Teams listed are inferred from match structure in player-stat JSON.
NRL player stats data,Adam Peek,adam peek,Adam Peek,1998,2008,1998 | 1999 | 2000 | 2001 | 2002 | 2003 | 2004 | 2005 | 2006 | 2007 | 2008,Bulldogs | Dragons | Eels | Rabbitohs | Rams | Sharks,1998-04-17T00:00:00Z,2008-09-26T00:00:00Z,133,0,0,0,0,Teams listed are inferred from match structure in player-stat JSON.
NRL player stats data,Adam Perry,adam perry,Adam Perry,1999,2007,1999 | 2000 | 2001 | 2002 | 2003 | 2004 | 2005 | 2006 | 2007,Bulldogs,1999-04-26T00:00:00Z,2007-09-15T00:00:00Z,133,0,0,0,0,Teams listed are inferred from match structure in player-stat JSON.
NRL player stats data,Adam Peters,adam peters,Adam Peters,1998,2001,1998 | 1999 | 2000 | 2001,Raiders | Sea Eagles,1998-03-27T00:00:00Z,2001-08-19T00:00:00Z,45,0,0,0,0,Teams listed are inferred from match structure in player-stat JSON.
NRL player stats data,Adam Pompey,adam pompey,Adam Pompey,2019,2026,2019 | 2020 | 2021 | 2022 | 2023 | 2024 | 2025 | 2026,Warriors,2019-07-19T08:00:00Z,2026-06-13T07:30:00Z,133,0,0,0,0,Teams listed are inferred from match structure in player-stat JSON.
NRL player stats data,Adam Quinlan,adam quinlan,Adam Quinlan,2013,2016,2013 | 2014 | 2016,Dragons,2013-05-12T05:15:00Z,2016-08-04T09:50:00Z,29,0,0,0,0,Teams listed are inferred from match structure in player-stat JSON.
NRL player stats data,Adam Reynolds,adam reynolds,Adam Reynolds,2012,2026,2012 | 2013 | 2014 | 2015 | 2016 | 2017 | 2018 | 2019 | 2020 | 2021 | 2022 | 2023 | 2024 | 2025 | 2026,Broncos | Rabbitohs,2012-03-05T00:00:00Z,2026-06-11T09:50:00Z,322,0,0,0,0,Teams listed are inferred from match structure in player-stat JSON.
NRL player stats data,Adam Schubert,adam schubert,Adam Schubert,2005,2005,2005,Roosters,2005-06-03T00:00:00Z,2005-08-07T00:00:00Z,5,0,0,0,0,Teams listed are inferred from match structure in player-stat JSON.
NRL player stats data,Adam Starr,adam starr,Adam Starr,1998,1999,1998 | 1999,Tigers,1998-07-25T00:00:00Z,1999-05-30T00:00:00Z,13,0,0,0,0,Teams listed are inferred from match structure in player-stat JSON.
NRL player stats data,Adam Tippett,adam tippett,Adam Tippett,2003,2003,2003,Wests Tigers,2003-04-12T00:00:00Z,2003-05-04T00:00:00Z,3,0,0,0,0,Teams listed are inferred from match structure in player-stat JSON.
NRL player stats data,Adam Warwick,adam warwick,Adam Warwick,1998,2000,1998 | 2000,Broncos | Cowboys,1998-05-09T00:00:00Z,2000-06-04T00:00:00Z,8,0,0,0,0,Teams listed are inferred from match structure in player-stat JSON.
NRL player stats data,Adam Wheeler,adam wheeler,Adam Wheeler,2000,2000,2000,Eels,2000-07-29T00:00:00Z,2000-07-29T00:00:00Z,1,0,0,0,0,Teams listed are inferred from match structure in player-stat JSON.
NRL player stats data,Adam Woolnough,adam woolnough,Adam Woolnough,2002,2011,2002 | 2003 | 2004 | 2005 | 2006 | 2007 | 2008 | 2009 | 2011,Knights | Panthers | Storm,2002-05-17T00:00:00Z,2011-09-24T00:00:00Z,155,0,0,0,0,Teams listed are inferred from match structure in player-stat JSON.
NRL player stats data,Addin Fonua-Blake,addin fonua blake,Addin Fonua-Blake,2016,2026,2016 | 2017 | 2018 | 2019 | 2020 | 2021 | 2022 | 2023 | 2024 | 2025 | 2026,Sea Eagles | Sharks | Warriors,2016-04-14T09:50:00Z,2026-06-07T06:05:00Z,221,0,0,0,0,Teams listed are inferred from match structure in player-stat JSON.
NRL player stats data,Adrian Brunker,adrian brunker,Adrian Brunker,1998,1998,1998,Dragons,1998-03-15T00:00:00Z,1998-08-29T00:00:00Z,11,0,0,0,0,Teams listed are inferred from match structure in player-stat JSON.
NRL player stats data,Adrian Lam,adrian lam,Adrian Lam,1998,2000,1998 | 1999 | 2000,Roosters,1998-03-14T00:00:00Z,2000-08-27T00:00:00Z,74,0,0,0,0,Teams listed are inferred from match structure in player-stat JSON.
NRL player stats data,Adrian Morley,adrian morley,Adrian Morley,2001,2006,2001 | 2002 | 2003 | 2004 | 2005 | 2006,Roosters,2001-02-17T00:00:00Z,2006-07-22T00:00:00Z,113,0,0,0,0,Teams listed are inferred from match structure in player-stat JSON.
NRL player stats data,Adrian Purtell,adrian purtell,Adrian Purtell,2006,2011,2006 | 2007 | 2008 | 2009 | 2010 | 2011,Panthers | Raiders,2006-03-11T00:00:00Z,2011-09-02T00:00:00Z,110,0,0,0,0,Teams listed are inferred from match structure in player-stat JSON.
NRL player stats data,Adrian Rainey,adrian rainey,Adrian Rainey,1998,2004,1998 | 2001 | 2004,Bulldogs | Eels | Magpies,1998-03-22T00:00:00Z,2004-05-22T00:00:00Z,16,0,0,0,0,Teams listed are inferred from match structure in player-stat JSON.
NRL player stats data,Adrian Trevilyan,adrian trevilyan,Adrian Trevilyan,2022,2023,2022 | 2023,Raiders,2022-03-19T08:35:00Z,2023-08-13T04:00:00Z,3,0,0,0,0,Teams listed are inferred from match structure in player-stat JSON.
NRL player stats data,Agnatius Paasi,agnatius paasi,Agnatius Paasi,2014,2020,2014 | 2015 | 2016 | 2017 | 2018 | 2019 | 2020,Titans | Warriors,2014-07-19T09:30:00Z,2020-07-19T04:00:00Z,107,0,0,0,0,Teams listed are inferred from match structure in player-stat JSON.
NRL player stats data,Ahmad Bajouri,ahmad bajouri,Ahmad Bajouri,2002,2003,2002 | 2003,Rabbitohs | Wests Tigers,2002-03-16T00:00:00Z,2003-08-03T00:00:00Z,20,0,0,0,0,Teams listed are inferred from match structure in player-stat JSON.
NRL player stats data,Aidan Guerra,aidan guerra,Aidan Guerra,2010,2020,2010 | 2011 | 2012 | 2013 | 2014 | 2015 | 2016 | 2017 | 2018 | 2019 | 2020,Knights | Roosters,2010-03-14T00:00:00Z,2020-10-04T05:05:00Z,211,0,0,0,0,Teams listed are inferred from match structure in player-stat JSON.
NRL player stats data,Aidan Kirk,aidan kirk,Aidan Kirk,2008,2009,2008 | 2009,Warriors,2008-03-17T19:09:59Z,2009-09-05T00:00:00Z,20,0,0,0,0,Teams listed are inferred from match structure in player-stat JSON.
NRL player stats data,Aidan Sezer,aidan sezer,Aidan Sezer,2012,2024,2012 | 2013 | 2014 | 2015 | 2016 | 2017 | 2018 | 2019 | 2024,Raiders | Titans | Wests Tigers,2012-04-14T00:00:00Z,2024-08-22T09:50:00Z,172,0,0,0,0,Teams listed are inferred from match structure in player-stat JSON.
NRL player stats data,Aiden Tolman,aiden tolman,Aiden Tolman,2008,2022,2008 | 2009 | 2010 | 2011 | 2012 | 2013 | 2014 | 2015 | 2016 | 2017 | 2018 | 2019 | 2020 | 2021 | 2022,Bulldogs | Sharks | Storm,2008-04-21T00:00:00Z,2022-09-17T10:00:00Z,317,0,0,0,0,Teams listed are inferred from match structure in player-stat JSON.
NRL player stats data,Aitasi James,aitasi james,Aitasi James,2023,2024,2023 | 2024,Sea Eagles | Wests Tigers,2023-07-06T09:50:00Z,2024-06-22T09:35:00Z,8,0,0,0,0,Teams listed are inferred from match structure in player-stat JSON.
NRL player stats data,AJ Brimson,aj brimson,AJ Brimson,2018,2026,2018 | 2019 | 2020 | 2021 | 2022 | 2023 | 2024 | 2025 | 2026,Titans,2018-05-12T07:30:00Z,2026-06-14T06:05:00Z,127,0,0,0,0,Teams listed are inferred from match structure in player-stat JSON.
NRL player stats data,Akuila Uate,akuila uate,Akuila Uate,2008,2018,2008 | 2009 | 2010 | 2011 | 2012 | 2013 | 2014 | 2015 | 2016 | 2017 | 2018,Knights | Sea Eagles,2008-07-19T00:00:00Z,2018-06-16T07:30:00Z,200,0,0,0,0,Teams listed are inferred from match structure in player-stat JSON.
NRL player stats data,Alailima Ma'afu,alailima maafu,Alailima Ma'afu,2008,2008,2008,Bulldogs,2008-05-10T00:00:00Z,2008-05-31T00:00:00Z,2,0,0,0,0,Teams listed are inferred from match structure in player-stat JSON.
NRL player stats data,Alan Cann,alan cann,Alan Cann,1998,1998,1998,Rams,1998-03-13T00:00:00Z,1998-08-07T00:00:00Z,21,0,0,0,0,Teams listed are inferred from match structure in player-stat JSON.
NRL player stats data,Alan Rothery,alan rothery,Alan Rothery,2004,2007,2004 | 2005 | 2006 | 2007,Raiders,2004-05-09T00:00:00Z,2007-03-24T00:00:00Z,25,0,0,0,0,Teams listed are inferred from match structure in player-stat JSON.
NRL player stats data,Alan Schirnack,alan schirnack,Alan Schirnack,2009,2011,2009 | 2011,Wests Tigers,2009-06-15T00:00:00Z,2011-05-29T00:00:00Z,14,0,0,0,0,Teams listed are inferred from match structure in player-stat JSON.
NRL player stats data,Alan Tongue,alan tongue,Alan Tongue,2000,2011,2000 | 2001 | 2002 | 2003 | 2004 | 2005 | 2006 | 2007 | 2008 | 2009 | 2010 | 2011,Raiders,2000-03-17T00:00:00Z,2011-09-04T00:00:00Z,220,0,0,0,0,Teams listed are inferred from match structure in player-stat JSON.
NRL player stats data,Alan Wieland,alan wieland,Alan Wieland,1998,1998,1998,Rams,1998-06-27T00:00:00Z,1998-08-07T00:00:00Z,7,0,0,0,0,Teams listed are inferred from match structure in player-stat JSON.
NRL player stats data,Albert Fulivai,albert fulivai,Albert Fulivai,1998,1998,1998,Raiders | Sea Eagles,1998-03-21T00:00:00Z,1998-08-28T00:00:00Z,6,0,0,0,0,Teams listed are inferred from match structure in player-stat JSON.
NRL player stats data,Albert Hopoate,albert hopoate,Albert Hopoate,2020,2025,2020 | 2022 | 2023 | 2024 | 2025,Raiders | Sea Eagles,2020-08-30T06:05:00Z,2025-03-23T07:15:00Z,55,0,0,0,0,Teams listed are inferred from match structure in player-stat JSON.
NRL player stats data,Albert Kelly,albert kelly,Albert Kelly,2010,2022,2010 | 2011 | 2013 | 2014 | 2021 | 2022,Broncos | Sharks | Titans,2010-03-13T19:29:00Z,2022-04-02T04:00:00Z,59,0,0,0,0,Teams listed are inferred from match structure in player-stat JSON.
NRL player stats data,Albert Talipeau,albert talipeau,Albert Talipeau,2000,2002,2000 | 2001 | 2002,Roosters,2000-05-20T00:00:00Z,2002-09-01T00:00:00Z,9,0,0,0,0,Teams listed are inferred from match structure in player-stat JSON.
NRL player stats data,Albert Torrens,albert torrens,Albert Torrens,1998,2005,1998 | 1999 | 2000 | 2001 | 2002 | 2003 | 2004 | 2005,Dragons | Eagles | Sea Eagles,1998-03-13T00:00:00Z,2005-08-21T00:00:00Z,157,0,0,0,0,Teams listed are inferred from match structure in player-stat JSON.
NRL player stats data,Albert Vete,albert vete,Albert Vete,2015,2020,2015 | 2016 | 2017 | 2018 | 2019 | 2020,Storm | Warriors,2015-03-07T05:30:00Z,2020-09-04T09:55:00Z,54,0,0,0,0,Teams listed are inferred from match structure in player-stat JSON.
NRL player stats data,Alec MacDonald,alec macdonald,Alec MacDonald,2022,2026,2022 | 2023 | 2024 | 2025 | 2026,Storm,2022-03-12T08:35:00Z,2026-06-05T08:00:00Z,82,0,0,0,0,Teams listed are inferred from match structure in player-stat JSON.
NRL player stats data,Alec Tuitavake,alec tuitavake,Alec Tuitavake,2024,2024,2024,Dragons,2024-05-23T09:50:00Z,2024-05-23T09:50:00Z,1,0,0,0,0,Teams listed are inferred from match structure in player-stat JSON.
NRL player stats data,Alehana Mara,alehana mara,Alehana Mara,2010,2012,2010 | 2011 | 2012,Warriors,2010-08-21T00:00:00Z,2012-09-02T00:00:00Z,16,0,0,0,0,Teams listed are inferred from match structure in player-stat JSON.
NRL player stats data,Alekolasimi Jones,alekolasimi jones,Alekolasimi Jones,2026,2026,2026,Bulldogs,2026-05-01T08:00:00Z,2026-05-22T10:00:00Z,4,0,0,0,0,Teams listed are inferred from match structure in player-stat JSON.
NRL player stats data,Alex Chan,alex chan,Alex Chan,2000,2005,2000 | 2001 | 2002 | 2003 | 2004 | 2005,Eagles | Eels | Storm,2000-05-13T00:00:00Z,2005-09-17T00:00:00Z,61,0,0,0,0,Teams listed are inferred from match structure in player-stat JSON.
NRL player stats data,Alex Glenn,alex glenn,Alex Glenn,2009,2021,2009 | 2010 | 2011 | 2012 | 2013 | 2014 | 2015 | 2016 | 2017 | 2018 | 2019 | 2020 | 2021,Broncos,2009-03-13T00:00:00Z,2021-09-04T05:00:00Z,285,0,0,0,0,Teams listed are inferred from match structure in player-stat JSON.
NRL player stats data,Alex Johnston,alex johnston,Alex Johnston,2014,2026,2014 | 2015 | 2016 | 2017 | 2018 | 2019 | 2020 | 2021 | 2022 | 2023 | 2024 | 2025 | 2026,Rabbitohs,2014-04-25T10:00:00Z,2026-06-11T09:50:00Z,255,0,0,0,0,Teams listed are inferred from match structure in player-stat JSON.
NRL player stats data,Alex Lobb,alex lobb,Alex Lobb,2024,2024,2024,Wests Tigers,2024-05-24T08:00:00Z,2024-09-06T08:00:00Z,4,0,0,0,0,Teams listed are inferred from match structure in player-stat JSON.
NRL player stats data,Alex McKinnon,alex mckinnon,Alex Mckinnon | Alex McKinnon,2011,2014,2011 | 2012 | 2013 | 2014,Dragons | Knights,2011-06-10T00:00:00Z,2014-03-24T08:00:00Z,49,0,0,0,0,Teams listed are inferred from match structure in player-stat JSON.
NRL player stats data,Alex Moore,alex moore,Alex Moore,2003,2003,2003,Sea Eagles,2003-06-15T00:00:00Z,2003-08-17T00:00:00Z,3,0,0,0,0,Teams listed are inferred from match structure in player-stat JSON.
NRL player stats data,Alex Seyfarth,alex seyfarth,Alex Seyfarth,2020,2026,2020 | 2021 | 2022 | 2023 | 2024 | 2025 | 2026,Wests Tigers,2020-05-30T07:30:00Z,2026-06-14T06:05:00Z,111,0,0,0,0,Teams listed are inferred from match structure in player-stat JSON.
NRL player stats data,Alex Twal,alex twal,Alex Twal,2017,2026,2017 | 2018 | 2019 | 2020 | 2021 | 2022 | 2023 | 2024 | 2025 | 2026,Wests Tigers,2017-07-02T04:00:00Z,2026-05-30T07:30:00Z,175,0,0,0,0,Teams listed are inferred from match structure in player-stat JSON.
NRL player stats data,Alexander Brimson,alexander brimson,Alexander Brimson,2018,2019,2018 | 2019,Titans,2018-05-19T05:00:00Z,2019-09-07T09:35:00Z,20,0,0,0,0,Teams listed are inferred from match structure in player-stat JSON.
NRL player stats data,Alf Duncan,alf duncan,Alf Duncan,1998,1999,1998 | 1999,Sea Eagles,1998-05-17T00:00:00Z,1999-06-19T00:00:00Z,20,0,0,0,0,Teams listed are inferred from match structure in player-stat JSON.
NRL player stats data,Alfred Smalley,alfred smalley,Alfred Smalley,2022,2022,2022,Sea Eagles,2022-07-28T09:50:00Z,2022-08-20T07:30:00Z,2,0,0,0,0,Teams listed are inferred from match structure in player-stat JSON.
NRL player stats data,Ali Lauiti'iti,ali lauitiiti,Ali Lauiti'iti,1998,2004,1998 | 1999 | 2000 | 2001 | 2002 | 2003 | 2004,Warriors,1998-04-19T00:00:00Z,2004-04-16T00:00:00Z,115,0,0,0,0,Teams listed are inferred from match structure in player-stat JSON.
NRL player stats data,Ali Leiataua,ali leiataua,Ali Leiataua,2023,2026,2023 | 2024 | 2025 | 2026,Warriors,2023-06-09T08:00:00Z,2026-06-13T07:30:00Z,26,0,0,0,0,Teams listed are inferred from match structure in player-stat JSON.
NRL player stats data,Allan Fitzgibbon,allan fitzgibbon,Allan Fitzgibbon,2025,2025,2025,Titans,2025-04-11T08:00:00Z,2025-06-29T06:05:00Z,6,0,0,0,0,Teams listed are inferred from match structure in player-stat JSON.
NRL player stats data,Allan Langer,allan langer,Allan Langer,1998,2002,1998 | 1999 | 2002,Broncos,1998-03-13T00:00:00Z,2002-09-28T00:00:00Z,54,0,0,0,0,Teams listed are inferred from match structure in player-stat JSON.
NRL player stats data,Alofiana Khan-Pereira,alofiana khan pereira,Alofiana Khan-Pereira,2023,2026,2023 | 2024 | 2025 | 2026,Titans | Warriors,2023-03-05T07:15:00Z,2026-06-13T07:30:00Z,68,0,0,0,0,Teams listed are inferred from match structure in player-stat JSON.
NRL player stats data,Alwyn Simpson,alwyn simpson,Alwyn Simpson,2007,2007,2007,Broncos,2007-09-09T00:00:00Z,2007-09-09T00:00:00Z,1,0,0,0,0,Teams listed are inferred from match structure in player-stat JSON.
NRL player stats data,Amos Roberts,amos roberts,Amos Roberts,2000,2008,2000 | 2001 | 2002 | 2003 | 2004 | 2005 | 2006 | 2007 | 2008,Dragons | Panthers | Roosters | Sharks | Storm,2000-05-06T00:00:00Z,2008-09-19T00:00:00Z,177,0,0,0,0,Teams listed are inferred from match structure in player-stat JSON.
NRL player stats data,Andrew Bobbin,andrew bobbin,Andrew Bobbin,2001,2001,2001,Dragons,2001-08-26T00:00:00Z,2001-08-26T00:00:00Z,1,0,0,0,0,Teams listed are inferred from match structure in player-stat JSON.
NRL player stats data,Andrew Carige,andrew carige,Andrew Carige,1998,1998,1998,Eels,1998-04-11T00:00:00Z,1998-04-26T00:00:00Z,2,0,0,0,0,Teams listed are inferred from match structure in player-stat JSON.
NRL player stats data,Andrew Dallalana,andrew dallalana,Andrew Dallalana,2003,2003,2003,Sharks,2003-06-21T00:00:00Z,2003-08-09T00:00:00Z,5,0,0,0,0,Teams listed are inferred from match structure in player-stat JSON.
NRL player stats data,Andrew Davey,andrew davey,Andrew Davey,2020,2023,2020 | 2021 | 2022 | 2023,Bulldogs | Eels | Sea Eagles,2020-07-18T09:35:00Z,2023-08-11T10:00:00Z,44,0,0,0,0,Teams listed are inferred from match structure in player-stat JSON.
NRL player stats data,Andrew Dunemann,andrew dunemann,Andrew Dunemann,1998,2007,1998 | 1999 | 2007,Cowboys | Rabbitohs | Raiders,1998-03-13T00:00:00Z,2007-04-21T00:00:00Z,28,0,0,0,0,Teams listed are inferred from match structure in player-stat JSON.
NRL player stats data,Andrew Emelio,andrew emelio,Andrew Emelio,2003,2009,2003 | 2006 | 2007 | 2008 | 2009,Bulldogs | Panthers | Sharks,2003-05-04T00:00:00Z,2009-06-19T00:00:00Z,29,0,0,0,0,Teams listed are inferred from match structure in player-stat JSON.
NRL player stats data,Andrew Ettingshausen,andrew ettingshausen,Andrew Ettingshausen,1998,2000,1998 | 1999 | 2000,Sharks,1998-03-14T00:00:00Z,2000-07-08T00:00:00Z,56,0,0,0,0,Teams listed are inferred from match structure in player-stat JSON.
NRL player stats data,Andrew Everingham,andrew everingham,Andrew Everingham,2012,2013,2012 | 2013,Rabbitohs,2012-03-18T00:00:00Z,2013-08-09T09:35:00Z,40,0,0,0,0,Teams listed are inferred from match structure in player-stat JSON.
NRL player stats data,Andrew Fifita,andrew fifita,Andrew Fifita,2010,2022,2010 | 2011 | 2012 | 2013 | 2014 | 2015 | 2016 | 2017 | 2018 | 2019 | 2020 | 2021 | 2022,Sharks | Wests Tigers,2010-03-21T00:00:00Z,2022-09-17T10:00:00Z,252,0,0,0,0,Teams listed are inferred from match structure in player-stat JSON.
NRL player stats data,Andrew Frew,andrew frew,Andrew Frew,1998,2004,1998 | 1999 | 2000 | 2004,Dragons | Eagles | Eels | Sea Eagles,1998-08-16T00:00:00Z,2004-07-09T00:00:00Z,47,0,0,0,0,Teams listed are inferred from match structure in player-stat JSON.
NRL player stats data,Andrew Gee,andrew gee,Andrew Gee,1998,2003,1998 | 1999 | 2002 | 2003,Broncos,1998-03-13T00:00:00Z,2003-09-05T00:00:00Z,90,0,0,0,0,Teams listed are inferred from match structure in player-stat JSON.
NRL player stats data,Andrew Hart,andrew hart,Andrew Hart,1998,2003,1998 | 1999 | 2000 | 2001 | 2002 | 2003,Dragons | Rabbitohs | Steelers,1998-03-14T00:00:00Z,2003-08-17T00:00:00Z,124,0,0,0,0,Teams listed are inferred from match structure in player-stat JSON.
NRL player stats data,Andrew Hick,andrew hick,Andrew Hick,1998,1998,1998,Rams,1998-03-13T00:00:00Z,1998-08-22T00:00:00Z,21,0,0,0,0,Teams listed are inferred from match structure in player-stat JSON.
NRL player stats data,Andrew Hinson,andrew hinson,Andrew Hinson,1998,2002,1998 | 1999 | 2001 | 2002,Panthers | Rabbitohs,1998-04-19T00:00:00Z,2002-08-31T00:00:00Z,35,0,0,0,0,Teams listed are inferred from match structure in player-stat JSON.
NRL player stats data,Andrew Hunter,andrew hunter,Andrew Hunter,1998,1998,1998,Sea Eagles,1998-03-13T00:00:00Z,1998-08-07T00:00:00Z,10,0,0,0,0,Teams listed are inferred from match structure in player-stat JSON.
NRL player stats data,Andrew Johns,andrew johns,Andrew Johns,1998,2007,1998 | 1999 | 2000 | 2001 | 2002 | 2003 | 2004 | 2005 | 2006 | 2007,Knights,1998-03-15T00:00:00Z,2007-04-02T00:00:00Z,173,0,0,0,0,Teams listed are inferred from match structure in player-stat JSON.
NRL player stats data,Andrew King,andrew king,Andrew King,1998,2002,1998 | 1999 | 2000 | 2001 | 2002,Chargers | Eagles | Rabbitohs | Sea Eagles,1998-03-14T00:00:00Z,2002-08-24T00:00:00Z,105,0,0,0,0,Teams listed are inferred from match structure in player-stat JSON.
NRL player stats data,Andrew Leeds,andrew leeds,Andrew Leeds,1998,1999,1998 | 1999,Magpies | Tigers,1998-03-15T00:00:00Z,1999-03-21T00:00:00Z,10,0,0,0,0,Teams listed are inferred from match structure in player-stat JSON.
NRL player stats data,Andrew Lomu,andrew lomu,Andrew Lomu,2000,2007,2000 | 2001 | 2002 | 2003 | 2004 | 2005 | 2006 | 2007,Broncos | Raiders | Roosters | Sharks,2000-02-12T00:00:00Z,2007-03-30T19:59:59Z,89,0,0,0,0,Teams listed are inferred from match structure in player-stat JSON.
NRL player stats data,Andrew McCullough,andrew mccullough,Andrew McCullough,2008,2022,2008 | 2009 | 2010 | 2011 | 2012 | 2013 | 2014 | 2015 | 2016 | 2017 | 2018 | 2019 | 2020 | 2021 | 2022,Broncos | Dragons | Knights,2008-05-17T00:00:00Z,2022-09-03T07:30:00Z,309,0,0,0,0,Teams listed are inferred from match structure in player-stat JSON.
NRL player stats data,Andrew McFadden,andrew mcfadden,Andrew Mcfadden | Andrew McFadden,1998,2004,1998 | 1999 | 2000 | 2001 | 2002 | 2003 | 2004,Eels | Raiders | Storm,1998-04-04T00:00:00Z,2004-09-05T00:00:00Z,97,0,0,0,0,Teams listed are inferred from match structure in player-stat JSON.
NRL player stats data,Andrew Meads,andrew meads,Andrew Meads,1998,2003,1998 | 1999 | 2002 | 2003,Eels | Tigers,1998-07-03T00:00:00Z,2003-05-10T00:00:00Z,20,0,0,0,0,Teams listed are inferred from match structure in player-stat JSON.
NRL player stats data,Andrew Pierce,andrew pierce,Andrew Pierce,1998,2002,1998 | 1999 | 2000 | 2001 | 2002,Rams | Sharks,1998-04-05T00:00:00Z,2002-09-29T00:00:00Z,112,0,0,0,0,Teams listed are inferred from match structure in player-stat JSON.
NRL player stats data,Andrew Price,andrew price,Andrew Price,2003,2006,2003 | 2004 | 2005 | 2006,Dragons | Knights,2003-03-28T00:00:00Z,2006-04-08T00:00:00Z,39,0,0,0,0,Teams listed are inferred from match structure in player-stat JSON.
NRL player stats data,Andrew Purcell,andrew purcell,Andrew Purcell,1998,1998,1998,Steelers,1998-03-14T00:00:00Z,1998-08-23T00:00:00Z,19,0,0,0,0,Teams listed are inferred from match structure in player-stat JSON.
NRL player stats data,Andrew Ryan,andrew ryan,Andrew Ryan,2000,2011,2000 | 2001 | 2002 | 2003 | 2004 | 2005 | 2006 | 2007 | 2008 | 2009 | 2010 | 2011,Bulldogs | Eels,2000-02-11T00:00:00Z,2011-09-04T00:00:00Z,291,0,0,0,0,Teams listed are inferred from match structure in player-stat JSON.
NRL player stats data,Andrew Tangata-Toa,andrew tangata toa,Andrew Tangata-Toa,1998,1998,1998,Dragons,1998-03-15T00:00:00Z,1998-08-23T00:00:00Z,12,0,0,0,0,Teams listed are inferred from match structure in player-stat JSON.
NRL player stats data,Andrew Walker,andrew walker,Andrew Walker,1998,2004,1998 | 1999 | 2004,Roosters | Sea Eagles,1998-03-14T00:00:00Z,2004-09-05T00:00:00Z,59,0,0,0,0,Teams listed are inferred from match structure in player-stat JSON.
NRL player stats data,Andy Saunders,andy saunders,Andy Saunders,2017,2017,2017,Bulldogs,2017-07-09T06:00:00Z,2017-07-09T06:00:00Z,1,0,0,0,0,Teams listed are inferred from match structure in player-stat JSON.
NRL player stats data,Angus Crichton,angus crichton,Angus Crichton,2016,2026,2016 | 2017 | 2018 | 2019 | 2020 | 2021 | 2022 | 2023 | 2024 | 2025 | 2026,Rabbitohs | Roosters,2016-07-16T09:30:00Z,2026-06-12T10:00:00Z,211,0,0,0,0,Teams listed are inferred from match structure in player-stat JSON.
NRL player stats data,Angus Hinchey,angus hinchey,Angus Hinchey,2026,2026,2026,Storm,2026-03-14T06:30:00Z,2026-03-14T06:30:00Z,1,0,0,0,0,Teams listed are inferred from match structure in player-stat JSON.
NRL player stats data,Anthony Bonus,anthony bonus,Anthony Bonus,1998,1998,1998,Storm,1998-06-07T00:00:00Z,1998-06-07T00:00:00Z,1,0,0,0,0,Teams listed are inferred from match structure in player-stat JSON.
NRL player stats data,Anthony Brann,anthony brann,Anthony Brann,1998,2000,1998 | 1999 | 2000,Raiders,1998-05-08T00:00:00Z,2000-04-16T00:00:00Z,39,0,0,0,0,Teams listed are inferred from match structure in player-stat JSON.
NRL player stats data,Anthony Cherrington,anthony cherrington,Anthony Cherrington,2008,2017,2008 | 2009 | 2017,Rabbitohs | Roosters,2008-05-16T00:00:00Z,2017-06-16T09:50:00Z,24,0,0,0,0,Teams listed are inferred from match structure in player-stat JSON.
NRL player stats data,Anthony Colella,anthony colella,Anthony Colella,1998,2002,1998 | 1999 | 2000 | 2001 | 2002,Rabbitohs | Raiders | Sea Eagles,1998-03-13T00:00:00Z,2002-05-26T00:00:00Z,67,0,0,0,0,Teams listed are inferred from match structure in player-stat JSON.
NRL player stats data,Anthony Don,anthony don,Anthony Don,2013,2021,2013 | 2014 | 2015 | 2016 | 2017 | 2018 | 2019 | 2020 | 2021,Titans,2013-04-14T08:30:00Z,2021-05-30T04:00:00Z,152,0,0,0,0,Teams listed are inferred from match structure in player-stat JSON.
NRL player stats data,Anthony Gelling,anthony gelling,Anthony Gelling,2018,2018,2018,Warriors,2018-03-31T06:30:00Z,2018-07-15T04:00:00Z,7,0,0,0,0,Teams listed are inferred from match structure in player-stat JSON.
NRL player stats data,Anthony Laffranchi,anthony laffranchi,Anthony Laffranchi,2001,2011,2001 | 2002 | 2003 | 2004 | 2005 | 2006 | 2007 | 2008 | 2009 | 2010 | 2011,Titans | Wests Tigers,2001-09-02T00:00:00Z,2011-09-03T00:00:00Z,204,0,0,0,0,Teams listed are inferred from match structure in player-stat JSON.
NRL player stats data,Anthony Milford,anthony milford,Anthony Milford,2013,2024,2013 | 2014 | 2015 | 2016 | 2017 | 2018 | 2019 | 2020 | 2021 | 2022 | 2023 | 2024,Broncos | Dolphins | Knights | Raiders,2013-04-07T08:30:00Z,2024-06-01T09:35:00Z,219,0,0,0,0,Teams listed are inferred from match structure in player-stat JSON.
NRL player stats data,Anthony Minichiello,anthony minichiello,Anthony Minichiello,2000,2014,2000 | 2001 | 2002 | 2003 | 2004 | 2005 | 2006 | 2007 | 2008 | 2009 | 2010 | 2011 | 2012 | 2013 | 2014,Roosters | Wests Tigers,2000-02-25T00:00:00Z,2014-09-26T09:55:00Z,302,0,0,0,0,Teams listed are inferred from match structure in player-stat JSON.
NRL player stats data,Anthony Mitchell,anthony mitchell,Anthony Mitchell,2010,2014,2010 | 2011 | 2012 | 2013 | 2014,Cowboys | Eels | Roosters,2010-08-13T00:00:00Z,2014-07-05T07:30:00Z,38,0,0,0,0,Teams listed are inferred from match structure in player-stat JSON.
NRL player stats data,Anthony Mundine,anthony mundine,Anthony Mundine,1998,2000,1998 | 1999 | 2000,Dragons,1998-03-15T00:00:00Z,2000-04-09T00:00:00Z,56,0,0,0,0,Teams listed are inferred from match structure in player-stat JSON.
NRL player stats data,Anthony Quinn,anthony quinn,Anthony Quinn,2002,2013,2002 | 2003 | 2004 | 2005 | 2006 | 2007 | 2008 | 2009 | 2010 | 2011 | 2012 | 2013,Knights | Storm,2002-03-16T00:00:00Z,2013-03-31T07:30:00Z,210,0,0,0,0,Teams listed are inferred from match structure in player-stat JSON.
NRL player stats data,Anthony Seibold,anthony seibold,Anthony Seibold,1998,1998,1998,Raiders,1998-03-15T00:00:00Z,1998-08-08T00:00:00Z,14,0,0,0,0,Teams listed are inferred from match structure in player-stat JSON.
NRL player stats data,Anthony Seu Seu,anthony seu seu,Anthony Seu Seu,2001,2001,2001,Warriors,2001-07-15T00:00:00Z,2001-07-15T00:00:00Z,1,0,0,0,0,Teams listed are inferred from match structure in player-stat JSON.
NRL player stats data,Anthony Suniula,anthony suniula,Anthony Suniula,2009,2009,2009,Sea Eagles,2009-03-14T00:00:00Z,2009-07-12T00:00:00Z,4,0,0,0,0,Teams listed are inferred from match structure in player-stat JSON.
NRL player stats data,Anthony Swann,anthony swann,Anthony Swann,1998,2001,1998 | 1999 | 2000 | 2001,Bears | Raiders | Warriors,1998-05-08T00:00:00Z,2001-05-19T00:00:00Z,36,0,0,0,0,Teams listed are inferred from match structure in player-stat JSON.
NRL player stats data,Anthony Tupou,anthony tupou,Anthony Tupou,2004,2017,2004 | 2005 | 2006 | 2007 | 2008 | 2009 | 2010 | 2011 | 2012 | 2013 | 2014 | 2015 | 2017,Knights | Roosters | Sharks,2004-03-14T00:00:00Z,2017-05-14T04:00:00Z,240,0,0,0,0,Teams listed are inferred from match structure in player-stat JSON.
NRL player stats data,Anthony Watmough,anthony watmough,Anthony Watmough,2002,2015,2002 | 2003 | 2004 | 2005 | 2006 | 2007 | 2008 | 2009 | 2010 | 2011 | 2012 | 2013 | 2014 | 2015,Eagles | Eels | Sea Eagles,2002-06-29T00:00:00Z,2015-07-17T09:35:00Z,303,0,0,0,0,Teams listed are inferred from match structure in player-stat JSON.
NRL player stats data,Anthony Watts,anthony watts,Anthony Watts,2007,2010,2007 | 2008 | 2009 | 2010,Cowboys | Sharks,2007-06-11T00:00:00Z,2010-09-04T00:00:00Z,52,0,0,0,0,Teams listed are inferred from match structure in player-stat JSON.
NRL player stats data,Antonio Kaufusi,antonio kaufusi,Antonio Kaufusi,2003,2015,2003 | 2004 | 2005 | 2006 | 2007 | 2008 | 2009 | 2010 | 2011 | 2015,Bulldogs | Cowboys | Knights | Storm,2003-08-10T00:00:00Z,2015-06-14T06:00:00Z,151,0,0,0,0,Teams listed are inferred from match structure in player-stat JSON.
NRL player stats data,Antonio Verhoeven,antonio verhoeven,Antonio Verhoeven,2026,2026,2026,Broncos,2026-04-04T08:35:00Z,2026-06-11T09:50:00Z,4,0,0,0,0,Teams listed are inferred from match structure in player-stat JSON.
NRL player stats data,Antonio Winterstein,antonio winterstein,Antonio Winterstein,2009,2018,2009 | 2010 | 2011 | 2012 | 2013 | 2014 | 2015 | 2016 | 2017 | 2018,Broncos | Cowboys,2009-03-13T00:00:00Z,2018-07-14T09:35:00Z,214,0,0,0,0,Teams listed are inferred from match structure in player-stat JSON.
NRL player stats data,Apa Twidle,apa twidle,Apa Twidle,2026,2026,2026,Eels,2026-04-06T06:05:00Z,2026-06-13T09:35:00Z,6,0,0,0,0,Teams listed are inferred from match structure in player-stat JSON.
NRL player stats data,Api Pewhairangi,api pewhairangi,Api Pewhairangi,2013,2013,2013,Eels,2013-05-11T09:30:00Z,2013-08-03T07:30:00Z,4,0,0,0,0,Teams listed are inferred from match structure in player-stat JSON.
NRL player stats data,Apisai Koroisau,apisai koroisau,Apisai Koroisau,2014,2026,2014 | 2015 | 2016 | 2017 | 2018 | 2019 | 2020 | 2021 | 2022 | 2023 | 2024 | 2025 | 2026,Panthers | Rabbitohs | Sea Eagles | Wests Tigers,2014-03-30T03:00:00Z,2026-06-07T04:00:00Z,244,0,0,0,0,Teams listed are inferred from match structure in player-stat JSON.
NRL player stats data,Arama Hau,arama hau,Arama Hau,2024,2026,2024 | 2025 | 2026,Titans,2024-09-07T09:35:00Z,2026-06-14T06:05:00Z,28,0,0,0,0,Teams listed are inferred from match structure in player-stat JSON.
NRL player stats data,Arana Taumata,arana taumata,Arana Taumata,2008,2012,2008 | 2010 | 2012,Bulldogs | Cowboys | Panthers,2008-06-27T00:00:00Z,2012-07-01T00:00:00Z,14,0,0,0,0,Teams listed are inferred from match structure in player-stat JSON.
NRL player stats data,Araz Nanva,araz nanva,Araz Nanva,2026,2026,2026,Eels,2026-04-12T04:00:00Z,2026-04-19T06:05:00Z,2,0,0,0,0,Teams listed are inferred from match structure in player-stat JSON.
NRL player stats data,Arthur Miller-Stephen,arthur miller stephen,Arthur Miller-Stephen,2023,2023,2023,Eels,2023-08-06T04:00:00Z,2023-08-06T04:00:00Z,1,0,0,0,0,Teams listed are inferred from match structure in player-stat JSON.
NRL player stats data,Aseri Laing,aseri laing,Aseri Laing,1998,1999,1998 | 1999,Magpies | Storm,1998-03-15T00:00:00Z,1999-06-27T00:00:00Z,25,0,0,0,0,Teams listed are inferred from match structure in player-stat JSON.
NRL player stats data,Ashley Alberts,ashley alberts,Ashley Alberts,2002,2005,2002 | 2005,Cowboys | Sea Eagles,2002-04-06T00:00:00Z,2005-08-07T00:00:00Z,13,0,0,0,0,Teams listed are inferred from match structure in player-stat JSON.
NRL player stats data,Ashley Graham,ashley graham,Ashley Graham,2002,2013,2002 | 2003 | 2004 | 2005 | 2006 | 2007 | 2008 | 2009 | 2010 | 2011 | 2012 | 2013,Cowboys | Eels,2002-07-21T00:00:00Z,2013-07-15T09:00:00Z,202,0,0,0,0,Teams listed are inferred from match structure in player-stat JSON.
NRL player stats data,Ashley Harrison,ashley harrison,Ashley Harrison,2000,2014,2000 | 2001 | 2002 | 2003 | 2004 | 2005 | 2006 | 2007 | 2008 | 2009 | 2010 | 2011 | 2012 | 2013 | 2014,Broncos | Rabbitohs | Roosters | Titans,2000-02-20T00:00:00Z,2014-06-16T09:00:00Z,276,0,0,0,0,Teams listed are inferred from match structure in player-stat JSON.
NRL player stats data,Ashley Rhodes,ashley rhodes,Ashley Rhodes,1998,1998,1998,Magpies,1998-05-31T00:00:00Z,1998-05-31T00:00:00Z,1,0,0,0,0,Teams listed are inferred from match structure in player-stat JSON.
NRL player stats data,Ashley Taylor,ashley taylor,Ashley Taylor,2015,2022,2015 | 2016 | 2017 | 2018 | 2019 | 2020 | 2021 | 2022,Broncos | Titans | Warriors,2015-09-03T09:45:00Z,2022-03-19T04:00:00Z,116,0,0,0,0,Teams listed are inferred from match structure in player-stat JSON.
NRL player stats data,Ashton Sims,ashton sims,Ashton Sims,2003,2014,2003 | 2004 | 2005 | 2006 | 2007 | 2008 | 2009 | 2010 | 2011 | 2012 | 2013 | 2014,Broncos | Cowboys | Dragons,2003-05-11T00:00:00Z,2014-09-19T09:55:00Z,228,0,0,0,0,Teams listed are inferred from match structure in player-stat JSON.
NRL player stats data,Ashton Ward,ashton ward,Ashton Ward,2025,2026,2025 | 2026,Rabbitohs,2025-07-26T09:35:00Z,2026-06-11T09:50:00Z,12,0,0,0,0,Teams listed are inferred from match structure in player-stat JSON.
NRL player stats data,Asipeli Fine,asipeli fine,Asipeli Fine,2014,2018,2014 | 2016 | 2017 | 2018,Bulldogs | Wests Tigers,2014-08-30T07:30:00Z,2018-05-20T06:10:00Z,14,0,0,0,0,Teams listed are inferred from match structure in player-stat JSON.
NRL player stats data,Asu Kepaoa,asu kepaoa,Asu Kepaoa,2020,2026,2020 | 2021 | 2022 | 2023 | 2024 | 2026,Knights | Panthers | Wests Tigers,2020-08-08T07:30:00Z,2026-04-26T04:00:00Z,51,0,0,0,0,Teams listed are inferred from match structure in player-stat JSON.
NRL player stats data,Ata Hingano,ata hingano,Ata Hingano,2016,2018,2016 | 2017 | 2018,Raiders | Warriors,2016-08-20T09:30:00Z,2018-06-08T08:00:00Z,26,0,0,0,0,Teams listed are inferred from match structure in player-stat JSON.
NRL player stats data,Ata Mariota,ata mariota,Ata Mariota,2022,2026,2022 | 2023 | 2024 | 2025 | 2026,Raiders,2022-07-23T05:00:00Z,2026-06-13T09:35:00Z,82,0,0,0,0,Teams listed are inferred from match structure in player-stat JSON.
NRL player stats data,Atelea Vea,atelea vea,Atelea Vea,2009,2013,2009 | 2011 | 2012 | 2013,Dragons | Sharks | Storm,2009-05-16T00:00:00Z,2013-08-05T09:00:00Z,22,0,0,0,0,Teams listed are inferred from match structure in player-stat JSON.
NRL player stats data,Ativalu Lisati,ativalu lisati,Ativalu Lisati,2024,2026,2024 | 2025 | 2026,Panthers | Storm,2024-06-01T07:30:00Z,2026-06-05T08:00:00Z,27,0,0,0,0,Teams listed are inferred from match structure in player-stat JSON.
NRL player stats data,Aublix Tawha,aublix tawha,Aublix Tawha,2025,2026,2025 | 2026,Broncos | Dolphins,2025-06-21T07:30:00Z,2026-06-11T09:50:00Z,21,0,0,0,0,Teams listed are inferred from match structure in player-stat JSON.
NRL player stats data,Austin Dias,austin dias,Austin Dias,2022,2025,2022 | 2025,Panthers | Wests Tigers,2022-07-03T04:00:00Z,2025-08-28T09:50:00Z,11,0,0,0,0,Teams listed are inferred from match structure in player-stat JSON.
NRL player stats data,Ava Seumanufagai,ava seumanufagai,Ava Seumanufagai,2013,2022,2013 | 2014 | 2015 | 2016 | 2017 | 2018 | 2021 | 2022,Bulldogs | Sharks | Wests Tigers,2013-03-22T09:05:00Z,2022-06-03T09:55:00Z,141,0,0,0,0,Teams listed are inferred from match structure in player-stat JSON.
NRL player stats data,Awen Guttenbeil,awen guttenbeil,Awen Guttenbeil,1998,2006,1998 | 1999 | 2000 | 2001 | 2002 | 2003 | 2004 | 2005 | 2006,Warriors,1998-06-21T00:00:00Z,2006-09-03T00:00:00Z,152,0,0,0,0,Teams listed are inferred from match structure in player-stat JSON.
NRL player stats data,Bailey Biondi-Odo,bailey biondi odo,Bailey Biondi-Odo,2021,2022,2021 | 2022,Bulldogs,2021-07-03T05:00:00Z,2022-05-13T08:00:00Z,17,0,0,0,0,Teams listed are inferred from match structure in player-stat JSON.
NRL player stats data,Bailey Hayward,bailey hayward,Bailey Hayward,2024,2026,2024 | 2025 | 2026,Bulldogs,2024-04-12T08:00:00Z,2026-06-08T06:05:00Z,59,0,0,0,0,Teams listed are inferred from match structure in player-stat JSON.
NRL player stats data,Bailey Simonsson,bailey simonsson,Bailey Simonsson,2019,2026,2019 | 2020 | 2021 | 2022 | 2023 | 2024 | 2025 | 2026,Eels | Raiders,2019-03-17T07:10:00Z,2026-04-06T06:05:00Z,108,0,0,0,0,Teams listed are inferred from match structure in player-stat JSON.
NRL player stats data,Balin Cupples,balin cupples,Balin Cupples,2002,2003,2002 | 2003,Wests Tigers,2002-05-11T00:00:00Z,2003-06-28T00:00:00Z,4,0,0,0,0,Teams listed are inferred from match structure in player-stat JSON.
NRL player stats data,Barry Berrigan,barry berrigan,Barry Berrigan,1998,2005,1998 | 1999 | 2003 | 2004 | 2005,Broncos | Bulldogs,1998-03-15T00:00:00Z,2005-09-18T00:00:00Z,36,0,0,0,0,Teams listed are inferred from match structure in player-stat JSON.
NRL player stats data,Barry Davis,barry davis,Barry Davis,1999,1999,1999,Magpies,1999-04-05T00:00:00Z,1999-08-07T00:00:00Z,15,0,0,0,0,Teams listed are inferred from match structure in player-stat JSON.
NRL player stats data,Barry Ward,barry ward,Barry Ward,1998,2001,1998 | 1999 | 2000 | 2001,Bulldogs,1998-03-15T00:00:00Z,2001-07-22T00:00:00Z,70,0,0,0,0,Teams listed are inferred from match structure in player-stat JSON.
NRL player stats data,Bayleigh Bentley-Hape,bayleigh bentley hape,Bayleigh Bentley-Hape,2024,2026,2024 | 2025 | 2026,Rabbitohs,2024-05-11T07:30:00Z,2026-05-15T10:05:00Z,11,0,0,0,0,Teams listed are inferred from match structure in player-stat JSON.
NRL player stats data,Bayley Sironen,bayley sironen,Bayley Sironen,2017,2023,2017 | 2019 | 2020 | 2021 | 2022 | 2023,Rabbitohs | Warriors | Wests Tigers,2017-08-25T09:50:00Z,2023-09-23T09:50:00Z,81,0,0,0,0,Teams listed are inferred from match structure in player-stat JSON.
NRL player stats data,Beau Champion,beau champion,Beau Champion,2005,2015,2005 | 2006 | 2007 | 2008 | 2009 | 2010 | 2011 | 2012 | 2013 | 2014 | 2015,Eels | Rabbitohs | Storm | Titans,2005-07-09T00:00:00Z,2015-03-13T08:35:00Z,107,0,0,0,0,Teams listed are inferred from match structure in player-stat JSON.
NRL player stats data,Beau Falloon,beau falloon,Beau Falloon,2008,2015,2008 | 2009 | 2010 | 2012 | 2013 | 2014 | 2015,Rabbitohs | Titans,2008-04-06T00:00:00Z,2015-09-05T09:30:00Z,85,0,0,0,0,Teams listed are inferred from match structure in player-stat JSON.
NRL player stats data,Beau Fermor,beau fermor,Beau Fermor,2020,2026,2020 | 2021 | 2022 | 2024 | 2025 | 2026,Titans,2020-07-04T05:00:00Z,2026-06-14T06:05:00Z,108,0,0,0,0,Teams listed are inferred from match structure in player-stat JSON.
NRL player stats data,Beau Gallagher,beau gallagher,Beau Gallagher,1999,1999,1999,Bears,1999-07-11T00:00:00Z,1999-07-25T00:00:00Z,3,0,0,0,0,Teams listed are inferred from match structure in player-stat JSON.
NRL player stats data,Beau Henry,beau henry,Beau Henry,2011,2014,2011 | 2013 | 2014,Knights | Titans,2011-03-13T00:00:00Z,2014-06-16T09:00:00Z,14,0,0,0,0,Teams listed are inferred from match structure in player-stat JSON.
NRL player stats data,Beau Mundine,beau mundine,Beau Mundine,2002,2002,2002,Rabbitohs,2002-07-14T00:00:00Z,2002-07-20T00:00:00Z,2,0,0,0,0,Teams listed are inferred from match structure in player-stat JSON.
NRL player stats data,Beau Ryan,beau ryan,Beau Ryan,2007,2014,2007 | 2008 | 2009 | 2010 | 2011 | 2012 | 2013 | 2014,Roosters | Sharks | Wests Tigers,2007-07-01T00:00:00Z,2014-05-17T07:30:00Z,126,0,0,0,0,Teams listed are inferred from match structure in player-stat JSON.
NRL player stats data,Beau Scott,beau scott,Beau Scott,2005,2018,2005 | 2006 | 2007 | 2008 | 2009 | 2010 | 2011 | 2012 | 2013 | 2014 | 2015 | 2016 | 2017 | 2018,Dragons | Eels | Knights | Sharks,2005-08-06T00:00:00Z,2018-05-18T08:00:00Z,244,0,0,0,0,Teams listed are inferred from match structure in player-stat JSON.
NRL player stats data,Ben Anderson,ben anderson,Ben Anderson,1998,1999,1998 | 1999,Storm,1998-04-03T00:00:00Z,1999-09-04T00:00:00Z,17,0,0,0,0,Teams listed are inferred from match structure in player-stat JSON.
NRL player stats data,Ben Barba,ben barba,Ben Barba,2008,2016,2008 | 2009 | 2010 | 2011 | 2012 | 2013 | 2014 | 2015 | 2016,Broncos | Bulldogs | Sharks,2008-07-28T00:00:00Z,2016-10-02T08:15:00Z,168,0,0,0,0,Teams listed are inferred from match structure in player-stat JSON.
NRL player stats data,Ben Black,ben black,Ben Black,2001,2001,2001,Wests Tigers,2001-03-10T00:00:00Z,2001-04-22T00:00:00Z,7,0,0,0,0,Teams listed are inferred from match structure in player-stat JSON.
NRL player stats data,Ben Condon,ben condon,Ben Condon,2020,2024,2020 | 2021 | 2022 | 2023 | 2024,Cowboys | Sea Eagles,2020-09-18T08:00:00Z,2024-07-14T06:05:00Z,22,0,0,0,0,Teams listed are inferred from match structure in player-stat JSON.
NRL player stats data,Ben Creagh,ben creagh,Ben Creagh,2003,2016,2003 | 2004 | 2005 | 2006 | 2007 | 2008 | 2009 | 2010 | 2011 | 2012 | 2013 | 2014 | 2015 | 2016,Dragons,2003-08-10T00:00:00Z,2016-03-20T05:00:00Z,270,0,0,0,0,Teams listed are inferred from match structure in player-stat JSON.
NRL player stats data,Ben Cross,ben cross,Ben Cross,2003,2010,2003 | 2004 | 2005 | 2006 | 2007 | 2008 | 2009 | 2010,Knights | Raiders | Storm,2003-07-13T00:00:00Z,2010-09-05T00:00:00Z,95,0,0,0,0,Teams listed are inferred from match structure in player-stat JSON.
NRL player stats data,Ben Czislowski,ben czislowski,Ben Czislowski,2004,2006,2004 | 2005 | 2006,Broncos | Bulldogs,2004-07-04T00:00:00Z,2006-06-12T00:00:00Z,9,0,0,0,0,Teams listed are inferred from match structure in player-stat JSON.
NRL player stats data,Ben Donaldson,ben donaldson,Ben Donaldson,2000,2001,2000 | 2001,Knights,2000-04-09T00:00:00Z,2001-06-22T00:00:00Z,9,0,0,0,0,Teams listed are inferred from match structure in player-stat JSON.
NRL player stats data,Ben Duckworth,ben duckworth,Ben Duckworth,1998,2001,1998 | 1999 | 2000 | 2001,Eels | Tigers | Wests Tigers,1998-03-14T00:00:00Z,2001-07-20T00:00:00Z,44,0,0,0,0,Teams listed are inferred from match structure in player-stat JSON.
NRL player stats data,Ben Ellis,ben ellis,Ben Ellis,2007,2008,2007 | 2008,Dragons,2007-04-14T00:00:00Z,2008-09-13T00:00:00Z,21,0,0,0,0,Teams listed are inferred from match structure in player-stat JSON.
NRL player stats data,Ben Farrar,ben farrar,Ben Farrar,2007,2010,2007 | 2008 | 2009 | 2010,Cowboys | Sea Eagles,2007-04-28T00:00:00Z,2010-09-12T00:00:00Z,73,0,0,0,0,Teams listed are inferred from match structure in player-stat JSON.
NRL player stats data,Ben Galea,ben galea,Ben Galea,1999,2007,1999 | 2000 | 2001 | 2002 | 2003 | 2004 | 2005 | 2006 | 2007,Tigers | Wests Tigers,1999-06-06T00:00:00Z,2007-08-31T00:00:00Z,152,0,0,0,0,Teams listed are inferred from match structure in player-stat JSON.
NRL player stats data,Ben Hampton,ben hampton,Ben Hampton,2013,2023,2013 | 2014 | 2015 | 2016 | 2017 | 2018 | 2019 | 2020 | 2021 | 2022 | 2023,Cowboys | Storm,2013-06-24T09:00:00Z,2023-05-26T10:00:00Z,121,0,0,0,0,Teams listed are inferred from match structure in player-stat JSON.
NRL player stats data,Ben Hannant,ben hannant,Ben Hannant,2005,2016,2005 | 2006 | 2007 | 2008 | 2009 | 2010 | 2011 | 2012 | 2013 | 2014 | 2015 | 2016,Broncos | Bulldogs | Cowboys | Roosters,2005-04-03T00:00:00Z,2016-09-23T09:55:00Z,245,0,0,0,0,Teams listed are inferred from match structure in player-stat JSON.
NRL player stats data,Ben Harris,ben harris,Ben Harris,2002,2010,2002 | 2003 | 2004 | 2005 | 2008 | 2009 | 2010,Bulldogs | Cowboys,2002-03-31T00:00:00Z,2010-09-04T00:00:00Z,83,0,0,0,0,Teams listed are inferred from match structure in player-stat JSON.
NRL player stats data,Ben Henry,ben henry,Ben Henry,2012,2016,2012 | 2013 | 2014 | 2015 | 2016,Warriors,2012-03-04T00:00:00Z,2016-03-05T06:30:00Z,52,0,0,0,0,Teams listed are inferred from match structure in player-stat JSON.
NRL player stats data,Ben Hornby,ben hornby,Ben Hornby,2000,2012,2000 | 2001 | 2002 | 2003 | 2004 | 2005 | 2006 | 2007 | 2008 | 2009 | 2010 | 2011 | 2012,Broncos | Dragons,2000-07-08T00:00:00Z,2012-09-02T00:00:00Z,273,0,0,0,0,Teams listed are inferred from match structure in player-stat JSON.
NRL player stats data,Ben Hunt,ben hunt,Ben Hunt,2009,2026,2009 | 2010 | 2011 | 2012 | 2013 | 2014 | 2015 | 2016 | 2017 | 2018 | 2019 | 2020 | 2021 | 2022 | 2023 | 2024 | 2025 | 2026,Broncos | Dragons,2009-06-22T00:00:00Z,2026-06-11T09:50:00Z,366,0,0,0,0,Teams listed are inferred from match structure in player-stat JSON.
NRL player stats data,Ben Ikin,ben ikin,Ben Ikin,1998,2004,1998 | 1999 | 2000 | 2001 | 2003 | 2004,Bears | Broncos,1998-03-15T00:00:00Z,2004-09-18T00:00:00Z,97,0,0,0,0,Teams listed are inferred from match structure in player-stat JSON.
NRL player stats data,Ben Jeffery,ben jeffery,Ben Jeffery,2006,2008,2006 | 2008,Titans | Wests Tigers,2006-07-30T00:00:00Z,2008-09-07T00:00:00Z,22,0,0,0,0,Teams listed are inferred from match structure in player-stat JSON.
NRL player stats data,Ben Jeffries,ben jeffries,Ben Jeffries,2001,2002,2001 | 2002,Dragons | Wests Tigers,2001-03-09T00:00:00Z,2002-07-28T00:00:00Z,28,0,0,0,0,Teams listed are inferred from match structure in player-stat JSON.
NRL player stats data,Ben Johnson,ben johnson,Ben Johnson,2025,2025,2025,Roosters,2025-07-06T04:00:00Z,2025-07-06T04:00:00Z,1,0,0,0,0,Teams listed are inferred from match structure in player-stat JSON.
NRL player stats data,Ben Jones,ben jones,Ben Jones,2006,2011,2006 | 2007 | 2008 | 2009 | 2010 | 2011,Cowboys | Raiders | Roosters,2006-03-11T00:00:00Z,2011-08-05T00:00:00Z,68,0,0,0,0,Teams listed are inferred from match structure in player-stat JSON.
NRL player stats data,Ben Kennedy,ben kennedy,Ben Kennedy,1998,2006,1998 | 1999 | 2000 | 2001 | 2002 | 2003 | 2004 | 2005 | 2006,Knights | Raiders | Sea Eagles,1998-04-04T00:00:00Z,2006-09-15T00:00:00Z,162,0,0,0,0,Teams listed are inferred from match structure in player-stat JSON.
NRL player stats data,Ben Kusto,ben kusto,Ben Kusto,1998,2002,1998 | 1999 | 2000 | 2002,Dragons | Eels,1998-04-26T00:00:00Z,2002-08-31T00:00:00Z,46,0,0,0,0,Teams listed are inferred from match structure in player-stat JSON.
NRL player stats data,Ben Laity,ben laity,Ben Laity,2002,2002,2002,Cowboys,2002-05-18T00:00:00Z,2002-05-18T00:00:00Z,1,0,0,0,0,Teams listed are inferred from match structure in player-stat JSON.
NRL player stats data,Ben Lowe,ben lowe,Ben Lowe,2008,2015,2008 | 2009 | 2010 | 2011 | 2012 | 2013 | 2014 | 2015,Rabbitohs,2008-03-21T00:00:00Z,2015-07-25T09:30:00Z,117,0,0,0,0,Teams listed are inferred from match structure in player-stat JSON.
NRL player stats data,Ben Lythe,ben lythe,Ben Lythe,2000,2000,2000,Warriors,2000-02-26T00:00:00Z,2000-04-29T00:00:00Z,5,0,0,0,0,Teams listed are inferred from match structure in player-stat JSON.
NRL player stats data,Ben MacDougall,ben macdougall,Ben MacDougall,1998,2004,1998 | 2000 | 2001 | 2002 | 2003 | 2004,Eagles | Knights | Magpies | Sea Eagles | Storm,1998-04-19T00:00:00Z,2004-09-19T15:45:00Z,81,0,0,0,0,Teams listed are inferred from match structure in player-stat JSON.
NRL player stats data,Ben Marschke,ben marschke,Ben Marschke,2021,2021,2021,Roosters,2021-04-04T08:15:00Z,2021-09-17T09:50:00Z,13,0,0,0,0,Teams listed are inferred from match structure in player-stat JSON.
NRL player stats data,Ben Matulino,ben matulino,Ben Matulino,2008,2019,2008 | 2009 | 2010 | 2011 | 2012 | 2013 | 2014 | 2015 | 2016 | 2017 | 2018 | 2019,Warriors | Wests Tigers,2008-06-14T00:00:00Z,2019-06-14T09:55:00Z,248,0,0,0,0,Teams listed are inferred from match structure in player-stat JSON.
NRL player stats data,Ben McFadgen,ben mcfadgen,Ben McFadgen,2009,2009,2009,Panthers,2009-07-10T00:00:00Z,2009-07-10T00:00:00Z,1,0,0,0,0,Teams listed are inferred from match structure in player-stat JSON.
NRL player stats data,Ben Murdoch-Masila,ben murdoch masila,Ben Murdoch-Masila,2010,2025,2010 | 2011 | 2012 | 2013 | 2014 | 2021 | 2022 | 2023 | 2024 | 2025,Dragons | Panthers | Warriors | Wests Tigers,2010-09-11T00:00:00Z,2025-09-06T05:00:00Z,123,0,0,0,0,Teams listed are inferred from match structure in player-stat JSON.
NRL player stats data,Ben Nakubuwai,ben nakubuwai,Ben Nakubuwai,2017,2017,2017,Titans,2017-08-17T09:50:00Z,2017-09-02T05:00:00Z,2,0,0,0,0,Teams listed are inferred from match structure in player-stat JSON.
NRL player stats data,Ben Pomeroy,ben pomeroy,Ben Pomeroy,2004,2013,2004 | 2005 | 2006 | 2007 | 2008 | 2009 | 2010 | 2011 | 2012 | 2013,Panthers | Sharks,2004-07-30T00:00:00Z,2013-09-20T09:45:00Z,168,0,0,0,0,Teams listed are inferred from match structure in player-stat JSON.
NRL player stats data,Ben Rauter,ben rauter,Ben Rauter,1998,2000,1998 | 1999 | 2000,Cowboys | Raiders,1998-05-08T00:00:00Z,2000-07-01T00:00:00Z,12,0,0,0,0,Teams listed are inferred from match structure in player-stat JSON.
NRL player stats data,Ben Reynolds,ben reynolds,Ben Reynolds,2001,2006,2001 | 2002 | 2004 | 2005 | 2006,Panthers | Wests Tigers,2001-06-02T00:00:00Z,2006-03-25T00:00:00Z,23,0,0,0,0,Teams listed are inferred from match structure in player-stat JSON.
NRL player stats data,Ben Ridge,ben ridge,Ben Ridge,2010,2015,2010 | 2011 | 2012 | 2013 | 2014 | 2015,Titans,2010-07-23T00:00:00Z,2015-06-14T06:00:00Z,58,0,0,0,0,Teams listed are inferred from match structure in player-stat JSON.
NRL player stats data,Ben Roarty,ben roarty,Ben Roarty,1998,2003,1998 | 1999 | 2000 | 2001 | 2002 | 2003,Panthers | Storm,1998-03-14T00:00:00Z,2003-05-25T00:00:00Z,126,0,0,0,0,Teams listed are inferred from match structure in player-stat JSON.
NRL player stats data,Ben Roberts,ben roberts,Ben Roberts,2006,2014,2006 | 2007 | 2008 | 2009 | 2010 | 2011 | 2012 | 2013 | 2014,Bulldogs | Eels | Storm,2006-04-30T00:00:00Z,2014-09-14T06:10:00Z,148,0,0,0,0,Teams listed are inferred from match structure in player-stat JSON.
NRL player stats data,Ben Rogers,ben rogers,Ben Rogers,2004,2011,2004 | 2005 | 2006 | 2007 | 2008 | 2009 | 2010 | 2011,Dragons | Knights | Panthers | Rabbitohs,2004-06-11T00:00:00Z,2011-03-27T15:00:59Z,83,0,0,0,0,Teams listed are inferred from match structure in player-stat JSON.
NRL player stats data,Ben Ross,ben ross,Ben Ross,2002,2013,2002 | 2003 | 2004 | 2005 | 2006 | 2007 | 2008 | 2009 | 2011 | 2012 | 2013,Dragons | Panthers | Rabbitohs | Sharks,2002-04-20T00:00:00Z,2013-09-08T09:00:00Z,173,0,0,0,0,Teams listed are inferred from match structure in player-stat JSON.
NRL player stats data,Ben Sammut,ben sammut,Ben Sammut,1998,2001,1998 | 2001,Sharks,1998-03-14T00:00:00Z,2001-04-15T00:00:00Z,19,0,0,0,0,Teams listed are inferred from match structure in player-stat JSON.
NRL player stats data,Ben Smith,ben smith,Ben Smith,2004,2014,2004 | 2005 | 2006 | 2007 | 2008 | 2009 | 2010 | 2011 | 2012 | 2013 | 2014,Eels,2004-07-24T00:00:00Z,2014-08-30T05:00:00Z,152,0,0,0,0,Teams listed are inferred from match structure in player-stat JSON.
NRL player stats data,Ben Spina,ben spina,Ben Spina,2014,2017,2014 | 2015 | 2016 | 2017,Cowboys,2014-07-05T07:30:00Z,2017-06-17T07:30:00Z,16,0,0,0,0,Teams listed are inferred from match structure in player-stat JSON.
NRL player stats data,Ben Talty,ben talty,Ben Talty,2025,2026,2025 | 2026,Broncos,2025-07-04T10:00:00Z,2026-06-11T09:50:00Z,24,0,0,0,0,Teams listed are inferred from match structure in player-stat JSON.
NRL player stats data,Ben Te'o,ben teo,Ben Te'o,2007,2021,2007 | 2008 | 2009 | 2010 | 2011 | 2012 | 2013 | 2014 | 2020 | 2021,Broncos | Rabbitohs | Wests Tigers,2007-05-13T00:00:00Z,2021-04-08T09:50:00Z,173,0,0,0,0,Teams listed are inferred from match structure in player-stat JSON.
NRL player stats data,Ben Thomas,ben thomas,Ben Thomas,2021,2023,2021 | 2022 | 2023,Roosters,2021-06-12T05:00:00Z,2023-03-30T09:00:00Z,8,0,0,0,0,Teams listed are inferred from match structure in player-stat JSON.
NRL player stats data,Ben Trbojevic,ben trbojevic,Ben Trbojevic,2021,2026,2021 | 2022 | 2023 | 2024 | 2025 | 2026,Sea Eagles,2021-05-09T04:00:00Z,2026-06-04T09:50:00Z,90,0,0,0,0,Teams listed are inferred from match structure in player-stat JSON.
NRL player stats data,Ben Tyrrell,ben tyrrell,Ben Tyrrell,1999,1999,1999,Rabbitohs,1999-08-16T00:00:00Z,1999-08-21T00:00:00Z,2,0,0,0,0,Teams listed are inferred from match structure in player-stat JSON.
NRL player stats data,Ben Vaeau,ben vaeau,Ben Vaeau,2006,2008,2006 | 2007 | 2008,Broncos | Cowboys,2006-07-02T00:00:00Z,2008-08-23T00:00:00Z,20,0,0,0,0,Teams listed are inferred from match structure in player-stat JSON.
NRL player stats data,Ben Walker,ben walker,Ben Walker,1998,2006,1998 | 1999 | 2000 | 2001 | 2003 | 2005 | 2006,Broncos | Eagles | Rabbitohs | Sea Eagles,1998-03-13T00:00:00Z,2006-07-22T00:00:00Z,119,0,0,0,0,Teams listed are inferred from match structure in player-stat JSON.
NRL player stats data,Ben Wellington,ben wellington,Ben Wellington,2003,2003,2003,Roosters,2003-08-09T00:00:00Z,2003-08-24T00:00:00Z,3,0,0,0,0,Teams listed are inferred from match structure in player-stat JSON.
NRL player stats data,Benaiah Ioelu,benaiah ioelu,Benaiah Ioelu,2025,2026,2025 | 2026,Roosters,2025-05-24T09:35:00Z,2026-06-12T10:00:00Z,15,0,0,0,0,Teams listed are inferred from match structure in player-stat JSON.
NRL player stats data,Benjamin Lovett,benjamin lovett,Benjamin Lovett,2023,2023,2023,Rabbitohs,2023-03-25T08:35:00Z,2023-08-12T05:00:00Z,3,0,0,0,0,Teams listed are inferred from match structure in player-stat JSON.
NRL player stats data,Benjamin Te Kura,benjamin te kura,Benjamin Te Kura,2023,2025,2023 | 2024 | 2025,Broncos,2023-08-31T09:50:00Z,2025-06-07T09:35:00Z,11,0,0,0,0,Teams listed are inferred from match structure in player-stat JSON.
NRL player stats data,Benji Marshall,benji marshall,Benji Marshall,2003,2021,2003 | 2004 | 2005 | 2006 | 2007 | 2008 | 2009 | 2010 | 2011 | 2012 | 2013 | 2014 | 2015 | 2016 | 2017 | 2018 | 2019 | 2020 | 2021,Broncos | Dragons | Rabbitohs | Wests Tigers,2003-07-27T00:00:00Z,2021-10-03T08:30:00Z,347,0,0,0,0,Teams listed are inferred from match structure in player-stat JSON.
NRL player stats data,Berrick Barnes,berrick barnes,Berrick Barnes,2005,2005,2005,Broncos,2005-04-29T00:00:00Z,2005-09-02T00:00:00Z,9,0,0,0,0,Teams listed are inferred from match structure in player-stat JSON.
NRL player stats data,Bert Tabuai,bert tabuai,Bert Tabuai,1998,1998,1998,Cowboys,1998-06-28T00:00:00Z,1998-07-31T00:00:00Z,5,0,0,0,0,Teams listed are inferred from match structure in player-stat JSON.
NRL player stats data,Bevan French,bevan french,Bevan French,2016,2018,2016 | 2017 | 2018,Eels,2016-05-30T09:00:00Z,2018-09-01T09:45:00Z,47,0,0,0,0,Teams listed are inferred from match structure in player-stat JSON.
NRL player stats data,Bill Bainbridge,bill bainbridge,Bill Bainbridge,2016,2017,2016 | 2017,Sea Eagles,2016-09-04T08:30:00Z,2017-03-18T10:00:00Z,3,0,0,0,0,Teams listed are inferred from match structure in player-stat JSON.
NRL player stats data,Bill Peden,bill peden,Bill Peden,1998,2002,1998 | 1999 | 2000 | 2001 | 2002,Knights,1998-03-15T00:00:00Z,2002-09-22T00:00:00Z,127,0,0,0,0,Teams listed are inferred from match structure in player-stat JSON.
NRL player stats data,Bill Tupou,bill tupou,Bill Tupou,2010,2015,2010 | 2011 | 2012 | 2013 | 2014 | 2015,Raiders | Warriors,2010-04-04T00:00:00Z,2015-03-21T06:30:00Z,76,0,0,0,0,Teams listed are inferred from match structure in player-stat JSON.
NRL player stats data,Billy Brittain,billy brittain,Billy Brittain,2019,2020,2019 | 2020,Dragons | Rabbitohs,2019-05-31T09:55:00Z,2020-09-12T05:00:00Z,7,0,0,0,0,Teams listed are inferred from match structure in player-stat JSON.
NRL player stats data,Billy Burns,billy burns,Billy Burns,2019,2026,2019 | 2020 | 2021 | 2022 | 2023 | 2024 | 2025 | 2026,Dragons | Panthers | Sharks,2019-08-31T09:35:00Z,2026-06-13T07:30:00Z,86,0,0,0,0,Teams listed are inferred from match structure in player-stat JSON.
NRL player stats data,Billy Magoulias,billy magoulias,Billy Magoulias,2019,2021,2019 | 2020 | 2021,Sharks,2019-07-25T09:50:00Z,2021-08-21T05:00:00Z,24,0,0,0,0,Teams listed are inferred from match structure in player-stat JSON.
NRL player stats data,Billy Moore,billy moore,Billy Moore,1998,1999,1998 | 1999,Bears,1998-03-15T00:00:00Z,1999-07-25T00:00:00Z,43,0,0,0,0,Teams listed are inferred from match structure in player-stat JSON.
NRL player stats data,Billy Ngawini,billy ngawini,Billy Ngawini,2006,2008,2006 | 2008,Bulldogs | Titans,2006-05-14T00:00:00Z,2008-09-07T00:00:00Z,4,0,0,0,0,Teams listed are inferred from match structure in player-stat JSON.
NRL player stats data,Billy Phillips,billy phillips,Billy Phillips,2025,2026,2025 | 2026,Panthers,2025-08-28T09:50:00Z,2026-05-31T08:15:00Z,13,0,0,0,0,Teams listed are inferred from match structure in player-stat JSON.
NRL player stats data,Billy Rogers,billy rogers,Billy Rogers,2011,2011,2011,Eels,2011-03-25T00:00:00Z,2011-05-14T00:00:00Z,5,0,0,0,0,Teams listed are inferred from match structure in player-stat JSON.
NRL player stats data,Billy Scott,billy scott,Billy Scott,2026,2026,2026,Panthers,2026-04-03T09:00:00Z,2026-06-07T04:00:00Z,6,0,0,0,0,Teams listed are inferred from match structure in player-stat JSON.
NRL player stats data,Billy Slater,billy slater,Billy Slater,2003,2018,2003 | 2004 | 2005 | 2006 | 2007 | 2008 | 2009 | 2010 | 2011 | 2012 | 2013 | 2014 | 2015 | 2016 | 2017 | 2018,Knights | Storm | Wests Tigers,2003-03-16T00:00:00Z,2018-09-30T09:20:00Z,319,0,0,0,0,Teams listed are inferred from match structure in player-stat JSON.
NRL player stats data,Billy Smith,billy smith,Billy Smith,2019,2026,2019 | 2021 | 2022 | 2023 | 2025 | 2026,Roosters,2019-08-24T09:35:00Z,2026-06-12T10:00:00Z,53,0,0,0,0,Teams listed are inferred from match structure in player-stat JSON.
NRL player stats data,Billy Tsikrikas,billy tsikrikas,Billy Tsikrikas,2022,2022,2022,Bulldogs,2022-04-22T09:55:00Z,2022-05-20T08:00:00Z,3,0,0,0,0,Teams listed are inferred from match structure in player-stat JSON.
NRL player stats data,Billy Walters,billy walters,Billy Walters,2019,2025,2019 | 2020 | 2021 | 2022 | 2023 | 2024 | 2025,Broncos | Storm | Wests Tigers,2019-07-04T09:50:00Z,2025-09-14T06:05:00Z,110,0,0,0,0,Teams listed are inferred from match structure in player-stat JSON.
NRL player stats data,Blaine Stanley,blaine stanley,Blaine Stanley,1998,2002,1998 | 1999 | 2000 | 2002,Rabbitohs | Sharks,1998-05-30T00:00:00Z,2002-06-22T00:00:00Z,35,0,0,0,0,Teams listed are inferred from match structure in player-stat JSON.
NRL player stats data,Blaize Talagi,blaize talagi,Blaize Talagi,2024,2026,2024 | 2025 | 2026,Eels | Panthers,2024-03-09T06:30:00Z,2026-06-07T04:00:00Z,58,0,0,0,0,Teams listed are inferred from match structure in player-stat JSON.
NRL player stats data,Blake Austin,blake austin,Blake Austin,2011,2018,2011 | 2012 | 2013 | 2014 | 2015 | 2016 | 2017 | 2018,Panthers | Raiders | Wests Tigers,2011-08-27T00:00:00Z,2018-08-31T08:00:00Z,122,0,0,0,0,Teams listed are inferred from match structure in player-stat JSON.
NRL player stats data,Blake Ayshford,blake ayshford,Blake Ayshford,2009,2019,2009 | 2010 | 2011 | 2012 | 2013 | 2014 | 2015 | 2016 | 2017 | 2019,Sharks | Warriors | Wests Tigers,2009-05-22T00:00:00Z,2019-09-07T05:00:00Z,175,0,0,0,0,Teams listed are inferred from match structure in player-stat JSON.
NRL player stats data,Blake Ferguson,blake ferguson,Blake Ferguson,2009,2021,2009 | 2010 | 2011 | 2012 | 2013 | 2015 | 2016 | 2017 | 2018 | 2019 | 2020 | 2021,Eels | Raiders | Roosters | Sharks,2009-03-14T00:00:00Z,2021-09-18T09:50:00Z,249,0,0,0,0,Teams listed are inferred from match structure in player-stat JSON.
NRL player stats data,Blake Green,blake green,Blake Green,2007,2021,2007 | 2008 | 2009 | 2010 | 2015 | 2016 | 2017 | 2018 | 2019 | 2020 | 2021,Bulldogs | Eels | Knights | Sea Eagles | Sharks | Storm | Warriors,2007-04-07T00:00:00Z,2021-05-20T09:50:00Z,181,0,0,0,0,Teams listed are inferred from match structure in player-stat JSON.
NRL player stats data,Blake Lawrie,blake lawrie,Blake Lawrie,2017,2026,2017 | 2018 | 2019 | 2020 | 2021 | 2022 | 2023 | 2024 | 2025 | 2026,Dragons,2017-06-30T08:00:00Z,2026-06-07T06:05:00Z,177,0,0,0,0,Teams listed are inferred from match structure in player-stat JSON.
NRL player stats data,Blake Lazarus,blake lazarus,Blake Lazarus,2010,2010,2010,Wests Tigers,2010-04-16T19:34:00Z,2010-04-24T17:28:00Z,2,0,0,0,0,Teams listed are inferred from match structure in player-stat JSON.
NRL player stats data,Blake Leary,blake leary,Blake Leary,2012,2017,2012 | 2013 | 2015 | 2016 | 2017,Cowboys | Sea Eagles,2012-08-25T00:00:00Z,2017-04-22T07:30:00Z,32,0,0,0,0,Teams listed are inferred from match structure in player-stat JSON.
NRL player stats data,Blake Mozer,blake mozer,Blake Mozer,2023,2026,2023 | 2024 | 2026,Broncos,2023-08-31T09:50:00Z,2026-04-10T10:00:00Z,11,0,0,0,0,Teams listed are inferred from match structure in player-stat JSON.
NRL player stats data,Blake Mueller,blake mueller,Blake Mueller,2003,2005,2003 | 2004 | 2005,Knights,2003-05-03T00:00:00Z,2005-07-02T00:00:00Z,15,0,0,0,0,Teams listed are inferred from match structure in player-stat JSON.
NRL player stats data,Blake Steep,blake steep,Blake Steep,2024,2026,2024 | 2025 | 2026,Roosters,2024-06-02T06:05:00Z,2026-03-26T09:00:00Z,29,0,0,0,0,Teams listed are inferred from match structure in player-stat JSON.
NRL player stats data,Blake Taaffe,blake taaffe,Blake Taaffe,2021,2025,2021 | 2022 | 2023 | 2024 | 2025,Bulldogs | Rabbitohs,2021-06-12T07:30:00Z,2025-06-15T06:05:00Z,65,0,0,0,0,Teams listed are inferred from match structure in player-stat JSON.
NRL player stats data,Blake Wilson,blake wilson,Blake Wilson,2023,2026,2023 | 2024 | 2025 | 2026,Bulldogs | Sea Eagles,2023-05-12T08:00:00Z,2026-05-29T10:00:00Z,39,0,0,0,0,Teams listed are inferred from match structure in player-stat JSON.
NRL player stats data,Blayke Brailey,blayke brailey,Blayke Brailey,2019,2026,2019 | 2020 | 2021 | 2022 | 2023 | 2024 | 2025 | 2026,Sharks,2019-03-15T07:00:00Z,2026-05-29T10:00:00Z,174,0,0,0,0,Teams listed are inferred from match structure in player-stat JSON.
NRL player stats data,Bobby Thompson,bobby thompson,Bobby Thompson,1998,1998,1998,Panthers,1998-05-29T00:00:00Z,1998-08-23T00:00:00Z,12,0,0,0,0,Teams listed are inferred from match structure in player-stat JSON.
NRL player stats data,Bodene Thompson,bodene thompson,Bodene Thompson,2009,2017,2009 | 2010 | 2011 | 2012 | 2013 | 2014 | 2015 | 2016 | 2017,Titans | Warriors | Wests Tigers,2009-05-10T00:00:00Z,2017-07-28T08:00:00Z,143,0,0,0,0,Teams listed are inferred from match structure in player-stat JSON.
NRL player stats data,Boyce Nelson,boyce nelson,Boyce Nelson,1999,1999,1999,Warriors,1999-06-19T00:00:00Z,1999-07-16T00:00:00Z,5,0,0,0,0,Teams listed are inferred from match structure in player-stat JSON.
NRL player stats data,Boyd Cordner,boyd cordner,Boyd Cordner,2011,2020,2011 | 2012 | 2013 | 2014 | 2015 | 2016 | 2017 | 2018 | 2019 | 2020,Roosters,2011-06-04T00:00:00Z,2020-10-09T08:50:00Z,181,0,0,0,0,Teams listed are inferred from match structure in player-stat JSON.
NRL player stats data,Brad Abbey,brad abbey,Brad Abbey,2017,2021,2017 | 2018 | 2021,Bulldogs | Raiders | Roosters,2017-03-17T07:00:00Z,2021-09-02T09:50:00Z,18,0,0,0,0,Teams listed are inferred from match structure in player-stat JSON.
NRL player stats data,Brad Cross,brad cross,Brad Cross,2007,2007,2007,Raiders,2007-06-09T00:00:00Z,2007-07-01T00:00:00Z,3,0,0,0,0,Teams listed are inferred from match structure in player-stat JSON.
NRL player stats data,Brad Davis,brad davis,Brad Davis,2008,2008,2008,Titans,2008-06-09T00:00:00Z,2008-07-26T00:00:00Z,6,0,0,0,0,Teams listed are inferred from match structure in player-stat JSON.
NRL player stats data,Brad Drew,brad drew,Brad Drew,1998,2004,1998 | 1999 | 2000 | 2001 | 2002 | 2003 | 2004,Eels | Panthers | Raiders,1998-04-05T00:00:00Z,2004-09-12T15:45:00Z,133,0,0,0,0,Teams listed are inferred from match structure in player-stat JSON.
NRL player stats data,Brad Fittler,brad fittler,Brad Fittler,1998,2004,1998 | 1999 | 2000 | 2001 | 2002 | 2003 | 2004,Roosters,1998-03-14T00:00:00Z,2004-10-03T19:09:59Z,175,0,0,0,0,Teams listed are inferred from match structure in player-stat JSON.
NRL player stats data,Brad Kelly,brad kelly,Brad Kelly,1999,2002,1999 | 2000 | 2001 | 2002,Eagles | Raiders,1999-06-19T00:00:00Z,2002-07-21T00:00:00Z,28,0,0,0,0,Teams listed are inferred from match structure in player-stat JSON.
NRL player stats data,Brad Mackay,brad mackay,Brad Mackay,1998,1999,1998 | 1999,Dragons | Steelers,1998-03-14T00:00:00Z,1999-09-26T00:00:00Z,39,0,0,0,0,Teams listed are inferred from match structure in player-stat JSON.
NRL player stats data,Brad Meyers,brad meyers,Brad Meyers,2000,2011,2000 | 2001 | 2002 | 2003 | 2004 | 2007 | 2008 | 2009 | 2010 | 2011,Broncos | Titans,2000-05-08T00:00:00Z,2011-04-02T00:00:00Z,177,0,0,0,0,Teams listed are inferred from match structure in player-stat JSON.
NRL player stats data,Brad Morkos,brad morkos,Brad Morkos,2023,2023,2023,Raiders,2023-08-13T04:00:00Z,2023-08-13T04:00:00Z,1,0,0,0,0,Teams listed are inferred from match structure in player-stat JSON.
NRL player stats data,Brad Morrin,brad morrin,Brad Morrin,2005,2010,2005 | 2006 | 2007 | 2008 | 2009 | 2010,Bulldogs,2005-04-24T00:00:00Z,2010-09-05T00:00:00Z,56,0,0,0,0,Teams listed are inferred from match structure in player-stat JSON.
NRL player stats data,Brad Parker,brad parker,Brad Parker,2016,2023,2016 | 2017 | 2018 | 2019 | 2020 | 2021 | 2022 | 2023,Sea Eagles,2016-07-16T07:30:00Z,2023-09-01T08:00:00Z,118,0,0,0,0,Teams listed are inferred from match structure in player-stat JSON.
NRL player stats data,Brad Schneider,brad schneider,Brad Schneider,2022,2025,2022 | 2023 | 2024 | 2025,Panthers | Raiders,2022-03-11T07:00:00Z,2025-09-28T06:05:00Z,52,0,0,0,0,Teams listed are inferred from match structure in player-stat JSON.
NRL player stats data,Brad Smith,brad smith,Brad Smith,1998,1999,1998 | 1999,Dragons | Tigers,1998-05-08T00:00:00Z,1999-08-08T00:00:00Z,18,0,0,0,0,Teams listed are inferred from match structure in player-stat JSON.
NRL player stats data,Brad Takairangi,brad takairangi,Brad Takairangi,2010,2020,2010 | 2011 | 2012 | 2013 | 2014 | 2015 | 2016 | 2017 | 2018 | 2019 | 2020,Eels | Roosters | Titans,2010-03-21T00:00:00Z,2020-10-10T08:50:00Z,180,0,0,0,0,Teams listed are inferred from match structure in player-stat JSON.
NRL player stats data,Brad Thorn,brad thorn,Brad Thorn,1998,2007,1998 | 1999 | 2000 | 2005 | 2006 | 2007,Broncos,1998-03-13T00:00:00Z,2007-09-09T00:00:00Z,141,0,0,0,0,Teams listed are inferred from match structure in player-stat JSON.
NRL player stats data,Brad Tighe,brad tighe,Brad Tighe,2005,2015,2005 | 2006 | 2007 | 2008 | 2009 | 2010 | 2011 | 2012 | 2013 | 2014 | 2015,Knights | Panthers | Titans,2005-03-19T00:00:00Z,2015-09-05T09:30:00Z,171,0,0,0,0,Teams listed are inferred from match structure in player-stat JSON.
NRL player stats data,Brad Watts,brad watts,Brad Watts,1999,2005,1999 | 2000 | 2001 | 2002 | 2003 | 2004 | 2005,Rabbitohs | Storm,1999-06-18T00:00:00Z,2005-07-24T00:00:00Z,99,0,0,0,0,Teams listed are inferred from match structure in player-stat JSON.
NRL player stats data,Braden Hamlin-Uele,braden hamlin uele,Braden Hamlin-Uele,2017,2025,2017 | 2018 | 2019 | 2020 | 2021 | 2022 | 2023 | 2024 | 2025,Cowboys | Sharks,2017-07-29T09:30:00Z,2025-09-26T09:50:00Z,118,0,0,0,0,Teams listed are inferred from match structure in player-stat JSON.
NRL player stats data,Braden Uele,braden uele,Braden Uele,2021,2026,2021 | 2026,Sharks,2021-04-16T08:00:00Z,2026-05-15T08:00:00Z,19,0,0,0,0,Teams listed are inferred from match structure in player-stat JSON.
NRL player stats data,Bradley Clyde,bradley clyde,Bradley Clyde,1998,2000,1998 | 1999 | 2000,Bulldogs | Raiders,1998-03-15T00:00:00Z,2000-07-23T00:00:00Z,58,0,0,0,0,Teams listed are inferred from match structure in player-stat JSON.
NRL player stats data,Bradley Deitz,bradley deitz,Bradley Deitz,2021,2021,2021,Bulldogs,2021-03-12T07:00:00Z,2021-05-29T05:00:00Z,7,0,0,0,0,Teams listed are inferred from match structure in player-stat JSON.
NRL player stats data,Bradley Schneider,bradley schneider,Bradley Schneider,2021,2026,2021 | 2024 | 2026,Dolphins | Panthers | Raiders,2021-05-22T09:35:00Z,2026-06-12T10:00:00Z,17,0,0,0,0,Teams listed are inferred from match structure in player-stat JSON.
NRL player stats data,Bradman Best,bradman best,Bradman Best,2019,2026,2019 | 2020 | 2021 | 2022 | 2023 | 2024 | 2025 | 2026,Knights,2019-08-24T07:30:00Z,2026-05-09T05:00:00Z,112,0,0,0,0,Teams listed are inferred from match structure in player-stat JSON.
NRL player stats data,Brady Malam,brady malam,Brady Malam,1998,1999,1998 | 1999,Warriors,1998-03-13T00:00:00Z,1999-08-21T00:00:00Z,32,0,0,0,0,Teams listed are inferred from match structure in player-stat JSON.
NRL player stats data,Braidon Burns,braidon burns,Braidon Burns,2017,2026,2017 | 2018 | 2019 | 2020 | 2021 | 2022 | 2023 | 2024 | 2025 | 2026,Bulldogs | Cowboys | Rabbitohs,2017-03-11T06:30:00Z,2026-05-16T07:30:00Z,96,0,0,0,0,Teams listed are inferred from match structure in player-stat JSON.
NRL player stats data,Braith Anasta,braith anasta,Braith Anasta,2000,2014,2000 | 2001 | 2002 | 2003 | 2004 | 2005 | 2006 | 2007 | 2008 | 2009 | 2010 | 2011 | 2012 | 2013 | 2014,Bulldogs | Roosters | Wests Tigers,2000-06-02T00:00:00Z,2014-07-06T05:00:00Z,288,0,0,0,0,Teams listed are inferred from match structure in player-stat JSON.
NRL player stats data,Brandon Pearson,brandon pearson,Brandon Pearson,1998,2000,1998 | 1999 | 2000,Raiders,1998-03-15T00:00:00Z,2000-07-21T00:00:00Z,60,0,0,0,0,Teams listed are inferred from match structure in player-stat JSON.
NRL player stats data,Brandon Smith,brandon smith,Brandon Smith,2017,2026,2017 | 2018 | 2019 | 2020 | 2021 | 2022 | 2023 | 2024 | 2025 | 2026,Rabbitohs | Roosters | Storm,2017-06-02T08:00:00Z,2026-06-11T09:50:00Z,158,0,0,0,0,Teams listed are inferred from match structure in player-stat JSON.
NRL player stats data,Brandon Tumeth,brandon tumeth,Brandon Tumeth,2023,2023,2023,Wests Tigers,2023-03-12T05:05:00Z,2023-03-12T05:05:00Z,1,0,0,0,0,Teams listed are inferred from match structure in player-stat JSON.
NRL player stats data,Brandon Wakeham,brandon wakeham,Brandon Wakeham,2019,2026,2019 | 2020 | 2021 | 2022 | 2023 | 2026,Bulldogs | Sea Eagles | Wests Tigers,2019-06-30T06:05:00Z,2026-06-04T09:50:00Z,53,0,0,0,0,Teams listed are inferred from match structure in player-stat JSON.
NRL player stats data,Brayden McGrady,brayden mcgrady,Brayden McGrady,2023,2023,2023,Dolphins,2023-06-24T05:00:00Z,2023-06-24T05:00:00Z,1,0,0,0,0,Teams listed are inferred from match structure in player-stat JSON.
NRL player stats data,Brayden Musgrove,brayden musgrove,Brayden Musgrove,2021,2022,2021 | 2022,Knights,2021-04-16T08:00:00Z,2022-05-07T09:35:00Z,8,0,0,0,0,Teams listed are inferred from match structure in player-stat JSON.
NRL player stats data,Brayden Wiliame,brayden wiliame,Brayden Wiliame,2013,2023,2013 | 2015 | 2016 | 2020 | 2021 | 2023,Dragons | Eels | Sea Eagles | Warriors,2013-06-07T09:45:00Z,2023-07-08T07:30:00Z,50,0,0,0,0,Teams listed are inferred from match structure in player-stat JSON.
NRL player stats data,Braydon Trindall,braydon trindall,Braydon Trindall,2020,2026,2020 | 2021 | 2022 | 2023 | 2024 | 2025 | 2026,Sharks,2020-07-31T09:55:00Z,2026-06-13T07:30:00Z,120,0,0,0,0,Teams listed are inferred from match structure in player-stat JSON.
NRL player stats data,Brendan Elliot,brendan elliot,Brendan Elliot,2014,2023,2014 | 2015 | 2016 | 2017 | 2018 | 2019 | 2020 | 2022 | 2023,Cowboys | Knights | Roosters | Sea Eagles | Titans,2014-07-05T09:30:00Z,2023-08-05T05:00:00Z,85,0,0,0,0,Teams listed are inferred from match structure in player-stat JSON.
NRL player stats data,Brendan Hands,brendan hands,Brendan Hands,2023,2025,2023 | 2024 | 2025,Eels,2023-03-23T09:00:00Z,2025-03-16T05:05:00Z,45,0,0,0,0,Teams listed are inferred from match structure in player-stat JSON.
NRL player stats data,Brendan Hurst,brendan hurst,Brendan Hurst,1998,2000,1998 | 1999 | 2000,Roosters,1998-06-07T00:00:00Z,2000-02-12T00:00:00Z,21,0,0,0,0,Teams listed are inferred from match structure in player-stat JSON.
NRL player stats data,Brendan Magnus,brendan magnus,Brendan Magnus,1998,1999,1998 | 1999,Tigers,1998-06-07T00:00:00Z,1999-05-30T00:00:00Z,10,0,0,0,0,Teams listed are inferred from match structure in player-stat JSON.
NRL player stats data,Brendan O'Meara,brendan omeara,Brendan O'Meara,1998,1998,1998,Rabbitohs,1998-03-29T00:00:00Z,1998-06-20T00:00:00Z,13,0,0,0,0,Teams listed are inferred from match structure in player-stat JSON.
NRL player stats data,Brendan Oake,brendan oake,Brendan Oake,2008,2010,2008 | 2009 | 2010,Eels,2008-03-15T00:00:00Z,2010-07-04T00:00:00Z,22,0,0,0,0,Teams listed are inferred from match structure in player-stat JSON.
NRL player stats data,Brendan Piakura,brendan piakura,Brendan Piakura,2021,2026,2021 | 2022 | 2023 | 2024 | 2025 | 2026,Broncos,2021-05-08T09:35:00Z,2026-06-11T09:50:00Z,66,0,0,0,0,Teams listed are inferred from match structure in player-stat JSON.
NRL player stats data,Brendan Worth,brendan worth,Brendan Worth,2005,2008,2005 | 2007 | 2008,Knights | Panthers,2005-03-19T00:00:00Z,2008-06-27T00:00:00Z,21,0,0,0,0,Teams listed are inferred from match structure in player-stat JSON.
NRL player stats data,Brenden Santi,brenden santi,Brenden Santi,2014,2015,2014 | 2015,Wests Tigers,2014-08-30T07:30:00Z,2015-07-06T09:00:00Z,11,0,0,0,0,Teams listed are inferred from match structure in player-stat JSON.
NRL player stats data,Brendon Boor,brendon boor,Brendon Boor,2008,2008,2008,Cowboys,2008-06-28T00:00:00Z,2008-07-12T00:00:00Z,2,0,0,0,0,Teams listed are inferred from match structure in player-stat JSON.
NRL player stats data,Brendon Gibb,brendon gibb,Brendon Gibb,2012,2012,2012,Broncos,2012-06-10T00:00:00Z,2012-06-29T00:00:00Z,3,0,0,0,0,Teams listed are inferred from match structure in player-stat JSON.
NRL player stats data,Brendon Lindsay,brendon lindsay,Brendon Lindsay,1998,1998,1998,Chargers,1998-03-14T00:00:00Z,1998-08-16T00:00:00Z,4,0,0,0,0,Teams listed are inferred from match structure in player-stat JSON.
NRL player stats data,Brendon Reeves,brendon reeves,Brendon Reeves,1998,2003,1998 | 1999 | 2000 | 2001 | 2002 | 2003,Eagles | Sea Eagles | Steelers,1998-03-14T00:00:00Z,2003-08-30T00:00:00Z,109,0,0,0,0,Teams listed are inferred from match structure in player-stat JSON.
NRL player stats data,Brendon Tunbridge,brendon tunbridge,Brendon Tunbridge,1998,1998,1998,Steelers,1998-03-28T00:00:00Z,1998-08-15T00:00:00Z,9,0,0,0,0,Teams listed are inferred from match structure in player-stat JSON.
NRL player stats data,Brenko Lee,brenko lee,Brenko Lee,2014,2023,2014 | 2015 | 2016 | 2017 | 2018 | 2019 | 2020 | 2022 | 2023,Broncos | Bulldogs | Dolphins | Raiders | Storm | Titans,2014-06-20T09:45:00Z,2023-06-09T10:00:00Z,93,0,0,0,0,Teams listed are inferred from match structure in player-stat JSON.
NRL player stats data,Brent Crisp,brent crisp,Brent Crisp,2008,2008,2008,Bulldogs,2008-04-26T00:00:00Z,2008-08-03T00:00:00Z,7,0,0,0,0,Teams listed are inferred from match structure in player-stat JSON.
NRL player stats data,Brent Grose,brent grose,Brent Grose,2001,2008,2001 | 2002 | 2008,Rabbitohs | Roosters | Sharks,2001-05-11T00:00:00Z,2008-09-12T00:00:00Z,54,0,0,0,0,Teams listed are inferred from match structure in player-stat JSON.
NRL player stats data,Brent Kite,brent kite,Brent Kite,2002,2015,2002 | 2003 | 2004 | 2005 | 2006 | 2007 | 2008 | 2009 | 2010 | 2011 | 2012 | 2013 | 2014 | 2015,Dragons | Panthers | Sea Eagles,2002-03-17T00:00:00Z,2015-04-18T05:00:00Z,313,0,0,0,0,Teams listed are inferred from match structure in player-stat JSON.
NRL player stats data,Brent McConnell,brent mcconnell,Brent McConnell,2006,2006,2006,Cowboys,2006-07-01T00:00:00Z,2006-08-19T00:00:00Z,3,0,0,0,0,Teams listed are inferred from match structure in player-stat JSON.
NRL player stats data,Brent Naden,brent naden,Brent Naden,2019,2025,2019 | 2020 | 2021 | 2022 | 2023 | 2024 | 2025,Bulldogs | Panthers | Wests Tigers,2019-05-30T09:50:00Z,2025-08-24T06:05:00Z,89,0,0,0,0,Teams listed are inferred from match structure in player-stat JSON.
NRL player stats data,Brent Sherwin,brent sherwin,Brent Sherwin,1999,2007,1999 | 2000 | 2001 | 2002 | 2003 | 2004 | 2005 | 2006 | 2007,Bulldogs,1999-05-01T00:00:00Z,2007-09-15T00:00:00Z,191,0,0,0,0,Teams listed are inferred from match structure in player-stat JSON.
NRL player stats data,Brent Tate,brent tate,Brent Tate,2001,2014,2001 | 2002 | 2003 | 2004 | 2005 | 2006 | 2007 | 2008 | 2009 | 2010 | 2011 | 2012 | 2013 | 2014,Broncos | Cowboys | Warriors,2001-07-29T00:00:00Z,2014-06-06T09:40:00Z,229,0,0,0,0,Teams listed are inferred from match structure in player-stat JSON.
NRL player stats data,Brent Webb,brent webb,Brent Webb,2002,2006,2002 | 2003 | 2004 | 2005 | 2006,Warriors,2002-04-01T00:00:00Z,2006-09-03T00:00:00Z,103,0,0,0,0,Teams listed are inferred from match structure in player-stat JSON.
NRL player stats data,Brent Woolf,brent woolf,Brent Woolf,2026,2026,2026,Dolphins,2026-03-08T05:05:00Z,2026-03-08T05:05:00Z,1,0,0,0,0,Teams listed are inferred from match structure in player-stat JSON.
NRL player stats data,Brenton Bowen,brenton bowen,Brenton Bowen,2003,2008,2003 | 2004 | 2005 | 2006 | 2007 | 2008,Cowboys | Titans,2003-03-22T21:29:59Z,2008-07-04T00:00:00Z,50,0,0,0,0,Teams listed are inferred from match structure in player-stat JSON.
NRL player stats data,Brenton Lawrence,brenton lawrence,Brenton Lawrence,2011,2017,2011 | 2012 | 2013 | 2014 | 2015 | 2016 | 2017,Sea Eagles | Titans,2011-06-25T00:00:00Z,2017-09-09T09:40:00Z,103,0,0,0,0,Teams listed are inferred from match structure in player-stat JSON.
NRL player stats data,Brenton Pomery,brenton pomery,Brenton Pomery,1998,2001,1998 | 1999 | 2000 | 2001,Magpies | Storm | Wests Tigers,1998-04-09T00:00:00Z,2001-02-24T00:00:00Z,14,0,0,0,0,Teams listed are inferred from match structure in player-stat JSON.
NRL player stats data,Brett Anderson,brett anderson,Brett Anderson,2004,2009,2004 | 2007 | 2008 | 2009,Cowboys | Eels | Storm,2004-05-30T00:00:00Z,2009-08-17T00:00:00Z,12,0,0,0,0,Teams listed are inferred from match structure in player-stat JSON.
NRL player stats data,Brett Atkinson,brett atkinson,Brett Atkinson,1999,2002,1999 | 2001 | 2002,Panthers,1999-06-20T00:00:00Z,2002-07-06T00:00:00Z,14,0,0,0,0,Teams listed are inferred from match structure in player-stat JSON.
NRL player stats data,Brett Boyd,brett boyd,Brett Boyd,1998,2000,1998 | 1999 | 2000,Cowboys | Panthers,1998-04-11T00:00:00Z,2000-05-27T00:00:00Z,47,0,0,0,0,Teams listed are inferred from match structure in player-stat JSON.
NRL player stats data,Brett Clements,brett clements,Brett Clements,1998,1998,1998,Knights,1998-06-28T00:00:00Z,1998-09-12T00:00:00Z,6,0,0,0,0,Teams listed are inferred from match structure in player-stat JSON.
NRL player stats data,Brett Dallas,brett dallas,Brett Dallas,1998,1999,1998 | 1999,Bears,1998-05-03T00:00:00Z,1999-08-01T00:00:00Z,37,0,0,0,0,Teams listed are inferred from match structure in player-stat JSON.
NRL player stats data,Brett Delaney,brett delaney,Brett Delaney,2005,2009,2005 | 2006 | 2007 | 2008 | 2009,Eels | Titans,2005-08-21T00:00:00Z,2009-07-31T00:00:00Z,81,0,0,0,0,Teams listed are inferred from match structure in player-stat JSON.
NRL player stats data,Brett Finch,brett finch,Brett Finch,1999,2013,1999 | 2000 | 2001 | 2002 | 2003 | 2004 | 2005 | 2006 | 2007 | 2008 | 2009 | 2010 | 2013,Eels | Raiders | Roosters | Storm,1999-06-04T00:00:00Z,2013-09-07T07:30:00Z,270,0,0,0,0,Teams listed are inferred from match structure in player-stat JSON.
NRL player stats data,Brett Firman,brett firman,Brett Firman,2003,2007,2003 | 2004 | 2005 | 2006 | 2007,Cowboys | Dragons | Panthers | Roosters,2003-03-15T00:00:00Z,2007-07-06T00:00:00Z,46,0,0,0,0,Teams listed are inferred from match structure in player-stat JSON.
NRL player stats data,Brett Galea,brett galea,Brett Galea,1998,1998,1998,Rams,1998-03-13T00:00:00Z,1998-08-22T00:00:00Z,8,0,0,0,0,Teams listed are inferred from match structure in player-stat JSON.
NRL player stats data,Brett Grogan,brett grogan,Brett Grogan,1998,2000,1998 | 2000,Eagles | Knights,1998-04-26T00:00:00Z,2000-06-11T00:00:00Z,26,0,0,0,0,Teams listed are inferred from match structure in player-stat JSON.
NRL player stats data,Brett Hetherington,brett hetherington,Brett Hetherington,1998,2001,1998 | 1999 | 2000 | 2001,Cowboys | Raiders,1998-03-15T00:00:00Z,2001-08-04T00:00:00Z,42,0,0,0,0,Teams listed are inferred from match structure in player-stat JSON.
NRL player stats data,Brett Hodgson,brett hodgson,Brett Hodgson,1998,2008,1998 | 1999 | 2000 | 2001 | 2002 | 2003 | 2004 | 2005 | 2006 | 2007 | 2008,Eels | Magpies | Warriors | Wests Tigers,1998-03-15T00:00:00Z,2008-09-07T00:00:00Z,213,0,0,0,0,Teams listed are inferred from match structure in player-stat JSON.
NRL player stats data,Brett Horsnell,brett horsnell,Brett Horsnell,1998,1998,1998,Eels,1998-03-14T00:00:00Z,1998-08-23T00:00:00Z,16,0,0,0,0,Teams listed are inferred from match structure in player-stat JSON.
NRL player stats data,Brett Howland,brett howland,Brett Howland,1998,2005,1998 | 1999 | 2000 | 2001 | 2003 | 2004 | 2005,Bulldogs | Panthers | Sharks,1998-03-22T00:00:00Z,2005-09-04T00:00:00Z,105,0,0,0,0,Teams listed are inferred from match structure in player-stat JSON.
NRL player stats data,Brett Kearney,brett kearney,Brett Kearney,2003,2009,2003 | 2004 | 2005 | 2006 | 2007 | 2008 | 2009,Rabbitohs | Sharks,2003-03-15T00:00:00Z,2009-03-14T00:00:00Z,77,0,0,0,0,Teams listed are inferred from match structure in player-stat JSON.
NRL player stats data,Brett Kelly,brett kelly,Brett Kelly,2006,2010,2006 | 2007 | 2008 | 2009 | 2010,Raiders | Sharks,2006-04-22T00:00:00Z,2010-05-01T14:59:00Z,21,0,0,0,0,Teams listed are inferred from match structure in player-stat JSON.
NRL player stats data,Brett Kimmorley,brett kimmorley,Brett Kimmorley,1998,2010,1998 | 1999 | 2000 | 2001 | 2002 | 2003 | 2004 | 2005 | 2006 | 2007 | 2008 | 2009 | 2010,Bulldogs | Eagles | Sharks | Storm,1998-03-14T00:00:00Z,2010-09-05T00:00:00Z,291,0,0,0,0,Teams listed are inferred from match structure in player-stat JSON.
NRL player stats data,Brett Lane,brett lane,Brett Lane,2012,2012,2012,Bulldogs,2012-06-15T00:00:00Z,2012-06-15T00:00:00Z,1,0,0,0,0,Teams listed are inferred from match structure in player-stat JSON.
NRL player stats data,Brett Morris,brett morris,Brett Morris,2006,2021,2006 | 2007 | 2008 | 2009 | 2010 | 2011 | 2012 | 2013 | 2014 | 2015 | 2016 | 2017 | 2018 | 2019 | 2020 | 2021,Bulldogs | Dragons | Roosters,2006-05-07T00:00:00Z,2021-05-01T09:35:00Z,276,0,0,0,0,Teams listed are inferred from match structure in player-stat JSON.
NRL player stats data,Brett Mullins,brett mullins,Brett Mullins,1998,2002,1998 | 1999 | 2000 | 2002,Raiders | Roosters,1998-06-29T00:00:00Z,2002-10-06T00:00:00Z,74,0,0,0,0,Teams listed are inferred from match structure in player-stat JSON.
NRL player stats data,Brett O'Farrell,brett ofarrell,Brett O'Farrell,1999,2001,1999 | 2000 | 2001,Storm,1999-07-02T00:00:00Z,2001-07-15T00:00:00Z,20,0,0,0,0,Teams listed are inferred from match structure in player-stat JSON.
NRL player stats data,Brett Oliver,brett oliver,Brett Oliver,2003,2005,2003 | 2004 | 2005,Bulldogs,2003-08-10T00:00:00Z,2005-03-18T19:50:00Z,6,0,0,0,0,Teams listed are inferred from match structure in player-stat JSON.
NRL player stats data,Brett Rodwell,brett rodwell,Brett Rodwell,1998,1999,1998 | 1999,Rabbitohs,1998-03-13T00:00:00Z,1999-08-29T00:00:00Z,46,0,0,0,0,Teams listed are inferred from match structure in player-stat JSON.
NRL player stats data,Brett Sargent,brett sargent,Brett Sargent,2002,2002,2002,Sharks,2002-07-21T00:00:00Z,2002-08-03T00:00:00Z,3,0,0,0,0,Teams listed are inferred from match structure in player-stat JSON.
NRL player stats data,Brett Seymour,brett seymour,Brett Seymour,2002,2011,2002 | 2003 | 2004 | 2005 | 2006 | 2007 | 2008 | 2009 | 2010 | 2011,Broncos | Sharks | Warriors,2002-05-26T00:00:00Z,2011-06-26T00:00:00Z,123,0,0,0,0,Teams listed are inferred from match structure in player-stat JSON.
NRL player stats data,Brett Sheehan,brett sheehan,Brett Sheehan,2002,2002,2002,Rabbitohs,2002-05-03T00:00:00Z,2002-08-31T00:00:00Z,8,0,0,0,0,Teams listed are inferred from match structure in player-stat JSON.
NRL player stats data,Brett Stewart,brett stewart,Brett Stewart,2003,2016,2003 | 2004 | 2005 | 2006 | 2007 | 2008 | 2009 | 2010 | 2011 | 2012 | 2013 | 2014 | 2015 | 2016,Broncos | Eels | Sea Eagles,2003-07-06T00:00:00Z,2016-06-27T09:00:00Z,233,0,0,0,0,Teams listed are inferred from match structure in player-stat JSON.
NRL player stats data,Brett Warton,brett warton,Brett Warton,1998,1998,1998,Magpies,1998-04-26T00:00:00Z,1998-08-23T00:00:00Z,11,0,0,0,0,Teams listed are inferred from match structure in player-stat JSON.
NRL player stats data,Brett White,brett white,Brett White,2005,2014,2005 | 2006 | 2007 | 2008 | 2009 | 2010 | 2011 | 2012 | 2013 | 2014,Raiders | Storm,2005-03-13T00:00:00Z,2014-09-06T07:30:00Z,196,0,0,0,0,Teams listed are inferred from match structure in player-stat JSON.
NRL player stats data,Brian Carney,brian carney,Brian Carney,2006,2006,2006,Knights,2006-03-11T00:00:00Z,2006-09-16T00:00:00Z,26,0,0,0,0,Teams listed are inferred from match structure in player-stat JSON.
NRL player stats data,Brian Jellick,brian jellick,Brian Jellick,1999,2001,1999 | 2000 | 2001,Cowboys,1999-04-18T00:00:00Z,2001-09-02T00:00:00Z,48,0,0,0,0,Teams listed are inferred from match structure in player-stat JSON.
NRL player stats data,Brian Kelly,brian kelly,Brian Kelly,2017,2026,2017 | 2018 | 2019 | 2020 | 2021 | 2022 | 2023 | 2024 | 2025 | 2026,Eels | Sea Eagles | Titans,2017-03-05T05:00:00Z,2026-06-13T09:35:00Z,204,0,0,0,0,Teams listed are inferred from match structure in player-stat JSON.
NRL player stats data,Brian Leauma,brian leauma,Brian Leauma,1998,1998,1998,Panthers,1998-04-25T00:00:00Z,1998-04-25T00:00:00Z,1,0,0,0,0,Teams listed are inferred from match structure in player-stat JSON.
NRL player stats data,Brian Pouniu,brian pouniu,Brian Pouniu,2026,2026,2026,Dolphins,2026-03-15T07:15:00Z,2026-06-12T10:00:00Z,5,0,0,0,0,Teams listed are inferred from match structure in player-stat JSON.
NRL player stats data,Brian Seimson,brian seimson,Brian Seimson,1998,1998,1998,Rabbitohs,1998-06-20T00:00:00Z,1998-08-23T00:00:00Z,2,0,0,0,0,Teams listed are inferred from match structure in player-stat JSON.
NRL player stats data,Brian Siemsen,brian siemsen,Brian Siemsen,2003,2004,2003 | 2004,Rabbitohs,2003-08-23T00:00:00Z,2004-07-24T00:00:00Z,3,0,0,0,0,Teams listed are inferred from match structure in player-stat JSON.
NRL player stats data,Brian To'o,brian too,Brian To'o,2019,2026,2019 | 2020 | 2021 | 2022 | 2023 | 2024 | 2025 | 2026,Panthers,2019-05-17T08:00:00Z,2026-06-07T04:00:00Z,147,0,0,0,0,Teams listed are inferred from match structure in player-stat JSON.
NRL player stats data,Briton Nikora,briton nikora,Briton Nikora,2019,2026,2019 | 2020 | 2021 | 2022 | 2023 | 2024 | 2025 | 2026,Sharks,2019-03-15T07:00:00Z,2026-06-07T06:05:00Z,169,0,0,0,0,Teams listed are inferred from match structure in player-stat JSON.
NRL player stats data,Brock Gray,brock gray,Brock Gray,2025,2025,2025,Titans,2025-03-16T07:15:00Z,2025-04-26T07:30:00Z,6,0,0,0,0,Teams listed are inferred from match structure in player-stat JSON.
NRL player stats data,Brock Greacen,brock greacen,Brock Greacen,2025,2025,2025,Knights,2025-06-14T07:30:00Z,2025-06-14T07:30:00Z,1,0,0,0,0,Teams listed are inferred from match structure in player-stat JSON.
NRL player stats data,Brock Lamb,brock lamb,Brock Lamb,2016,2019,2016 | 2017 | 2018 | 2019,Knights | Roosters,2016-04-30T07:30:00Z,2019-05-24T09:55:00Z,33,0,0,0,0,Teams listed are inferred from match structure in player-stat JSON.
NRL player stats data,Brock Mueller,brock mueller,Brock Mueller,1998,1999,1998 | 1999,Knights,1998-08-16T00:00:00Z,1999-07-24T00:00:00Z,6,0,0,0,0,Teams listed are inferred from match structure in player-stat JSON.
NRL player stats data,Broderick Wright,broderick wright,Broderick Wright,2008,2011,2008 | 2009 | 2010 | 2011,Eels | Sharks,2008-07-25T00:00:00Z,2011-05-23T00:00:00Z,40,0,0,0,0,Teams listed are inferred from match structure in player-stat JSON.
NRL player stats data,Brodie Croft,brodie croft,Brodie Croft,2016,2021,2016 | 2017 | 2018 | 2019 | 2020 | 2021,Broncos | Storm,2016-06-18T09:30:00Z,2021-09-04T05:00:00Z,66,0,0,0,0,Teams listed are inferred from match structure in player-stat JSON.
NRL player stats data,Brodie Jones,brodie jones,Brodie Jones,2020,2025,2020 | 2021 | 2022 | 2023 | 2024 | 2025,Knights,2020-05-31T06:05:00Z,2025-08-17T06:05:00Z,99,0,0,0,0,Teams listed are inferred from match structure in player-stat JSON.
NRL player stats data,Bronson Garlick,bronson garlick,Bronson Garlick,2022,2026,2022 | 2023 | 2024 | 2025 | 2026,Rabbitohs | Storm,2022-03-12T08:35:00Z,2026-06-11T09:50:00Z,68,0,0,0,0,Teams listed are inferred from match structure in player-stat JSON.
NRL player stats data,Bronson Harrison,bronson harrison,Bronson Harrison,2004,2014,2004 | 2005 | 2006 | 2007 | 2008 | 2009 | 2010 | 2011 | 2012 | 2013 | 2014,Dragons | Raiders | Wests Tigers,2004-04-03T00:00:00Z,2014-09-07T04:00:00Z,196,0,0,0,0,Teams listed are inferred from match structure in player-stat JSON.
NRL player stats data,Bronson Xerri,bronson xerri,Bronson Xerri,2019,2026,2019 | 2024 | 2025 | 2026,Bulldogs | Sharks,2019-04-06T08:35:00Z,2026-06-08T06:05:00Z,77,0,0,0,0,Teams listed are inferred from match structure in player-stat JSON.
NRL player stats data,Bronx Goodwin,bronx goodwin,Bronx Goodwin,2007,2012,2007 | 2008 | 2009 | 2011 | 2012,Dragons | Raiders | Sharks,2007-05-12T00:00:00Z,2012-09-02T00:00:00Z,32,0,0,0,0,Teams listed are inferred from match structure in player-stat JSON.
NRL player stats data,Brook Martin,brook martin,Brook Martin,2000,2000,2000,Storm,2000-05-05T00:00:00Z,2000-05-05T00:00:00Z,1,0,0,0,0,Teams listed are inferred from match structure in player-stat JSON.
NRL player stats data,Bruce Mamando,bruce mamando,Bruce Mamando,1998,2001,1998 | 2000 | 2001,Cowboys | Rams,1998-05-08T00:00:00Z,2001-06-16T00:00:00Z,4,0,0,0,0,Teams listed are inferred from match structure in player-stat JSON.
NRL player stats data,Bryan Fletcher,bryan fletcher,Bryan Fletcher,1998,2005,1998 | 1999 | 2000 | 2001 | 2002 | 2003 | 2004 | 2005,Rabbitohs | Roosters,1998-03-14T00:00:00Z,2005-08-20T00:00:00Z,163,0,0,0,0,Teams listed are inferred from match structure in player-stat JSON.
NRL player stats data,Bryan Henare,bryan henare,Bryan Henare,1998,1999,1998 | 1999,Warriors,1998-03-13T00:00:00Z,1999-07-04T00:00:00Z,8,0,0,0,0,Teams listed are inferred from match structure in player-stat JSON.
NRL player stats data,Bryan Norrie,bryan norrie,Bryan Norrie,2004,2014,2004 | 2005 | 2006 | 2007 | 2008 | 2009 | 2010 | 2011 | 2012 | 2013 | 2014,Dragons | Panthers | Sharks | Storm,2004-05-21T00:00:00Z,2014-09-14T06:10:00Z,180,0,0,0,0,Teams listed are inferred from match structure in player-stat JSON.
NRL player stats data,Bryce Cartwright,bryce cartwright,Bryce Cartwright,2014,2024,2014 | 2015 | 2016 | 2017 | 2018 | 2019 | 2020 | 2021 | 2022 | 2023 | 2024,Eels | Panthers | Titans,2014-05-30T09:45:00Z,2024-09-06T08:00:00Z,197,0,0,0,0,Teams listed are inferred from match structure in player-stat JSON.
NRL player stats data,Bryce Gibbs,bryce gibbs,Bryce Gibbs,2003,2014,2003 | 2004 | 2005 | 2006 | 2007 | 2008 | 2009 | 2010 | 2011 | 2012 | 2013 | 2014,Sharks | Wests Tigers,2003-08-23T00:00:00Z,2014-07-18T09:40:00Z,197,0,0,0,0,Teams listed are inferred from match structure in player-stat JSON.
NRL player stats data,Bryson Goodwin,bryson goodwin,Bryson Goodwin,2007,2020,2007 | 2008 | 2009 | 2010 | 2011 | 2012 | 2013 | 2014 | 2015 | 2016 | 2017 | 2020,Bulldogs | Rabbitohs | Sharks,2007-08-25T00:00:00Z,2020-09-26T07:30:00Z,183,0,0,0,0,Teams listed are inferred from match structure in player-stat JSON.
NRL player stats data,Bunty Afoa,bunty afoa,Bunty Afoa,2016,2026,2016 | 2017 | 2018 | 2019 | 2021 | 2022 | 2023 | 2024 | 2025 | 2026,Warriors | Wests Tigers,2016-07-02T05:00:00Z,2026-06-14T06:05:00Z,150,0,0,0,0,Teams listed are inferred from match structure in player-stat JSON.
NRL player stats data,Bureta Faraimo,bureta faraimo,Bureta Faraimo,2014,2016,2014 | 2015 | 2016,Eels,2014-08-02T05:00:00Z,2016-07-23T07:30:00Z,15,0,0,0,0,Teams listed are inferred from match structure in player-stat JSON.
NRL player stats data,Cade Cust,cade cust,Cade Cust,2019,2021,2019 | 2020 | 2021,Sea Eagles,2019-05-19T06:05:00Z,2021-07-16T10:05:00Z,28,0,0,0,0,Teams listed are inferred from match structure in player-stat JSON.
NRL player stats data,Caleb Aekins,caleb aekins,Caleb Aekins,2018,2021,2018 | 2019 | 2020 | 2021,Panthers | Raiders,2018-07-13T08:00:00Z,2021-05-29T09:35:00Z,19,0,0,0,0,Teams listed are inferred from match structure in player-stat JSON.
NRL player stats data,Caleb Binge,caleb binge,Caleb Binge,2014,2014,2014,Titans,2014-06-16T09:00:00Z,2014-09-07T05:00:00Z,2,0,0,0,0,Teams listed are inferred from match structure in player-stat JSON.
NRL player stats data,Caleb Navale,caleb navale,Caleb Navale,2024,2025,2024 | 2025,Sea Eagles,2024-06-22T09:35:00Z,2025-09-05T08:00:00Z,12,0,0,0,0,Teams listed are inferred from match structure in player-stat JSON.
NRL player stats data,Cameron Bukowski,cameron bukowski,Cameron Bukowski,2026,2026,2026,Broncos,2026-04-18T09:35:00Z,2026-04-18T09:35:00Z,1,0,0,0,0,Teams listed are inferred from match structure in player-stat JSON.
NRL player stats data,Cameron Ciraldo,cameron ciraldo,Cameron Ciraldo,2005,2013,2005 | 2006 | 2007 | 2008 | 2009 | 2010 | 2011 | 2012 | 2013,Knights | Panthers | Sharks,2005-08-06T00:00:00Z,2013-08-02T09:35:00Z,94,0,0,0,0,Teams listed are inferred from match structure in player-stat JSON.
NRL player stats data,Cameron Cullen,cameron cullen,Cameron Cullen,2016,2017,2016 | 2017,Sea Eagles | Titans,2016-04-10T04:00:00Z,2017-07-30T04:00:00Z,10,0,0,0,0,Teams listed are inferred from match structure in player-stat JSON.
NRL player stats data,Cameron Durnford,cameron durnford,Cameron Durnford,1998,1998,1998,Chargers,1998-08-01T00:00:00Z,1998-08-22T00:00:00Z,4,0,0,0,0,Teams listed are inferred from match structure in player-stat JSON.
NRL player stats data,Cameron King,cameron king,Cameron King,2010,2018,2010 | 2012 | 2013 | 2014 | 2015 | 2017 | 2018,Cowboys | Dragons | Eels,2010-09-05T00:00:00Z,2018-08-24T09:55:00Z,43,0,0,0,0,Teams listed are inferred from match structure in player-stat JSON.
NRL player stats data,Cameron McInnes,cameron mcinnes,Cameron McInnes,2014,2026,2014 | 2015 | 2016 | 2017 | 2018 | 2019 | 2020 | 2022 | 2023 | 2024 | 2025 | 2026,Dragons | Rabbitohs | Sharks,2014-04-05T08:30:00Z,2026-06-13T07:30:00Z,232,0,0,0,0,Teams listed are inferred from match structure in player-stat JSON.
NRL player stats data,Cameron Munster,cameron munster,Cameron Munster,2014,2026,2014 | 2015 | 2016 | 2017 | 2018 | 2019 | 2020 | 2021 | 2022 | 2023 | 2024 | 2025 | 2026,Storm,2014-05-31T09:30:00Z,2026-06-05T08:00:00Z,251,0,0,0,0,Teams listed are inferred from match structure in player-stat JSON.
NRL player stats data,Cameron Murray,cameron murray,Cameron Murray,2017,2026,2017 | 2018 | 2019 | 2020 | 2021 | 2022 | 2023 | 2024 | 2025 | 2026,Rabbitohs,2017-04-21T09:50:00Z,2026-06-04T09:50:00Z,173,0,0,0,0,Teams listed are inferred from match structure in player-stat JSON.
NRL player stats data,Cameron Phelps,cameron phelps,Cameron Phelps,2005,2008,2005 | 2006 | 2007 | 2008,Bulldogs,2005-05-14T00:00:00Z,2008-05-26T00:00:00Z,39,0,0,0,0,Teams listed are inferred from match structure in player-stat JSON.
NRL player stats data,Cameron Smith,cameron smith,Cameron Smith,2002,2020,2002 | 2003 | 2004 | 2005 | 2006 | 2007 | 2008 | 2009 | 2010 | 2011 | 2012 | 2013 | 2014 | 2015 | 2016 | 2017 | 2018 | 2019 | 2020,Storm,2002-04-13T00:00:00Z,2020-10-25T08:30:00Z,430,0,0,0,0,Teams listed are inferred from match structure in player-stat JSON.
NRL player stats data,Campbell Graham,campbell graham,Campbell Graham,2017,2026,2017 | 2018 | 2019 | 2020 | 2021 | 2022 | 2023 | 2025 | 2026,Rabbitohs,2017-08-04T08:00:00Z,2026-06-04T09:50:00Z,152,0,0,0,0,Teams listed are inferred from match structure in player-stat JSON.
NRL player stats data,Carl Doherty,carl doherty,Carl Doherty,1999,1999,1999,Warriors,1999-05-02T00:00:00Z,1999-06-19T00:00:00Z,5,0,0,0,0,Teams listed are inferred from match structure in player-stat JSON.
NRL player stats data,Carl MacNamara,carl macnamara,Carl Macnamara | Carl MacNamara,1998,2001,1998 | 1999 | 2000 | 2001,Panthers,1998-06-21T00:00:00Z,2001-09-01T00:00:00Z,68,0,0,0,0,Teams listed are inferred from match structure in player-stat JSON.
NRL player stats data,Carl Webb,carl webb,Carl Webb,2000,2011,2000 | 2001 | 2002 | 2003 | 2004 | 2005 | 2006 | 2007 | 2008 | 2009 | 2010 | 2011,Broncos | Cowboys | Eels,2000-03-11T00:00:00Z,2011-07-01T00:00:00Z,187,0,0,0,0,Teams listed are inferred from match structure in player-stat JSON.
NRL player stats data,Carlos Tuimavave,carlos tuimavave,Carlos Tuimavave,2012,2015,2012 | 2013 | 2014 | 2015,Knights | Warriors,2012-08-05T00:00:00Z,2015-08-02T04:00:00Z,14,0,0,0,0,Teams listed are inferred from match structure in player-stat JSON.
NRL player stats data,Carter Gordon,carter gordon,Carter Gordon,2025,2025,2025,Titans,2025-09-06T07:30:00Z,2025-09-06T07:30:00Z,1,0,0,0,0,Teams listed are inferred from match structure in player-stat JSON.
NRL player stats data,Casey McGuire,casey mcguire,Casey Mcguire | Casey McGuire,1998,2012,1998 | 2001 | 2002 | 2003 | 2004 | 2005 | 2006 | 2011 | 2012,Broncos | Eels,1998-08-08T00:00:00Z,2012-09-02T00:00:00Z,150,0,0,0,0,Teams listed are inferred from match structure in player-stat JSON.
NRL player stats data,Casey McLean,casey mclean,Casey McLean,2024,2026,2024 | 2025 | 2026,Panthers,2024-06-30T06:05:00Z,2026-06-07T04:00:00Z,48,0,0,0,0,Teams listed are inferred from match structure in player-stat JSON.
NRL player stats data,Chad Halliday,chad halliday,Chad Halliday,1999,2002,1999 | 2000 | 2002,Cowboys | Panthers,1999-03-20T00:00:00Z,2002-09-08T00:00:00Z,27,0,0,0,0,Teams listed are inferred from match structure in player-stat JSON.
NRL player stats data,Chad Randall,chad randall,Chad Randall,2002,2005,2002 | 2003 | 2004 | 2005,Eagles | Sea Eagles,2002-04-20T00:00:00Z,2005-08-27T00:00:00Z,66,0,0,0,0,Teams listed are inferred from match structure in player-stat JSON.
NRL player stats data,Chad Redman,chad redman,Chad Redman,2015,2015,2015,Knights | Titans,2015-05-17T06:00:00Z,2015-07-24T09:35:00Z,7,0,0,0,0,Teams listed are inferred from match structure in player-stat JSON.
NRL player stats data,Chad Robinson,chad robinson,Chad Robinson,2000,2008,2000 | 2001 | 2002 | 2003 | 2004 | 2005 | 2006 | 2007 | 2008,Eels | Roosters,2000-04-01T00:00:00Z,2008-09-06T00:00:00Z,159,0,0,0,0,Teams listed are inferred from match structure in player-stat JSON.
NRL player stats data,Chad Townsend,chad townsend,Chad Townsend,2011,2025,2011 | 2012 | 2013 | 2014 | 2015 | 2016 | 2017 | 2018 | 2019 | 2020 | 2021 | 2022 | 2023 | 2024 | 2025,Cowboys | Roosters | Sharks | Warriors,2011-06-03T00:00:00Z,2025-07-18T08:00:00Z,269,0,0,0,0,Teams listed are inferred from match structure in player-stat JSON.
NRL player stats data,Chanel Harris-Tavita,chanel harris tavita,Chanel Harris-Tavita,2019,2026,2019 | 2020 | 2021 | 2022 | 2024 | 2025 | 2026,Warriors,2019-04-05T07:00:00Z,2026-06-13T07:30:00Z,108,0,0,0,0,Teams listed are inferred from match structure in player-stat JSON.
NRL player stats data,Chanel Mata'utia,chanel matautia,Chanel Mata'utia,2014,2017,2014 | 2015 | 2016 | 2017,Knights,2014-07-25T09:40:00Z,2017-08-05T05:00:00Z,13,0,0,0,0,Teams listed are inferred from match structure in player-stat JSON.
NRL player stats data,Charles Tonga,charles tonga,Charles Tonga,2005,2007,2005 | 2006 | 2007,Bulldogs | Roosters,2005-04-24T00:00:00Z,2007-03-24T00:00:00Z,22,0,0,0,0,Teams listed are inferred from match structure in player-stat JSON.
NRL player stats data,Charlie Gubb,charlie gubb,Charlie Gubb,2013,2018,2013 | 2014 | 2015 | 2016 | 2017 | 2018,Raiders | Warriors,2013-07-07T08:30:00Z,2018-06-08T08:00:00Z,45,0,0,0,0,Teams listed are inferred from match structure in player-stat JSON.
NRL player stats data,Charlie Guymer,charlie guymer,Charlie Guymer,2024,2026,2024 | 2025 | 2026,Eels,2024-07-04T09:50:00Z,2026-06-13T09:35:00Z,32,0,0,0,0,Teams listed are inferred from match structure in player-stat JSON.
NRL player stats data,Charlie Leaeno,charlie leaeno,Charlie Leaeno,2006,2009,2006 | 2008 | 2009,Bulldogs | Dragons,2006-05-07T00:00:00Z,2009-07-12T00:00:00Z,14,0,0,0,0,Teams listed are inferred from match structure in player-stat JSON.
NRL player stats data,Charlie Murray,charlie murray,Charlie Murray,2025,2026,2025 | 2026,Wests Tigers,2025-06-08T06:05:00Z,2026-06-14T06:05:00Z,10,0,0,0,0,Teams listed are inferred from match structure in player-stat JSON.
NRL player stats data,Charlie Staines,charlie staines,Charlie Staines,2020,2025,2020 | 2021 | 2022 | 2023 | 2024 | 2025,Panthers | Wests Tigers,2020-07-11T05:00:00Z,2025-07-20T04:00:00Z,82,0,0,0,0,Teams listed are inferred from match structure in player-stat JSON.
NRL player stats data,Charly Runciman,charly runciman,Charly Runciman,2013,2015,2013 | 2014 | 2015,Dragons,2013-06-29T09:30:00Z,2015-07-12T06:00:00Z,12,0,0,0,0,Teams listed are inferred from match structure in player-stat JSON.
NRL player stats data,Charnze Nicoll-Klokstad,charnze nicoll klokstad,Charnze Nicoll-Klokstad,2017,2026,2017 | 2019 | 2020 | 2021 | 2022 | 2023 | 2024 | 2025 | 2026,Raiders | Warriors,2017-04-30T04:00:00Z,2026-06-13T07:30:00Z,143,0,0,0,0,Teams listed are inferred from match structure in player-stat JSON.
NRL player stats data,Chase Stanley,chase stanley,Chase Stanley,2007,2017,2007 | 2008 | 2009 | 2010 | 2011 | 2012 | 2013 | 2014 | 2015 | 2016 | 2017,Broncos | Bulldogs | Dragons | Storm,2007-03-23T00:00:00Z,2017-09-03T06:00:00Z,110,0,0,0,0,Teams listed are inferred from match structure in player-stat JSON.
NRL player stats data,Chevy Stewart,chevy stewart,Chevy Stewart,2024,2026,2024 | 2025 | 2026,Raiders,2024-04-14T08:15:00Z,2026-06-13T09:35:00Z,14,0,0,0,0,Teams listed are inferred from match structure in player-stat JSON.
NRL player stats data,Cheyse Blair,cheyse blair,Cheyse Blair,2012,2018,2012 | 2013 | 2014 | 2015 | 2016 | 2017 | 2018,Eels | Sea Eagles | Storm,2012-03-02T00:00:00Z,2018-09-07T09:40:00Z,82,0,0,0,0,Teams listed are inferred from match structure in player-stat JSON.
NRL player stats data,Chris Adams,chris adams,Chris Adams,2012,2016,2012 | 2016,Knights,2012-05-12T00:00:00Z,2016-08-14T04:00:00Z,8,0,0,0,0,Teams listed are inferred from match structure in player-stat JSON.
NRL player stats data,Chris Armit,chris armit,Chris Armit,2003,2012,2003 | 2004 | 2005 | 2006 | 2007 | 2008 | 2009 | 2010 | 2011 | 2012,Bulldogs | Eels | Panthers,2003-04-19T00:00:00Z,2012-07-01T00:00:00Z,160,0,0,0,0,Teams listed are inferred from match structure in player-stat JSON.
NRL player stats data,Chris Bailey,chris bailey,Chris Bailey,2006,2010,2006 | 2007 | 2008 | 2009 | 2010,Knights | Sea Eagles,2006-05-14T00:00:00Z,2010-09-12T00:00:00Z,75,0,0,0,0,Teams listed are inferred from match structure in player-stat JSON.
NRL player stats data,Chris Beattie,chris beattie,Chris Beattie,2000,2007,2000 | 2001 | 2002 | 2003 | 2004 | 2007,Roosters | Sharks,2000-05-06T00:00:00Z,2007-05-05T00:00:00Z,92,0,0,0,0,Teams listed are inferred from match structure in player-stat JSON.
NRL player stats data,Chris Caruana,chris caruana,Chris Caruana,1998,2002,1998 | 1999 | 2002,Rabbitohs,1998-03-13T00:00:00Z,2002-07-27T00:00:00Z,49,0,0,0,0,Teams listed are inferred from match structure in player-stat JSON.
NRL player stats data,Chris Enahoro,chris enahoro,Chris Enahoro,2004,2005,2004 | 2005,Rabbitohs,2004-09-04T00:00:00Z,2005-05-28T00:00:00Z,2,0,0,0,0,Teams listed are inferred from match structure in player-stat JSON.
NRL player stats data,Chris Essex,chris essex,Chris Essex,2000,2000,2000,Storm,2000-05-21T00:00:00Z,2000-05-21T00:00:00Z,1,0,0,0,0,Teams listed are inferred from match structure in player-stat JSON.
NRL player stats data,Chris Flannery,chris flannery,Chris Flannery,2000,2006,2000 | 2001 | 2002 | 2003 | 2004 | 2005 | 2006,Roosters,2000-05-07T00:00:00Z,2006-09-02T00:00:00Z,126,0,0,0,0,Teams listed are inferred from match structure in player-stat JSON.
NRL player stats data,Chris Grevsmuhl,chris grevsmuhl,Chris Grevsmuhl,2015,2017,2015 | 2016 | 2017,Panthers | Rabbitohs | Titans,2015-03-05T09:05:00Z,2017-04-22T09:40:00Z,47,0,0,0,0,Teams listed are inferred from match structure in player-stat JSON.
NRL player stats data,Chris Heighington,chris heighington,Chris Heighington,2003,2018,2003 | 2004 | 2005 | 2006 | 2007 | 2008 | 2009 | 2010 | 2011 | 2012 | 2013 | 2014 | 2015 | 2016 | 2017 | 2018,Knights | Sharks | Wests Tigers,2003-03-15T00:00:00Z,2018-09-01T05:00:00Z,338,0,0,0,0,Teams listed are inferred from match structure in player-stat JSON.
NRL player stats data,Chris Hicks,chris hicks,Chris Hicks,1998,2011,1998 | 1999 | 2000 | 2001 | 2002 | 2004 | 2005 | 2006 | 2007 | 2011,Eels | Panthers | Sea Eagles,1998-03-14T00:00:00Z,2011-09-03T00:00:00Z,198,0,0,0,0,Teams listed are inferred from match structure in player-stat JSON.
NRL player stats data,Chris Houston,chris houston,Chris Houston,2007,2015,2007 | 2008 | 2009 | 2011 | 2012 | 2013 | 2014 | 2015,Dragons | Knights,2007-03-31T00:00:00Z,2015-09-05T05:00:00Z,176,0,0,0,0,Teams listed are inferred from match structure in player-stat JSON.
NRL player stats data,Chris Lawler,chris lawler,Chris Lawler,1998,1998,1998,Chargers,1998-03-21T00:00:00Z,1998-04-09T00:00:00Z,2,0,0,0,0,Teams listed are inferred from match structure in player-stat JSON.
NRL player stats data,Chris Lawrence,chris lawrence,Chris Lawrence,2006,2020,2006 | 2007 | 2008 | 2009 | 2010 | 2011 | 2012 | 2013 | 2014 | 2015 | 2016 | 2017 | 2018 | 2019 | 2020,Wests Tigers,2006-07-30T00:00:00Z,2020-09-26T09:35:00Z,253,0,0,0,0,Teams listed are inferred from match structure in player-stat JSON.
NRL player stats data,Chris Leikvoll,chris leikvoll,Chris Leikvoll,1998,2003,1998 | 1999 | 2000 | 2001 | 2002 | 2003,Dragons | Steelers,1998-03-14T00:00:00Z,2003-09-05T00:00:00Z,104,0,0,0,0,Teams listed are inferred from match structure in player-stat JSON.
NRL player stats data,Chris Levy,chris levy,Chris Levy,1998,2001,1998 | 2000 | 2001,Panthers,1998-05-29T00:00:00Z,2001-03-24T00:00:00Z,8,0,0,0,0,Teams listed are inferred from match structure in player-stat JSON.
NRL player stats data,Chris Lewis,chris lewis,Chris Lewis,2020,2024,2020 | 2021 | 2022 | 2023 | 2024,Storm,2020-06-05T09:55:00Z,2024-08-08T09:50:00Z,57,0,0,0,0,Teams listed are inferred from match structure in player-stat JSON.
NRL player stats data,Chris Mandalidis,chris mandalidis,Chris Mandalidis,1999,1999,1999,Knights,1999-04-25T00:00:00Z,1999-07-24T00:00:00Z,6,0,0,0,0,Teams listed are inferred from match structure in player-stat JSON.
NRL player stats data,Chris Marland,chris marland,Chris Marland,1999,1999,1999,Magpies,1999-06-06T00:00:00Z,1999-07-11T00:00:00Z,5,0,0,0,0,Teams listed are inferred from match structure in player-stat JSON.
NRL player stats data,Chris McKenna,chris mckenna,Chris Mckenna | Chris McKenna,1998,2002,1998 | 1999 | 2000 | 2001 | 2002,Sharks,1998-03-14T00:00:00Z,2002-09-29T00:00:00Z,98,0,0,0,0,Teams listed are inferred from match structure in player-stat JSON.
NRL player stats data,Chris Mcpherson,chris mcpherson,Chris Mcpherson | Chris McPherson,1998,1998,1998,Tigers,1998-05-08T00:00:00Z,1998-06-28T00:00:00Z,5,0,0,0,0,Teams listed are inferred from match structure in player-stat JSON.
NRL player stats data,Chris McQueen,chris mcqueen,Chris McQueen,2009,2020,2009 | 2011 | 2012 | 2013 | 2014 | 2015 | 2016 | 2017 | 2018 | 2019 | 2020,Rabbitohs | Titans | Wests Tigers,2009-08-08T00:00:00Z,2020-07-17T09:55:00Z,164,0,0,0,0,Teams listed are inferred from match structure in player-stat JSON.
NRL player stats data,Chris Morcome,chris morcome,Chris Morcome,1999,1999,1999,Tigers,1999-03-13T00:00:00Z,1999-08-29T00:00:00Z,17,0,0,0,0,Teams listed are inferred from match structure in player-stat JSON.
NRL player stats data,Chris Muckert,chris muckert,Chris Muckert,2001,2004,2001 | 2002 | 2003 | 2004,Cowboys | Eels,2001-04-01T00:00:00Z,2004-07-03T00:00:00Z,50,0,0,0,0,Teams listed are inferred from match structure in player-stat JSON.
NRL player stats data,Chris Nahi,chris nahi,Chris Nahi,1998,1998,1998,Chargers,1998-03-14T00:00:00Z,1998-08-09T00:00:00Z,19,0,0,0,0,Teams listed are inferred from match structure in player-stat JSON.
NRL player stats data,Chris Nero,chris nero,Chris Nero,2003,2003,2003,Dragons,2003-03-15T00:00:00Z,2003-09-05T00:00:00Z,7,0,0,0,0,Teams listed are inferred from match structure in player-stat JSON.
NRL player stats data,Chris Paterson,chris paterson,Chris Paterson,2002,2006,2002 | 2003 | 2004 | 2006,Wests Tigers,2002-03-16T00:00:00Z,2006-04-16T00:00:00Z,27,0,0,0,0,Teams listed are inferred from match structure in player-stat JSON.
NRL player stats data,Chris Patolo,chris patolo,Chris Patolo,2021,2024,2021 | 2022 | 2023 | 2024,Bulldogs,2021-07-03T05:00:00Z,2024-07-21T08:15:00Z,30,0,0,0,0,Teams listed are inferred from match structure in player-stat JSON.
NRL player stats data,Chris Quinn,chris quinn,Chris Quinn,1998,1999,1998 | 1999,Eels | Rams,1998-03-13T00:00:00Z,1999-08-14T00:00:00Z,33,0,0,0,0,Teams listed are inferred from match structure in player-stat JSON.
NRL player stats data,Chris Randall,chris randall,Chris Randall,2020,2026,2020 | 2021 | 2022 | 2023 | 2024 | 2025 | 2026,Knights | Titans,2020-05-31T06:05:00Z,2026-06-06T09:35:00Z,110,0,0,0,0,Teams listed are inferred from match structure in player-stat JSON.
NRL player stats data,Chris Sandow,chris sandow,Chris Sandow,2008,2015,2008 | 2009 | 2010 | 2011 | 2012 | 2013 | 2014 | 2015,Eels | Rabbitohs,2008-06-06T19:59:59Z,2015-07-17T09:35:00Z,159,0,0,0,0,Teams listed are inferred from match structure in player-stat JSON.
NRL player stats data,Chris Satae,chris satae,Chris Satae,2017,2019,2017 | 2018 | 2019,Warriors,2017-07-22T09:30:00Z,2019-06-08T05:00:00Z,15,0,0,0,0,Teams listed are inferred from match structure in player-stat JSON.
NRL player stats data,Chris Sheppard,chris sheppard,Chris Sheppard,2001,2008,2001 | 2002 | 2003 | 2004 | 2005 | 2006 | 2008,Cowboys | Dragons,2001-03-10T00:00:00Z,2008-06-16T00:00:00Z,65,0,0,0,0,Teams listed are inferred from match structure in player-stat JSON.
NRL player stats data,Chris Smith,chris smith,Chris Smith,2015,2022,2015 | 2016 | 2017 | 2018 | 2019 | 2020 | 2021 | 2022,Bulldogs | Panthers | Roosters,2015-09-05T05:00:00Z,2022-09-03T09:35:00Z,42,0,0,0,0,Teams listed are inferred from match structure in player-stat JSON.
NRL player stats data,Chris St Clair,chris st clair,Chris St Clair,1998,1998,1998,Tigers,1998-04-11T00:00:00Z,1998-05-17T00:00:00Z,4,0,0,0,0,Teams listed are inferred from match structure in player-stat JSON.
NRL player stats data,Chris Thorman,chris thorman,Chris Thorman,2004,2004,2004,Eels,2004-05-01T00:00:00Z,2004-09-05T00:00:00Z,11,0,0,0,0,Teams listed are inferred from match structure in player-stat JSON.
NRL player stats data,Chris Vea'ila,chris veaila,Chris Vea'ila,2024,2026,2024 | 2025 | 2026,Sharks,2024-07-12T10:00:00Z,2026-03-29T05:05:00Z,9,0,0,0,0,Teams listed are inferred from match structure in player-stat JSON.
NRL player stats data,Chris Walker,chris walker,Chris Walker,1999,2011,1999 | 2000 | 2001 | 2002 | 2003 | 2004 | 2005 | 2006 | 2007 | 2009 | 2011,Broncos | Eels | Rabbitohs | Roosters | Sharks | Storm | Titans,1999-03-14T00:00:00Z,2011-07-01T00:00:00Z,151,0,0,0,0,Teams listed are inferred from match structure in player-stat JSON.
NRL player stats data,Chris Yates,chris yates,Chris Yates,1998,1999,1998 | 1999,Magpies,1998-03-15T00:00:00Z,1999-05-29T00:00:00Z,22,0,0,0,0,Teams listed are inferred from match structure in player-stat JSON.
NRL player stats data,Christian Crichton,christian crichton,Christian Crichton,2018,2022,2018 | 2019 | 2020 | 2022,Bulldogs | Panthers,2018-03-23T07:00:00Z,2022-09-03T09:35:00Z,34,0,0,0,0,Teams listed are inferred from match structure in player-stat JSON.
NRL player stats data,Christian Hill,christian hill,Christian Hill,2001,2001,2001,Eagles,2001-08-19T00:00:00Z,2001-08-19T00:00:00Z,1,0,0,0,0,Teams listed are inferred from match structure in player-stat JSON.
NRL player stats data,Christian Kerisiano,christian kerisiano,Christian Kerisiano,1999,1999,1999,Rabbitohs,1999-06-06T00:00:00Z,1999-06-20T00:00:00Z,3,0,0,0,0,Teams listed are inferred from match structure in player-stat JSON.
NRL player stats data,Christian Tuipulotu,christian tuipulotu,Christian Tuipulotu,2020,2026,2020 | 2021 | 2022 | 2023 | 2024 | 2025 | 2026,Dragons | Roosters | Sea Eagles,2020-08-13T09:50:00Z,2026-05-23T07:30:00Z,66,0,0,0,0,Teams listed are inferred from match structure in player-stat JSON.
NRL player stats data,Christian Welch,christian welch,Christian Welch,2015,2024,2015 | 2016 | 2017 | 2018 | 2019 | 2020 | 2021 | 2022 | 2023 | 2024,Storm,2015-05-10T06:00:00Z,2024-10-06T08:30:00Z,164,0,0,0,0,Teams listed are inferred from match structure in player-stat JSON.
NRL player stats data,Ciriaco Mescia,ciriaco mescia,Ciriaco Mescia,1998,2001,1998 | 1999 | 2000 | 2001,Magpies | Wests Tigers,1998-03-15T00:00:00Z,2001-09-02T00:00:00Z,77,0,0,0,0,Teams listed are inferred from match structure in player-stat JSON.
NRL player stats data,Clay Priest,clay priest,Clay Priest,2016,2018,2016 | 2017 | 2018,Bulldogs | Raiders,2016-04-23T07:30:00Z,2018-07-19T09:50:00Z,39,0,0,0,0,Teams listed are inferred from match structure in player-stat JSON.
NRL player stats data,Clayton Faulalo,clayton faulalo,Clayton Faulalo,2024,2026,2024 | 2025 | 2026,Sea Eagles,2024-06-22T09:35:00Z,2026-06-04T09:50:00Z,33,0,0,0,0,Teams listed are inferred from match structure in player-stat JSON.
NRL player stats data,Cliff Beverley,cliff beverley,Cliff Beverley,1999,2001,1999 | 2000 | 2001,Warriors,1999-03-21T00:00:00Z,2001-08-11T00:00:00Z,44,0,0,0,0,Teams listed are inferred from match structure in player-stat JSON.
NRL player stats data,Cliff Lyons,cliff lyons,Cliff Lyons,1998,1999,1998 | 1999,Sea Eagles,1998-03-13T00:00:00Z,1999-08-28T00:00:00Z,45,0,0,0,0,Teams listed are inferred from match structure in player-stat JSON.
NRL player stats data,Clifford Manua,clifford manua,Clifford Manua,2005,2008,2005 | 2007 | 2008,Broncos | Sharks | Storm,2005-08-21T00:00:00Z,2008-06-09T00:00:00Z,10,0,0,0,0,Teams listed are inferred from match structure in player-stat JSON.
NRL player stats data,Clint Amos,clint amos,Clint Amos,2006,2011,2006 | 2007 | 2008 | 2009 | 2010 | 2011,Cowboys | Titans,2006-03-18T00:00:00Z,2011-07-11T00:00:00Z,37,0,0,0,0,Teams listed are inferred from match structure in player-stat JSON.
NRL player stats data,Clint Greenshields,clint greenshields,Clint Greenshields,2004,2013,2004 | 2005 | 2006 | 2013,Cowboys | Dragons,2004-05-09T00:00:00Z,2013-07-07T04:00:00Z,42,0,0,0,0,Teams listed are inferred from match structure in player-stat JSON.
NRL player stats data,Clint Halden,clint halden,Clint Halden,2007,2007,2007,Sea Eagles,2007-03-24T00:00:00Z,2007-08-26T00:00:00Z,6,0,0,0,0,Teams listed are inferred from match structure in player-stat JSON.
NRL player stats data,Clint Hill,clint hill,Clint Hill,2003,2003,2003,Wests Tigers,2003-08-02T00:00:00Z,2003-08-02T00:00:00Z,1,0,0,0,0,Teams listed are inferred from match structure in player-stat JSON.
NRL player stats data,Clint Newton,clint newton,Clint Newton,2001,2015,2001 | 2002 | 2003 | 2004 | 2005 | 2006 | 2007 | 2012 | 2013 | 2014 | 2015,Knights | Panthers | Storm,2001-03-31T00:00:00Z,2015-09-05T05:00:00Z,173,0,0,0,0,Teams listed are inferred from match structure in player-stat JSON.
NRL player stats data,Clinton Gutherson,clinton gutherson,Clinton Gutherson,2013,2026,2013 | 2014 | 2015 | 2016 | 2017 | 2018 | 2019 | 2020 | 2021 | 2022 | 2023 | 2024 | 2025 | 2026,Dragons | Eels | Sea Eagles,2013-09-08T04:00:00Z,2026-06-07T06:05:00Z,245,0,0,0,0,Teams listed are inferred from match structure in player-stat JSON.
NRL player stats data,Clinton O'Brien,clinton obrien,Clinton O'Brien,1998,2002,1998 | 1999 | 2000 | 2001 | 2002,Chargers | Knights,1998-03-14T00:00:00Z,2002-07-05T00:00:00Z,77,0,0,0,0,Teams listed are inferred from match structure in player-stat JSON.
NRL player stats data,Clinton Schifcofske,clinton schifcofske,Clinton Schifcofske,1998,2006,1998 | 1999 | 2000 | 2001 | 2002 | 2003 | 2004 | 2005 | 2006,Eels | Raiders,1998-03-14T00:00:00Z,2006-09-09T00:00:00Z,211,0,0,0,0,Teams listed are inferred from match structure in player-stat JSON.
NRL player stats data,Clinton Toopi,clinton toopi,Clinton Toopi,1999,2011,1999 | 2000 | 2001 | 2002 | 2003 | 2004 | 2005 | 2006 | 2010 | 2011,Titans | Warriors,1999-05-02T00:00:00Z,2011-09-03T00:00:00Z,156,0,0,0,0,Teams listed are inferred from match structure in player-stat JSON.
NRL player stats data,Coby Black,coby black,Coby Black,2026,2026,2026,Raiders,2026-05-21T09:50:00Z,2026-06-13T09:35:00Z,2,0,0,0,0,Teams listed are inferred from match structure in player-stat JSON.
NRL player stats data,Coby Williamson,coby williamson,Coby Williamson,2024,2025,2024 | 2025,Storm,2024-08-29T09:50:00Z,2025-07-05T09:35:00Z,2,0,0,0,0,Teams listed are inferred from match structure in player-stat JSON.
NRL player stats data,Cody Hopwood,cody hopwood,Cody Hopwood,2025,2026,2025 | 2026,Knights,2025-09-07T06:05:00Z,2026-06-05T08:00:00Z,11,0,0,0,0,Teams listed are inferred from match structure in player-stat JSON.
NRL player stats data,Cody Nelson,cody nelson,Cody Nelson,2014,2016,2014 | 2015 | 2016,Eels | Titans,2014-04-27T05:00:00Z,2016-07-23T07:30:00Z,11,0,0,0,0,Teams listed are inferred from match structure in player-stat JSON.
NRL player stats data,Cody Ramsey,cody ramsey,Cody Ramsey,2020,2026,2020 | 2021 | 2022 | 2026,Dragons | Roosters,2020-09-12T05:00:00Z,2026-06-12T10:00:00Z,50,0,0,0,0,Teams listed are inferred from match structure in player-stat JSON.
NRL player stats data,Cody Walker,cody walker,Cody Walker,2016,2026,2016 | 2017 | 2018 | 2019 | 2020 | 2021 | 2022 | 2023 | 2024 | 2025 | 2026,Rabbitohs,2016-03-06T05:00:00Z,2026-06-11T09:50:00Z,236,0,0,0,0,Teams listed are inferred from match structure in player-stat JSON.
NRL player stats data,Coen Hess,coen hess,Coen Hess,2015,2026,2015 | 2016 | 2017 | 2018 | 2019 | 2020 | 2021 | 2022 | 2023 | 2025 | 2026,Cowboys,2015-08-22T07:30:00Z,2026-06-06T07:30:00Z,200,0,0,0,0,Teams listed are inferred from match structure in player-stat JSON.
NRL player stats data,Cole Geyer,cole geyer,Cole Geyer,2023,2023,2023,Storm,2023-08-31T09:50:00Z,2023-08-31T09:50:00Z,1,0,0,0,0,Teams listed are inferred from match structure in player-stat JSON.
NRL player stats data,Colin Best,colin best,Colin Best,1998,2012,1998 | 1999 | 2000 | 2001 | 2002 | 2005 | 2006 | 2007 | 2008 | 2009 | 2010 | 2011 | 2012,Dragons | Rabbitohs | Raiders | Sharks,1998-05-30T00:00:00Z,2012-09-09T00:00:00Z,261,0,0,0,0,Teams listed are inferred from match structure in player-stat JSON.
NRL player stats data,Colin Ward,colin ward,Colin Ward,1998,2003,1998 | 1999 | 2000 | 2001 | 2002 | 2003,Dragons | Panthers,1998-03-15T00:00:00Z,2003-09-14T00:00:00Z,106,0,0,0,0,Teams listed are inferred from match structure in player-stat JSON.
NRL player stats data,Connelly Lemuelu,connelly lemuelu,Connelly Lemuelu,2020,2026,2020 | 2021 | 2022 | 2023 | 2024 | 2025 | 2026,Cowboys | Dolphins,2020-06-20T07:30:00Z,2026-06-12T10:00:00Z,104,0,0,0,0,Teams listed are inferred from match structure in player-stat JSON.
NRL player stats data,Connor Muhleisen,connor muhleisen,Connor Muhleisen,2023,2024,2023 | 2024,Dragons,2023-07-29T07:30:00Z,2024-09-07T05:00:00Z,11,0,0,0,0,Teams listed are inferred from match structure in player-stat JSON.
NRL player stats data,Connor Tracey,connor tracey,Connor Tracey,2019,2026,2019 | 2020 | 2021 | 2022 | 2023 | 2024 | 2025 | 2026,Bulldogs | Rabbitohs | Sharks,2019-05-31T09:55:00Z,2026-06-08T06:05:00Z,132,0,0,0,0,Teams listed are inferred from match structure in player-stat JSON.
NRL player stats data,Connor Votano,connor votano,Connor Votano,2025,2025,2025,Knights,2025-08-17T06:05:00Z,2025-08-24T04:00:00Z,2,0,0,0,0,Teams listed are inferred from match structure in player-stat JSON.
NRL player stats data,Connor Watson,connor watson,Connor Watson,2016,2026,2016 | 2017 | 2018 | 2019 | 2020 | 2021 | 2022 | 2024 | 2025 | 2026,Knights | Roosters,2016-04-18T09:00:00Z,2026-06-12T10:00:00Z,183,0,0,0,0,Teams listed are inferred from match structure in player-stat JSON.
NRL player stats data,Constantine Mika,constantine mika,Constantine Mika,2009,2011,2009 | 2010 | 2011,Knights,2009-05-31T00:00:00Z,2011-04-17T00:00:00Z,14,0,0,0,0,Teams listed are inferred from match structure in player-stat JSON.
NRL player stats data,Cooper Bai,cooper bai,Cooper Bai,2025,2026,2025 | 2026,Titans,2025-08-31T06:05:00Z,2026-06-14T06:05:00Z,15,0,0,0,0,Teams listed are inferred from match structure in player-stat JSON.
NRL player stats data,Cooper Clarke,cooper clarke,Cooper Clarke,2026,2026,2026,Storm,2026-03-05T09:00:00Z,2026-06-05T08:00:00Z,14,0,0,0,0,Teams listed are inferred from match structure in player-stat JSON.
NRL player stats data,Cooper Cronk,cooper cronk,Cooper Cronk,2004,2019,2004 | 2005 | 2006 | 2007 | 2008 | 2009 | 2010 | 2011 | 2012 | 2013 | 2014 | 2015 | 2016 | 2017 | 2018 | 2019,Roosters | Storm,2004-05-08T00:00:00Z,2019-10-06T08:30:00Z,372,0,0,0,0,Teams listed are inferred from match structure in player-stat JSON.
NRL player stats data,Cooper Johns,cooper johns,Cooper Johns,2020,2023,2020 | 2021 | 2022 | 2023,Sea Eagles | Storm,2020-08-20T09:50:00Z,2023-05-28T06:05:00Z,20,0,0,0,0,Teams listed are inferred from match structure in player-stat JSON.
NRL player stats data,Cooper Vuna,cooper vuna,Cooper Vuna,2004,2010,2004 | 2006 | 2007 | 2008 | 2009 | 2010,Knights | Warriors,2004-08-21T00:00:00Z,2010-09-05T00:00:00Z,59,0,0,0,0,Teams listed are inferred from match structure in player-stat JSON.
NRL player stats data,Corey Allan,corey allan,Corey Allan,2019,2025,2019 | 2020 | 2021 | 2022 | 2023 | 2025,Bulldogs | Dragons | Rabbitohs | Roosters,2019-03-15T09:05:00Z,2025-09-06T05:00:00Z,86,0,0,0,0,Teams listed are inferred from match structure in player-stat JSON.
NRL player stats data,Corey Harawira-Naera,corey harawira naera,Corey Harawira-Naera,2017,2023,2017 | 2018 | 2019 | 2020 | 2021 | 2022 | 2023,Bulldogs | Panthers | Raiders,2017-03-24T07:00:00Z,2023-05-27T09:35:00Z,126,0,0,0,0,Teams listed are inferred from match structure in player-stat JSON.
NRL player stats data,Corey Horsburgh,corey horsburgh,Corey Horsburgh,2019,2026,2019 | 2020 | 2021 | 2022 | 2023 | 2024 | 2025 | 2026,Bulldogs | Raiders,2019-03-17T07:10:00Z,2026-06-13T09:35:00Z,126,0,0,0,0,Teams listed are inferred from match structure in player-stat JSON.
NRL player stats data,Corey Hughes,corey hughes,Corey Hughes,1998,2009,1998 | 1999 | 2000 | 2001 | 2002 | 2003 | 2004 | 2005 | 2006 | 2007 | 2008 | 2009,Bulldogs | Sharks,1998-05-03T00:00:00Z,2009-09-05T00:00:00Z,234,0,0,0,0,Teams listed are inferred from match structure in player-stat JSON.
NRL player stats data,Corey Jensen,corey jensen,Corey Jensen,2017,2026,2017 | 2018 | 2019 | 2020 | 2021 | 2022 | 2023 | 2024 | 2025 | 2026,Broncos | Cowboys,2017-04-15T09:30:00Z,2026-04-18T09:35:00Z,158,0,0,0,0,Teams listed are inferred from match structure in player-stat JSON.
NRL player stats data,Corey Lawrie,corey lawrie,Corey Lawrie,2007,2007,2007,Warriors,2007-04-15T00:00:00Z,2007-05-20T00:00:00Z,4,0,0,0,0,Teams listed are inferred from match structure in player-stat JSON.
NRL player stats data,Corey Norman,corey norman,Corey Norman,2010,2021,2010 | 2011 | 2012 | 2013 | 2014 | 2015 | 2016 | 2017 | 2018 | 2019 | 2020 | 2021,Broncos | Dragons | Eels,2010-03-12T00:00:00Z,2021-09-04T09:35:00Z,229,0,0,0,0,Teams listed are inferred from match structure in player-stat JSON.
NRL player stats data,Corey Oates,corey oates,Corey Oates,2013,2024,2013 | 2014 | 2015 | 2016 | 2017 | 2018 | 2019 | 2020 | 2021 | 2022 | 2023 | 2024,Broncos,2013-07-05T09:35:00Z,2024-09-05T09:50:00Z,223,0,0,0,0,Teams listed are inferred from match structure in player-stat JSON.
NRL player stats data,Corey Parker,corey parker,Corey Parker,2001,2016,2001 | 2002 | 2003 | 2004 | 2005 | 2006 | 2007 | 2008 | 2009 | 2010 | 2011 | 2012 | 2013 | 2014 | 2015 | 2016,Broncos,2001-03-24T00:00:00Z,2016-09-16T09:55:00Z,347,0,0,0,0,Teams listed are inferred from match structure in player-stat JSON.
NRL player stats data,Corey Payne,corey payne,Corey Payne,2005,2012,2005 | 2006 | 2007 | 2008 | 2009 | 2010 | 2011 | 2012,Bulldogs | Dragons | Wests Tigers,2005-03-11T00:00:00Z,2012-09-30T00:00:00Z,131,0,0,0,0,Teams listed are inferred from match structure in player-stat JSON.
NRL player stats data,Corey Pearson,corey pearson,Corey Pearson,1998,2004,1998 | 1999 | 2000 | 2001 | 2002 | 2003 | 2004,Dragons | Eels | Wests Tigers,1998-03-15T00:00:00Z,2004-09-05T00:00:00Z,126,0,0,0,0,Teams listed are inferred from match structure in player-stat JSON.
NRL player stats data,Corey Thompson,corey thompson,Corey Thompson,2014,2022,2014 | 2015 | 2018 | 2019 | 2020 | 2021 | 2022,Bulldogs | Titans | Wests Tigers,2014-03-07T09:05:00Z,2022-09-03T05:00:00Z,125,0,0,0,0,Teams listed are inferred from match structure in player-stat JSON.
NRL player stats data,Corey Underwood,corey underwood,Corey Underwood,1998,1998,1998,Sea Eagles,1998-03-13T00:00:00Z,1998-07-05T00:00:00Z,5,0,0,0,0,Teams listed are inferred from match structure in player-stat JSON.
NRL player stats data,Corey Waddell,corey waddell,Corey Waddell,2019,2026,2019 | 2020 | 2021 | 2022 | 2023 | 2024 | 2025 | 2026,Bulldogs | Sea Eagles,2019-03-23T08:35:00Z,2026-04-26T06:05:00Z,142,0,0,0,0,Teams listed are inferred from match structure in player-stat JSON.
NRL player stats data,Cory Denniss,cory denniss,Cory Denniss,2016,2018,2016 | 2018,Knights,2016-03-19T06:00:00Z,2018-09-01T05:00:00Z,18,0,0,0,0,Teams listed are inferred from match structure in player-stat JSON.
NRL player stats data,Cory Paix,cory paix,Cory Paix,2020,2026,2020 | 2021 | 2022 | 2023 | 2025 | 2026,Broncos,2020-06-04T09:50:00Z,2026-06-11T09:50:00Z,84,0,0,0,0,Teams listed are inferred from match structure in player-stat JSON.
NRL player stats data,Cory Paterson,cory paterson,Cory Paterson,2007,2014,2007 | 2008 | 2009 | 2010 | 2011 | 2012 | 2014,Cowboys | Knights | Wests Tigers,2007-03-23T00:00:00Z,2014-09-06T05:00:00Z,96,0,0,0,0,Teams listed are inferred from match structure in player-stat JSON.
NRL player stats data,Craig Bowen,craig bowen,Craig Bowen,1998,1998,1998,Rams,1998-05-08T00:00:00Z,1998-05-31T00:00:00Z,4,0,0,0,0,Teams listed are inferred from match structure in player-stat JSON.
NRL player stats data,Craig Field,craig field,Craig Field,1998,2001,1998 | 1999 | 2000 | 2001,Sea Eagles | Tigers | Wests Tigers,1998-03-13T00:00:00Z,2001-03-10T00:00:00Z,74,0,0,0,0,Teams listed are inferred from match structure in player-stat JSON.
NRL player stats data,Craig Fitzgibbon,craig fitzgibbon,Craig Fitzgibbon,1998,2009,1998 | 1999 | 2000 | 2001 | 2002 | 2003 | 2004 | 2005 | 2006 | 2007 | 2008 | 2009,Dragons | Roosters | Steelers,1998-03-28T00:00:00Z,2009-09-06T00:00:00Z,263,0,0,0,0,Teams listed are inferred from match structure in player-stat JSON.
NRL player stats data,Craig Frawley,craig frawley,Craig Frawley,2003,2007,2003 | 2004 | 2005 | 2006 | 2007,Broncos | Raiders,2003-04-18T00:00:00Z,2007-08-17T00:00:00Z,61,0,0,0,0,Teams listed are inferred from match structure in player-stat JSON.
NRL player stats data,Craig Garvey,craig garvey,Craig Garvey,2013,2017,2013 | 2014 | 2015 | 2016 | 2017,Bulldogs | Dragons,2013-07-06T07:30:00Z,2017-06-04T06:00:00Z,23,0,0,0,0,Teams listed are inferred from match structure in player-stat JSON.
NRL player stats data,Craig Gower,craig gower,Craig Gower,1998,2013,1998 | 1999 | 2000 | 2001 | 2002 | 2003 | 2004 | 2005 | 2006 | 2007 | 2013,Knights | Panthers,1998-03-14T00:00:00Z,2013-08-02T09:35:00Z,212,0,0,0,0,Teams listed are inferred from match structure in player-stat JSON.
NRL player stats data,Craig Greenhill,craig greenhill,Craig Greenhill,1998,2001,1998 | 1999 | 2000 | 2001,Panthers | Sharks,1998-03-14T00:00:00Z,2001-09-01T00:00:00Z,63,0,0,0,0,Teams listed are inferred from match structure in player-stat JSON.
NRL player stats data,Craig Hall,craig hall,Craig Hall,2003,2005,2003 | 2004 | 2005,Knights,2003-03-28T00:00:00Z,2005-06-11T00:00:00Z,39,0,0,0,0,Teams listed are inferred from match structure in player-stat JSON.
NRL player stats data,Craig Hancock,craig hancock,Craig Hancock,1998,1999,1998 | 1999,Sea Eagles | Tigers,1998-03-13T00:00:00Z,1999-08-29T00:00:00Z,44,0,0,0,0,Teams listed are inferred from match structure in player-stat JSON.
NRL player stats data,Craig Hayne,craig hayne,Craig Hayne,2003,2003,2003,Sea Eagles,2003-07-26T00:00:00Z,2003-07-26T00:00:00Z,1,0,0,0,0,Teams listed are inferred from match structure in player-stat JSON.
NRL player stats data,Craig Kimmorley,craig kimmorley,Craig Kimmorley,1998,1999,1998 | 1999,Rams | Roosters,1998-03-27T00:00:00Z,1999-06-06T00:00:00Z,10,0,0,0,0,Teams listed are inferred from match structure in player-stat JSON.
NRL player stats data,Craig Polla-Mounter,craig polla mounter,Craig Polla-mounter | Craig Polla-Mounter,1998,2001,1998 | 1999 | 2000 | 2001,Bulldogs,1998-03-27T00:00:00Z,2001-08-31T00:00:00Z,75,0,0,0,0,Teams listed are inferred from match structure in player-stat JSON.
NRL player stats data,Craig Simon,craig simon,Craig Simon,1998,1998,1998,Steelers,1998-04-18T00:00:00Z,1998-08-23T00:00:00Z,19,0,0,0,0,Teams listed are inferred from match structure in player-stat JSON.
NRL player stats data,Craig Smith,craig smith,Craig Smith,1998,2006,1998 | 1999 | 2000 | 2001 | 2005 | 2006,Cowboys | Dragons | Knights | Steelers | Storm,1998-03-14T00:00:00Z,2006-09-16T00:00:00Z,132,0,0,0,0,Teams listed are inferred from match structure in player-stat JSON.
NRL player stats data,Craig Stapleton,craig stapleton,Craig Stapleton,1998,2010,1998 | 2001 | 2002 | 2003 | 2004 | 2006 | 2007 | 2010,Dragons | Eels | Panthers | Rabbitohs | Sharks,1998-05-23T00:00:00Z,2010-08-15T00:00:00Z,110,0,0,0,0,Teams listed are inferred from match structure in player-stat JSON.
NRL player stats data,Craig Teevan,craig teevan,Craig Teevan,1998,1998,1998,Chargers,1998-03-14T00:00:00Z,1998-08-22T00:00:00Z,22,0,0,0,0,Teams listed are inferred from match structure in player-stat JSON.
NRL player stats data,Craig Trindall,craig trindall,Craig Trindall,2006,2006,2006,Panthers,2006-07-15T00:00:00Z,2006-09-03T00:00:00Z,3,0,0,0,0,Teams listed are inferred from match structure in player-stat JSON.
NRL player stats data,Craig Wilson,craig wilson,Craig Wilson,1998,1998,1998,Steelers,1998-03-14T00:00:00Z,1998-08-23T00:00:00Z,24,0,0,0,0,Teams listed are inferred from match structure in player-stat JSON.
NRL player stats data,Craig Wing,craig wing,Craig Wing,1998,2009,1998 | 1999 | 2000 | 2001 | 2002 | 2003 | 2004 | 2005 | 2006 | 2007 | 2008 | 2009,Rabbitohs | Roosters,1998-03-13T00:00:00Z,2009-09-05T00:00:00Z,256,0,0,0,0,Teams listed are inferred from match structure in player-stat JSON.
NRL player stats data,Craig Wise,craig wise,Craig Wise,1998,1998,1998,Panthers,1998-03-14T00:00:00Z,1998-06-28T00:00:00Z,13,0,0,0,0,Teams listed are inferred from match structure in player-stat JSON.
NRL player stats data,Curtis Rona,curtis rona,Curtis Rona,2014,2016,2014 | 2015 | 2016,Bulldogs | Cowboys,2014-04-18T09:40:00Z,2016-09-11T06:10:00Z,57,0,0,0,0,Teams listed are inferred from match structure in player-stat JSON.
NRL player stats data,Curtis Scott,curtis scott,Curtis Scott,2016,2021,2016 | 2017 | 2018 | 2019 | 2020 | 2021,Raiders | Storm,2016-03-13T07:30:00Z,2021-05-29T09:35:00Z,71,0,0,0,0,Teams listed are inferred from match structure in player-stat JSON.
NRL player stats data,Curtis Sironen,curtis sironen,Curtis Sironen,2012,2021,2012 | 2013 | 2014 | 2015 | 2016 | 2017 | 2018 | 2019 | 2020 | 2021,Sea Eagles | Wests Tigers,2012-05-27T00:00:00Z,2021-09-10T09:50:00Z,131,0,0,0,0,Teams listed are inferred from match structure in player-stat JSON.
NRL player stats data,Daejarn Asi,daejarn asi,Daejarn Asi,2020,2024,2020 | 2021 | 2022 | 2023 | 2024,Cowboys | Eels | Warriors,2020-07-19T06:05:00Z,2024-09-06T08:00:00Z,58,0,0,0,0,Teams listed are inferred from match structure in player-stat JSON.
NRL player stats data,Daine Laurie,daine laurie,Daine Laurie,2008,2026,2008 | 2009 | 2010 | 2020 | 2021 | 2022 | 2023 | 2024 | 2025 | 2026,Panthers | Raiders | Wests Tigers,2008-06-20T00:00:00Z,2026-06-13T09:35:00Z,125,0,0,0,0,Teams listed are inferred from match structure in player-stat JSON.
NRL player stats data,Dale Copley,dale copley,Dale Copley,2009,2021,2009 | 2010 | 2011 | 2012 | 2014 | 2015 | 2016 | 2017 | 2018 | 2019 | 2020 | 2021,Broncos | Roosters | Titans,2009-06-22T00:00:00Z,2021-09-17T09:50:00Z,151,0,0,0,0,Teams listed are inferred from match structure in player-stat JSON.
NRL player stats data,Dale Finucane,dale finucane,Dale Finucane,2012,2024,2012 | 2013 | 2014 | 2015 | 2016 | 2017 | 2018 | 2019 | 2020 | 2021 | 2022 | 2023 | 2024,Bulldogs | Sharks | Storm,2012-06-02T00:00:00Z,2024-03-23T08:35:00Z,251,0,0,0,0,Teams listed are inferred from match structure in player-stat JSON.
NRL player stats data,Dale Fritz,dale fritz,Dale Fritz,1998,1998,1998,Cowboys,1998-03-13T00:00:00Z,1998-08-23T00:00:00Z,21,0,0,0,0,Teams listed are inferred from match structure in player-stat JSON.
NRL player stats data,Dale Newton,dale newton,Dale Newton,2003,2006,2003 | 2006,Rabbitohs | Sharks,2003-07-19T00:00:00Z,2006-07-01T00:00:00Z,5,0,0,0,0,Teams listed are inferred from match structure in player-stat JSON.
NRL player stats data,Dale Shearer,dale shearer,Dale Shearer,1998,1998,1998,Cowboys,1998-03-13T00:00:00Z,1998-07-04T00:00:00Z,13,0,0,0,0,Teams listed are inferred from match structure in player-stat JSON.
NRL player stats data,Dallas Hood,dallas hood,Dallas Hood,1998,2002,1998 | 1999 | 2000 | 2001 | 2002,Roosters,1998-07-26T00:00:00Z,2002-08-09T00:00:00Z,70,0,0,0,0,Teams listed are inferred from match structure in player-stat JSON.
NRL player stats data,Dallas Johnson,dallas johnson,Dallas Johnson,2003,2013,2003 | 2004 | 2005 | 2006 | 2007 | 2008 | 2009 | 2011 | 2012 | 2013,Cowboys | Storm,2003-03-16T00:00:00Z,2013-07-26T09:35:00Z,222,0,0,0,0,Teams listed are inferred from match structure in player-stat JSON.
NRL player stats data,Dallas McIlwain,dallas mcilwain,Dallas Mcilwain | Dallas McIlwain,2005,2007,2005 | 2006 | 2007,Bulldogs,2005-05-08T00:00:00Z,2007-04-27T00:00:00Z,31,0,0,0,0,Teams listed are inferred from match structure in player-stat JSON.
NRL player stats data,Dallas Weston,dallas weston,Dallas Weston,1998,2000,1998 | 1999 | 2000,Eels,1998-05-03T00:00:00Z,2000-07-15T00:00:00Z,46,0,0,0,0,Teams listed are inferred from match structure in player-stat JSON.
NRL player stats data,Dallin Watene-Zelezniak,dallin watene zelezniak,Dallin Watene-Zelezniak,2014,2026,2014 | 2015 | 2016 | 2017 | 2018 | 2019 | 2020 | 2021 | 2022 | 2023 | 2024 | 2025 | 2026,Bulldogs | Panthers | Warriors,2014-04-05T06:30:00Z,2026-06-13T07:30:00Z,241,0,0,0,0,Teams listed are inferred from match structure in player-stat JSON.
NRL player stats data,Daly Cherry-Evans,daly cherry evans,Daly Cherry-Evans,2011,2026,2011 | 2012 | 2013 | 2014 | 2015 | 2016 | 2017 | 2018 | 2019 | 2020 | 2021 | 2022 | 2023 | 2024 | 2025 | 2026,Roosters | Sea Eagles,2011-03-12T00:00:00Z,2026-06-12T10:00:00Z,365,0,0,0,0,Teams listed are inferred from match structure in player-stat JSON.
NRL player stats data,Damian Browne,damian browne,Damian Browne,1998,1998,1998,Sea Eagles,1998-03-27T00:00:00Z,1998-08-02T00:00:00Z,14,0,0,0,0,Teams listed are inferred from match structure in player-stat JSON.
NRL player stats data,Damian Driscoll,damian driscoll,Damian Driscoll,1998,2000,1998 | 1999 | 2000,Chargers | Eagles | Sea Eagles,1998-03-14T00:00:00Z,2000-06-11T00:00:00Z,34,0,0,0,0,Teams listed are inferred from match structure in player-stat JSON.
NRL player stats data,Damian Kennedy,damian kennedy,Damian Kennedy,1998,2000,1998 | 1999 | 2000,Magpies | Raiders,1998-03-15T00:00:00Z,2000-02-27T00:00:00Z,36,0,0,0,0,Teams listed are inferred from match structure in player-stat JSON.
NRL player stats data,Damien Bower,damien bower,Damien Bower,2002,2003,2002 | 2003,Dragons,2002-05-18T00:00:00Z,2003-08-31T00:00:00Z,12,0,0,0,0,Teams listed are inferred from match structure in player-stat JSON.
NRL player stats data,Damien Cook,damien cook,Damien Cook,2013,2026,2013 | 2014 | 2015 | 2016 | 2017 | 2018 | 2019 | 2020 | 2021 | 2022 | 2023 | 2024 | 2025 | 2026,Bulldogs | Dragons | Rabbitohs,2013-04-14T05:00:00Z,2026-06-07T06:05:00Z,253,0,0,0,0,Teams listed are inferred from match structure in player-stat JSON.
NRL player stats data,Damien Mostyn,damien mostyn,Damien Mostyn,2001,2001,2001,Dragons | Sharks,2001-05-19T00:00:00Z,2001-08-11T00:00:00Z,8,0,0,0,0,Teams listed are inferred from match structure in player-stat JSON.
NRL player stats data,Damien Smith,damien smith,Damien Smith,1999,2001,1999 | 2000 | 2001,Cowboys,1999-04-03T00:00:00Z,2001-04-01T00:00:00Z,30,0,0,0,0,Teams listed are inferred from match structure in player-stat JSON.
NRL player stats data,Damon Alley-Tovio,damon alley tovio,Damon Alley-Tovio,2003,2004,2003 | 2004,Rabbitohs,2003-05-18T00:00:00Z,2004-04-26T00:00:00Z,4,0,0,0,0,Teams listed are inferred from match structure in player-stat JSON.
NRL player stats data,Damon Keating,damon keating,Damon Keating,2000,2001,2000 | 2001,Broncos,2000-06-04T00:00:00Z,2001-08-05T00:00:00Z,4,0,0,0,0,Teams listed are inferred from match structure in player-stat JSON.
NRL player stats data,Dan Hunt,dan hunt,Dan Hunt,2007,2014,2007 | 2008 | 2009 | 2010 | 2011 | 2012 | 2013 | 2014,Dragons,2007-03-18T00:00:00Z,2014-08-10T05:00:00Z,150,0,0,0,0,Teams listed are inferred from match structure in player-stat JSON.
NRL player stats data,Dan Keir,dan keir,Dan Keir,2024,2025,2024 | 2025,Eels,2024-07-26T10:00:00Z,2025-07-19T05:00:00Z,11,0,0,0,0,Teams listed are inferred from match structure in player-stat JSON.
NRL player stats data,Dan Russell,dan russell,Dan Russell,2023,2023,2023,Dragons,2023-07-07T10:00:00Z,2023-09-02T09:35:00Z,8,0,0,0,0,Teams listed are inferred from match structure in player-stat JSON.
NRL player stats data,Dan Sarginson,dan sarginson,Dan Sarginson,2017,2017,2017,Titans,2017-03-04T10:00:00Z,2017-05-13T07:30:00Z,5,0,0,0,0,Teams listed are inferred from match structure in player-stat JSON.
NRL player stats data,Dane Aukafolau,dane aukafolau,Dane Aukafolau,2023,2023,2023,Knights,2023-09-02T09:35:00Z,2023-09-02T09:35:00Z,1,0,0,0,0,Teams listed are inferred from match structure in player-stat JSON.
NRL player stats data,Dane Campbell,dane campbell,Dane Campbell,2005,2005,2005,Knights,2005-05-08T00:00:00Z,2005-07-02T00:00:00Z,6,0,0,0,0,Teams listed are inferred from match structure in player-stat JSON.
NRL player stats data,Dane Carlaw,dane carlaw,Dane Carlaw,1999,2011,1999 | 2000 | 2001 | 2002 | 2003 | 2004 | 2005 | 2006 | 2007 | 2011,Broncos,1999-05-16T00:00:00Z,2011-06-12T00:00:00Z,188,0,0,0,0,Teams listed are inferred from match structure in player-stat JSON.
NRL player stats data,Dane Chisholm,dane chisholm,Dane Chisholm,2011,2011,2011,Storm,2011-05-14T00:00:00Z,2011-05-14T00:00:00Z,1,0,0,0,0,Teams listed are inferred from match structure in player-stat JSON.
NRL player stats data,Dane Dorahy,dane dorahy,Dane Dorahy,1999,1999,1999,Magpies,1999-03-21T00:00:00Z,1999-08-07T00:00:00Z,14,0,0,0,0,Teams listed are inferred from match structure in player-stat JSON.
NRL player stats data,Dane Gagai,dane gagai,Dane Gagai,2011,2026,2011 | 2012 | 2013 | 2014 | 2015 | 2016 | 2017 | 2018 | 2019 | 2020 | 2021 | 2022 | 2023 | 2024 | 2025 | 2026,Broncos | Knights | Rabbitohs,2011-03-11T00:00:00Z,2026-06-05T08:00:00Z,327,0,0,0,0,Teams listed are inferred from match structure in player-stat JSON.
NRL player stats data,Dane Hogan,dane hogan,Dane Hogan,2010,2010,2010,Cowboys,2010-05-10T00:00:00Z,2010-08-14T00:00:00Z,10,0,0,0,0,Teams listed are inferred from match structure in player-stat JSON.
NRL player stats data,Dane Morgan,dane morgan,Dane Morgan,1999,2000,1999 | 2000,Bears | Storm | Wests Tigers,1999-08-01T00:00:00Z,2000-06-18T00:00:00Z,7,0,0,0,0,Teams listed are inferred from match structure in player-stat JSON.
NRL player stats data,Dane Nielsen,dane nielsen,Dane Nielsen,2007,2016,2007 | 2008 | 2009 | 2010 | 2011 | 2012 | 2013 | 2014 | 2015 | 2016,Dragons | Rabbitohs | Sharks | Storm | Warriors,2007-07-20T00:00:00Z,2016-06-17T09:50:00Z,118,0,0,0,0,Teams listed are inferred from match structure in player-stat JSON.
NRL player stats data,Dane Tilse,dane tilse,Dane Tilse,2004,2015,2004 | 2006 | 2007 | 2008 | 2009 | 2010 | 2011 | 2012 | 2013 | 2014 | 2015,Knights | Raiders,2004-06-18T00:00:00Z,2015-04-19T04:00:00Z,204,0,0,0,0,Teams listed are inferred from match structure in player-stat JSON.
NRL player stats data,Daniel Abraham,daniel abraham,Daniel Abraham,2000,2008,2000 | 2001 | 2002 | 2003 | 2004 | 2005 | 2006 | 2007 | 2008,Cowboys | Knights,2000-05-07T00:00:00Z,2008-06-16T00:00:00Z,106,0,0,0,0,Teams listed are inferred from match structure in player-stat JSON.
NRL player stats data,Daniel Alvaro,daniel alvaro,Daniel Alvaro,2015,2021,2015 | 2016 | 2017 | 2018 | 2019 | 2020 | 2021,Dragons | Eels | Warriors,2015-05-29T09:45:00Z,2021-09-04T09:35:00Z,114,0,0,0,0,Teams listed are inferred from match structure in player-stat JSON.
NRL player stats data,Daniel Atkinson,daniel atkinson,Daniel Atkinson,2021,2026,2021 | 2023 | 2024 | 2025 | 2026,Dragons | Sharks | Storm,2021-09-03T08:00:00Z,2026-06-07T06:05:00Z,65,0,0,0,0,Teams listed are inferred from match structure in player-stat JSON.
NRL player stats data,Daniel Conn,daniel conn,Daniel Conn,2005,2011,2005 | 2007 | 2008 | 2009 | 2010 | 2011,Bulldogs | Roosters | Titans,2005-05-21T00:00:00Z,2011-04-30T00:00:00Z,59,0,0,0,0,Teams listed are inferred from match structure in player-stat JSON.
NRL player stats data,Daniel Dumas,daniel dumas,Daniel Dumas,2003,2004,2003 | 2004,Sharks,2003-06-07T00:00:00Z,2004-07-04T00:00:00Z,15,0,0,0,0,Teams listed are inferred from match structure in player-stat JSON.
NRL player stats data,Daniel Fepuleai,daniel fepuleai,Daniel Fepuleai,2010,2010,2010,Roosters,2010-04-11T14:57:59Z,2010-04-11T14:57:59Z,1,0,0,0,0,Teams listed are inferred from match structure in player-stat JSON.
NRL player stats data,Daniel Fitzhenry,daniel fitzhenry,Daniel Fitzhenry,2002,2010,2002 | 2003 | 2004 | 2005 | 2006 | 2007 | 2010,Wests Tigers,2002-06-15T00:00:00Z,2010-09-25T00:00:00Z,136,0,0,0,0,Teams listed are inferred from match structure in player-stat JSON.
NRL player stats data,Daniel Frame,daniel frame,Daniel Frame,1998,1998,1998,Storm,1998-06-20T00:00:00Z,1998-08-21T00:00:00Z,7,0,0,0,0,Teams listed are inferred from match structure in player-stat JSON.
NRL player stats data,Daniel Gartner,daniel gartner,Daniel Gartner,1998,2000,1998 | 1999 | 2000,Eagles | Sea Eagles,1998-03-27T00:00:00Z,2000-07-30T00:00:00Z,61,0,0,0,0,Teams listed are inferred from match structure in player-stat JSON.
NRL player stats data,Daniel Harrison,daniel harrison,Daniel Harrison,2011,2014,2011 | 2012 | 2013 | 2014,Eels | Sea Eagles,2011-03-20T15:00:59Z,2014-09-20T09:45:00Z,27,0,0,0,0,Teams listed are inferred from match structure in player-stat JSON.
NRL player stats data,Daniel Heckenberg,daniel heckenberg,Daniel Heckenberg,2000,2005,2000 | 2002 | 2003 | 2004 | 2005,Dragons | Eels | Sea Eagles,2000-03-12T00:00:00Z,2005-09-11T00:00:00Z,78,0,0,0,0,Teams listed are inferred from match structure in player-stat JSON.
NRL player stats data,Daniel Holdsworth,daniel holdsworth,Daniel Holdsworth,2004,2014,2004 | 2005 | 2006 | 2007 | 2008 | 2009 | 2014,Bulldogs | Dragons | Sharks,2004-05-21T00:00:00Z,2014-09-06T05:00:00Z,84,0,0,0,0,Teams listed are inferred from match structure in player-stat JSON.
NRL player stats data,Daniel Irvine,daniel irvine,Daniel Irvine,2000,2007,2000 | 2001 | 2002 | 2005 | 2006 | 2007,Bulldogs | Eels | Rabbitohs,2000-06-02T00:00:00Z,2007-08-04T00:00:00Z,53,0,0,0,0,Teams listed are inferred from match structure in player-stat JSON.
NRL player stats data,Daniel Mortimer,daniel mortimer,Daniel Mortimer,2009,2017,2009 | 2010 | 2011 | 2012 | 2013 | 2014 | 2015 | 2016 | 2017,Eels | Roosters | Sharks | Titans,2009-05-30T00:00:00Z,2017-06-25T06:00:00Z,128,0,0,0,0,Teams listed are inferred from match structure in player-stat JSON.
NRL player stats data,Daniel O'Regan,daniel oregan,Daniel O'Regan,2009,2009,2009,Warriors,2009-04-05T00:00:00Z,2009-04-05T00:00:00Z,1,0,0,0,0,Teams listed are inferred from match structure in player-stat JSON.
NRL player stats data,Daniel Penese,daniel penese,Daniel Penese,2008,2008,2008,Panthers,2008-08-31T00:00:00Z,2008-09-06T00:00:00Z,2,0,0,0,0,Teams listed are inferred from match structure in player-stat JSON.
NRL player stats data,Daniel Quinn,daniel quinn,Daniel Quinn,2000,2002,2000 | 2002,Eagles | Knights,2000-04-23T00:00:00Z,2002-06-23T00:00:00Z,4,0,0,0,0,Teams listed are inferred from match structure in player-stat JSON.
NRL player stats data,Daniel Rauicava,daniel rauicava,Daniel Rauicava,2010,2010,2010,Bulldogs,2010-08-14T00:00:00Z,2010-08-21T00:00:00Z,2,0,0,0,0,Teams listed are inferred from match structure in player-stat JSON.
NRL player stats data,Daniel Russell,daniel russell,Daniel Russell,2004,2004,2004,Panthers,2004-05-22T00:00:00Z,2004-06-11T00:00:00Z,3,0,0,0,0,Teams listed are inferred from match structure in player-stat JSON.
NRL player stats data,Daniel Saifiti,daniel saifiti,Daniel Saifiti,2016,2025,2016 | 2017 | 2018 | 2019 | 2020 | 2021 | 2022 | 2023 | 2024 | 2025,Dolphins | Knights,2016-03-06T07:30:00Z,2025-04-27T04:00:00Z,191,0,0,0,0,Teams listed are inferred from match structure in player-stat JSON.
NRL player stats data,Daniel Smailes,daniel smailes,Daniel Smailes,1998,2000,1998 | 1999 | 2000,Knights,1998-06-14T00:00:00Z,2000-07-14T00:00:00Z,15,0,0,0,0,Teams listed are inferred from match structure in player-stat JSON.
NRL player stats data,Daniel Sorbello,daniel sorbello,Daniel Sorbello,2003,2004,2003 | 2004,Cowboys,2003-07-12T00:00:00Z,2004-06-12T00:00:00Z,2,0,0,0,0,Teams listed are inferred from match structure in player-stat JSON.
NRL player stats data,Daniel Strickland,daniel strickland,Daniel Strickland,2000,2006,2000 | 2001 | 2002 | 2003 | 2004 | 2006,Cowboys,2000-06-03T00:00:00Z,2006-06-10T00:00:00Z,62,0,0,0,0,Teams listed are inferred from match structure in player-stat JSON.
NRL player stats data,Daniel Suluka-Fifita,daniel suluka fifita,Daniel Suluka-Fifita,2020,2025,2020 | 2021 | 2022 | 2023 | 2025,Bulldogs | Rabbitohs | Roosters,2020-08-01T05:00:00Z,2025-08-28T09:50:00Z,51,0,0,0,0,Teams listed are inferred from match structure in player-stat JSON.
NRL player stats data,Daniel Tolar,daniel tolar,Daniel Tolar,2004,2011,2004 | 2005 | 2006 | 2007 | 2008 | 2009 | 2010 | 2011,Knights,2004-05-29T00:00:00Z,2011-07-17T00:00:00Z,101,0,0,0,0,Teams listed are inferred from match structure in player-stat JSON.
NRL player stats data,Daniel Tupou,daniel tupou,Daniel Tupou,2012,2026,2012 | 2013 | 2014 | 2015 | 2016 | 2017 | 2018 | 2019 | 2020 | 2021 | 2022 | 2023 | 2024 | 2025 | 2026,Roosters,2012-08-18T00:00:00Z,2026-05-16T07:30:00Z,299,0,0,0,0,Teams listed are inferred from match structure in player-stat JSON.
NRL player stats data,Daniel Vasquez,daniel vasquez,Daniel Vasquez,2020,2020,2020,Sharks,2020-09-26T07:30:00Z,2020-09-26T07:30:00Z,1,0,0,0,0,Teams listed are inferred from match structure in player-stat JSON.
NRL player stats data,Daniel Vidot,daniel vidot,Daniel Vidot,2009,2017,2009 | 2010 | 2011 | 2012 | 2013 | 2014 | 2015 | 2017,Broncos | Dragons | Raiders | Titans,2009-07-11T00:00:00Z,2017-04-08T07:30:00Z,114,0,0,0,0,Teams listed are inferred from match structure in player-stat JSON.
NRL player stats data,Daniel Wagon,daniel wagon,Daniel Wagon,1998,2008,1998 | 1999 | 2000 | 2001 | 2002 | 2003 | 2004 | 2005 | 2006 | 2007 | 2008,Dragons | Eels,1998-03-15T00:00:00Z,2008-08-10T00:00:00Z,222,0,0,0,0,Teams listed are inferred from match structure in player-stat JSON.
NRL player stats data,Danny Bampton,danny bampton,Danny Bampton,1998,2000,1998 | 2000,Broncos,1998-04-05T00:00:00Z,2000-07-09T00:00:00Z,10,0,0,0,0,Teams listed are inferred from match structure in player-stat JSON.
NRL player stats data,Danny Buderus,danny buderus,Danny Buderus,1998,2013,1998 | 1999 | 2000 | 2001 | 2002 | 2003 | 2004 | 2005 | 2006 | 2007 | 2008 | 2012 | 2013,Knights,1998-04-26T00:00:00Z,2013-09-28T09:45:00Z,256,0,0,0,0,Teams listed are inferred from match structure in player-stat JSON.
NRL player stats data,Danny Costelloe,danny costelloe,Danny Costelloe,1998,1999,1998 | 1999,Sea Eagles,1998-03-13T00:00:00Z,1999-03-14T00:00:00Z,5,0,0,0,0,Teams listed are inferred from match structure in player-stat JSON.
NRL player stats data,Danny Fualalo,danny fualalo,Danny Fualalo,2015,2019,2015 | 2016 | 2017 | 2018 | 2019,Bulldogs,2015-04-17T09:35:00Z,2019-08-10T09:35:00Z,74,0,0,0,0,Teams listed are inferred from match structure in player-stat JSON.
NRL player stats data,Danny Galea,danny galea,Danny Galea,2002,2012,2002 | 2003 | 2004 | 2005 | 2006 | 2007 | 2008 | 2009 | 2010 | 2011 | 2012,Panthers | Raiders | Wests Tigers,2002-07-21T00:00:00Z,2012-08-12T00:00:00Z,134,0,0,0,0,Teams listed are inferred from match structure in player-stat JSON.
NRL player stats data,Danny Grimley,danny grimley,Danny Grimley,1998,1998,1998,Rams,1998-03-13T00:00:00Z,1998-08-22T00:00:00Z,13,0,0,0,0,Teams listed are inferred from match structure in player-stat JSON.
NRL player stats data,Danny Lee,danny lee,Danny Lee,1998,1998,1998,Sharks,1998-03-14T00:00:00Z,1998-08-22T00:00:00Z,19,0,0,0,0,Teams listed are inferred from match structure in player-stat JSON.
NRL player stats data,Danny Levi,danny levi,Danny Levi,2015,2025,2015 | 2016 | 2017 | 2018 | 2019 | 2020 | 2021 | 2023 | 2024 | 2025,Broncos | Knights | Raiders | Sea Eagles,2015-06-21T04:00:00Z,2025-09-07T04:00:00Z,143,0,0,0,0,Teams listed are inferred from match structure in player-stat JSON.
NRL player stats data,Danny Lima,danny lima,Danny Lima,1998,2003,1998 | 2001 | 2002 | 2003,Eagles | Raiders | Sea Eagles,1998-05-24T00:00:00Z,2003-08-10T00:00:00Z,45,0,0,0,0,Teams listed are inferred from match structure in player-stat JSON.
NRL player stats data,Danny McAllister,danny mcallister,Danny Mcallister | Danny McAllister,1998,2003,1998 | 2003,Chargers | Rabbitohs,1998-04-05T00:00:00Z,2003-05-18T00:00:00Z,17,0,0,0,0,Teams listed are inferred from match structure in player-stat JSON.
NRL player stats data,Danny Moore,danny moore,Danny Moore,2001,2001,2001,Cowboys,2001-08-25T00:00:00Z,2001-09-02T00:00:00Z,2,0,0,0,0,Teams listed are inferred from match structure in player-stat JSON.
NRL player stats data,Danny Nutley,danny nutley,Danny Nutley,2002,2008,2002 | 2003 | 2004 | 2005 | 2007 | 2008,Roosters | Sharks,2002-03-17T00:00:00Z,2008-09-26T00:00:00Z,142,0,0,0,0,Teams listed are inferred from match structure in player-stat JSON.
NRL player stats data,Danny Sullivan,danny sullivan,Danny Sullivan,2001,2004,2001 | 2004,Eels | Warriors,2001-05-27T00:00:00Z,2004-03-28T00:00:00Z,6,0,0,0,0,Teams listed are inferred from match structure in player-stat JSON.
NRL player stats data,Danny Wicks,danny wicks,Danny Wicks,2006,2016,2006 | 2007 | 2008 | 2009 | 2015 | 2016,Dragons | Eels | Knights,2006-05-13T00:00:00Z,2016-09-04T06:00:00Z,108,0,0,0,0,Teams listed are inferred from match structure in player-stat JSON.
NRL player stats data,Danny Williams,danny williams,Danny Williams,1998,2010,1998 | 1999 | 2000 | 2001 | 2002 | 2003 | 2004 | 2007 | 2008 | 2010,Bulldogs | Roosters | Storm,1998-03-14T00:00:00Z,2010-04-05T00:00:00Z,160,0,0,0,0,Teams listed are inferred from match structure in player-stat JSON.
NRL player stats data,Darby Medlyn,darby medlyn,Darby Medlyn,2020,2020,2020,Raiders,2020-09-26T07:30:00Z,2020-09-26T07:30:00Z,1,0,0,0,0,Teams listed are inferred from match structure in player-stat JSON.
NRL player stats data,Darcy Lussick,darcy lussick,Darcy Lussick,2011,2017,2011 | 2012 | 2013 | 2014 | 2015 | 2016 | 2017,Eels | Sea Eagles,2011-06-11T00:00:00Z,2017-09-09T09:40:00Z,117,0,0,0,0,Teams listed are inferred from match structure in player-stat JSON.
NRL player stats data,Darius Boyd,darius boyd,Darius Boyd,2006,2020,2006 | 2007 | 2008 | 2009 | 2010 | 2011 | 2012 | 2013 | 2014 | 2015 | 2016 | 2017 | 2018 | 2019 | 2020,Broncos | Dragons | Knights | Storm,2006-03-12T00:00:00Z,2020-09-24T09:50:00Z,337,0,0,0,0,Teams listed are inferred from match structure in player-stat JSON.
NRL player stats data,Darrell Trindall,darrell trindall,Darrell Trindall,1998,2002,1998 | 1999 | 2001 | 2002,Bulldogs | Rabbitohs,1998-03-13T00:00:00Z,2002-06-02T00:00:00Z,55,0,0,0,0,Teams listed are inferred from match structure in player-stat JSON.
NRL player stats data,Darren Albert,darren albert,Darren Albert,1998,2006,1998 | 1999 | 2000 | 2001 | 2006,Knights | Sharks,1998-07-24T00:00:00Z,2006-09-02T00:00:00Z,76,0,0,0,0,Teams listed are inferred from match structure in player-stat JSON.
NRL player stats data,Darren Bradstreet,darren bradstreet,Darren Bradstreet,1998,1998,1998,Steelers,1998-04-03T00:00:00Z,1998-08-23T00:00:00Z,10,0,0,0,0,Teams listed are inferred from match structure in player-stat JSON.
NRL player stats data,Darren Britt,darren britt,Darren Britt,1998,2001,1998 | 1999 | 2000 | 2001,Bulldogs,1998-03-15T00:00:00Z,2001-09-16T00:00:00Z,89,0,0,0,0,Teams listed are inferred from match structure in player-stat JSON.
NRL player stats data,Darren Brown,darren brown,Darren Brown,1998,1998,1998,Panthers,1998-03-14T00:00:00Z,1998-06-13T00:00:00Z,12,0,0,0,0,Teams listed are inferred from match structure in player-stat JSON.
NRL player stats data,Darren Burns,darren burns,Darren Burns,1998,2001,1998 | 1999 | 2000 | 2001,Broncos | Rabbitohs | Roosters,1998-03-13T00:00:00Z,2001-09-23T00:00:00Z,60,0,0,0,0,Teams listed are inferred from match structure in player-stat JSON.
NRL player stats data,Darren Fritz,darren fritz,Darren Fritz,1998,1999,1998 | 1999,Magpies,1998-05-09T00:00:00Z,1999-06-06T00:00:00Z,15,0,0,0,0,Teams listed are inferred from match structure in player-stat JSON.
NRL player stats data,Darren Junee,darren junee,Darren Junee,1998,1998,1998,Roosters,1998-08-09T00:00:00Z,1998-09-19T00:00:00Z,6,0,0,0,0,Teams listed are inferred from match structure in player-stat JSON.
NRL player stats data,Darren Lockyer,darren lockyer,Darren Lockyer,1998,2011,1998 | 1999 | 2000 | 2001 | 2002 | 2003 | 2004 | 2005 | 2006 | 2007 | 2008 | 2009 | 2010 | 2011,Broncos | Dragons | Eels | Sharks | Storm | Wests Tigers,1998-03-13T00:00:00Z,2011-09-17T00:00:00Z,304,0,0,0,0,Teams listed are inferred from match structure in player-stat JSON.
NRL player stats data,Darren Mapp,darren mapp,Darren Mapp,2000,2006,2000 | 2001 | 2002 | 2003 | 2004 | 2005 | 2006,Broncos | Raiders | Sharks,2000-04-07T00:00:00Z,2006-07-28T00:00:00Z,66,0,0,0,0,Teams listed are inferred from match structure in player-stat JSON.
NRL player stats data,Darren Nicholls,darren nicholls,Darren Nicholls,2018,2019,2018 | 2019,Dragons,2018-07-05T09:50:00Z,2019-07-19T09:55:00Z,3,0,0,0,0,Teams listed are inferred from match structure in player-stat JSON.
NRL player stats data,Darren Porter,darren porter,Darren Porter,2001,2004,2001 | 2002 | 2004,Raiders,2001-06-02T00:00:00Z,2004-05-09T00:00:00Z,15,0,0,0,0,Teams listed are inferred from match structure in player-stat JSON.
NRL player stats data,Darren Rameka,darren rameka,Darren Rameka,1998,1998,1998,Magpies,1998-03-15T00:00:00Z,1998-04-26T00:00:00Z,7,0,0,0,0,Teams listed are inferred from match structure in player-stat JSON.
NRL player stats data,Darren Senter,darren senter,Darren Senter,1998,2004,1998 | 1999 | 2000 | 2001 | 2002 | 2003 | 2004,Tigers | Wests Tigers,1998-03-14T00:00:00Z,2004-09-04T00:00:00Z,137,0,0,0,0,Teams listed are inferred from match structure in player-stat JSON.
NRL player stats data,Darren Smith,darren smith,Darren Smith,1998,2005,1998 | 1999 | 2000 | 2001 | 2002 | 2004 | 2005,Broncos | Bulldogs,1998-03-13T00:00:00Z,2005-09-18T00:00:00Z,130,0,0,0,0,Teams listed are inferred from match structure in player-stat JSON.
NRL player stats data,Darren Treacy,darren treacy,Darren Treacy,1998,2003,1998 | 1999 | 2000 | 2001 | 2003,Dragons | Eels,1998-03-15T00:00:00Z,2003-09-07T00:00:00Z,105,0,0,0,0,Teams listed are inferred from match structure in player-stat JSON.
NRL player stats data,Darren Willis,darren willis,Darren Willis,1998,1998,1998,Magpies,1998-03-15T00:00:00Z,1998-08-02T00:00:00Z,15,0,0,0,0,Teams listed are inferred from match structure in player-stat JSON.
NRL player stats data,Darrien Doherty,darrien doherty,Darrien Doherty,1998,2000,1998 | 1999 | 2000,Cowboys | Rams,1998-03-13T00:00:00Z,2000-02-12T00:00:00Z,27,0,0,0,0,Teams listed are inferred from match structure in player-stat JSON.
NRL player stats data,Darryl Fisher,darryl fisher,Darryl Fisher,1998,1998,1998,Magpies,1998-06-06T00:00:00Z,1998-08-08T00:00:00Z,10,0,0,0,0,Teams listed are inferred from match structure in player-stat JSON.
NRL player stats data,Darryn Schonig,darryn schonig,Darryn Schonig,2020,2021,2020 | 2021,Storm,2020-07-11T09:35:00Z,2021-03-25T09:05:00Z,7,0,0,0,0,Teams listed are inferred from match structure in player-stat JSON.
NRL player stats data,Daryl Halligan,daryl halligan,Daryl Halligan,1998,2000,1998 | 1999 | 2000,Bulldogs,1998-03-15T00:00:00Z,2000-07-30T00:00:00Z,77,0,0,0,0,Teams listed are inferred from match structure in player-stat JSON.
NRL player stats data,Daryl Millard,daryl millard,Daryl Millard,2006,2015,2006 | 2007 | 2008 | 2009 | 2015,Bulldogs | Dragons | Rabbitohs,2006-03-19T00:00:00Z,2015-04-13T09:00:00Z,63,0,0,0,0,Teams listed are inferred from match structure in player-stat JSON.
NRL player stats data,Dave Taylor,dave taylor,Dave Taylor,2006,2017,2006 | 2007 | 2008 | 2009 | 2010 | 2011 | 2012 | 2013 | 2014 | 2015 | 2017,Broncos | Rabbitohs | Raiders | Titans,2006-06-10T00:00:00Z,2017-09-02T09:30:00Z,181,0,0,0,0,Teams listed are inferred from match structure in player-stat JSON.
NRL player stats data,Dave Warry,dave warry,Dave Warry,2004,2004,2004,Sea Eagles,2004-06-13T00:00:00Z,2004-06-13T00:00:00Z,1,0,0,0,0,Teams listed are inferred from match structure in player-stat JSON.
NRL player stats data,David Armstrong,david armstrong,David Armstrong,2024,2024,2024,Knights,2024-04-28T04:00:00Z,2024-05-31T10:00:00Z,5,0,0,0,0,Teams listed are inferred from match structure in player-stat JSON.
NRL player stats data,David Atkins,david atkins,David Atkins,1998,2000,1998 | 1999 | 2000,Raiders,1998-03-29T00:00:00Z,2000-08-13T00:00:00Z,27,0,0,0,0,Teams listed are inferred from match structure in player-stat JSON.
NRL player stats data,David Barnhill,david barnhill,David Barnhill,1998,1999,1998 | 1999,Roosters,1998-03-14T00:00:00Z,1999-09-11T00:00:00Z,38,0,0,0,0,Teams listed are inferred from match structure in player-stat JSON.
NRL player stats data,David Bhana,david bhana,David Bhana,2016,2016,2016,Knights,2016-03-06T07:30:00Z,2016-07-31T06:00:00Z,7,0,0,0,0,Teams listed are inferred from match structure in player-stat JSON.
NRL player stats data,David Boughton,david boughton,David Boughton,1998,1998,1998,Rams,1998-03-13T00:00:00Z,1998-03-27T00:00:00Z,3,0,0,0,0,Teams listed are inferred from match structure in player-stat JSON.
NRL player stats data,David Boyle,david boyle,David Boyle,1998,1998,1998,Raiders,1998-03-15T00:00:00Z,1998-08-08T00:00:00Z,22,0,0,0,0,Teams listed are inferred from match structure in player-stat JSON.
NRL player stats data,David Buko,david buko,David Buko,1999,1999,1999,Magpies,1999-04-05T00:00:00Z,1999-08-29T00:00:00Z,8,0,0,0,0,Teams listed are inferred from match structure in player-stat JSON.
NRL player stats data,David Cox,david cox,David Cox,1998,1999,1998 | 1999,Raiders,1998-07-26T00:00:00Z,1999-06-19T00:00:00Z,7,0,0,0,0,Teams listed are inferred from match structure in player-stat JSON.
NRL player stats data,David Elvy,david elvy,David Elvy,1998,1999,1998 | 1999,Panthers,1998-06-21T00:00:00Z,1999-08-22T00:00:00Z,17,0,0,0,0,Teams listed are inferred from match structure in player-stat JSON.
NRL player stats data,David Fa'alogo,david faalogo,David Fa'alogo,2003,2015,2003 | 2004 | 2005 | 2006 | 2007 | 2008 | 2009 | 2013 | 2014 | 2015,Knights | Rabbitohs,2003-05-18T00:00:00Z,2015-07-25T09:30:00Z,198,0,0,0,0,Teams listed are inferred from match structure in player-stat JSON.
NRL player stats data,David Fairleigh,david fairleigh,David Fairleigh,1998,2000,1998 | 1999 | 2000,Bears | Knights,1998-03-15T00:00:00Z,2000-08-19T00:00:00Z,61,0,0,0,0,Teams listed are inferred from match structure in player-stat JSON.
NRL player stats data,David Faiumu,david faiumu,David Faiumu,2004,2008,2004 | 2005 | 2006 | 2007 | 2008,Cowboys,2004-05-22T00:00:00Z,2008-05-17T00:00:00Z,76,0,0,0,0,Teams listed are inferred from match structure in player-stat JSON.
NRL player stats data,David Fale,david fale,David Fale,2025,2026,2025 | 2026,Dragons | Panthers,2025-08-28T09:50:00Z,2026-04-18T07:30:00Z,3,0,0,0,0,Teams listed are inferred from match structure in player-stat JSON.
NRL player stats data,David Fifita,david fifita,David Fifita,2014,2026,2014 | 2015 | 2016 | 2018 | 2019 | 2020 | 2021 | 2022 | 2023 | 2024 | 2025 | 2026,Broncos | Rabbitohs | Sharks | Titans,2014-03-17T08:00:00Z,2026-06-11T09:50:00Z,160,0,0,0,0,Teams listed are inferred from match structure in player-stat JSON.
NRL player stats data,David Furner,david furner,David Furner,1998,2000,1998 | 1999 | 2000,Raiders,1998-03-15T00:00:00Z,2000-08-13T00:00:00Z,74,0,0,0,0,Teams listed are inferred from match structure in player-stat JSON.
NRL player stats data,David Fusitu'a,david fusitua,David Fusitu'a,2014,2021,2014 | 2015 | 2016 | 2017 | 2018 | 2019 | 2020 | 2021,Warriors,2014-03-15T04:00:00Z,2021-04-09T08:00:00Z,108,0,0,0,0,Teams listed are inferred from match structure in player-stat JSON.
NRL player stats data,David Gower,david gower,David Gower,2009,2020,2009 | 2011 | 2012 | 2013 | 2014 | 2015 | 2016 | 2017 | 2018 | 2019 | 2020,Dragons | Eels | Sea Eagles | Wests Tigers,2009-09-04T00:00:00Z,2020-07-18T09:35:00Z,123,0,0,0,0,Teams listed are inferred from match structure in player-stat JSON.
NRL player stats data,David Hala,david hala,David Hala,2009,2015,2009 | 2011 | 2012 | 2013 | 2014 | 2015,Broncos | Titans,2009-08-01T00:00:00Z,2015-08-16T06:00:00Z,39,0,0,0,0,Teams listed are inferred from match structure in player-stat JSON.
NRL player stats data,David Hall,david hall,David Hall,1998,1998,1998,Rabbitohs,1998-03-13T00:00:00Z,1998-04-13T00:00:00Z,5,0,0,0,0,Teams listed are inferred from match structure in player-stat JSON.
NRL player stats data,David Hicks,david hicks,David Hicks,1999,1999,1999,Bears,1999-07-11T00:00:00Z,1999-08-07T00:00:00Z,5,0,0,0,0,Teams listed are inferred from match structure in player-stat JSON.
NRL player stats data,David Howell,david howell,David Howell,2003,2007,2003 | 2004 | 2005 | 2006 | 2007,Dragons | Raiders,2003-03-29T00:00:00Z,2007-09-01T00:00:00Z,60,0,0,0,0,Teams listed are inferred from match structure in player-stat JSON.
NRL player stats data,David Kidwell,david kidwell,David Kidwell,1998,2009,1998 | 1999 | 2000 | 2002 | 2003 | 2004 | 2005 | 2006 | 2007 | 2008 | 2009,Eels | Rabbitohs | Rams | Roosters | Storm,1998-03-27T00:00:00Z,2009-06-13T00:00:00Z,207,0,0,0,0,Teams listed are inferred from match structure in player-stat JSON.
NRL player stats data,David Klemmer,david klemmer,David Klemmer,2013,2025,2013 | 2014 | 2015 | 2016 | 2017 | 2018 | 2019 | 2020 | 2021 | 2022 | 2023 | 2024 | 2025,Bulldogs | Dragons | Knights | Wests Tigers,2013-03-09T08:30:00Z,2025-09-06T05:00:00Z,260,0,0,0,0,Teams listed are inferred from match structure in player-stat JSON.
NRL player stats data,David Lomax,david lomax,David Lomax,1998,1999,1998 | 1999,Knights,1998-06-06T00:00:00Z,1999-09-04T00:00:00Z,29,0,0,0,0,Teams listed are inferred from match structure in player-stat JSON.
NRL player stats data,David McLean,david mclean,David McLean,1998,2005,1998 | 2001 | 2003 | 2004 | 2005,Panthers | Tigers,1998-08-16T00:00:00Z,2005-09-04T00:00:00Z,11,0,0,0,0,Teams listed are inferred from match structure in player-stat JSON.
NRL player stats data,David Mead,david mead,David Mead,2009,2022,2009 | 2010 | 2011 | 2012 | 2013 | 2014 | 2015 | 2016 | 2017 | 2021 | 2022,Broncos | Titans,2009-06-08T00:00:00Z,2022-03-27T05:05:00Z,174,0,0,0,0,Teams listed are inferred from match structure in player-stat JSON.
NRL player stats data,David Milne,david milne,David Milne,2005,2011,2005 | 2006 | 2007 | 2008 | 2009 | 2010 | 2011,Cowboys | Raiders | Titans,2005-06-25T00:00:00Z,2011-08-20T00:00:00Z,50,0,0,0,0,Teams listed are inferred from match structure in player-stat JSON.
NRL player stats data,David Mulhall,david mulhall,David Mulhall,2000,2000,2000,Warriors,2000-06-18T00:00:00Z,2000-06-30T00:00:00Z,3,0,0,0,0,Teams listed are inferred from match structure in player-stat JSON.
NRL player stats data,David Myles,david myles,David Myles,1998,2007,1998 | 2000 | 2001 | 2002 | 2003 | 2004 | 2005 | 2007,Chargers | Cowboys | Titans | Warriors,1998-04-05T00:00:00Z,2007-07-15T00:00:00Z,117,0,0,0,0,Teams listed are inferred from match structure in player-stat JSON.
NRL player stats data,David Nofoaluma,david nofoaluma,David Nofoaluma,2013,2023,2013 | 2014 | 2015 | 2016 | 2017 | 2018 | 2019 | 2020 | 2021 | 2022 | 2023,Storm | Wests Tigers,2013-05-17T09:35:00Z,2023-08-26T07:30:00Z,198,0,0,0,0,Teams listed are inferred from match structure in player-stat JSON.
NRL player stats data,David Peachey,david peachey,David Peachey,1998,2007,1998 | 1999 | 2000 | 2001 | 2002 | 2003 | 2004 | 2005 | 2006 | 2007,Rabbitohs | Sharks,1998-03-28T00:00:00Z,2007-07-15T00:00:00Z,201,0,0,0,0,Teams listed are inferred from match structure in player-stat JSON.
NRL player stats data,David Penna,david penna,David Penna,1998,2000,1998 | 1999 | 2000,Eels,1998-03-14T00:00:00Z,2000-07-23T00:00:00Z,56,0,0,0,0,Teams listed are inferred from match structure in player-stat JSON.
NRL player stats data,David Schrader,david schrader,David Schrader,1999,1999,1999,Raiders,1999-06-04T00:00:00Z,1999-08-29T00:00:00Z,7,0,0,0,0,Teams listed are inferred from match structure in player-stat JSON.
NRL player stats data,David Seage,david seage,David Seage,2004,2006,2004 | 2005 | 2006,Knights,2004-03-12T00:00:00Z,2006-09-08T19:59:59Z,16,0,0,0,0,Teams listed are inferred from match structure in player-stat JSON.
NRL player stats data,David Shillington,david shillington,David Shillington,2005,2016,2005 | 2006 | 2007 | 2008 | 2009 | 2010 | 2011 | 2012 | 2013 | 2014 | 2015 | 2016,Raiders | Roosters | Titans,2005-08-07T00:00:00Z,2016-08-20T05:00:00Z,215,0,0,0,0,Teams listed are inferred from match structure in player-stat JSON.
NRL player stats data,David Simmons,david simmons,David Simmons,2003,2015,2003 | 2004 | 2005 | 2006 | 2007 | 2008 | 2009 | 2010 | 2011 | 2012 | 2013 | 2014 | 2015,Panthers | Sharks,2003-08-09T00:00:00Z,2015-09-05T05:00:00Z,200,0,0,0,0,Teams listed are inferred from match structure in player-stat JSON.
NRL player stats data,David Solomona,david solomona,David Solomona,1999,2003,1999 | 2000 | 2001 | 2002 | 2003,Eels | Roosters,1999-06-18T00:00:00Z,2003-08-02T00:00:00Z,78,0,0,0,0,Teams listed are inferred from match structure in player-stat JSON.
NRL player stats data,David Stagg,david stagg,David Stagg,2003,2015,2003 | 2004 | 2005 | 2006 | 2007 | 2008 | 2009 | 2010 | 2011 | 2012 | 2013 | 2014 | 2015,Broncos | Bulldogs,2003-07-11T00:00:00Z,2015-09-03T09:45:00Z,206,0,0,0,0,Teams listed are inferred from match structure in player-stat JSON.
NRL player stats data,David Thompson,david thompson,David Thompson,1998,2004,1998 | 1999 | 2000 | 2001 | 2002 | 2003 | 2004,Bulldogs | Cowboys | Rabbitohs,1998-07-04T00:00:00Z,2004-09-04T00:00:00Z,60,0,0,0,0,Teams listed are inferred from match structure in player-stat JSON.
NRL player stats data,David Tyrrell,david tyrrell,David Tyrrell,2009,2017,2009 | 2010 | 2011 | 2012 | 2013 | 2014 | 2015 | 2016 | 2017,Rabbitohs,2009-07-10T00:00:00Z,2017-09-01T09:50:00Z,155,0,0,0,0,Teams listed are inferred from match structure in player-stat JSON.
NRL player stats data,David Vaealiki,david vaealiki,David Vaealiki,1999,2008,1999 | 2000 | 2001 | 2002 | 2003 | 2004 | 2008,Eels | Sea Eagles,1999-06-19T00:00:00Z,2008-03-22T00:00:00Z,94,0,0,0,0,Teams listed are inferred from match structure in player-stat JSON.
NRL player stats data,David Walsh,david walsh,David Walsh,1998,1998,1998,Steelers,1998-05-09T00:00:00Z,1998-08-23T00:00:00Z,8,0,0,0,0,Teams listed are inferred from match structure in player-stat JSON.
NRL player stats data,David Westley,david westley,David Westley,1999,2002,1999 | 2000 | 2001 | 2002,Eagles | Eels | Raiders,1999-03-05T00:00:00Z,2002-06-16T00:00:00Z,57,0,0,0,0,Teams listed are inferred from match structure in player-stat JSON.
NRL player stats data,David Williams,david williams,David Williams,2008,2015,2008 | 2009 | 2011 | 2012 | 2013 | 2014 | 2015,Sea Eagles,2008-05-11T00:00:00Z,2015-05-10T04:00:00Z,103,0,0,0,0,Teams listed are inferred from match structure in player-stat JSON.
NRL player stats data,David Woods,david woods,David Woods,1998,2001,1998 | 1999 | 2000 | 2001,Panthers,1998-03-14T00:00:00Z,2001-09-01T00:00:00Z,63,0,0,0,0,Teams listed are inferred from match structure in player-stat JSON.
NRL player stats data,Davvy Moale,davvy moale,Davvy Moale,2021,2026,2021 | 2022 | 2023 | 2024 | 2025 | 2026,Rabbitohs | Storm,2021-08-01T08:25:00Z,2026-05-22T10:00:00Z,88,0,0,0,0,Teams listed are inferred from match structure in player-stat JSON.
NRL player stats data,Dayle Bonner,dayle bonner,Dayle Bonner,1998,1999,1998 | 1999,Magpies,1998-04-26T00:00:00Z,1999-08-29T00:00:00Z,17,0,0,0,0,Teams listed are inferred from match structure in player-stat JSON.
NRL player stats data,Dayne Jennings,dayne jennings,Dayne Jennings,2026,2026,2026,Rabbitohs,2026-06-11T09:50:00Z,2026-06-11T09:50:00Z,1,0,0,0,0,Teams listed are inferred from match structure in player-stat JSON.
NRL player stats data,Dayne Neirinckx,dayne neirinckx,Dayne Neirinckx,2003,2003,2003,Bulldogs,2003-09-06T00:00:00Z,2003-09-06T00:00:00Z,1,0,0,0,0,Teams listed are inferred from match structure in player-stat JSON.
NRL player stats data,Dayne Weston,dayne weston,Dayne Weston,2007,2015,2007 | 2008 | 2009 | 2011 | 2012 | 2014 | 2015,Cowboys | Panthers | Sharks | Storm,2007-04-15T00:00:00Z,2015-06-01T09:00:00Z,80,0,0,0,0,Teams listed are inferred from match structure in player-stat JSON.
NRL player stats data,De La Salle Va'a,de la salle vaa,De La Salle Va'a,2024,2025,2024 | 2025,Roosters,2024-09-06T10:00:00Z,2025-07-06T04:00:00Z,2,0,0,0,0,Teams listed are inferred from match structure in player-stat JSON.
NRL player stats data,Dean Bosnich,dean bosnich,Dean Bosnich,2002,2004,2002 | 2003 | 2004,Sharks,2002-03-30T00:00:00Z,2004-04-10T00:00:00Z,45,0,0,0,0,Teams listed are inferred from match structure in player-stat JSON.
NRL player stats data,Dean Britt,dean britt,Dean Britt,2017,2021,2017 | 2018 | 2019 | 2020 | 2021,Bulldogs | Rabbitohs | Storm,2017-06-17T07:30:00Z,2021-04-02T05:05:00Z,30,0,0,0,0,Teams listed are inferred from match structure in player-stat JSON.
NRL player stats data,Dean Byrne,dean byrne,Dean Byrne,2003,2004,2003 | 2004,Dragons | Rabbitohs,2003-03-23T00:00:00Z,2004-05-01T00:00:00Z,7,0,0,0,0,Teams listed are inferred from match structure in player-stat JSON.
NRL player stats data,Dean Callaway,dean callaway,Dean Callaway,1998,1998,1998,Steelers,1998-03-14T00:00:00Z,1998-08-23T00:00:00Z,19,0,0,0,0,Teams listed are inferred from match structure in player-stat JSON.
NRL player stats data,Dean Collis,dean collis,Dean Collis,2003,2011,2003 | 2004 | 2005 | 2006 | 2007 | 2008 | 2009 | 2010 | 2011,Sharks | Wests Tigers,2003-08-31T00:00:00Z,2011-09-03T00:00:00Z,104,0,0,0,0,Teams listed are inferred from match structure in player-stat JSON.
NRL player stats data,Dean Hawkins,dean hawkins,Dean Hawkins,2021,2025,2021 | 2022 | 2023 | 2024 | 2025,Eels | Rabbitohs,2021-04-08T09:50:00Z,2025-08-10T06:05:00Z,31,0,0,0,0,Teams listed are inferred from match structure in player-stat JSON.
NRL player stats data,Dean Ieremia,dean ieremia,Dean Ieremia,2021,2024,2021 | 2022 | 2024,Storm,2021-04-30T08:00:00Z,2024-08-29T09:50:00Z,27,0,0,0,0,Teams listed are inferred from match structure in player-stat JSON.
NRL player stats data,Dean Matterson,dean matterson,Dean Matterson,2023,2025,2023 | 2024 | 2025,Sea Eagles,2023-07-15T07:30:00Z,2025-03-14T07:00:00Z,10,0,0,0,0,Teams listed are inferred from match structure in player-stat JSON.
NRL player stats data,Dean Moon,dean moon,Dean Moon,1998,1998,1998,Steelers,1998-03-14T00:00:00Z,1998-04-11T00:00:00Z,4,0,0,0,0,Teams listed are inferred from match structure in player-stat JSON.
NRL player stats data,Dean Pay,dean pay,Dean Pay,1998,1999,1998 | 1999,Eels,1998-03-14T00:00:00Z,1999-09-18T00:00:00Z,42,0,0,0,0,Teams listed are inferred from match structure in player-stat JSON.
NRL player stats data,Dean Raper,dean raper,Dean Raper,1998,1998,1998,Dragons,1998-03-15T00:00:00Z,1998-03-29T00:00:00Z,3,0,0,0,0,Teams listed are inferred from match structure in player-stat JSON.
NRL player stats data,Dean Schifilliti,dean schifilliti,Dean Schifilliti,1998,2000,1998 | 1999 | 2000,Eels | Rams,1998-03-13T00:00:00Z,2000-07-29T00:00:00Z,51,0,0,0,0,Teams listed are inferred from match structure in player-stat JSON.
NRL player stats data,Dean Treister,dean treister,Dean Treister,1998,2003,1998 | 1999 | 2000 | 2001 | 2002 | 2003,Sharks,1998-03-14T00:00:00Z,2003-04-12T00:00:00Z,120,0,0,0,0,Teams listed are inferred from match structure in player-stat JSON.
NRL player stats data,Dean Whare,dean whare,Dean Whare,2010,2020,2010 | 2011 | 2012 | 2013 | 2014 | 2015 | 2016 | 2017 | 2018 | 2019 | 2020,Panthers | Sea Eagles,2010-05-29T19:27:59Z,2020-07-19T06:05:00Z,155,0,0,0,0,Teams listed are inferred from match structure in player-stat JSON.
NRL player stats data,Dean Widders,dean widders,Dean Widders,2000,2008,2000 | 2001 | 2002 | 2003 | 2004 | 2005 | 2006 | 2007 | 2008,Eels | Rabbitohs | Roosters,2000-05-07T00:00:00Z,2008-06-01T00:00:00Z,159,0,0,0,0,Teams listed are inferred from match structure in player-stat JSON.
NRL player stats data,Dean Young,dean young,Dean Young,2003,2012,2003 | 2004 | 2005 | 2006 | 2007 | 2008 | 2009 | 2010 | 2011 | 2012,Dragons,2003-03-23T00:00:00Z,2012-09-02T00:00:00Z,209,0,0,0,0,Teams listed are inferred from match structure in player-stat JSON.
NRL player stats data,Declan Casey,declan casey,Declan Casey,2022,2024,2022 | 2023 | 2024,Bulldogs | Wests Tigers,2022-07-02T05:00:00Z,2024-05-24T08:00:00Z,9,0,0,0,0,Teams listed are inferred from match structure in player-stat JSON.
NRL player stats data,Deine Mariner,deine mariner,Deine Mariner,2022,2026,2022 | 2023 | 2024 | 2025 | 2026,Broncos,2022-07-10T06:05:00Z,2026-05-02T09:35:00Z,69,0,0,0,0,Teams listed are inferred from match structure in player-stat JSON.
NRL player stats data,Delouise Hoeter,delouise hoeter,Delouise Hoeter,2015,2025,2015 | 2022 | 2023 | 2025,Broncos | Wests Tigers,2015-03-27T08:35:00Z,2025-09-04T09:50:00Z,22,0,0,0,0,Teams listed are inferred from match structure in player-stat JSON.
NRL player stats data,Demitric Sifakula,demitric sifakula,Demitric Sifakula,2023,2023,2023,Warriors,2023-04-09T08:15:00Z,2023-05-27T07:30:00Z,5,0,0,0,0,Teams listed are inferred from match structure in player-stat JSON.
NRL player stats data,Demitric Vaimauga,demitric vaimauga,Demitric Vaimauga,2024,2026,2024 | 2025 | 2026,Warriors,2024-08-02T08:00:00Z,2026-06-13T07:30:00Z,42,0,0,0,0,Teams listed are inferred from match structure in player-stat JSON.
NRL player stats data,Denan Kemp,denan kemp,Denan Kemp,2007,2010,2007 | 2008 | 2009 | 2010,Broncos | Warriors,2007-05-21T00:00:00Z,2010-04-30T19:32:00Z,42,0,0,0,0,Teams listed are inferred from match structure in player-stat JSON.
NRL player stats data,Dene Halatau,dene halatau,Dene Halatau,2003,2016,2003 | 2004 | 2005 | 2006 | 2007 | 2008 | 2009 | 2010 | 2011 | 2012 | 2013 | 2014 | 2015 | 2016,Bulldogs | Wests Tigers,2003-06-08T00:00:00Z,2016-09-04T04:00:00Z,249,0,0,0,0,Teams listed are inferred from match structure in player-stat JSON.
NRL player stats data,Dennis Moran,dennis moran,Dennis Moran,1998,2000,1998 | 1999 | 2000,Eels,1998-08-23T00:00:00Z,2000-08-20T00:00:00Z,35,0,0,0,0,Teams listed are inferred from match structure in player-stat JSON.
NRL player stats data,Dennis Scott,dennis scott,Dennis Scott,1998,2005,1998 | 1999 | 2000 | 2001 | 2002 | 2003 | 2004 | 2005,Broncos | Bulldogs | Storm,1998-05-24T00:00:00Z,2005-09-03T00:00:00Z,125,0,0,0,0,Teams listed are inferred from match structure in player-stat JSON.
NRL player stats data,Denny Lambert,denny lambert,Denny Lambert,1998,1998,1998,Cowboys,1998-08-23T00:00:00Z,1998-08-23T00:00:00Z,1,0,0,0,0,Teams listed are inferred from match structure in player-stat JSON.
NRL player stats data,Deon Apps,deon apps,Deon Apps,2011,2011,2011,Rabbitohs,2011-05-30T00:00:00Z,2011-06-05T00:00:00Z,2,0,0,0,0,Teams listed are inferred from match structure in player-stat JSON.
NRL player stats data,Deon Bird,deon bird,Deon Bird,1998,1998,1998,Rams,1998-05-23T00:00:00Z,1998-08-22T00:00:00Z,14,0,0,0,0,Teams listed are inferred from match structure in player-stat JSON.
NRL player stats data,Derrick Watkins,derrick watkins,Derrick Watkins,2002,2008,2002 | 2003 | 2008,Broncos | Cowboys,2002-07-20T00:00:00Z,2008-08-15T00:00:00Z,7,0,0,0,0,Teams listed are inferred from match structure in player-stat JSON.
NRL player stats data,Des Clark,des clark,Des Clark,2000,2000,2000,Cowboys,2000-03-19T00:00:00Z,2000-04-09T00:00:00Z,2,0,0,0,0,Teams listed are inferred from match structure in player-stat JSON.
NRL player stats data,Dimitri Pelo,dimitri pelo,Dimitri Pelo,2012,2012,2012,Raiders,2012-05-25T00:00:00Z,2012-09-02T00:00:00Z,5,0,0,0,0,Teams listed are inferred from match structure in player-stat JSON.
NRL player stats data,Dion Teaupa,dion teaupa,Dion Teaupa,2024,2024,2024,Rabbitohs,2024-05-11T07:30:00Z,2024-09-06T10:00:00Z,10,0,0,0,0,Teams listed are inferred from match structure in player-stat JSON.
NRL player stats data,Dominic Young,dominic young,Dominic Young,2021,2026,2021 | 2022 | 2023 | 2024 | 2025 | 2026,Knights | Roosters,2021-03-28T05:05:00Z,2026-06-05T08:00:00Z,105,0,0,0,0,Teams listed are inferred from match structure in player-stat JSON.
NRL player stats data,Dominique Peyroux,dominique peyroux,Dominique Peyroux,2011,2015,2011 | 2012 | 2013 | 2014 | 2015,Titans | Warriors,2011-07-31T00:00:00Z,2015-09-06T08:30:00Z,42,0,0,0,0,Teams listed are inferred from match structure in player-stat JSON.
NRL player stats data,Don Smith,don smith,Don Smith,1998,1998,1998,Magpies,1998-04-05T00:00:00Z,1998-04-09T00:00:00Z,2,0,0,0,0,Teams listed are inferred from match structure in player-stat JSON.
NRL player stats data,Don Tweddle,don tweddle,Don Tweddle,2003,2003,2003,Sharks,2003-03-16T00:00:00Z,2003-07-13T00:00:00Z,5,0,0,0,0,Teams listed are inferred from match structure in player-stat JSON.
NRL player stats data,Donald Malone,donald malone,Donald Malone,2009,2009,2009,Cowboys,2009-08-07T00:00:00Z,2009-09-06T00:00:00Z,2,0,0,0,0,Teams listed are inferred from match structure in player-stat JSON.
NRL player stats data,Dragan Durdevic,dragan durdevic,Dragan Durdevic,1999,2000,1999 | 2000,Eagles | Sea Eagles,1999-08-28T00:00:00Z,2000-07-22T00:00:00Z,10,0,0,0,0,Teams listed are inferred from match structure in player-stat JSON.
NRL player stats data,Drew Hutchison,drew hutchison,Drew Hutchison,2015,2024,2015 | 2016 | 2019 | 2020 | 2021 | 2022 | 2023 | 2024,Bulldogs | Dragons | Roosters,2015-07-12T06:00:00Z,2024-09-07T07:30:00Z,96,0,0,0,0,Teams listed are inferred from match structure in player-stat JSON.
NRL player stats data,Drury Low,drury low,Drury Low,2010,2014,2010 | 2013 | 2014,Bulldogs | Raiders,2010-05-01T14:59:00Z,2014-07-20T05:00:00Z,11,0,0,0,0,Teams listed are inferred from match structure in player-stat JSON.
NRL player stats data,Dunamis Lui,dunamis lui,Dunamis Lui,2010,2022,2010 | 2011 | 2012 | 2013 | 2014 | 2015 | 2016 | 2017 | 2018 | 2019 | 2020 | 2021 | 2022,Broncos | Dragons | Raiders | Sea Eagles | Warriors,2010-04-09T19:34:00Z,2022-08-26T08:00:00Z,178,0,0,0,0,Teams listed are inferred from match structure in player-stat JSON.
NRL player stats data,Duncan MacGillivray,duncan macgillivray,Duncan Macgillivray | Duncan MacGillivray,1998,2003,1998 | 1999 | 2000 | 2001 | 2002 | 2003,Panthers | Rabbitohs,1998-03-14T00:00:00Z,2003-08-30T00:00:00Z,57,0,0,0,0,Teams listed are inferred from match structure in player-stat JSON.
NRL player stats data,Duncan McRae,duncan mcrae,Duncan McRae,1998,1998,1998,Bulldogs,1998-03-15T00:00:00Z,1998-04-05T00:00:00Z,4,0,0,0,0,Teams listed are inferred from match structure in player-stat JSON.
NRL player stats data,Dustin Cooper,dustin cooper,Dustin Cooper,2003,2008,2003 | 2004 | 2005 | 2007 | 2008,Knights | Sharks | Storm,2003-06-14T00:00:00Z,2008-05-17T00:00:00Z,37,0,0,0,0,Teams listed are inferred from match structure in player-stat JSON.
NRL player stats data,Dylan Brown,dylan brown,Dylan Brown,2019,2026,2019 | 2020 | 2021 | 2022 | 2023 | 2024 | 2025 | 2026,Eels | Knights,2019-03-17T05:05:00Z,2026-06-05T08:00:00Z,151,0,0,0,0,Teams listed are inferred from match structure in player-stat JSON.
NRL player stats data,Dylan Edwards,dylan edwards,Dylan Edwards,2016,2026,2016 | 2017 | 2018 | 2019 | 2020 | 2021 | 2022 | 2023 | 2024 | 2025 | 2026,Panthers,2016-07-10T06:00:00Z,2026-06-07T04:00:00Z,186,0,0,0,0,Teams listed are inferred from match structure in player-stat JSON.
NRL player stats data,Dylan Egan,dylan egan,Dylan Egan,2025,2026,2025 | 2026,Dragons,2025-03-08T06:30:00Z,2026-06-07T06:05:00Z,14,0,0,0,0,Teams listed are inferred from match structure in player-stat JSON.
NRL player stats data,Dylan Farrell,dylan farrell,Dylan Farrell,2010,2015,2010 | 2011 | 2012 | 2013 | 2014 | 2015,Dragons | Rabbitohs,2010-08-07T00:00:00Z,2015-08-30T06:00:00Z,90,0,0,0,0,Teams listed are inferred from match structure in player-stat JSON.
NRL player stats data,Dylan Lucas,dylan lucas,Dylan Lucas,2023,2026,2023 | 2024 | 2025 | 2026,Knights,2023-03-17T07:00:00Z,2026-06-05T08:00:00Z,62,0,0,0,0,Teams listed are inferred from match structure in player-stat JSON.
NRL player stats data,Dylan Napa,dylan napa,Dylan Napa,2013,2023,2013 | 2014 | 2015 | 2016 | 2017 | 2018 | 2019 | 2020 | 2021 | 2023,Bulldogs | Roosters,2013-06-21T09:45:00Z,2023-08-18T10:00:00Z,178,0,0,0,0,Teams listed are inferred from match structure in player-stat JSON.
NRL player stats data,Dylan Phythian,dylan phythian,Dylan Phythian,2016,2017,2016 | 2017,Knights,2016-08-28T06:00:00Z,2017-03-05T03:00:00Z,3,0,0,0,0,Teams listed are inferred from match structure in player-stat JSON.
NRL player stats data,Dylan Walker,dylan walker,Dylan Walker,2013,2026,2013 | 2014 | 2015 | 2016 | 2017 | 2018 | 2019 | 2020 | 2021 | 2022 | 2023 | 2024 | 2025 | 2026,Eels | Rabbitohs | Sea Eagles | Warriors,2013-05-17T09:35:00Z,2026-06-13T09:35:00Z,266,0,0,0,0,Teams listed are inferred from match structure in player-stat JSON.
NRL player stats data,Ed Murphy,ed murphy,Ed Murphy,2016,2016,2016,Rabbitohs,2016-06-24T09:50:00Z,2016-07-16T09:30:00Z,2,0,0,0,0,Teams listed are inferred from match structure in player-stat JSON.
NRL player stats data,Eddie Blacker,eddie blacker,Eddie Blacker,2020,2022,2020 | 2022,Dragons | Panthers,2020-09-27T06:05:00Z,2022-09-03T09:35:00Z,2,0,0,0,0,Teams listed are inferred from match structure in player-stat JSON.
NRL player stats data,Eddie Ieremia-Toeava,eddie ieremia toeava,Eddie Ieremia-Toeava,2025,2026,2025 | 2026,Warriors,2025-03-02T00:00:00Z,2026-06-13T07:30:00Z,19,0,0,0,0,Teams listed are inferred from match structure in player-stat JSON.
NRL player stats data,Eddie Paea,eddie paea,Eddie Paea,2006,2008,2006 | 2007 | 2008,Rabbitohs,2006-09-03T00:00:00Z,2008-04-25T00:00:00Z,8,0,0,0,0,Teams listed are inferred from match structure in player-stat JSON.
NRL player stats data,Eddie Su'a,eddie sua,Eddie Su'a,2007,2007,2007,Sharks,2007-07-20T00:00:00Z,2007-09-01T00:00:00Z,6,0,0,0,0,Teams listed are inferred from match structure in player-stat JSON.
NRL player stats data,Eddy Pettybourne,eddy pettybourne,Eddy Pettybourne,2007,2017,2007 | 2008 | 2009 | 2010 | 2011 | 2012 | 2013 | 2015 | 2016 | 2017,Rabbitohs | Titans | Wests Tigers,2007-07-22T00:00:00Z,2017-06-16T09:50:00Z,137,0,0,0,0,Teams listed are inferred from match structure in player-stat JSON.
NRL player stats data,Edrick Lee,edrick lee,Edrick Lee,2012,2023,2012 | 2013 | 2014 | 2015 | 2016 | 2017 | 2018 | 2019 | 2020 | 2022 | 2023,Dolphins | Knights | Raiders | Sharks,2012-05-25T00:00:00Z,2023-04-07T10:00:00Z,133,0,0,0,0,Teams listed are inferred from match structure in player-stat JSON.
NRL player stats data,Edward Kosi,edward kosi,Edward Kosi,2021,2026,2021 | 2022 | 2023 | 2024 | 2025 | 2026,Rabbitohs | Warriors,2021-04-25T08:15:00Z,2026-06-11T09:50:00Z,51,0,0,0,0,Teams listed are inferred from match structure in player-stat JSON.
NRL player stats data,Egan Butcher,egan butcher,Egan Butcher,2021,2026,2021 | 2022 | 2023 | 2024 | 2025 | 2026,Roosters,2021-05-22T07:30:00Z,2026-06-12T10:00:00Z,85,0,0,0,0,Teams listed are inferred from match structure in player-stat JSON.
NRL player stats data,Eli Clark,eli clark,Eli Clark,2024,2024,2024,Bulldogs,2024-06-22T07:30:00Z,2024-09-07T07:30:00Z,3,0,0,0,0,Teams listed are inferred from match structure in player-stat JSON.
NRL player stats data,Elia Tuqiri,elia tuqiri,Elia Tuqiri,2002,2002,2002,Broncos,2002-05-26T00:00:00Z,2002-05-31T00:00:00Z,2,0,0,0,0,Teams listed are inferred from match structure in player-stat JSON.
NRL player stats data,Elie El-Zakhem,elie el zakhem,Elie El-Zakhem,2022,2022,2022,Eels,2022-07-15T09:55:00Z,2022-07-15T09:55:00Z,1,0,0,0,0,Teams listed are inferred from match structure in player-stat JSON.
NRL player stats data,Eliesa Katoa,eliesa katoa,Eliesa Katoa,2020,2025,2020 | 2021 | 2022 | 2023 | 2024 | 2025,Storm | Warriors,2020-03-14T04:00:00Z,2025-10-05T08:30:00Z,125,0,0,0,0,Teams listed are inferred from match structure in player-stat JSON.
NRL player stats data,Elijah Anderson,elijah anderson,Elijah Anderson,2021,2021,2021,Raiders,2021-05-29T09:35:00Z,2021-09-02T09:50:00Z,4,0,0,0,0,Teams listed are inferred from match structure in player-stat JSON.
NRL player stats data,Elijah Salesa-Leaumoana,elijah salesa leaumoana,Elijah Salesa-Leaumoana,2025,2026,2025 | 2026,Knights,2025-06-05T09:50:00Z,2026-04-26T04:00:00Z,10,0,0,0,0,Teams listed are inferred from match structure in player-stat JSON.
NRL player stats data,Elijah Taylor,elijah taylor,Elijah Taylor,2011,2020,2011 | 2012 | 2013 | 2014 | 2015 | 2016 | 2017 | 2018 | 2019 | 2020,Panthers | Warriors | Wests Tigers,2011-04-03T00:00:00Z,2020-09-26T09:35:00Z,186,0,0,0,0,Teams listed are inferred from match structure in player-stat JSON.
NRL player stats data,Elliott Whitehead,elliott whitehead,Elliott Whitehead,2016,2024,2016 | 2017 | 2018 | 2019 | 2020 | 2021 | 2022 | 2023 | 2024,Raiders,2016-03-05T04:00:00Z,2024-09-01T06:05:00Z,206,0,0,0,0,Teams listed are inferred from match structure in player-stat JSON.
NRL player stats data,Eloni Vunakece,eloni vunakece,Eloni Vunakece,2016,2016,2016,Roosters,2016-03-26T08:30:00Z,2016-06-11T09:30:00Z,9,0,0,0,0,Teams listed are inferred from match structure in player-stat JSON.
NRL player stats data,Emre Guler,emre guler,Emre Guler,2018,2026,2018 | 2019 | 2020 | 2021 | 2022 | 2023 | 2024 | 2025 | 2026,Dragons | Raiders,2018-08-19T06:10:00Z,2026-05-31T04:00:00Z,123,0,0,0,0,Teams listed are inferred from match structure in player-stat JSON.
NRL player stats data,Emry Pere,emry pere,Emry Pere,2020,2020,2020,Cowboys,2020-08-09T04:00:00Z,2020-09-18T08:00:00Z,3,0,0,0,0,Teams listed are inferred from match structure in player-stat JSON.
NRL player stats data,Enari Tuala,enari tuala,Enari Tuala,2017,2026,2017 | 2018 | 2019 | 2020 | 2021 | 2022 | 2023 | 2024 | 2025 | 2026,Bulldogs | Cowboys | Knights,2017-08-19T09:30:00Z,2026-06-08T06:05:00Z,126,0,0,0,0,Teams listed are inferred from match structure in player-stat JSON.
NRL player stats data,Epalahame Lauaki,epalahame lauaki,Epalahame Lauaki,2004,2008,2004 | 2005 | 2006 | 2007 | 2008,Warriors,2004-03-14T00:00:00Z,2008-08-16T00:00:00Z,69,0,0,0,0,Teams listed are inferred from match structure in player-stat JSON.
NRL player stats data,Eparama Navale,eparama navale,Eparama Navale,1998,2000,1998 | 2000,Eagles | Eels,1998-07-18T00:00:00Z,2000-07-09T00:00:00Z,5,0,0,0,0,Teams listed are inferred from match structure in player-stat JSON.
NRL player stats data,Eric Grothe,eric grothe,Eric Grothe,1999,2010,1999 | 2000 | 2002 | 2003 | 2004 | 2005 | 2006 | 2007 | 2008 | 2009 | 2010,Eels | Roosters,1999-07-10T00:00:00Z,2010-06-21T00:00:00Z,142,0,0,0,0,Teams listed are inferred from match structure in player-stat JSON.
NRL player stats data,Erin Clark,erin clark,Erin Clark,2017,2026,2017 | 2020 | 2021 | 2022 | 2023 | 2024 | 2025 | 2026,Titans | Warriors,2017-03-10T07:00:00Z,2026-06-13T07:30:00Z,136,0,0,0,0,Teams listed are inferred from match structure in player-stat JSON.
NRL player stats data,Esan Marsters,esan marsters,Esan Marsters,2017,2022,2017 | 2018 | 2019 | 2020 | 2021 | 2022,Cowboys | Titans | Wests Tigers,2017-06-03T05:00:00Z,2022-06-11T05:00:00Z,93,0,0,0,0,Teams listed are inferred from match structure in player-stat JSON.
NRL player stats data,Esikeli Tonga,esikeli tonga,Esikeli Tonga,2008,2013,2008 | 2009 | 2011 | 2012 | 2013,Eels | Sea Eagles | Titans,2008-06-01T00:00:00Z,2013-05-06T09:00:00Z,40,0,0,0,0,Teams listed are inferred from match structure in player-stat JSON.
NRL player stats data,Ethan Alaia,ethan alaia,Ethan Alaia,2026,2026,2026,Raiders,2026-05-02T05:00:00Z,2026-05-02T05:00:00Z,1,0,0,0,0,Teams listed are inferred from match structure in player-stat JSON.
NRL player stats data,Ethan Bullemor,ethan bullemor,Ethan Bullemor,2020,2026,2020 | 2021 | 2022 | 2023 | 2024 | 2025 | 2026,Broncos | Sea Eagles,2020-03-20T09:05:00Z,2026-05-29T10:00:00Z,127,0,0,0,0,Teams listed are inferred from match structure in player-stat JSON.
NRL player stats data,Ethan King,ethan king,Ethan King,2024,2026,2024 | 2025 | 2026,Cowboys | Roosters,2024-06-22T07:30:00Z,2026-06-06T07:30:00Z,26,0,0,0,0,Teams listed are inferred from match structure in player-stat JSON.
NRL player stats data,Ethan Lowe,ethan lowe,Ethan Lowe,2013,2020,2013 | 2014 | 2015 | 2016 | 2017 | 2018 | 2019 | 2020,Cowboys | Rabbitohs,2013-06-02T05:00:00Z,2020-07-18T07:30:00Z,143,0,0,0,0,Teams listed are inferred from match structure in player-stat JSON.
NRL player stats data,Ethan Parry,ethan parry,Ethan Parry,2019,2019,2019,Eels,2019-07-21T06:05:00Z,2019-07-27T05:00:00Z,2,0,0,0,0,Teams listed are inferred from match structure in player-stat JSON.
NRL player stats data,Ethan Quai-Ward,ethan quai ward,Ethan Quai-Ward,2023,2023,2023,Bulldogs,2023-07-08T09:35:00Z,2023-07-08T09:35:00Z,1,0,0,0,0,Teams listed are inferred from match structure in player-stat JSON.
NRL player stats data,Ethan Roberts,ethan roberts,Ethan Roberts,2025,2026,2025 | 2026,Roosters | Wests Tigers,2025-03-14T09:00:00Z,2026-05-16T05:00:00Z,3,0,0,0,0,Teams listed are inferred from match structure in player-stat JSON.
NRL player stats data,Ethan Sanders,ethan sanders,Ethan Sanders,2024,2026,2024 | 2025 | 2026,Eels | Raiders,2024-04-26T10:00:00Z,2026-06-13T09:35:00Z,20,0,0,0,0,Teams listed are inferred from match structure in player-stat JSON.
NRL player stats data,Ethan Strange,ethan strange,Ethan Strange,2023,2026,2023 | 2024 | 2025 | 2026,Raiders,2023-08-13T04:00:00Z,2026-06-05T10:00:00Z,58,0,0,0,0,Teams listed are inferred from match structure in player-stat JSON.
NRL player stats data,Etonia Nabuli,etonia nabuli,Etonia Nabuli,2015,2015,2015,Dragons,2015-03-09T08:00:00Z,2015-09-12T07:50:00Z,13,0,0,0,0,Teams listed are inferred from match structure in player-stat JSON.
NRL player stats data,Etuate Uaisele,etuate uaisele,Etuate Uaisele,2009,2012,2009 | 2011 | 2012,Eels | Panthers,2009-04-24T00:00:00Z,2012-07-22T00:00:00Z,30,0,0,0,0,Teams listed are inferred from match structure in player-stat JSON.
NRL player stats data,Euan Aitken,euan aitken,Euan Aitken,2015,2026,2015 | 2016 | 2017 | 2018 | 2019 | 2020 | 2021 | 2022 | 2023 | 2024 | 2025 | 2026,Dolphins | Dragons | Rabbitohs | Warriors,2015-03-21T06:30:00Z,2026-06-11T09:50:00Z,216,0,0,0,0,Teams listed are inferred from match structure in player-stat JSON.
NRL player stats data,Evan Cochrane,evan cochrane,Evan Cochrane,1998,1998,1998,Knights,1998-03-15T00:00:00Z,1998-08-22T00:00:00Z,11,0,0,0,0,Teams listed are inferred from match structure in player-stat JSON.
NRL player stats data,Evarn Tuimavave,evarn tuimavave,Evarn Tuimavave,2002,2012,2002 | 2003 | 2004 | 2005 | 2006 | 2007 | 2008 | 2009 | 2010 | 2011 | 2012,Knights | Warriors,2002-09-01T00:00:00Z,2012-05-12T00:00:00Z,138,0,0,0,0,Teams listed are inferred from match structure in player-stat JSON.
NRL player stats data,Ezra Mam,ezra mam,Ezra Mam,2022,2026,2022 | 2023 | 2024 | 2025 | 2026,Broncos,2022-05-19T09:50:00Z,2026-06-11T09:50:00Z,85,0,0,0,0,Teams listed are inferred from match structure in player-stat JSON.
NRL player stats data,Fa'amanu Brown,faamanu brown,Fa'amanu Brown,2014,2024,2014 | 2016 | 2017 | 2018 | 2019 | 2022 | 2023 | 2024,Bulldogs | Dragons | Knights | Sharks | Wests Tigers,2014-06-07T09:30:00Z,2024-07-07T04:00:00Z,65,0,0,0,0,Teams listed are inferred from match structure in player-stat JSON.
NRL player stats data,Faaletino Tavana,faaletino tavana,Faaletino Tavana,2026,2026,2026,Wests Tigers,2026-03-27T07:00:00Z,2026-06-07T04:00:00Z,5,0,0,0,0,Teams listed are inferred from match structure in player-stat JSON.
NRL player stats data,Falakiko Manu,falakiko manu,Falakiko Manu,2021,2021,2021,Bulldogs,2021-07-03T05:00:00Z,2021-08-29T03:50:00Z,8,0,0,0,0,Teams listed are inferred from match structure in player-stat JSON.
NRL player stats data,Feleti Mateo,feleti mateo,Feleti Mateo,2004,2016,2004 | 2007 | 2008 | 2009 | 2010 | 2011 | 2012 | 2013 | 2014 | 2015 | 2016,Eels | Sea Eagles | Warriors,2004-07-24T00:00:00Z,2016-03-31T09:05:00Z,205,0,0,0,0,Teams listed are inferred from match structure in player-stat JSON.
NRL player stats data,Felise Kaufusi,felise kaufusi,Felise Kaufusi,2015,2026,2015 | 2016 | 2017 | 2018 | 2019 | 2020 | 2021 | 2022 | 2023 | 2024 | 2025 | 2026,Dolphins | Storm,2015-03-09T08:00:00Z,2026-06-12T10:00:00Z,236,0,0,0,0,Teams listed are inferred from match structure in player-stat JSON.
NRL player stats data,Fetalaiga Pauga,fetalaiga pauga,Fetalaiga Pauga,2021,2026,2021 | 2022 | 2023 | 2024 | 2026,Roosters | Wests Tigers,2021-07-18T06:05:00Z,2026-05-16T07:30:00Z,34,0,0,0,0,Teams listed are inferred from match structure in player-stat JSON.
NRL player stats data,Fetuli Talanoa,fetuli talanoa,Fetuli Talanoa,2006,2012,2006 | 2007 | 2008 | 2009 | 2010 | 2011 | 2012,Rabbitohs,2006-08-20T00:00:00Z,2012-03-11T00:00:00Z,95,0,0,0,0,Teams listed are inferred from match structure in player-stat JSON.
NRL player stats data,Fifita Moala,fifita moala,Fifita Moala,2000,2004,2000 | 2001 | 2002 | 2003 | 2004,Storm,2000-04-30T00:00:00Z,2004-03-21T00:00:00Z,39,0,0,0,0,Teams listed are inferred from match structure in player-stat JSON.
NRL player stats data,Fili Lolohea,fili lolohea,Fili Lolohea,2002,2004,2002 | 2003 | 2004,Rabbitohs,2002-08-24T00:00:00Z,2004-05-23T00:00:00Z,9,0,0,0,0,Teams listed are inferred from match structure in player-stat JSON.
NRL player stats data,Filinga Filiga,filinga filiga,Filinga Filiga,2005,2005,2005,Bulldogs,2005-08-19T00:00:00Z,2005-08-28T00:00:00Z,2,0,0,0,0,Teams listed are inferred from match structure in player-stat JSON.
NRL player stats data,Fletcher Baker,fletcher baker,Fletcher Baker,2021,2026,2021 | 2022 | 2023 | 2024 | 2025 | 2026,Broncos | Bulldogs | Roosters,2021-03-21T05:05:00Z,2026-03-28T04:00:00Z,69,0,0,0,0,Teams listed are inferred from match structure in player-stat JSON.
NRL player stats data,Fletcher Hunt,fletcher hunt,Fletcher Hunt,2025,2026,2025 | 2026,Knights,2025-05-16T08:00:00Z,2026-06-05T08:00:00Z,25,0,0,0,0,Teams listed are inferred from match structure in player-stat JSON.
NRL player stats data,Fletcher Myers,fletcher myers,Fletcher Myers,2024,2025,2024 | 2025,Rabbitohs,2024-07-28T08:15:00Z,2025-05-09T10:00:00Z,11,0,0,0,0,Teams listed are inferred from match structure in player-stat JSON.
NRL player stats data,Fletcher Sharpe,fletcher sharpe,Fletcher Sharpe,2024,2026,2024 | 2025 | 2026,Knights,2024-06-09T04:00:00Z,2026-06-05T08:00:00Z,37,0,0,0,0,Teams listed are inferred from match structure in player-stat JSON.
NRL player stats data,Fonua Pole,fonua pole,Fonua Pole,2022,2026,2022 | 2023 | 2024 | 2025 | 2026,Wests Tigers,2022-07-03T04:00:00Z,2026-06-14T06:05:00Z,90,0,0,0,0,Teams listed are inferred from match structure in player-stat JSON.
NRL player stats data,Francis Kalisolaite-Tualau,francis kalisolaite tualau,Francis Kalisolaite-Tualau,2017,2018,2017 | 2018,Bulldogs,2017-06-04T06:00:00Z,2018-03-30T05:10:00Z,6,0,0,0,0,Teams listed are inferred from match structure in player-stat JSON.
NRL player stats data,Francis Manuleleua,francis manuleleua,Francis Manuleleua,2026,2026,2026,Knights,2026-03-01T02:15:00Z,2026-06-05T08:00:00Z,9,0,0,0,0,Teams listed are inferred from match structure in player-stat JSON.
NRL player stats data,Francis Meli,francis meli,Francis Meli,1999,2005,1999 | 2000 | 2001 | 2002 | 2003 | 2004 | 2005,Warriors,1999-05-02T00:00:00Z,2005-08-13T00:00:00Z,110,0,0,0,0,Teams listed are inferred from match structure in player-stat JSON.
NRL player stats data,Francis Molo,francis molo,Francis Molo,2014,2026,2014 | 2015 | 2018 | 2019 | 2020 | 2021 | 2022 | 2023 | 2024 | 2025 | 2026,Broncos | Cowboys | Dolphins | Dragons,2014-05-24T09:30:00Z,2026-06-12T10:00:00Z,163,0,0,0,0,Teams listed are inferred from match structure in player-stat JSON.
NRL player stats data,Francis Tualau,francis tualau,Francis Tualau,2017,2017,2017,Bulldogs,2017-05-27T09:30:00Z,2017-07-20T09:50:00Z,4,0,0,0,0,Teams listed are inferred from match structure in player-stat JSON.
NRL player stats data,Francis Vaiotu,francis vaiotu,Francis Vaiotu,2011,2011,2011,Roosters,2011-06-13T00:00:00Z,2011-06-13T00:00:00Z,1,0,0,0,0,Teams listed are inferred from match structure in player-stat JSON.
NRL player stats data,Frank Pritchard,frank pritchard,Frank Pritchard,2003,2017,2003 | 2004 | 2005 | 2006 | 2007 | 2008 | 2009 | 2010 | 2011 | 2012 | 2013 | 2014 | 2015 | 2017,Bulldogs | Eels | Panthers,2003-05-03T00:00:00Z,2017-08-24T09:50:00Z,256,0,0,0,0,Teams listed are inferred from match structure in player-stat JSON.
NRL player stats data,Frank Puletua,frank puletua,Frank Puletua,1998,2010,1998 | 1999 | 2000 | 2001 | 2002 | 2003 | 2004 | 2005 | 2006 | 2007 | 2008 | 2009 | 2010,Panthers | Rabbitohs,1998-04-25T00:00:00Z,2010-09-18T00:00:00Z,178,0,0,0,0,Teams listed are inferred from match structure in player-stat JSON.
NRL player stats data,Frank Watane,frank watane,Frank Watane,1998,1998,1998,Warriors,1998-08-23T00:00:00Z,1998-08-23T00:00:00Z,1,0,0,0,0,Teams listed are inferred from match structure in player-stat JSON.
NRL player stats data,Frank Winterstein,frank winterstein,Frank Winterstein,2008,2019,2008 | 2016 | 2017 | 2018 | 2019,Bulldogs | Panthers | Sea Eagles,2008-06-07T00:00:00Z,2019-08-03T07:30:00Z,60,0,0,0,0,Teams listed are inferred from match structure in player-stat JSON.
NRL player stats data,Frank-Paul Nuuausala,frank paul nuuausala,Frank-Paul Nuuausala,2007,2018,2007 | 2008 | 2009 | 2010 | 2011 | 2012 | 2013 | 2014 | 2015 | 2016 | 2018,Raiders | Roosters,2007-04-25T00:00:00Z,2018-06-03T06:10:00Z,186,0,0,0,0,Teams listed are inferred from match structure in player-stat JSON.
NRL player stats data,Franklin Pele,franklin pele,Franklin Pele,2021,2023,2021 | 2023,Bulldogs | Sharks,2021-04-16T08:00:00Z,2023-06-18T06:05:00Z,10,0,0,0,0,Teams listed are inferred from match structure in player-stat JSON.
NRL player stats data,Fraser Anderson,fraser anderson,Fraser Anderson,2006,2008,2006 | 2007 | 2008,Broncos | Sharks,2006-06-10T00:00:00Z,2008-09-26T00:00:00Z,45,0,0,0,0,Teams listed are inferred from match structure in player-stat JSON.
NRL player stats data,Fred Briggs,fred briggs,Fred Briggs,2007,2008,2007 | 2008,Bulldogs,2007-07-20T00:00:00Z,2008-09-07T00:00:00Z,17,0,0,0,0,Teams listed are inferred from match structure in player-stat JSON.
NRL player stats data,Fred Petersen,fred petersen,Fred Petersen,1998,2003,1998 | 2000 | 2001 | 2003,Panthers | Roosters,1998-05-29T00:00:00Z,2003-08-31T00:00:00Z,9,0,0,0,0,Teams listed are inferred from match structure in player-stat JSON.
NRL player stats data,Freddy Lussick,freddy lussick,Freddy Lussick,2020,2026,2020 | 2021 | 2022 | 2023 | 2024 | 2025 | 2026,Dragons | Panthers | Roosters | Warriors,2020-08-22T07:30:00Z,2026-06-07T04:00:00Z,74,0,0,0,0,Teams listed are inferred from match structure in player-stat JSON.
NRL player stats data,Fuifui Moimoi,fuifui moimoi,Fuifui Moimoi,2004,2014,2004 | 2005 | 2006 | 2007 | 2008 | 2009 | 2010 | 2011 | 2012 | 2013 | 2014,Eels,2004-04-18T00:00:00Z,2014-08-14T09:45:00Z,201,0,0,0,0,Teams listed are inferred from match structure in player-stat JSON.
NRL player stats data,Gabriel Satrick,gabriel satrick,Gabriel Satrick,2026,2026,2026,Storm,2026-05-22T10:00:00Z,2026-05-22T10:00:00Z,1,0,0,0,0,Teams listed are inferred from match structure in player-stat JSON.
NRL player stats data,Gareth Ellis,gareth ellis,Gareth Ellis,2009,2012,2009 | 2010 | 2011 | 2012,Wests Tigers,2009-03-16T00:00:00Z,2012-09-01T00:00:00Z,75,0,0,0,0,Teams listed are inferred from match structure in player-stat JSON.
NRL player stats data,Gareth Widdop,gareth widdop,Gareth Widdop,2010,2019,2010 | 2011 | 2012 | 2013 | 2014 | 2015 | 2016 | 2017 | 2018 | 2019,Dragons | Storm,2010-04-25T00:00:00Z,2019-09-07T09:35:00Z,195,0,0,0,0,Teams listed are inferred from match structure in player-stat JSON.
NRL player stats data,Garret Crossman,garret crossman,Garret Crossman,2004,2010,2004 | 2005 | 2006 | 2007 | 2009 | 2010,Panthers | Rabbitohs | Storm,2004-08-13T00:00:00Z,2010-08-07T00:00:00Z,77,0,0,0,0,Teams listed are inferred from match structure in player-stat JSON.
NRL player stats data,Garth Wood,garth wood,Garth Wood,1998,2005,1998 | 1999 | 2004 | 2005,Rabbitohs | Tigers,1998-06-20T00:00:00Z,2005-09-03T00:00:00Z,21,0,0,0,0,Teams listed are inferred from match structure in player-stat JSON.
NRL player stats data,Gary Larson,gary larson,Gary Larson,1998,2000,1998 | 1999 | 2000,Bears | Eels,1998-03-15T00:00:00Z,2000-07-29T00:00:00Z,60,0,0,0,0,Teams listed are inferred from match structure in player-stat JSON.
NRL player stats data,Gary McBride,gary mcbride,Gary McBride,2002,2002,2002,Dragons,2002-03-17T00:00:00Z,2002-03-24T00:00:00Z,2,0,0,0,0,Teams listed are inferred from match structure in player-stat JSON.
NRL player stats data,Gary Warburton,gary warburton,Gary Warburton,2008,2011,2008 | 2009 | 2010 | 2011,Bulldogs,2008-04-19T00:00:00Z,2011-09-04T00:00:00Z,57,0,0,0,0,Teams listed are inferred from match structure in player-stat JSON.
NRL player stats data,Gary Winter,gary winter,Gary Winter,2002,2003,2002 | 2003,Eagles | Sea Eagles,2002-04-28T00:00:00Z,2003-09-06T00:00:00Z,9,0,0,0,0,Teams listed are inferred from match structure in player-stat JSON.
NRL player stats data,Gavin Cooper,gavin cooper,Gavin Cooper,2006,2020,2006 | 2007 | 2008 | 2009 | 2010 | 2011 | 2012 | 2013 | 2014 | 2015 | 2016 | 2017 | 2018 | 2019 | 2020,Cowboys | Panthers | Titans,2006-03-18T00:00:00Z,2020-09-24T09:50:00Z,323,0,0,0,0,Teams listed are inferred from match structure in player-stat JSON.
NRL player stats data,Gavin Lester,gavin lester,Gavin Lester,1998,2004,1998 | 1999 | 2000 | 2002 | 2004,Bulldogs | Roosters,1998-04-05T00:00:00Z,2004-08-08T00:00:00Z,50,0,0,0,0,Teams listed are inferred from match structure in player-stat JSON.
NRL player stats data,Gavin Quinn,gavin quinn,Gavin Quinn,2003,2003,2003,Knights,2003-05-03T00:00:00Z,2003-05-03T00:00:00Z,1,0,0,0,0,Teams listed are inferred from match structure in player-stat JSON.
NRL player stats data,Gavin Whittaker,gavin whittaker,Gavin Whittaker,1998,1998,1998,Chargers,1998-03-21T00:00:00Z,1998-08-01T00:00:00Z,8,0,0,0,0,Teams listed are inferred from match structure in player-stat JSON.
NRL player stats data,Gehamat Shibasaki,gehamat shibasaki,Gehamat Shibasaki,2018,2026,2018 | 2019 | 2020 | 2021 | 2023 | 2024 | 2025 | 2026,Broncos | Cowboys | Knights | Rabbitohs,2018-08-09T09:50:00Z,2026-05-31T04:00:00Z,72,0,0,0,0,Teams listed are inferred from match structure in player-stat JSON.
NRL player stats data,Gene Ngamu,gene ngamu,Gene Ngamu,1998,1999,1998 | 1999,Warriors,1998-03-13T00:00:00Z,1999-04-18T00:00:00Z,23,0,0,0,0,Teams listed are inferred from match structure in player-stat JSON.
NRL player stats data,Geoff Bell,geoff bell,Geoff Bell,1998,2003,1998 | 1999 | 2000 | 2001 | 2002 | 2003,Cowboys | Panthers | Sharks,1998-03-14T00:00:00Z,2003-04-05T00:00:00Z,59,0,0,0,0,Teams listed are inferred from match structure in player-stat JSON.
NRL player stats data,Geoff Daniela,geoff daniela,Geoff Daniela,2007,2013,2007 | 2008 | 2009 | 2010 | 2011 | 2012 | 2013,Panthers | Wests Tigers,2007-05-27T00:00:00Z,2013-03-17T04:00:00Z,44,0,0,0,0,Teams listed are inferred from match structure in player-stat JSON.
NRL player stats data,Geoff McNamara,geoff mcnamara,Geoff McNamara,1998,1998,1998,Raiders,1998-04-04T00:00:00Z,1998-09-05T00:00:00Z,19,0,0,0,0,Teams listed are inferred from match structure in player-stat JSON.
NRL player stats data,Geoff Toovey,geoff toovey,Geoff Toovey,1998,2001,1998 | 1999 | 2000 | 2001,Eagles | Sea Eagles,1998-03-13T00:00:00Z,2001-09-01T00:00:00Z,94,0,0,0,0,Teams listed are inferred from match structure in player-stat JSON.
NRL player stats data,Geordi Peats,geordi peats,Geordi Peats,1998,1998,1998,Rabbitohs,1998-04-04T00:00:00Z,1998-05-15T00:00:00Z,7,0,0,0,0,Teams listed are inferred from match structure in player-stat JSON.
NRL player stats data,George Azzi,george azzi,George Azzi,2002,2002,2002,Roosters,2002-04-12T00:00:00Z,2002-04-12T00:00:00Z,1,0,0,0,0,Teams listed are inferred from match structure in player-stat JSON.
NRL player stats data,George Burgess,george burgess,George Burgess,2012,2022,2012 | 2013 | 2014 | 2015 | 2016 | 2017 | 2018 | 2019 | 2022,Dragons | Rabbitohs,2012-06-02T00:00:00Z,2022-05-01T06:05:00Z,154,0,0,0,0,Teams listed are inferred from match structure in player-stat JSON.
NRL player stats data,George Carmont,george carmont,George Carmont,2004,2007,2004 | 2005 | 2006 | 2007,Knights,2004-03-21T00:00:00Z,2007-08-31T00:00:00Z,83,0,0,0,0,Teams listed are inferred from match structure in player-stat JSON.
NRL player stats data,George Fai,george fai,George Fai,2017,2018,2017 | 2018,Broncos,2017-05-13T09:50:00Z,2018-05-24T09:50:00Z,3,0,0,0,0,Teams listed are inferred from match structure in player-stat JSON.
NRL player stats data,George Gatis,george gatis,George Gatis,2001,2008,2001 | 2002 | 2003 | 2006 | 2007 | 2008,Cowboys | Warriors,2001-07-14T00:00:00Z,2008-07-25T00:00:00Z,64,0,0,0,0,Teams listed are inferred from match structure in player-stat JSON.
NRL player stats data,George Jennings,george jennings,George Jennings,2015,2023,2015 | 2018 | 2019 | 2020 | 2021 | 2022 | 2023,Eels | Panthers | Storm | Warriors,2015-03-08T05:00:00Z,2023-08-04T10:00:00Z,57,0,0,0,0,Teams listed are inferred from match structure in player-stat JSON.
NRL player stats data,George Ndaira,george ndaira,George Ndaira,2006,2010,2006 | 2008 | 2009 | 2010,Dragons | Knights | Rabbitohs,2006-03-19T00:00:00Z,2010-05-21T00:00:00Z,25,0,0,0,0,Teams listed are inferred from match structure in player-stat JSON.
NRL player stats data,George Rose,george rose,George Rose,2004,2015,2004 | 2005 | 2006 | 2007 | 2009 | 2010 | 2011 | 2012 | 2013 | 2014 | 2015,Dragons | Roosters | Sea Eagles | Storm,2004-04-18T00:00:00Z,2015-09-12T07:50:00Z,151,0,0,0,0,Teams listed are inferred from match structure in player-stat JSON.
NRL player stats data,George Williams,george williams,George Williams,2020,2021,2020 | 2021,Raiders,2020-03-13T07:00:00Z,2021-05-22T09:35:00Z,32,0,0,0,0,Teams listed are inferred from match structure in player-stat JSON.
NRL player stats data,George Wilson,george wilson,George Wilson,1999,1999,1999,Cowboys,1999-05-08T00:00:00Z,1999-05-08T00:00:00Z,1,0,0,0,0,Teams listed are inferred from match structure in player-stat JSON.
NRL player stats data,Gerald Symonds,gerald symonds,Gerald Symonds,2002,2002,2002,Rabbitohs,2002-08-10T00:00:00Z,2002-08-18T00:00:00Z,2,0,0,0,0,Teams listed are inferred from match structure in player-stat JSON.
NRL player stats data,Gerard Beale,gerard beale,Gerard Beale,2009,2021,2009 | 2010 | 2011 | 2012 | 2013 | 2014 | 2015 | 2016 | 2017 | 2018 | 2019 | 2020 | 2021,Broncos | Dragons | Sharks | Warriors,2009-05-10T00:00:00Z,2021-09-04T09:35:00Z,207,0,0,0,0,Teams listed are inferred from match structure in player-stat JSON.
NRL player stats data,Germaine Paulson,germaine paulson,Germaine Paulson,2006,2008,2006 | 2008,Rabbitohs,2006-04-22T00:00:00Z,2008-05-04T00:00:00Z,17,0,0,0,0,Teams listed are inferred from match structure in player-stat JSON.
NRL player stats data,Gideon Gela-Mosby,gideon gela mosby,Gideon Gela-Mosby,2017,2019,2017 | 2018 | 2019,Cowboys,2017-03-25T10:00:00Z,2019-08-08T09:50:00Z,11,0,0,0,0,Teams listed are inferred from match structure in player-stat JSON.
NRL player stats data,Glen Air,glen air,Glen Air,2002,2002,2002,Wests Tigers,2002-06-15T00:00:00Z,2002-06-15T00:00:00Z,1,0,0,0,0,Teams listed are inferred from match structure in player-stat JSON.
NRL player stats data,Glen Buttriss,glen buttriss,Glen Buttriss,2008,2015,2008 | 2009 | 2010 | 2011 | 2012 | 2013 | 2014 | 2015,Raiders,2008-04-21T00:00:00Z,2015-04-12T04:00:00Z,119,0,0,0,0,Teams listed are inferred from match structure in player-stat JSON.
NRL player stats data,Glen Fisiiahi,glen fisiiahi,Glen Fisiiahi,2011,2015,2011 | 2012 | 2013 | 2014 | 2015,Warriors,2011-03-12T00:00:00Z,2015-07-25T05:00:00Z,25,0,0,0,0,Teams listed are inferred from match structure in player-stat JSON.
NRL player stats data,Glen Godbee,glen godbee,Glen Godbee,1998,1998,1998,Chargers,1998-03-14T00:00:00Z,1998-07-04T00:00:00Z,2,0,0,0,0,Teams listed are inferred from match structure in player-stat JSON.
NRL player stats data,Glen Hughes,glen hughes,Glen Hughes,1998,2004,1998 | 1999 | 2000 | 2001 | 2002 | 2003 | 2004,Bulldogs,1998-03-15T00:00:00Z,2004-07-04T00:00:00Z,120,0,0,0,0,Teams listed are inferred from match structure in player-stat JSON.
NRL player stats data,Glen Murphy,glen murphy,Glen Murphy,1998,1999,1998 | 1999,Cowboys,1998-03-13T00:00:00Z,1999-08-28T00:00:00Z,25,0,0,0,0,Teams listed are inferred from match structure in player-stat JSON.
NRL player stats data,Glen Turner,glen turner,Glen Turner,2000,2009,2000 | 2003 | 2004 | 2005 | 2007 | 2008 | 2009,Raiders | Storm,2000-05-05T00:00:00Z,2009-08-08T00:00:00Z,92,0,0,0,0,Teams listed are inferred from match structure in player-stat JSON.
NRL player stats data,Glenn Grief,glenn grief,Glenn Grief,1998,2002,1998 | 1999 | 2000 | 2001 | 2002,Knights | Rabbitohs,1998-03-15T00:00:00Z,2002-03-15T00:00:00Z,84,0,0,0,0,Teams listed are inferred from match structure in player-stat JSON.
NRL player stats data,Glenn Hall,glenn hall,Glenn Hall,2002,2015,2002 | 2003 | 2004 | 2005 | 2006 | 2007 | 2008 | 2009 | 2011 | 2012 | 2013 | 2014 | 2015,Bulldogs | Cowboys | Rabbitohs | Roosters | Sea Eagles,2002-06-02T00:00:00Z,2015-07-04T09:30:00Z,192,0,0,0,0,Teams listed are inferred from match structure in player-stat JSON.
NRL player stats data,Glenn Lazarus,glenn lazarus,Glenn Lazarus,1998,1999,1998 | 1999,Storm,1998-03-14T00:00:00Z,1999-09-26T00:00:00Z,44,0,0,0,0,Teams listed are inferred from match structure in player-stat JSON.
NRL player stats data,Glenn Morrison,glenn morrison,Glenn Morrison,1998,2006,1998 | 1999 | 2000 | 2001 | 2002 | 2003 | 2004 | 2005 | 2006,Bears | Cowboys | Eels,1998-03-15T00:00:00Z,2006-09-10T00:00:00Z,181,0,0,0,0,Teams listed are inferred from match structure in player-stat JSON.
NRL player stats data,Glenn Stewart,glenn stewart,Glenn Stewart,2003,2015,2003 | 2004 | 2005 | 2006 | 2007 | 2008 | 2009 | 2010 | 2011 | 2012 | 2013 | 2014 | 2015,Rabbitohs | Sea Eagles,2003-07-26T00:00:00Z,2015-09-13T06:10:00Z,203,0,0,0,0,Teams listed are inferred from match structure in player-stat JSON.
NRL player stats data,Gorden Tallis,gorden tallis,Gorden Tallis,1998,2004,1998 | 1999 | 2000 | 2001 | 2002 | 2003 | 2004,Broncos,1998-03-13T00:00:00Z,2004-09-18T00:00:00Z,141,0,0,0,0,Teams listed are inferred from match structure in player-stat JSON.
NRL player stats data,Gordon Chan Kum Tong,gordon chan kum tong,Gordon Chan Kum Tong,2023,2025,2023 | 2024 | 2025,Sea Eagles,2023-03-04T04:00:00Z,2025-07-27T06:05:00Z,17,0,0,0,0,Teams listed are inferred from match structure in player-stat JSON.
NRL player stats data,Gordon Falcon,gordon falcon,Gordon Falcon,1998,1998,1998,Panthers,1998-04-19T00:00:00Z,1998-06-13T00:00:00Z,8,0,0,0,0,Teams listed are inferred from match structure in player-stat JSON.
NRL player stats data,Graham Appo,graham appo,Graham Appo,1998,2000,1998 | 1999 | 2000,Cowboys | Raiders | Rams | Roosters,1998-03-15T00:00:00Z,2000-07-29T00:00:00Z,37,0,0,0,0,Teams listed are inferred from match structure in player-stat JSON.
NRL player stats data,Graham Mackay,graham mackay,Graham Mackay,1998,1999,1998 | 1999,Chargers | Sea Eagles,1998-03-14T00:00:00Z,1999-07-11T00:00:00Z,27,0,0,0,0,Teams listed are inferred from match structure in player-stat JSON.
NRL player stats data,Grant Anderson,grant anderson,Grant Anderson,2022,2026,2022 | 2023 | 2024 | 2025 | 2026,Broncos | Storm,2022-06-11T07:30:00Z,2026-06-11T09:50:00Z,70,0,0,0,0,Teams listed are inferred from match structure in player-stat JSON.
NRL player stats data,Grant Garvey,grant garvey,Grant Garvey,2016,2016,2016,Roosters,2016-08-08T09:00:00Z,2016-08-08T09:00:00Z,1,0,0,0,0,Teams listed are inferred from match structure in player-stat JSON.
NRL player stats data,Grant Millington,grant millington,Grant Millington,2008,2011,2008 | 2009 | 2010 | 2011,Bulldogs | Sharks,2008-05-17T00:00:00Z,2011-08-27T00:00:00Z,55,0,0,0,0,Teams listed are inferred from match structure in player-stat JSON.
NRL player stats data,Grant Reibel,grant reibel,Grant Reibel,2000,2002,2000 | 2002,Cowboys,2000-04-22T00:00:00Z,2002-06-16T00:00:00Z,5,0,0,0,0,Teams listed are inferred from match structure in player-stat JSON.
NRL player stats data,Grant Rovelli,grant rovelli,Grant Rovelli,2006,2010,2006 | 2007 | 2008 | 2009 | 2010,Cowboys | Warriors,2006-03-12T00:00:00Z,2010-09-04T00:00:00Z,94,0,0,0,0,Teams listed are inferred from match structure in player-stat JSON.
NRL player stats data,Grant Stuart,grant stuart,Grant Stuart,1998,1999,1998 | 1999,Knights,1998-08-22T00:00:00Z,1999-03-12T00:00:00Z,2,0,0,0,0,Teams listed are inferred from match structure in player-stat JSON.
NRL player stats data,Grant Wooden,grant wooden,Grant Wooden,2002,2003,2002 | 2003,Eagles | Sea Eagles,2002-03-30T00:00:00Z,2003-09-06T00:00:00Z,10,0,0,0,0,Teams listed are inferred from match structure in player-stat JSON.
NRL player stats data,Gray Viane,gray viane,Gray Viane,2003,2003,2003,Wests Tigers,2003-04-19T00:00:00Z,2003-06-28T00:00:00Z,9,0,0,0,0,Teams listed are inferred from match structure in player-stat JSON.
NRL player stats data,Greg Alexander,greg alexander,Greg Alexander,1998,1999,1998 | 1999,Panthers,1998-03-14T00:00:00Z,1999-08-28T00:00:00Z,25,0,0,0,0,Teams listed are inferred from match structure in player-stat JSON.
NRL player stats data,Greg Bird,greg bird,Greg Bird,2002,2016,2002 | 2003 | 2004 | 2005 | 2006 | 2007 | 2008 | 2010 | 2011 | 2012 | 2013 | 2014 | 2015 | 2016,Sharks | Titans,2002-04-28T00:00:00Z,2016-09-09T09:55:00Z,235,0,0,0,0,Teams listed are inferred from match structure in player-stat JSON.
NRL player stats data,Greg Bourke,greg bourke,Greg Bourke,1999,2000,1999 | 2000,Cowboys,1999-03-13T00:00:00Z,2000-04-15T00:00:00Z,13,0,0,0,0,Teams listed are inferred from match structure in player-stat JSON.
NRL player stats data,Greg Byrnes,greg byrnes,Greg Byrnes,2008,2008,2008,Cowboys,2008-06-21T00:00:00Z,2008-07-12T00:00:00Z,3,0,0,0,0,Teams listed are inferred from match structure in player-stat JSON.
NRL player stats data,Greg Donaghey,greg donaghey,Greg Donaghey,1998,1998,1998,Tigers,1998-03-14T00:00:00Z,1998-07-11T00:00:00Z,18,0,0,0,0,Teams listed are inferred from match structure in player-stat JSON.
NRL player stats data,Greg Eastwood,greg eastwood,Greg Eastwood,2005,2018,2005 | 2006 | 2007 | 2008 | 2009 | 2011 | 2012 | 2013 | 2014 | 2015 | 2016 | 2017 | 2018,Broncos | Bulldogs,2005-09-02T00:00:00Z,2018-09-02T04:00:00Z,241,0,0,0,0,Teams listed are inferred from match structure in player-stat JSON.
NRL player stats data,Greg Ebrill,greg ebrill,Greg Ebrill,1999,2001,1999 | 2000 | 2001,Eagles | Sea Eagles,1999-07-18T00:00:00Z,2001-08-25T00:00:00Z,39,0,0,0,0,Teams listed are inferred from match structure in player-stat JSON.
NRL player stats data,Greg Eden,greg eden,Greg Eden,2016,2016,2016,Broncos,2016-03-03T09:05:00Z,2016-06-25T09:30:00Z,6,0,0,0,0,Teams listed are inferred from match structure in player-stat JSON.
NRL player stats data,Greg Fleming,greg fleming,Greg Fleming,1998,1998,1998,Bulldogs,1998-03-15T00:00:00Z,1998-06-27T00:00:00Z,16,0,0,0,0,Teams listed are inferred from match structure in player-stat JSON.
NRL player stats data,Greg Florimo,greg florimo,Greg Florimo,1998,1998,1998,Bears,1998-03-15T00:00:00Z,1998-09-04T00:00:00Z,24,0,0,0,0,Teams listed are inferred from match structure in player-stat JSON.
NRL player stats data,Greg Inglis,greg inglis,Greg Inglis,2005,2019,2005 | 2006 | 2007 | 2008 | 2009 | 2010 | 2011 | 2012 | 2013 | 2014 | 2015 | 2016 | 2017 | 2018 | 2019,Broncos | Rabbitohs | Storm,2005-04-16T00:00:00Z,2019-03-21T09:05:00Z,263,0,0,0,0,Teams listed are inferred from match structure in player-stat JSON.
NRL player stats data,Greg Marzhew,greg marzhew,Greg Marzhew,2021,2026,2021 | 2022 | 2023 | 2024 | 2025 | 2026,Knights | Titans,2021-06-05T09:35:00Z,2026-06-05T08:00:00Z,99,0,0,0,0,Teams listed are inferred from match structure in player-stat JSON.
NRL player stats data,Greg Smith,greg smith,Greg Smith,1999,1999,1999,Knights,1999-03-21T00:00:00Z,1999-03-21T00:00:00Z,1,0,0,0,0,Teams listed are inferred from match structure in player-stat JSON.
NRL player stats data,Greg Wolfgramm,greg wolfgramm,Greg Wolfgramm,2000,2002,2000 | 2001 | 2002,Raiders,2000-04-24T00:00:00Z,2002-04-27T00:00:00Z,29,0,0,0,0,Teams listed are inferred from match structure in player-stat JSON.
NRL player stats data,Griffin Neame,griffin neame,Griffin Neame,2021,2026,2021 | 2022 | 2023 | 2024 | 2025 | 2026,Cowboys,2021-08-14T07:30:00Z,2026-06-06T07:30:00Z,104,0,0,0,0,Teams listed are inferred from match structure in player-stat JSON.
NRL player stats data,Guy Williams,guy williams,Guy Williams,2009,2009,2009,Broncos,2009-06-22T00:00:00Z,2009-07-24T00:00:00Z,5,0,0,0,0,Teams listed are inferred from match structure in player-stat JSON.
NRL player stats data,Hame Sele,hame sele,Hame Sele,2017,2026,2017 | 2018 | 2019 | 2020 | 2021 | 2022 | 2023 | 2024 | 2025 | 2026,Dragons | Panthers | Rabbitohs,2017-04-08T05:00:00Z,2026-04-18T07:30:00Z,100,0,0,0,0,Teams listed are inferred from match structure in player-stat JSON.
NRL player stats data,Hamish Stewart,hamish stewart,Hamish Stewart,2024,2026,2024 | 2025 | 2026,Dragons,2024-09-07T05:00:00Z,2026-06-07T06:05:00Z,33,0,0,0,0,Teams listed are inferred from match structure in player-stat JSON.
NRL player stats data,Hamiso Tabuai-Fidow,hamiso tabuai fidow,Hamiso Tabuai-Fidow,2020,2026,2020 | 2021 | 2022 | 2023 | 2024 | 2025 | 2026,Cowboys | Dolphins,2020-06-12T08:00:00Z,2026-06-06T07:30:00Z,118,0,0,0,0,Teams listed are inferred from match structure in player-stat JSON.
NRL player stats data,Harlan Alaalatoa,harlan alaalatoa,Harlan Alaalatoa,2013,2014,2013 | 2014,Bulldogs,2013-04-05T08:35:00Z,2014-07-26T09:30:00Z,2,0,0,0,0,Teams listed are inferred from match structure in player-stat JSON.
NRL player stats data,Harley Smith-Shields,harley smith shields,Harley Smith-Shields,2020,2024,2020 | 2021 | 2023 | 2024,Raiders | Titans,2020-07-25T09:35:00Z,2024-05-12T06:05:00Z,23,0,0,0,0,Teams listed are inferred from match structure in player-stat JSON.
NRL player stats data,Harrison Edwards,harrison edwards,Harrison Edwards,2022,2026,2022 | 2023 | 2024 | 2025 | 2026,Bulldogs | Cowboys | Eels,2022-07-31T04:00:00Z,2026-06-13T09:35:00Z,63,0,0,0,0,Teams listed are inferred from match structure in player-stat JSON.
NRL player stats data,Harrison Graham,harrison graham,Harrison Graham,2023,2026,2023 | 2025 | 2026,Dolphins | Knights,2023-06-24T05:00:00Z,2026-06-05T08:00:00Z,24,0,0,0,0,Teams listed are inferred from match structure in player-stat JSON.
NRL player stats data,Harrison Hassett,harrison hassett,Harrison Hassett,2025,2025,2025,Panthers,2025-05-24T07:30:00Z,2025-06-01T06:05:00Z,2,0,0,0,0,Teams listed are inferred from match structure in player-stat JSON.
NRL player stats data,Harry Grant,harry grant,Harry Grant,2018,2026,2018 | 2019 | 2020 | 2021 | 2022 | 2023 | 2024 | 2025 | 2026,Storm | Wests Tigers,2018-05-19T09:35:00Z,2026-06-05T08:00:00Z,135,0,0,0,0,Teams listed are inferred from match structure in player-stat JSON.
NRL player stats data,Harry Hayes,harry hayes,Harry Hayes,2024,2026,2024 | 2025 | 2026,Bulldogs,2024-05-31T10:00:00Z,2026-06-08T06:05:00Z,44,0,0,0,0,Teams listed are inferred from match structure in player-stat JSON.
NRL player stats data,Harry Rushton,harry rushton,Harry Rushton,2022,2022,2022,Raiders,2022-04-24T06:05:00Z,2022-06-05T06:05:00Z,6,0,0,0,0,Teams listed are inferred from match structure in player-stat JSON.
NRL player stats data,Harry Siejka,harry siejka,Harry Siejka,2011,2012,2011 | 2012,Panthers,2011-07-30T00:00:00Z,2012-06-23T00:00:00Z,4,0,0,0,0,Teams listed are inferred from match structure in player-stat JSON.
NRL player stats data,Harvey Howard,harvey howard,Harvey Howard,1998,2000,1998 | 1999 | 2000,Broncos | Magpies,1998-05-17T00:00:00Z,2000-08-27T00:00:00Z,47,0,0,0,0,Teams listed are inferred from match structure in player-stat JSON.
NRL player stats data,Hassan Saleh,hassan saleh,Hassan Saleh,2001,2004,2001 | 2002 | 2003 | 2004,Dragons | Sharks | Wests Tigers,2001-04-01T00:00:00Z,2004-04-03T00:00:00Z,44,0,0,0,0,Teams listed are inferred from match structure in player-stat JSON.
NRL player stats data,Haumole Olakau'atu,haumole olakauatu,Haumole Olakau'atu,2019,2026,2019 | 2020 | 2021 | 2022 | 2023 | 2024 | 2025 | 2026,Sea Eagles,2019-09-14T09:50:00Z,2026-06-04T09:50:00Z,120,0,0,0,0,Teams listed are inferred from match structure in player-stat JSON.
NRL player stats data,Hayden Buchanan,hayden buchanan,Hayden Buchanan,2025,2026,2025 | 2026,Dragons,2025-08-09T05:00:00Z,2026-05-23T07:30:00Z,9,0,0,0,0,Teams listed are inferred from match structure in player-stat JSON.
NRL player stats data,Hayes Lauder,hayes lauder,Hayes Lauder,1999,2000,1999 | 2000,Tigers | Wests Tigers,1999-05-16T00:00:00Z,2000-07-16T00:00:00Z,17,0,0,0,0,Teams listed are inferred from match structure in player-stat JSON.
NRL player stats data,Hayze Perham,hayze perham,Hayze Perham,2019,2026,2019 | 2020 | 2021 | 2022 | 2023 | 2024 | 2026,Broncos | Bulldogs | Eels | Warriors,2019-04-25T09:50:00Z,2026-06-11T09:50:00Z,47,0,0,0,0,Teams listed are inferred from match structure in player-stat JSON.
NRL player stats data,Haze Dunster,haze dunster,Haze Dunster,2020,2023,2020 | 2021 | 2023,Eels,2020-10-10T08:50:00Z,2023-06-17T07:30:00Z,26,0,0,0,0,Teams listed are inferred from match structure in player-stat JSON.
NRL player stats data,Hazem El Masri,hazem el masri,Hazem El Masri,1998,2009,1998 | 1999 | 2000 | 2001 | 2002 | 2003 | 2004 | 2005 | 2006 | 2007 | 2008 | 2009,Bulldogs,1998-03-15T00:00:00Z,2009-09-25T00:00:00Z,283,0,0,0,0,Teams listed are inferred from match structure in player-stat JSON.
NRL player stats data,Heamasi Makasini,heamasi makasini,Heamasi Makasini,2025,2026,2025 | 2026,Wests Tigers,2025-09-06T07:30:00Z,2026-06-07T04:00:00Z,9,0,0,0,0,Teams listed are inferred from match structure in player-stat JSON.
NRL player stats data,Heath Cruckshank,heath cruckshank,Heath Cruckshank,1998,1998,1998,Chargers,1998-03-14T00:00:00Z,1998-08-22T00:00:00Z,16,0,0,0,0,Teams listed are inferred from match structure in player-stat JSON.
NRL player stats data,Heath L'Estrange,heath lestrange,Heath L'Estrange,2004,2015,2004 | 2005 | 2006 | 2007 | 2008 | 2009 | 2014 | 2015,Dragons | Roosters | Sea Eagles,2004-04-09T00:00:00Z,2015-07-25T07:30:00Z,93,0,0,0,0,Teams listed are inferred from match structure in player-stat JSON.
NRL player stats data,Heath Mason,heath mason,Heath Mason,2024,2026,2024 | 2025 | 2026,Wests Tigers,2024-06-15T05:00:00Z,2026-05-16T05:00:00Z,26,0,0,0,0,Teams listed are inferred from match structure in player-stat JSON.
NRL player stats data,Heilum Luki,heilum luki,Heilum Luki,2021,2026,2021 | 2022 | 2023 | 2024 | 2026,Cowboys,2021-05-20T09:50:00Z,2026-06-06T07:30:00Z,71,0,0,0,0,Teams listed are inferred from match structure in player-stat JSON.
NRL player stats data,Heka Nanai,heka nanai,Heka Nanai,2007,2010,2007 | 2008 | 2010,Bulldogs,2007-07-02T00:00:00Z,2010-03-13T17:32:00Z,22,0,0,0,0,Teams listed are inferred from match structure in player-stat JSON.
NRL player stats data,Henari Veratau,henari veratau,Henari Veratau,2003,2003,2003,Roosters,2003-06-06T00:00:00Z,2003-06-22T00:00:00Z,2,0,0,0,0,Teams listed are inferred from match structure in player-stat JSON.
NRL player stats data,Henry Faafili,henry faafili,Henry Faafili,2000,2004,2000 | 2001 | 2002 | 2003 | 2004,Warriors,2000-03-26T00:00:00Z,2004-07-25T00:00:00Z,94,0,0,0,0,Teams listed are inferred from match structure in player-stat JSON.
NRL player stats data,Henry Perenara,henry perenara,Henry Perenara,2000,2007,2000 | 2001 | 2002 | 2003 | 2004 | 2005 | 2006 | 2007,Dragons | Eels | Sharks | Storm | Warriors,2000-06-24T00:00:00Z,2007-08-06T00:00:00Z,72,0,0,0,0,Teams listed are inferred from match structure in player-stat JSON.
NRL player stats data,Henry Suluvale,henry suluvale,Henry Suluvale,1998,1998,1998,Chargers,1998-03-29T00:00:00Z,1998-05-03T00:00:00Z,2,0,0,0,0,Teams listed are inferred from match structure in player-stat JSON.
NRL player stats data,Hep Cahill,hep cahill,Hep Cahill,2009,2010,2009 | 2010,Storm,2009-07-25T00:00:00Z,2010-04-09T00:00:00Z,8,0,0,0,0,Teams listed are inferred from match structure in player-stat JSON.
NRL player stats data,Herbie Farnworth,herbie farnworth,Herbie Farnworth,2019,2026,2019 | 2020 | 2021 | 2022 | 2023 | 2024 | 2025 | 2026,Broncos | Dolphins,2019-07-07T06:05:00Z,2026-06-12T10:00:00Z,131,0,0,0,0,Teams listed are inferred from match structure in player-stat JSON.
NRL player stats data,Herewini Rangi,herewini rangi,Herewini Rangi,2004,2004,2004,Warriors,2004-07-25T00:00:00Z,2004-07-25T00:00:00Z,1,0,0,0,0,Teams listed are inferred from match structure in player-stat JSON.
NRL player stats data,Herman Ese'ese,herman eseese,Herman Ese'ese,2015,2023,2015 | 2016 | 2017 | 2018 | 2019 | 2020 | 2021 | 2022 | 2023,Broncos | Bulldogs | Dolphins | Knights | Titans,2015-04-17T09:35:00Z,2023-09-02T05:00:00Z,129,0,0,0,0,Teams listed are inferred from match structure in player-stat JSON.
NRL player stats data,Hohepa Puru,hohepa puru,Hohepa Puru,2023,2026,2023 | 2025 | 2026,Raiders | Sharks,2023-05-27T09:35:00Z,2026-06-13T07:30:00Z,25,0,0,0,0,Teams listed are inferred from match structure in player-stat JSON.
NRL player stats data,Hudson Smith,hudson smith,Hudson Smith,1998,1998,1998,Tigers,1998-03-14T00:00:00Z,1998-08-02T00:00:00Z,21,0,0,0,0,Teams listed are inferred from match structure in player-stat JSON.
NRL player stats data,Hudson Young,hudson young,Hudson Young,2019,2026,2019 | 2020 | 2021 | 2022 | 2023 | 2024 | 2025 | 2026,Raiders,2019-03-29T07:00:00Z,2026-06-05T10:00:00Z,151,0,0,0,0,Teams listed are inferred from match structure in player-stat JSON.
NRL player stats data,Hugo Hart,hugo hart,Hugo Hart,2026,2026,2026,Sea Eagles,2026-05-23T09:35:00Z,2026-05-23T09:35:00Z,1,0,0,0,0,Teams listed are inferred from match structure in player-stat JSON.
NRL player stats data,Hugo Peel,hugo peel,Hugo Peel,2026,2026,2026,Storm,2026-04-17T08:00:00Z,2026-05-10T04:00:00Z,4,0,0,0,0,Teams listed are inferred from match structure in player-stat JSON.
NRL player stats data,Hugo Savala,hugo savala,Hugo Savala,2025,2026,2025 | 2026,Roosters,2025-03-06T09:00:00Z,2026-06-12T10:00:00Z,33,0,0,0,0,Teams listed are inferred from match structure in player-stat JSON.
NRL player stats data,Hutch Maiava,hutch maiava,Hutch Maiava,2004,2006,2004 | 2005 | 2006,Bulldogs | Sharks,2004-03-13T00:00:00Z,2006-07-28T00:00:00Z,45,0,0,0,0,Teams listed are inferred from match structure in player-stat JSON.
NRL player stats data,Hymel Hunt,hymel hunt,Hymel Hunt,2013,2023,2013 | 2015 | 2016 | 2017 | 2018 | 2019 | 2020 | 2021 | 2022 | 2023,Knights | Rabbitohs | Storm | Titans,2013-07-06T09:30:00Z,2023-03-26T05:05:00Z,118,0,0,0,0,Teams listed are inferred from match structure in player-stat JSON.
NRL player stats data,Iafeta Paleaaesina,iafeta paleaaesina,Iafeta Paleaaesina,2001,2005,2001 | 2002 | 2003 | 2004 | 2005,Warriors,2001-06-01T00:00:00Z,2005-08-27T00:00:00Z,83,0,0,0,0,Teams listed are inferred from match structure in player-stat JSON.
NRL player stats data,Ian Donnelly,ian donnelly,Ian Donnelly,2003,2009,2003 | 2004 | 2005 | 2006 | 2007 | 2009,Dragons | Sea Eagles | Sharks | Storm | Titans,2003-03-29T00:00:00Z,2009-09-05T00:00:00Z,80,0,0,0,0,Teams listed are inferred from match structure in player-stat JSON.
NRL player stats data,Ian Henderson,ian henderson,Ian Henderson,2003,2016,2003 | 2004 | 2005 | 2008 | 2009 | 2010 | 2016,Eels | Roosters | Warriors,2003-03-14T00:00:00Z,2016-03-17T09:05:00Z,76,0,0,0,0,Teams listed are inferred from match structure in player-stat JSON.
NRL player stats data,Ian Herron,ian herron,Ian Herron,1998,1998,1998,Eels,1998-09-06T00:00:00Z,1998-09-06T00:00:00Z,1,0,0,0,0,Teams listed are inferred from match structure in player-stat JSON.
NRL player stats data,Ian Hindmarsh,ian hindmarsh,Ian Hindmarsh,1999,2007,1999 | 2000 | 2001 | 2002 | 2003 | 2004 | 2005 | 2007,Eels | Raiders,1999-05-08T00:00:00Z,2007-09-23T00:00:00Z,162,0,0,0,0,Teams listed are inferred from match structure in player-stat JSON.
NRL player stats data,Ian Lacey,ian lacey,Ian Lacey,2006,2007,2006 | 2007,Broncos,2006-04-14T00:00:00Z,2007-09-09T00:00:00Z,23,0,0,0,0,Teams listed are inferred from match structure in player-stat JSON.
NRL player stats data,Ian Roberts,ian roberts,Ian Roberts,1998,1998,1998,Cowboys,1998-03-13T00:00:00Z,1998-08-23T00:00:00Z,12,0,0,0,0,Teams listed are inferred from match structure in player-stat JSON.
NRL player stats data,Ian Rubin,ian rubin,Ian Rubin,1998,2001,1998 | 1999 | 2000 | 2001,Rabbitohs | Roosters,1998-05-31T00:00:00Z,2001-07-27T00:00:00Z,70,0,0,0,0,Teams listed are inferred from match structure in player-stat JSON.
NRL player stats data,Ian Sibbit,ian sibbit,Ian Sibbit,2002,2002,2002,Storm,2002-03-16T00:00:00Z,2002-09-07T00:00:00Z,20,0,0,0,0,Teams listed are inferred from match structure in player-stat JSON.
NRL player stats data,Iosia Soliola,iosia soliola,Iosia Soliola,2005,2021,2005 | 2006 | 2007 | 2008 | 2009 | 2015 | 2016 | 2017 | 2018 | 2019 | 2020 | 2021,Raiders | Roosters,2005-03-12T00:00:00Z,2021-09-02T09:50:00Z,231,0,0,0,0,Teams listed are inferred from match structure in player-stat JSON.
NRL player stats data,Isaac De Gois,isaac de gois,Isaac De Gois,2006,2016,2006 | 2007 | 2008 | 2009 | 2010 | 2011 | 2012 | 2013 | 2014 | 2015 | 2016,Eels | Knights | Sharks | Wests Tigers,2006-03-25T00:00:00Z,2016-09-04T06:00:00Z,225,0,0,0,0,Teams listed are inferred from match structure in player-stat JSON.
NRL player stats data,Isaac Gordon,isaac gordon,Isaac Gordon,2010,2012,2010 | 2011 | 2012,Sharks,2010-03-13T19:29:00Z,2012-09-09T00:00:00Z,29,0,0,0,0,Teams listed are inferred from match structure in player-stat JSON.
NRL player stats data,Isaac John,isaac john,Isaac John,2009,2015,2009 | 2010 | 2011 | 2013 | 2014 | 2015,Panthers | Warriors,2009-07-19T00:00:00Z,2015-08-08T09:30:00Z,35,0,0,0,0,Teams listed are inferred from match structure in player-stat JSON.
NRL player stats data,Isaac Liu,isaac liu,Isaac Liu,2013,2024,2013 | 2014 | 2015 | 2016 | 2017 | 2018 | 2019 | 2020 | 2021 | 2022 | 2023 | 2024,Roosters | Titans,2013-04-01T08:00:00Z,2024-09-07T09:35:00Z,272,0,0,0,0,Teams listed are inferred from match structure in player-stat JSON.
NRL player stats data,Isaac Lumelume,isaac lumelume,Isaac Lumelume,2020,2023,2020 | 2021 | 2023,Eels | Storm,2020-08-30T06:05:00Z,2023-07-08T07:30:00Z,10,0,0,0,0,Teams listed are inferred from match structure in player-stat JSON.
NRL player stats data,Isaah Yeo,isaah yeo,Isaah Yeo,2014,2026,2014 | 2015 | 2016 | 2017 | 2018 | 2019 | 2020 | 2021 | 2022 | 2023 | 2024 | 2025 | 2026,Panthers,2014-03-08T05:30:00Z,2026-06-07T04:00:00Z,280,0,0,0,0,Teams listed are inferred from match structure in player-stat JSON.
NRL player stats data,Isaak Ah Mau,isaak ah mau,Isaak Ah Mau,2008,2011,2008 | 2010 | 2011,Broncos | Cowboys,2008-05-17T00:00:00Z,2011-06-18T00:00:00Z,9,0,0,0,0,Teams listed are inferred from match structure in player-stat JSON.
NRL player stats data,Isaiah Iongi,isaiah iongi,Isaiah Iongi,2024,2026,2024 | 2025 | 2026,Eels | Panthers,2024-07-21T04:00:00Z,2026-06-13T09:35:00Z,30,0,0,0,0,Teams listed are inferred from match structure in player-stat JSON.
NRL player stats data,Isaiah Papali'i,isaiah papalii,Isaiah Papali'i,2017,2026,2017 | 2018 | 2019 | 2020 | 2021 | 2022 | 2023 | 2024 | 2025 | 2026,Eels | Panthers | Warriors | Wests Tigers,2017-03-05T03:00:00Z,2026-06-07T04:00:00Z,191,0,0,0,0,Teams listed are inferred from match structure in player-stat JSON.
NRL player stats data,Isaiah Tass,isaiah tass,Isaiah Tass,2022,2025,2022 | 2023 | 2024 | 2025,Rabbitohs,2022-04-15T06:00:00Z,2025-09-05T10:00:00Z,73,0,0,0,0,Teams listed are inferred from match structure in player-stat JSON.
NRL player stats data,Isaiya Katoa,isaiya katoa,Isaiya Katoa,2023,2026,2023 | 2024 | 2025 | 2026,Dolphins,2023-03-05T05:05:00Z,2026-06-12T10:00:00Z,82,0,0,0,0,Teams listed are inferred from match structure in player-stat JSON.
NRL player stats data,Israel Folau,israel folau,Israel Folau,2007,2010,2007 | 2008 | 2009 | 2010,Broncos | Storm,2007-03-16T00:00:00Z,2010-09-03T00:00:00Z,91,0,0,0,0,Teams listed are inferred from match structure in player-stat JSON.
NRL player stats data,Israel Leota,israel leota,Israel Leota,2024,2024,2024,Broncos,2024-06-14T10:00:00Z,2024-06-14T10:00:00Z,1,0,0,0,0,Teams listed are inferred from match structure in player-stat JSON.
NRL player stats data,Issac Luke,issac luke,Issac Luke,2007,2020,2007 | 2008 | 2009 | 2010 | 2011 | 2012 | 2013 | 2014 | 2015 | 2016 | 2017 | 2018 | 2019 | 2020,Broncos | Dragons | Rabbitohs | Warriors,2007-06-02T00:00:00Z,2020-09-24T09:50:00Z,286,0,0,0,0,Teams listed are inferred from match structure in player-stat JSON.
NRL player stats data,Iszac Fa'asuamaleaui,iszac faasuamaleaui,Iszac Fa'asuamaleaui,2023,2025,2023 | 2024 | 2025,Titans,2023-03-18T04:00:00Z,2025-09-06T07:30:00Z,33,0,0,0,0,Teams listed are inferred from match structure in player-stat JSON.
NRL player stats data,Ivan Cleary,ivan cleary,Ivan Cleary,1998,2002,1998 | 1999 | 2000 | 2001 | 2002,Roosters | Warriors,1998-03-14T00:00:00Z,2002-10-06T00:00:00Z,89,0,0,0,0,Teams listed are inferred from match structure in player-stat JSON.
NRL player stats data,Iwi Hauraki,iwi hauraki,Iwi Hauraki,2009,2009,2009,Roosters,2009-08-01T00:00:00Z,2009-09-06T00:00:00Z,6,0,0,0,0,Teams listed are inferred from match structure in player-stat JSON.
NRL player stats data,Izaac Tu'itupou,izaac tuitupou,Izaac Tu'itupou,2024,2025,2024 | 2025,Rabbitohs | Wests Tigers,2024-04-06T04:00:00Z,2025-07-26T07:30:00Z,5,0,0,0,0,Teams listed are inferred from match structure in player-stat JSON.
NRL player stats data,Izaac Tu’itupou Thompson,izaac tuitupou thompson,Izaac Tu’itupou Thompson,2022,2024,2022 | 2023 | 2024,Rabbitohs,2022-08-06T05:00:00Z,2024-05-25T09:35:00Z,11,0,0,0,0,Teams listed are inferred from match structure in player-stat JSON.
NRL player stats data,Izack Tago,izack tago,Izack Tago,2021,2026,2021 | 2022 | 2023 | 2024 | 2025 | 2026,Panthers,2021-05-29T05:00:00Z,2026-06-07T04:00:00Z,122,0,0,0,0,Teams listed are inferred from match structure in player-stat JSON.
NRL player stats data,Izaia Perese,izaia perese,Izaia Perese,2019,2019,2019,Broncos,2019-08-16T09:55:00Z,2019-09-07T07:30:00Z,2,0,0,0,0,Teams listed are inferred from match structure in player-stat JSON.
NRL player stats data,J'maine Hopgood,jmaine hopgood,J'maine Hopgood,2021,2026,2021 | 2022 | 2023 | 2024 | 2025 | 2026,Eels | Panthers,2021-05-07T08:00:00Z,2026-03-22T05:05:00Z,75,0,0,0,0,Teams listed are inferred from match structure in player-stat JSON.
NRL player stats data,Jacin Sinclair,jacin sinclair,Jacin Sinclair,1998,1999,1998 | 1999,Tigers,1998-08-08T00:00:00Z,1999-06-06T00:00:00Z,6,0,0,0,0,Teams listed are inferred from match structure in player-stat JSON.
NRL player stats data,Jack Afamasaga,jack afamasaga,Jack Afamasaga,2004,2011,2004 | 2005 | 2007 | 2008 | 2009 | 2011,Eels | Sea Eagles | Sharks | Storm,2004-05-30T00:00:00Z,2011-09-04T00:00:00Z,36,0,0,0,0,Teams listed are inferred from match structure in player-stat JSON.
NRL player stats data,Jack Bird,jack bird,Jack Bird,2015,2025,2015 | 2016 | 2017 | 2018 | 2019 | 2021 | 2022 | 2023 | 2024 | 2025,Broncos | Dragons | Sharks | Wests Tigers,2015-03-28T06:30:00Z,2025-07-26T07:30:00Z,174,0,0,0,0,Teams listed are inferred from match structure in player-stat JSON.
NRL player stats data,Jack Bosden,jack bosden,Jack Bosden,2011,2012,2011 | 2012,Dragons | Roosters,2011-05-08T00:00:00Z,2012-08-18T00:00:00Z,8,0,0,0,0,Teams listed are inferred from match structure in player-stat JSON.
NRL player stats data,Jack Bostock,jack bostock,Jack Bostock,2023,2026,2023 | 2024 | 2025 | 2026,Dolphins,2023-04-01T06:30:00Z,2026-06-12T10:00:00Z,46,0,0,0,0,Teams listed are inferred from match structure in player-stat JSON.
NRL player stats data,Jack Buchanan,jack buchanan,Jack Buchanan,2013,2016,2013 | 2014 | 2015 | 2016,Wests Tigers,2013-03-11T08:00:00Z,2016-03-28T05:00:00Z,42,0,0,0,0,Teams listed are inferred from match structure in player-stat JSON.
NRL player stats data,Jack Cogger,jack cogger,Jack Cogger,2016,2026,2016 | 2017 | 2018 | 2019 | 2020 | 2023 | 2024 | 2025 | 2026,Bulldogs | Knights | Panthers,2016-05-15T04:00:00Z,2026-06-07T04:00:00Z,112,0,0,0,0,Teams listed are inferred from match structure in player-stat JSON.
NRL player stats data,Jack Cole,jack cole,Jack Cole,2022,2026,2022 | 2023 | 2024 | 2025 | 2026,Panthers,2022-09-03T09:35:00Z,2026-05-31T08:15:00Z,25,0,0,0,0,Teams listed are inferred from match structure in player-stat JSON.
NRL player stats data,Jack De Belin,jack de belin,Jack de Belin | Jack De Belin,2011,2026,2011 | 2012 | 2013 | 2014 | 2015 | 2016 | 2017 | 2018 | 2021 | 2022 | 2023 | 2024 | 2025 | 2026,Dragons | Eels,2011-06-27T00:00:00Z,2026-06-13T09:35:00Z,264,0,0,0,0,Teams listed are inferred from match structure in player-stat JSON.
NRL player stats data,Jack Elsegood,jack elsegood,Jack Elsegood,1998,2000,1998 | 1999 | 2000,Roosters,1998-03-14T00:00:00Z,2000-06-03T00:00:00Z,55,0,0,0,0,Teams listed are inferred from match structure in player-stat JSON.
NRL player stats data,Jack Gosiewski,jack gosiewski,Jack Gosiewski,2016,2026,2016 | 2017 | 2018 | 2019 | 2020 | 2021 | 2022 | 2023 | 2024 | 2025 | 2026,Broncos | Cowboys | Dragons | Rabbitohs | Sea Eagles,2016-05-13T09:50:00Z,2026-06-11T09:50:00Z,103,0,0,0,0,Teams listed are inferred from match structure in player-stat JSON.
NRL player stats data,Jack Hetherington,jack hetherington,Jack Hetherington,2018,2026,2018 | 2019 | 2020 | 2021 | 2022 | 2023 | 2024 | 2025 | 2026,Bulldogs | Knights | Panthers | Storm | Warriors,2018-04-22T06:10:00Z,2026-06-05T08:00:00Z,108,0,0,0,0,Teams listed are inferred from match structure in player-stat JSON.
NRL player stats data,Jack Howarth,jack howarth,Jack Howarth,2023,2026,2023 | 2024 | 2025 | 2026,Storm,2023-08-31T09:50:00Z,2026-05-30T09:35:00Z,51,0,0,0,0,Teams listed are inferred from match structure in player-stat JSON.
NRL player stats data,Jack Johns,jack johns,Jack Johns,2020,2023,2020 | 2021 | 2022 | 2023,Knights | Rabbitohs,2020-07-25T09:35:00Z,2023-06-10T07:30:00Z,24,0,0,0,0,Teams listed are inferred from match structure in player-stat JSON.
NRL player stats data,Jack Littlejohn,jack littlejohn,Jack Littlejohn,2014,2017,2014 | 2016 | 2017,Sea Eagles | Wests Tigers,2014-04-27T04:00:00Z,2017-09-03T08:30:00Z,23,0,0,0,0,Teams listed are inferred from match structure in player-stat JSON.
NRL player stats data,Jack Murchie,jack murchie,Jack Murchie,2018,2023,2018 | 2019 | 2020 | 2021 | 2022 | 2023,Eels | Raiders | Warriors,2018-07-20T08:00:00Z,2023-04-10T06:00:00Z,54,0,0,0,0,Teams listed are inferred from match structure in player-stat JSON.
NRL player stats data,Jack Reed,jack reed,Jack Reed,2011,2016,2011 | 2012 | 2013 | 2014 | 2015 | 2016,Broncos,2011-03-11T00:00:00Z,2016-06-04T05:00:00Z,128,0,0,0,0,Teams listed are inferred from match structure in player-stat JSON.
NRL player stats data,Jack Stockwell,jack stockwell,Jack Stockwell,2012,2019,2012 | 2013 | 2014 | 2015 | 2016 | 2017 | 2018 | 2019,Dragons | Knights | Titans,2012-05-20T00:00:00Z,2019-09-07T09:35:00Z,94,0,0,0,0,Teams listed are inferred from match structure in player-stat JSON.
NRL player stats data,Jack Todd,jack todd,Jack Todd,2025,2025,2025,Bulldogs,2025-03-29T08:35:00Z,2025-07-04T10:00:00Z,4,0,0,0,0,Teams listed are inferred from match structure in player-stat JSON.
NRL player stats data,Jack Underhill,jack underhill,Jack Underhill,2025,2026,2025 | 2026,Bulldogs,2025-05-22T09:50:00Z,2026-06-08T06:05:00Z,5,0,0,0,0,Teams listed are inferred from match structure in player-stat JSON.
NRL player stats data,Jack Wighton,jack wighton,Jack Wighton,2012,2026,2012 | 2013 | 2014 | 2015 | 2016 | 2017 | 2018 | 2019 | 2020 | 2021 | 2022 | 2023 | 2024 | 2025 | 2026,Rabbitohs | Raiders,2012-03-10T00:00:00Z,2026-05-03T04:00:00Z,286,0,0,0,0,Teams listed are inferred from match structure in player-stat JSON.
NRL player stats data,Jack Williams,jack williams,Jack Williams,2018,2026,2018 | 2019 | 2020 | 2021 | 2022 | 2023 | 2024 | 2025 | 2026,Eels | Sharks,2018-05-13T06:10:00Z,2026-06-13T09:35:00Z,159,0,0,0,0,Teams listed are inferred from match structure in player-stat JSON.
NRL player stats data,Jackson Ferris,jackson ferris,Jackson Ferris,2020,2020,2020,Sharks,2020-07-31T09:55:00Z,2020-07-31T09:55:00Z,1,0,0,0,0,Teams listed are inferred from match structure in player-stat JSON.
NRL player stats data,Jackson Ford,jackson ford,Jackson Ford,2019,2026,2019 | 2020 | 2021 | 2022 | 2023 | 2024 | 2025 | 2026,Dragons | Warriors,2019-08-10T05:00:00Z,2026-06-13T07:30:00Z,115,0,0,0,0,Teams listed are inferred from match structure in player-stat JSON.
NRL player stats data,Jackson Frei,jackson frei,Jackson Frei,2021,2022,2021 | 2022,Warriors,2021-08-15T03:50:00Z,2022-08-26T08:00:00Z,7,0,0,0,0,Teams listed are inferred from match structure in player-stat JSON.
NRL player stats data,Jackson Hastings,jackson hastings,Jackson Hastings,2014,2025,2014 | 2015 | 2016 | 2017 | 2018 | 2022 | 2023 | 2024 | 2025,Knights | Roosters | Sea Eagles | Wests Tigers,2014-09-04T09:45:00Z,2025-07-27T04:00:00Z,111,0,0,0,0,Teams listed are inferred from match structure in player-stat JSON.
NRL player stats data,Jackson Nicolau,jackson nicolau,Jackson Nicolau,2007,2008,2007 | 2008,Cowboys,2007-03-31T00:00:00Z,2008-07-25T00:00:00Z,2,0,0,0,0,Teams listed are inferred from match structure in player-stat JSON.
NRL player stats data,Jackson Shereb,jackson shereb,Jackson Shereb,2026,2026,2026,Sea Eagles,2026-04-16T09:50:00Z,2026-06-04T09:50:00Z,7,0,0,0,0,Teams listed are inferred from match structure in player-stat JSON.
NRL player stats data,Jackson Topine,jackson topine,Jackson Topine,2021,2023,2021 | 2022 | 2023,Bulldogs,2021-04-02T05:05:00Z,2023-07-23T04:00:00Z,23,0,0,0,0,Teams listed are inferred from match structure in player-stat JSON.
NRL player stats data,Jacob Alick,jacob alick,Jacob Alick,2023,2023,2023,Titans,2023-08-26T05:00:00Z,2023-08-26T05:00:00Z,1,0,0,0,0,Teams listed are inferred from match structure in player-stat JSON.
NRL player stats data,Jacob Alick-Wiencke,jacob alick wiencke,Jacob Alick-Wiencke,2023,2025,2023 | 2024 | 2025,Titans,2023-07-09T06:05:00Z,2025-08-16T05:00:00Z,26,0,0,0,0,Teams listed are inferred from match structure in player-stat JSON.
NRL player stats data,Jacob Gagai,jacob gagai,Jacob Gagai,2024,2024,2024,Rabbitohs,2024-03-03T02:30:00Z,2024-09-06T10:00:00Z,18,0,0,0,0,Teams listed are inferred from match structure in player-stat JSON.
NRL player stats data,Jacob Gagan,jacob gagan,Jacob Gagan,2014,2019,2014 | 2017 | 2019,Knights | Rabbitohs | Sharks,2014-06-07T09:30:00Z,2019-04-06T04:00:00Z,9,0,0,0,0,Teams listed are inferred from match structure in player-stat JSON.
NRL player stats data,Jacob Halangahu,jacob halangahu,Jacob Halangahu,2025,2026,2025 | 2026,Dragons,2025-08-02T07:30:00Z,2026-05-09T05:00:00Z,11,0,0,0,0,Teams listed are inferred from match structure in player-stat JSON.
NRL player stats data,Jacob Host,jacob host,Jacob Host,2016,2025,2016 | 2017 | 2018 | 2019 | 2020 | 2021 | 2022 | 2023 | 2024 | 2025,Dragons | Rabbitohs,2016-05-01T02:00:00Z,2025-09-05T10:00:00Z,122,0,0,0,0,Teams listed are inferred from match structure in player-stat JSON.
NRL player stats data,Jacob Kiraz,jacob kiraz,Jacob Kiraz,2022,2026,2022 | 2023 | 2024 | 2025 | 2026,Bulldogs,2022-04-22T09:55:00Z,2026-06-08T06:05:00Z,87,0,0,0,0,Teams listed are inferred from match structure in player-stat JSON.
NRL player stats data,Jacob Laban,jacob laban,Jacob Laban,2023,2026,2023 | 2024 | 2025 | 2026,Warriors,2023-09-02T05:00:00Z,2026-06-13T07:30:00Z,37,0,0,0,0,Teams listed are inferred from match structure in player-stat JSON.
NRL player stats data,Jacob Liddle,jacob liddle,Jacob Liddle,2016,2026,2016 | 2017 | 2018 | 2019 | 2020 | 2021 | 2022 | 2023 | 2024 | 2025 | 2026,Dragons | Wests Tigers,2016-07-09T09:30:00Z,2026-06-07T06:05:00Z,149,0,0,0,0,Teams listed are inferred from match structure in player-stat JSON.
NRL player stats data,Jacob Lillyman,jacob lillyman,Jacob Lillyman,2003,2018,2003 | 2005 | 2006 | 2007 | 2008 | 2009 | 2010 | 2011 | 2012 | 2013 | 2014 | 2015 | 2016 | 2017 | 2018,Cowboys | Knights | Warriors,2003-08-09T00:00:00Z,2018-07-27T08:00:00Z,265,0,0,0,0,Teams listed are inferred from match structure in player-stat JSON.
NRL player stats data,Jacob Loko,jacob loko,Jacob Loko,2011,2013,2011 | 2013,Eels,2011-04-10T00:00:00Z,2013-07-08T09:00:00Z,23,0,0,0,0,Teams listed are inferred from match structure in player-stat JSON.
NRL player stats data,Jacob Miller,jacob miller,Jacob Miller,2011,2013,2011 | 2012 | 2013,Wests Tigers,2011-04-03T00:00:00Z,2013-03-28T09:05:00Z,9,0,0,0,0,Teams listed are inferred from match structure in player-stat JSON.
NRL player stats data,Jacob Preston,jacob preston,Jacob Preston,2023,2026,2023 | 2024 | 2025 | 2026,Bulldogs,2023-03-04T04:00:00Z,2026-05-22T10:00:00Z,72,0,0,0,0,Teams listed are inferred from match structure in player-stat JSON.
NRL player stats data,Jacob Saifiti,jacob saifiti,Jacob Saifiti,2016,2026,2016 | 2017 | 2018 | 2019 | 2020 | 2021 | 2022 | 2023 | 2024 | 2025 | 2026,Knights,2016-03-06T07:30:00Z,2026-06-05T08:00:00Z,187,0,0,0,0,Teams listed are inferred from match structure in player-stat JSON.
NRL player stats data,Jacob Selmes,jacob selmes,Jacob Selmes,2007,2009,2007 | 2008 | 2009,Sharks,2007-03-17T00:00:00Z,2009-06-22T00:00:00Z,18,0,0,0,0,Teams listed are inferred from match structure in player-stat JSON.
NRL player stats data,Jaelen Feeney,jaelen feeney,Jaelen Feeney,2016,2017,2016 | 2017,Knights,2016-03-06T07:30:00Z,2017-07-02T04:00:00Z,13,0,0,0,0,Teams listed are inferred from match structure in player-stat JSON.
NRL player stats data,Jaeman Salmon,jaeman salmon,Jaeman Salmon,2018,2026,2018 | 2019 | 2021 | 2022 | 2023 | 2024 | 2025 | 2026,Bulldogs | Eels | Panthers,2018-08-04T07:30:00Z,2026-06-08T06:05:00Z,122,0,0,0,0,Teams listed are inferred from match structure in player-stat JSON.
NRL player stats data,Jahream Bula,jahream bula,Jahream Bula,2023,2026,2023 | 2024 | 2025 | 2026,Wests Tigers,2023-04-23T06:05:00Z,2026-06-14T06:05:00Z,67,0,0,0,0,Teams listed are inferred from match structure in player-stat JSON.
NRL player stats data,Jahrome Hughes,jahrome hughes,Jahrome Hughes,2013,2026,2013 | 2016 | 2017 | 2018 | 2019 | 2020 | 2021 | 2022 | 2023 | 2024 | 2025 | 2026,Cowboys | Storm | Titans,2013-07-06T09:30:00Z,2026-06-05T08:00:00Z,185,0,0,0,0,Teams listed are inferred from match structure in player-stat JSON.
NRL player stats data,Jai Arrow,jai arrow,Jai Arrow,2016,2025,2016 | 2017 | 2018 | 2019 | 2020 | 2021 | 2022 | 2023 | 2024 | 2025,Broncos | Rabbitohs | Titans,2016-05-14T09:55:00Z,2025-09-05T10:00:00Z,179,0,0,0,0,Teams listed are inferred from match structure in player-stat JSON.
NRL player stats data,Jai Field,jai field,Jai Field,2017,2020,2017 | 2018 | 2019 | 2020,Dragons | Eels,2017-03-04T05:30:00Z,2020-09-18T09:55:00Z,18,0,0,0,0,Teams listed are inferred from match structure in player-stat JSON.
NRL player stats data,Jai Whitbread,jai whitbread,Jai Whitbread,2018,2021,2018 | 2019 | 2020 | 2021,Titans,2018-07-15T08:30:00Z,2021-06-20T06:05:00Z,32,0,0,0,0,Teams listed are inferred from match structure in player-stat JSON.
NRL player stats data,Jaiman Lowe,jaiman lowe,Jaiman Lowe,2002,2012,2002 | 2003 | 2004 | 2005 | 2006 | 2007 | 2008 | 2009 | 2010 | 2011 | 2012,Cowboys | Rabbitohs | Storm,2002-04-13T00:00:00Z,2012-09-30T00:00:00Z,142,0,0,0,0,Teams listed are inferred from match structure in player-stat JSON.
NRL player stats data,Jaimin Jolliffe,jaimin jolliffe,Jaimin Jolliffe,2020,2025,2020 | 2021 | 2022 | 2023 | 2024 | 2025,Titans,2020-03-13T07:00:00Z,2025-08-16T05:00:00Z,103,0,0,0,0,Teams listed are inferred from match structure in player-stat JSON.
NRL player stats data,Jaiyden Hunt,jaiyden hunt,Jaiyden Hunt,2021,2026,2021 | 2022 | 2023 | 2024 | 2025 | 2026,Broncos | Dragons,2021-05-21T09:55:00Z,2026-05-17T06:05:00Z,49,0,0,0,0,Teams listed are inferred from match structure in player-stat JSON.
NRL player stats data,Jake Arthur,jake arthur,Jake Arthur,2021,2025,2021 | 2022 | 2023 | 2024 | 2025,Eels | Knights | Sea Eagles,2021-05-16T03:50:00Z,2025-09-07T06:05:00Z,62,0,0,0,0,Teams listed are inferred from match structure in player-stat JSON.
NRL player stats data,Jake Averillo,jake averillo,Jake Averillo,2020,2026,2020 | 2021 | 2022 | 2023 | 2024 | 2025 | 2026,Bulldogs | Dolphins,2020-03-19T09:05:00Z,2026-04-25T08:05:00Z,134,0,0,0,0,Teams listed are inferred from match structure in player-stat JSON.
NRL player stats data,Jake Clifford,jake clifford,Jake Clifford,2018,2026,2018 | 2019 | 2020 | 2021 | 2022 | 2024 | 2025 | 2026,Cowboys | Knights,2018-07-21T09:35:00Z,2026-06-06T07:30:00Z,108,0,0,0,0,Teams listed are inferred from match structure in player-stat JSON.
NRL player stats data,Jake Clydsdale,jake clydsdale,Jake Clydsdale,2026,2026,2026,Raiders,2026-05-21T09:50:00Z,2026-05-21T09:50:00Z,1,0,0,0,0,Teams listed are inferred from match structure in player-stat JSON.
NRL player stats data,Jake Foster,jake foster,Jake Foster,2010,2014,2010 | 2011 | 2013 | 2014,Bulldogs | Raiders,2010-05-24T00:00:00Z,2014-04-05T06:30:00Z,15,0,0,0,0,Teams listed are inferred from match structure in player-stat JSON.
NRL player stats data,Jake Friend,jake friend,Jake Friend,2008,2021,2008 | 2009 | 2010 | 2011 | 2012 | 2013 | 2014 | 2015 | 2016 | 2017 | 2018 | 2019 | 2020 | 2021,Roosters,2008-06-27T00:00:00Z,2021-03-13T06:30:00Z,264,0,0,0,0,Teams listed are inferred from match structure in player-stat JSON.
NRL player stats data,Jake Granville,jake granville,Jake Granville,2013,2024,2013 | 2014 | 2015 | 2016 | 2017 | 2018 | 2019 | 2020 | 2021 | 2022 | 2023 | 2024,Broncos | Cowboys,2013-05-17T09:35:00Z,2024-08-01T09:50:00Z,229,0,0,0,0,Teams listed are inferred from match structure in player-stat JSON.
NRL player stats data,Jake Mamo,jake mamo,Jake Mamo,2014,2016,2014 | 2015 | 2016,Knights,2014-04-18T09:40:00Z,2016-09-03T05:00:00Z,29,0,0,0,0,Teams listed are inferred from match structure in player-stat JSON.
NRL player stats data,Jake Marketo,jake marketo,Jake Marketo,2010,2017,2010 | 2011 | 2012 | 2015 | 2016 | 2017,Dragons,2010-05-23T14:59:00Z,2017-08-04T08:00:00Z,51,0,0,0,0,Teams listed are inferred from match structure in player-stat JSON.
NRL player stats data,Jake Mullaney,jake mullaney,Jake Mullaney,2012,2013,2012 | 2013,Eels,2012-07-08T00:00:00Z,2013-09-02T09:00:00Z,19,0,0,0,0,Teams listed are inferred from match structure in player-stat JSON.
NRL player stats data,Jake Simpkin,jake simpkin,Jake Simpkin,2021,2026,2021 | 2022 | 2023 | 2024 | 2025 | 2026,Sea Eagles | Wests Tigers,2021-04-17T07:30:00Z,2026-06-04T09:50:00Z,87,0,0,0,0,Teams listed are inferred from match structure in player-stat JSON.
NRL player stats data,Jake Tago,jake tago,Jake Tago,2024,2025,2024 | 2025,Eels,2024-07-04T09:50:00Z,2025-03-09T05:05:00Z,10,0,0,0,0,Teams listed are inferred from match structure in player-stat JSON.
NRL player stats data,Jake Trbojevic,jake trbojevic,Jake Trbojevic,2013,2026,2013 | 2015 | 2016 | 2017 | 2018 | 2019 | 2020 | 2021 | 2022 | 2023 | 2024 | 2025 | 2026,Sea Eagles,2013-09-08T04:00:00Z,2026-06-04T09:50:00Z,254,0,0,0,0,Teams listed are inferred from match structure in player-stat JSON.
NRL player stats data,Jake Turpin,jake turpin,Jake Turpin,2018,2026,2018 | 2019 | 2020 | 2021 | 2022 | 2023 | 2024 | 2025 | 2026,Broncos | Bulldogs | Roosters,2018-07-08T06:10:00Z,2026-05-01T08:00:00Z,90,0,0,0,0,Teams listed are inferred from match structure in player-stat JSON.
NRL player stats data,Jake Webster,jake webster,Jake Webster,2003,2007,2003 | 2004 | 2005 | 2006 | 2007,Storm | Titans,2003-03-22T00:00:00Z,2007-09-02T00:00:00Z,67,0,0,0,0,Teams listed are inferred from match structure in player-stat JSON.
NRL player stats data,Jamaal Lolesi,jamaal lolesi,Jamaal Lolesi,2000,2006,2000 | 2001 | 2002 | 2003 | 2004 | 2005 | 2006,Bulldogs | Raiders | Wests Tigers,2000-05-20T00:00:00Z,2006-08-13T00:00:00Z,134,0,0,0,0,Teams listed are inferred from match structure in player-stat JSON.
NRL player stats data,Jamal Fogarty,jamal fogarty,Jamal Fogarty,2017,2026,2017 | 2020 | 2021 | 2022 | 2023 | 2024 | 2025 | 2026,Raiders | Sea Eagles | Titans,2017-06-23T09:50:00Z,2026-06-04T09:50:00Z,129,0,0,0,0,Teams listed are inferred from match structure in player-stat JSON.
NRL player stats data,Jamal Idris,jamal idris,Jamal Idris,2008,2017,2008 | 2009 | 2010 | 2011 | 2012 | 2013 | 2014 | 2015 | 2017,Bulldogs | Panthers | Titans | Wests Tigers,2008-08-23T00:00:00Z,2017-04-17T06:00:00Z,136,0,0,0,0,Teams listed are inferred from match structure in player-stat JSON.
NRL player stats data,Jamal Shibasaki,jamal shibasaki,Jamal Shibasaki,2024,2025,2024 | 2025,Cowboys,2024-06-02T06:05:00Z,2025-08-03T06:05:00Z,2,0,0,0,0,Teams listed are inferred from match structure in player-stat JSON.
NRL player stats data,Jamayne Isaako,jamayne isaako,Jamayne Isaako,2017,2026,2017 | 2018 | 2019 | 2020 | 2021 | 2022 | 2023 | 2024 | 2025 | 2026,Broncos | Dolphins | Titans,2017-07-15T07:30:00Z,2026-06-12T10:00:00Z,175,0,0,0,0,Teams listed are inferred from match structure in player-stat JSON.
NRL player stats data,Jamayne Taunoa-Brown,jamayne taunoa brown,Jamayne Taunoa-Brown,2020,2023,2020 | 2021 | 2022 | 2023,Cowboys | Dragons | Warriors,2020-03-14T04:00:00Z,2023-09-02T07:30:00Z,75,0,0,0,0,Teams listed are inferred from match structure in player-stat JSON.
NRL player stats data,James Aubusson,james aubusson,James Aubusson,2007,2010,2007 | 2008 | 2009 | 2010,Roosters | Storm,2007-03-16T00:00:00Z,2010-09-24T00:00:00Z,58,0,0,0,0,Teams listed are inferred from match structure in player-stat JSON.
NRL player stats data,James Bell,james bell,James Bell,2017,2017,2017,Warriors,2017-07-28T08:00:00Z,2017-08-05T05:00:00Z,2,0,0,0,0,Teams listed are inferred from match structure in player-stat JSON.
NRL player stats data,James Buser,james buser,James Buser,2002,2002,2002,Raiders,2002-06-30T00:00:00Z,2002-07-07T00:00:00Z,2,0,0,0,0,Teams listed are inferred from match structure in player-stat JSON.
NRL player stats data,James Evans,james evans,James Evans,2001,2004,2001 | 2002 | 2003 | 2004,Raiders,2001-09-01T00:00:00Z,2004-05-02T00:00:00Z,16,0,0,0,0,Teams listed are inferred from match structure in player-stat JSON.
NRL player stats data,James Fisher-Harris,james fisher harris,James Fisher-Harris,2016,2026,2016 | 2017 | 2018 | 2019 | 2020 | 2021 | 2022 | 2023 | 2024 | 2025 | 2026,Panthers | Warriors,2016-03-05T04:00:00Z,2026-05-31T08:15:00Z,236,0,0,0,0,Teams listed are inferred from match structure in player-stat JSON.
NRL player stats data,James Gannon,james gannon,James Gannon,1998,1999,1998 | 1999,Tigers,1998-03-14T00:00:00Z,1999-07-11T00:00:00Z,22,0,0,0,0,Teams listed are inferred from match structure in player-stat JSON.
NRL player stats data,James Gavet,james gavet,James Gavet,2012,2019,2012 | 2014 | 2015 | 2016 | 2017 | 2018 | 2019,Broncos | Bulldogs | Knights | Warriors | Wests Tigers,2012-08-12T00:00:00Z,2019-08-03T05:00:00Z,74,0,0,0,0,Teams listed are inferred from match structure in player-stat JSON.
NRL player stats data,James Graham,james graham,James Graham,2012,2020,2012 | 2013 | 2014 | 2015 | 2016 | 2017 | 2018 | 2019 | 2020,Bulldogs | Dragons,2012-03-03T00:00:00Z,2020-06-20T05:00:00Z,186,0,0,0,0,Teams listed are inferred from match structure in player-stat JSON.
NRL player stats data,James Hasson,james hasson,James Hasson,2013,2015,2013 | 2014 | 2015,Sea Eagles,2013-05-06T09:00:00Z,2015-08-23T06:00:00Z,40,0,0,0,0,Teams listed are inferred from match structure in player-stat JSON.
NRL player stats data,James Langaloa,james langaloa,James Langaloa,1998,1998,1998,Tigers,1998-05-01T00:00:00Z,1998-08-22T00:00:00Z,9,0,0,0,0,Teams listed are inferred from match structure in player-stat JSON.
NRL player stats data,James Maloney,james maloney,James Maloney,2009,2019,2009 | 2010 | 2011 | 2012 | 2013 | 2014 | 2015 | 2016 | 2017 | 2018 | 2019,Panthers | Roosters | Sharks | Storm | Warriors,2009-04-11T00:00:00Z,2019-09-08T06:05:00Z,247,0,0,0,0,Teams listed are inferred from match structure in player-stat JSON.
NRL player stats data,James McManus,james mcmanus,James Mcmanus | James McManus,2007,2015,2007 | 2008 | 2009 | 2010 | 2011 | 2012 | 2013 | 2014 | 2015,Knights,2007-03-18T00:00:00Z,2015-07-25T09:30:00Z,166,0,0,0,0,Teams listed are inferred from match structure in player-stat JSON.
NRL player stats data,James Pickering,james pickering,James Pickering,1998,2000,1998 | 2000,Bulldogs | Roosters,1998-03-27T00:00:00Z,2000-02-07T00:00:00Z,15,0,0,0,0,Teams listed are inferred from match structure in player-stat JSON.
NRL player stats data,James Roberts,james roberts,James Roberts,2011,2022,2011 | 2013 | 2014 | 2015 | 2016 | 2017 | 2018 | 2019 | 2020 | 2021 | 2022,Broncos | Panthers | Rabbitohs | Titans | Wests Tigers,2011-04-23T00:00:00Z,2022-08-13T07:30:00Z,167,0,0,0,0,Teams listed are inferred from match structure in player-stat JSON.
NRL player stats data,James Roumanos,james roumanos,James Roumanos,2022,2022,2022,Sea Eagles,2022-08-20T07:30:00Z,2022-09-02T08:00:00Z,3,0,0,0,0,Teams listed are inferred from match structure in player-stat JSON.
NRL player stats data,James Schiller,james schiller,James Schiller,2022,2026,2022 | 2023 | 2024 | 2025 | 2026,Knights | Raiders,2022-03-11T07:00:00Z,2026-04-26T04:00:00Z,44,0,0,0,0,Teams listed are inferred from match structure in player-stat JSON.
NRL player stats data,James Segeyaro,james segeyaro,James Segeyaro,2011,2022,2011 | 2012 | 2013 | 2014 | 2015 | 2016 | 2017 | 2018 | 2019 | 2022,Broncos | Cowboys | Panthers | Sea Eagles | Sharks,2011-03-28T18:15:00Z,2022-07-28T09:50:00Z,155,0,0,0,0,Teams listed are inferred from match structure in player-stat JSON.
NRL player stats data,James Smith,james smith,James Smith,1998,1999,1998 | 1999,Rabbitohs,1998-03-13T00:00:00Z,1999-08-21T00:00:00Z,47,0,0,0,0,Teams listed are inferred from match structure in player-stat JSON.
NRL player stats data,James Storer,james storer,James Storer,2003,2003,2003,Rabbitohs,2003-08-09T00:00:00Z,2003-08-17T00:00:00Z,2,0,0,0,0,Teams listed are inferred from match structure in player-stat JSON.
NRL player stats data,James Stosic,james stosic,James Stosic,2005,2008,2005 | 2006 | 2007 | 2008,Sharks | Titans,2005-03-26T00:00:00Z,2008-09-01T00:00:00Z,47,0,0,0,0,Teams listed are inferred from match structure in player-stat JSON.
NRL player stats data,James Stuart,james stuart,James Stuart,2010,2011,2010 | 2011,Raiders,2010-03-22T18:58:00Z,2011-06-12T00:00:00Z,7,0,0,0,0,Teams listed are inferred from match structure in player-stat JSON.
NRL player stats data,James Tamou,james tamou,James Tamou,2009,2023,2009 | 2010 | 2011 | 2012 | 2013 | 2014 | 2015 | 2016 | 2017 | 2018 | 2019 | 2020 | 2021 | 2022 | 2023,Cowboys | Panthers | Wests Tigers,2009-05-01T00:00:00Z,2023-03-25T06:30:00Z,308,0,0,0,0,Teams listed are inferred from match structure in player-stat JSON.
NRL player stats data,James Tedesco,james tedesco,James Tedesco,2012,2026,2012 | 2013 | 2014 | 2015 | 2016 | 2017 | 2018 | 2019 | 2020 | 2021 | 2022 | 2023 | 2024 | 2025 | 2026,Roosters | Wests Tigers,2012-03-04T00:00:00Z,2026-06-05T10:00:00Z,288,0,0,0,0,Teams listed are inferred from match structure in player-stat JSON.
NRL player stats data,James Walsh,james walsh,James Walsh,2025,2025,2025,Dolphins,2025-08-16T07:30:00Z,2025-09-07T04:00:00Z,2,0,0,0,0,Teams listed are inferred from match structure in player-stat JSON.
NRL player stats data,James Webster,james webster,James Webster,1999,2004,1999 | 2002 | 2003 | 2004,Eels | Tigers,1999-05-01T00:00:00Z,2004-09-05T00:00:00Z,31,0,0,0,0,Teams listed are inferred from match structure in player-stat JSON.
NRL player stats data,James Wynne,james wynne,James Wynne,2001,2002,2001 | 2002,Knights,2001-08-11T00:00:00Z,2002-06-29T00:00:00Z,5,0,0,0,0,Teams listed are inferred from match structure in player-stat JSON.
NRL player stats data,Jamie Ainscough,jamie ainscough,Jamie Ainscough,1998,2001,1998 | 1999 | 2000 | 2001,Dragons,1998-03-15T00:00:00Z,2001-09-15T00:00:00Z,91,0,0,0,0,Teams listed are inferred from match structure in player-stat JSON.
NRL player stats data,Jamie Bennett,jamie bennett,Jamie Bennett,1998,1998,1998,Sea Eagles,1998-04-26T00:00:00Z,1998-05-10T00:00:00Z,2,0,0,0,0,Teams listed are inferred from match structure in player-stat JSON.
NRL player stats data,Jamie Buhrer,jamie buhrer,Jamie Buhrer,2010,2019,2010 | 2011 | 2012 | 2013 | 2014 | 2015 | 2016 | 2017 | 2018 | 2019,Knights | Sea Eagles,2010-05-17T00:00:00Z,2019-07-26T08:00:00Z,173,0,0,0,0,Teams listed are inferred from match structure in player-stat JSON.
NRL player stats data,Jamie Dowling,jamie dowling,Jamie Dowling,2012,2013,2012 | 2013,Titans,2012-06-10T00:00:00Z,2013-09-07T07:30:00Z,10,0,0,0,0,Teams listed are inferred from match structure in player-stat JSON.
NRL player stats data,Jamie Feeney,jamie feeney,Jamie Feeney,1999,2006,1999 | 2000 | 2001 | 2002 | 2003 | 2004 | 2005 | 2006,Bulldogs | Storm,1999-05-23T00:00:00Z,2006-08-19T00:00:00Z,132,0,0,0,0,Teams listed are inferred from match structure in player-stat JSON.
NRL player stats data,Jamie Fitzgerald,jamie fitzgerald,Jamie Fitzgerald,1999,2004,1999 | 2000 | 2001 | 2002 | 2003 | 2004,Bears | Dragons | Knights | Rabbitohs,1999-04-24T00:00:00Z,2004-07-04T00:00:00Z,67,0,0,0,0,Teams listed are inferred from match structure in player-stat JSON.
NRL player stats data,Jamie Goddard,jamie goddard,Jamie Goddard,1998,2002,1998 | 1999 | 2000 | 2001 | 2002,Bears | Chargers | Eagles,1998-03-21T00:00:00Z,2002-08-25T00:00:00Z,97,0,0,0,0,Teams listed are inferred from match structure in player-stat JSON.
NRL player stats data,Jamie Humphreys,jamie humphreys,Jamie Humphreys,2024,2026,2024 | 2025 | 2026,Rabbitohs | Sea Eagles,2024-07-14T06:05:00Z,2026-06-11T09:50:00Z,29,0,0,0,0,Teams listed are inferred from match structure in player-stat JSON.
NRL player stats data,Jamie Lyon,jamie lyon,Jamie Lyon,2000,2016,2000 | 2001 | 2002 | 2003 | 2004 | 2007 | 2008 | 2009 | 2010 | 2011 | 2012 | 2013 | 2014 | 2015 | 2016,Eels | Sea Eagles,2000-06-25T00:00:00Z,2016-08-11T09:50:00Z,294,0,0,0,0,Teams listed are inferred from match structure in player-stat JSON.
NRL player stats data,Jamie McDonald,jamie mcdonald,Jamie Mcdonald | Jamie McDonald,1998,2005,1998 | 2000 | 2001 | 2002 | 2003 | 2004 | 2005,Cowboys | Rams | Storm,1998-08-01T00:00:00Z,2005-04-08T00:00:00Z,52,0,0,0,0,Teams listed are inferred from match structure in player-stat JSON.
NRL player stats data,Jamie Olejnik,jamie olejnik,Jamie Olejnik,1998,1998,1998,Sea Eagles,1998-03-22T00:00:00Z,1998-08-16T00:00:00Z,10,0,0,0,0,Teams listed are inferred from match structure in player-stat JSON.
NRL player stats data,Jamie Owens,jamie owens,Jamie Owens,1998,1998,1998,Eels,1998-03-14T00:00:00Z,1998-08-08T00:00:00Z,11,0,0,0,0,Teams listed are inferred from match structure in player-stat JSON.
NRL player stats data,Jamie Russo,jamie russo,Jamie Russo,2001,2004,2001 | 2002 | 2003 | 2004,Eels | Rabbitohs | Roosters,2001-04-22T00:00:00Z,2004-05-01T00:00:00Z,25,0,0,0,0,Teams listed are inferred from match structure in player-stat JSON.
NRL player stats data,Jamie Simpson,jamie simpson,Jamie Simpson,2008,2010,2008 | 2009 | 2010,Rabbitohs,2008-06-06T19:59:59Z,2010-09-05T00:00:00Z,37,0,0,0,0,Teams listed are inferred from match structure in player-stat JSON.
NRL player stats data,Jamie Soward,jamie soward,Jamie Soward,2005,2016,2005 | 2006 | 2007 | 2008 | 2009 | 2010 | 2011 | 2012 | 2013 | 2014 | 2015 | 2016,Dragons | Panthers | Roosters,2005-05-08T00:00:00Z,2016-06-04T09:30:00Z,215,0,0,0,0,Teams listed are inferred from match structure in player-stat JSON.
NRL player stats data,Jamil Hopoate,jamil hopoate,Jamil Hopoate,2020,2020,2020,Broncos,2020-03-13T09:05:00Z,2020-09-24T09:50:00Z,12,0,0,0,0,Teams listed are inferred from match structure in player-stat JSON.
NRL player stats data,Jared Fox,jared fox,Jared Fox,1998,1998,1998,Chargers,1998-05-23T00:00:00Z,1998-05-23T00:00:00Z,1,0,0,0,0,Teams listed are inferred from match structure in player-stat JSON.
NRL player stats data,Jared Mills,jared mills,Jared Mills,1998,1999,1998 | 1999,Magpies,1998-05-09T00:00:00Z,1999-08-15T00:00:00Z,22,0,0,0,0,Teams listed are inferred from match structure in player-stat JSON.
NRL player stats data,Jared Taylor,jared taylor,Jared Taylor,2002,2003,2002 | 2003,Rabbitohs | Sharks,2002-05-25T00:00:00Z,2003-05-31T00:00:00Z,3,0,0,0,0,Teams listed are inferred from match structure in player-stat JSON.
NRL player stats data,Jared Waerea-Hargreaves,jared waerea hargreaves,Jared Waerea-Hargreaves,2009,2024,2009 | 2010 | 2011 | 2012 | 2013 | 2014 | 2015 | 2016 | 2017 | 2018 | 2019 | 2020 | 2021 | 2022 | 2023 | 2024,Roosters | Sea Eagles,2009-05-10T00:00:00Z,2024-09-27T09:50:00Z,316,0,0,0,0,Teams listed are inferred from match structure in player-stat JSON.
NRL player stats data,Jarome Luai,jarome luai,Jarome Luai,2018,2026,2018 | 2019 | 2020 | 2021 | 2022 | 2023 | 2024 | 2025 | 2026,Panthers | Wests Tigers,2018-05-11T08:00:00Z,2026-06-14T06:05:00Z,165,0,0,0,0,Teams listed are inferred from match structure in player-stat JSON.
NRL player stats data,Jarrad Anderson,jarrad anderson,Jarrad Anderson,2003,2003,2003,Sharks,2003-06-07T00:00:00Z,2003-09-06T00:00:00Z,14,0,0,0,0,Teams listed are inferred from match structure in player-stat JSON.
NRL player stats data,Jarrad Hickey,jarrad hickey,Jarrad Hickey,2006,2010,2006 | 2007 | 2008 | 2009 | 2010,Bulldogs,2006-05-21T00:00:00Z,2010-04-30T19:32:00Z,72,0,0,0,0,Teams listed are inferred from match structure in player-stat JSON.
NRL player stats data,Jarrad Kennedy,jarrad kennedy,Jarrad Kennedy,2012,2017,2012 | 2013 | 2014 | 2015 | 2017,Raiders | Sea Eagles,2012-04-08T00:00:00Z,2017-07-23T04:00:00Z,51,0,0,0,0,Teams listed are inferred from match structure in player-stat JSON.
NRL player stats data,Jarrad Lawrence,jarrad lawrence,Jarrad Lawrence,2001,2004,2001 | 2004,Raiders,2001-07-29T00:00:00Z,2004-09-12T15:45:00Z,4,0,0,0,0,Teams listed are inferred from match structure in player-stat JSON.
NRL player stats data,Jarrett Subloo,jarrett subloo,Jarrett Subloo,2020,2020,2020,Raiders,2020-09-26T07:30:00Z,2020-09-26T07:30:00Z,1,0,0,0,0,Teams listed are inferred from match structure in player-stat JSON.
NRL player stats data,Jarrod Croker,jarrod croker,Jarrod Croker,2009,2023,2009 | 2010 | 2011 | 2012 | 2013 | 2014 | 2015 | 2016 | 2017 | 2018 | 2019 | 2020 | 2021 | 2022 | 2023,Raiders,2009-03-22T00:00:00Z,2023-08-26T09:35:00Z,307,0,0,0,0,Teams listed are inferred from match structure in player-stat JSON.
NRL player stats data,Jarrod Farlow,jarrod farlow,Jarrod Farlow,2013,2013,2013,Wests Tigers,2013-06-09T05:00:00Z,2013-06-09T05:00:00Z,1,0,0,0,0,Teams listed are inferred from match structure in player-stat JSON.
NRL player stats data,Jarrod McCracken,jarrod mccracken,Jarrod Mccracken | Jarrod McCracken,1998,2000,1998 | 1999 | 2000,Eels | Wests Tigers,1998-03-14T00:00:00Z,2000-05-12T00:00:00Z,49,0,0,0,0,Teams listed are inferred from match structure in player-stat JSON.
NRL player stats data,Jarrod Mullen,jarrod mullen,Jarrod Mullen,2005,2016,2005 | 2006 | 2007 | 2008 | 2009 | 2010 | 2011 | 2012 | 2013 | 2014 | 2015 | 2016,Knights,2005-05-15T00:00:00Z,2016-09-03T05:00:00Z,211,0,0,0,0,Teams listed are inferred from match structure in player-stat JSON.
NRL player stats data,Jarrod O'Doherty,jarrod odoherty,Jarrod O'Doherty,1998,2002,1998 | 2001 | 2002,Knights,1998-07-24T00:00:00Z,2002-09-22T00:00:00Z,25,0,0,0,0,Teams listed are inferred from match structure in player-stat JSON.
NRL player stats data,Jarrod Saffy,jarrod saffy,Jarrod Saffy,2006,2010,2006 | 2007 | 2008 | 2009 | 2010,Dragons | Wests Tigers,2006-09-03T00:00:00Z,2010-10-03T00:00:00Z,61,0,0,0,0,Teams listed are inferred from match structure in player-stat JSON.
NRL player stats data,Jarrod Sammut,jarrod sammut,Jarrod Sammut,2007,2009,2007 | 2008 | 2009,Panthers,2007-08-04T00:00:00Z,2009-08-28T00:00:00Z,38,0,0,0,0,Teams listed are inferred from match structure in player-stat JSON.
NRL player stats data,Jarrod Wallace,jarrod wallace,Jarrod Wallace,2012,2024,2012 | 2013 | 2014 | 2015 | 2016 | 2017 | 2018 | 2019 | 2020 | 2021 | 2022 | 2023 | 2024,Broncos | Dolphins | Titans,2012-06-10T00:00:00Z,2024-04-19T10:00:00Z,220,0,0,0,0,Teams listed are inferred from match structure in player-stat JSON.
NRL player stats data,Jarryd Hayne,jarryd hayne,Jarryd Hayne,2006,2018,2006 | 2007 | 2008 | 2009 | 2010 | 2011 | 2012 | 2013 | 2014 | 2016 | 2017 | 2018,Eels | Sharks | Storm | Titans,2006-05-19T00:00:00Z,2018-09-01T09:45:00Z,214,0,0,0,0,Teams listed are inferred from match structure in player-stat JSON.
NRL player stats data,Jason Allen,jason allen,Jason Allen,1998,1998,1998,Knights,1998-05-01T00:00:00Z,1998-08-22T00:00:00Z,2,0,0,0,0,Teams listed are inferred from match structure in player-stat JSON.
NRL player stats data,Jason Baitieri,jason baitieri,Jason Baitieri,2010,2010,2010,Roosters,2010-05-02T00:00:00Z,2010-05-02T00:00:00Z,1,0,0,0,0,Teams listed are inferred from match structure in player-stat JSON.
NRL player stats data,Jason Barsley,jason barsley,Jason Barsley,2003,2005,2003 | 2005,Cowboys,2003-06-07T00:00:00Z,2005-06-12T00:00:00Z,4,0,0,0,0,Teams listed are inferred from match structure in player-stat JSON.
NRL player stats data,Jason Bell,jason bell,Jason Bell,1998,2000,1998 | 1999 | 2000,Eels | Warriors,1998-03-14T00:00:00Z,2000-06-30T00:00:00Z,38,0,0,0,0,Teams listed are inferred from match structure in player-stat JSON.
NRL player stats data,Jason Bulgarelli,jason bulgarelli,Jason Bulgarelli,2003,2004,2003 | 2004,Raiders,2003-05-17T00:00:00Z,2004-08-22T00:00:00Z,27,0,0,0,0,Teams listed are inferred from match structure in player-stat JSON.
NRL player stats data,Jason Burnham,jason burnham,Jason Burnham,1998,2000,1998 | 1999 | 2000,Raiders,1998-03-15T00:00:00Z,2000-07-01T00:00:00Z,20,0,0,0,0,Teams listed are inferred from match structure in player-stat JSON.
NRL player stats data,Jason Cayless,jason cayless,Jason Cayless,2000,2010,2000 | 2001 | 2002 | 2003 | 2004 | 2005 | 2010,Eels | Roosters | Wests Tigers,2000-06-25T00:00:00Z,2010-03-26T00:00:00Z,110,0,0,0,0,Teams listed are inferred from match structure in player-stat JSON.
NRL player stats data,Jason Clark,jason clark,Jason Clark,2009,2018,2009 | 2010 | 2011 | 2012 | 2013 | 2014 | 2015 | 2016 | 2017 | 2018,Rabbitohs,2009-08-29T00:00:00Z,2018-09-15T09:40:00Z,169,0,0,0,0,Teams listed are inferred from match structure in player-stat JSON.
NRL player stats data,Jason Croker,jason croker,Jason Croker,1998,2006,1998 | 1999 | 2000 | 2001 | 2002 | 2003 | 2004 | 2005 | 2006,Raiders,1998-03-15T00:00:00Z,2006-09-09T00:00:00Z,187,0,0,0,0,Teams listed are inferred from match structure in player-stat JSON.
NRL player stats data,Jason Death,jason death,Jason Death,1998,2004,1998 | 1999 | 2000 | 2001 | 2002 | 2003 | 2004,Cowboys | Rabbitohs | Warriors,1998-03-29T00:00:00Z,2004-08-22T00:00:00Z,116,0,0,0,0,Teams listed are inferred from match structure in player-stat JSON.
NRL player stats data,Jason Ferris,jason ferris,Jason Ferris,1998,2003,1998 | 1999 | 2000 | 2001 | 2002 | 2003,Cowboys | Eagles | Sea Eagles | Sharks,1998-03-13T00:00:00Z,2003-09-06T00:00:00Z,103,0,0,0,0,Teams listed are inferred from match structure in player-stat JSON.
NRL player stats data,Jason Hetherington,jason hetherington,Jason Hetherington,1998,2000,1998 | 1999 | 2000,Bulldogs,1998-03-15T00:00:00Z,2000-07-30T00:00:00Z,56,0,0,0,0,Teams listed are inferred from match structure in player-stat JSON.
NRL player stats data,Jason Hooper,jason hooper,Jason Hooper,1998,2002,1998 | 1999 | 2000 | 2001 | 2002,Dragons | Steelers,1998-03-14T00:00:00Z,2002-09-21T00:00:00Z,89,0,0,0,0,Teams listed are inferred from match structure in player-stat JSON.
NRL player stats data,Jason Hudson,jason hudson,Jason Hudson,1998,1998,1998,Chargers,1998-04-19T00:00:00Z,1998-08-22T00:00:00Z,17,0,0,0,0,Teams listed are inferred from match structure in player-stat JSON.
NRL player stats data,Jason Kent,jason kent,Jason Kent,2002,2004,2002 | 2003 | 2004,Dragons | Sharks,2002-06-01T00:00:00Z,2004-08-14T00:00:00Z,29,0,0,0,0,Teams listed are inferred from match structure in player-stat JSON.
NRL player stats data,Jason Keogh,jason keogh,Jason Keogh,1998,1998,1998,Magpies,1998-04-09T00:00:00Z,1998-05-09T00:00:00Z,5,0,0,0,0,Teams listed are inferred from match structure in player-stat JSON.
NRL player stats data,Jason King,jason king,Jason King,2001,2014,2001 | 2002 | 2003 | 2004 | 2005 | 2006 | 2007 | 2008 | 2009 | 2010 | 2011 | 2012 | 2013 | 2014,Eagles | Sea Eagles,2001-09-01T00:00:00Z,2014-09-20T09:45:00Z,239,0,0,0,0,Teams listed are inferred from match structure in player-stat JSON.
NRL player stats data,Jason Lowrie,jason lowrie,Jason Lowrie,1998,2001,1998 | 1999 | 2000 | 2001,Roosters | Tigers | Wests Tigers,1998-03-14T00:00:00Z,2001-07-14T00:00:00Z,60,0,0,0,0,Teams listed are inferred from match structure in player-stat JSON.
NRL player stats data,Jason Lussick,jason lussick,Jason Lussick,1998,1999,1998 | 1999,Sea Eagles,1998-08-16T00:00:00Z,1999-03-21T00:00:00Z,3,0,0,0,0,Teams listed are inferred from match structure in player-stat JSON.
NRL player stats data,Jason Moodie,jason moodie,Jason Moodie,1998,2007,1998 | 1999 | 2000 | 2001 | 2002 | 2003 | 2004 | 2007,Eels | Knights | Wests Tigers,1998-03-15T00:00:00Z,2007-06-10T00:00:00Z,160,0,0,0,0,Teams listed are inferred from match structure in player-stat JSON.
NRL player stats data,Jason Nicol,jason nicol,Jason Nicol,1998,2000,1998 | 1999 | 2000,Chargers | Cowboys | Rabbitohs,1998-03-21T00:00:00Z,2000-02-19T00:00:00Z,39,0,0,0,0,Teams listed are inferred from match structure in player-stat JSON.
NRL player stats data,Jason Nightingale,jason nightingale,Jason Nightingale,2007,2018,2007 | 2008 | 2009 | 2010 | 2011 | 2012 | 2013 | 2014 | 2015 | 2016 | 2017 | 2018,Dragons | Wests Tigers,2007-05-04T00:00:00Z,2018-08-26T06:10:00Z,266,0,0,0,0,Teams listed are inferred from match structure in player-stat JSON.
NRL player stats data,Jason Ryles,jason ryles,Jason Ryles,2000,2013,2000 | 2001 | 2002 | 2003 | 2004 | 2005 | 2006 | 2007 | 2008 | 2010 | 2011 | 2012 | 2013,Dragons | Roosters | Storm,2000-05-14T00:00:00Z,2013-09-21T09:45:00Z,248,0,0,0,0,Teams listed are inferred from match structure in player-stat JSON.
NRL player stats data,Jason Saab,jason saab,Jason Saab,2019,2026,2019 | 2020 | 2021 | 2022 | 2023 | 2024 | 2025 | 2026,Dragons | Sea Eagles,2019-07-26T09:55:00Z,2026-06-04T09:50:00Z,118,0,0,0,0,Teams listed are inferred from match structure in player-stat JSON.
NRL player stats data,Jason Salalilo,jason salalilo,Jason Salalilo,2026,2026,2026,Warriors,2026-06-13T07:30:00Z,2026-06-13T07:30:00Z,1,0,0,0,0,Teams listed are inferred from match structure in player-stat JSON.
NRL player stats data,Jason Schirnack,jason schirnack,Jason Schirnack,2010,2011,2010 | 2011,Wests Tigers,2010-03-21T00:00:00Z,2011-03-26T00:00:00Z,3,0,0,0,0,Teams listed are inferred from match structure in player-stat JSON.
NRL player stats data,Jason Smith,jason smith,Jason Smith,1998,2007,1998 | 1999 | 2000 | 2005 | 2006 | 2007,Cowboys | Eels | Raiders,1998-03-14T00:00:00Z,2007-09-16T00:00:00Z,110,0,0,0,0,Teams listed are inferred from match structure in player-stat JSON.
NRL player stats data,Jason Stevens,jason stevens,Jason Stevens,1998,2005,1998 | 1999 | 2000 | 2001 | 2002 | 2003 | 2004 | 2005,Sharks,1998-03-14T00:00:00Z,2005-08-27T00:00:00Z,152,0,0,0,0,Teams listed are inferred from match structure in player-stat JSON.
NRL player stats data,Jason Taumalolo,jason taumalolo,Jason Taumalolo,2010,2026,2010 | 2011 | 2012 | 2013 | 2014 | 2015 | 2016 | 2017 | 2018 | 2019 | 2020 | 2021 | 2022 | 2023 | 2024 | 2025 | 2026,Cowboys,2010-08-21T00:00:00Z,2026-06-06T07:30:00Z,298,0,0,0,0,Teams listed are inferred from match structure in player-stat JSON.
NRL player stats data,Jason Taylor,jason taylor,Jason Taylor,1998,2001,1998 | 1999 | 2000 | 2001,Bears | Eagles | Eels,1998-03-15T00:00:00Z,2001-09-30T00:00:00Z,93,0,0,0,0,Teams listed are inferred from match structure in player-stat JSON.
NRL player stats data,Jason Temu,jason temu,Jason Temu,1999,2001,1999 | 2000 | 2001,Knights | Warriors,1999-03-12T00:00:00Z,2001-05-20T00:00:00Z,7,0,0,0,0,Teams listed are inferred from match structure in player-stat JSON.
NRL player stats data,Jason Webber,jason webber,Jason Webber,1998,1999,1998 | 1999,Tigers,1998-03-14T00:00:00Z,1999-07-31T00:00:00Z,40,0,0,0,0,Teams listed are inferred from match structure in player-stat JSON.
NRL player stats data,Jason Wells,jason wells,Jason Wells,2007,2007,2007,Sea Eagles,2007-08-10T00:00:00Z,2007-08-26T00:00:00Z,3,0,0,0,0,Teams listed are inferred from match structure in player-stat JSON.
NRL player stats data,Jason Williams,jason williams,Jason Williams,1998,2006,1998 | 2004 | 2005 | 2006,Panthers | Raiders | Sharks,1998-03-21T00:00:00Z,2006-07-01T00:00:00Z,26,0,0,0,0,Teams listed are inferred from match structure in player-stat JSON.
NRL player stats data,Jason Wrigley,jason wrigley,Jason Wrigley,2004,2004,2004,Panthers,2004-05-09T00:00:00Z,2004-05-22T00:00:00Z,2,0,0,0,0,Teams listed are inferred from match structure in player-stat JSON.
NRL player stats data,Javid Bowen,javid bowen,Javid Bowen,2016,2021,2016 | 2017 | 2018 | 2019 | 2021,Cowboys,2016-04-02T08:30:00Z,2021-07-17T05:00:00Z,46,0,0,0,0,Teams listed are inferred from match structure in player-stat JSON.
NRL player stats data,Jaxen Edgar,jaxen edgar,Jaxen Edgar,2025,2025,2025,Panthers,2025-08-28T09:50:00Z,2025-08-28T09:50:00Z,1,0,0,0,0,Teams listed are inferred from match structure in player-stat JSON.
NRL player stats data,Jaxon Purdue,jaxon purdue,Jaxon Purdue,2024,2026,2024 | 2025 | 2026,Cowboys,2024-06-02T06:05:00Z,2026-06-06T07:30:00Z,49,0,0,0,0,Teams listed are inferred from match structure in player-stat JSON.
NRL player stats data,Jaxson Paulo,jaxson paulo,Jaxson Paulo,2020,2025,2020 | 2021 | 2022 | 2023 | 2024 | 2025,Cowboys | Rabbitohs | Roosters | Sea Eagles,2020-07-18T07:30:00Z,2025-08-30T09:35:00Z,75,0,0,0,0,Teams listed are inferred from match structure in player-stat JSON.
NRL player stats data,Jay Bandy,jay bandy,Jay Bandy,1999,2002,1999 | 2000 | 2001 | 2002,Eagles | Eels | Rabbitohs,1999-08-29T00:00:00Z,2002-06-15T00:00:00Z,13,0,0,0,0,Teams listed are inferred from match structure in player-stat JSON.
NRL player stats data,Jayden Berrell,jayden berrell,Jayden Berrell,2024,2026,2024 | 2025 | 2026,Sharks,2024-03-31T07:15:00Z,2026-06-13T07:30:00Z,12,0,0,0,0,Teams listed are inferred from match structure in player-stat JSON.
NRL player stats data,Jayden Brailey,jayden brailey,Jayden Brailey,2017,2026,2017 | 2018 | 2019 | 2020 | 2021 | 2022 | 2023 | 2024 | 2025 | 2026,Knights | Raiders | Sharks,2017-03-02T09:00:00Z,2026-06-13T09:35:00Z,167,0,0,0,0,Teams listed are inferred from match structure in player-stat JSON.
NRL player stats data,Jayden Campbell,jayden campbell,Jayden Campbell,2021,2026,2021 | 2022 | 2023 | 2024 | 2025 | 2026,Titans,2021-06-05T09:35:00Z,2026-06-14T06:05:00Z,89,0,0,0,0,Teams listed are inferred from match structure in player-stat JSON.
NRL player stats data,Jayden Hodges,jayden hodges,Jayden Hodges,2013,2015,2013 | 2014 | 2015,Cowboys | Sea Eagles,2013-09-01T04:00:00Z,2015-09-06T06:00:00Z,14,0,0,0,0,Teams listed are inferred from match structure in player-stat JSON.
NRL player stats data,Jayden Nikorima,jayden nikorima,Jayden Nikorima,2016,2023,2016 | 2022 | 2023,Roosters | Storm,2016-03-06T05:00:00Z,2023-08-31T09:50:00Z,13,0,0,0,0,Teams listed are inferred from match structure in player-stat JSON.
NRL player stats data,Jayden Okunbor,jayden okunbor,Jayden Okunbor,2019,2023,2019 | 2020 | 2021 | 2022 | 2023,Bulldogs,2019-03-31T05:05:00Z,2023-09-03T04:00:00Z,47,0,0,0,0,Teams listed are inferred from match structure in player-stat JSON.
NRL player stats data,Jayden Sullivan,jayden sullivan,Jayden Sullivan,2020,2026,2020 | 2021 | 2022 | 2023 | 2024 | 2025 | 2026,Dragons | Rabbitohs | Wests Tigers,2020-09-27T06:05:00Z,2026-06-11T09:50:00Z,60,0,0,0,0,Teams listed are inferred from match structure in player-stat JSON.
NRL player stats data,Jayden Tanner,jayden tanner,Jayden Tanner,2022,2023,2022 | 2023,Bulldogs,2022-06-19T06:05:00Z,2023-03-26T03:00:00Z,6,0,0,0,0,Teams listed are inferred from match structure in player-stat JSON.
NRL player stats data,Jaydn Su'A,jaydn sua,Jaydn Su'a | Jaydn Su'A,2016,2026,2016 | 2017 | 2018 | 2019 | 2020 | 2021 | 2022 | 2023 | 2024 | 2025 | 2026,Broncos | Dragons | Rabbitohs,2016-05-27T09:50:00Z,2026-06-07T06:05:00Z,163,0,0,0,0,Teams listed are inferred from match structure in player-stat JSON.
NRL player stats data,Jaylan De Groot,jaylan de groot,Jaylan De Groot,2024,2026,2024 | 2025 | 2026,Titans,2024-05-26T04:00:00Z,2026-06-14T06:05:00Z,31,0,0,0,0,Teams listed are inferred from match structure in player-stat JSON.
NRL player stats data,Jayson Bukuya,jayson bukuya,Jayson Bukuya,2008,2019,2008 | 2011 | 2012 | 2013 | 2014 | 2015 | 2016 | 2017 | 2018 | 2019,Sharks | Warriors,2008-05-26T00:00:00Z,2019-09-01T04:00:00Z,186,0,0,0,0,Teams listed are inferred from match structure in player-stat JSON.
NRL player stats data,Jazz Tevaga,jazz tevaga,Jazz Tevaga,2016,2025,2016 | 2017 | 2018 | 2019 | 2020 | 2021 | 2022 | 2023 | 2024 | 2025,Sea Eagles | Warriors,2016-03-20T03:00:00Z,2025-09-05T08:00:00Z,165,0,0,0,0,Teams listed are inferred from match structure in player-stat JSON.
NRL player stats data,Jed Cartwright,jed cartwright,Jed Cartwright,2019,2024,2019 | 2020 | 2021 | 2022 | 2023 | 2024,Knights | Panthers | Rabbitohs,2019-07-12T08:00:00Z,2024-05-05T04:00:00Z,38,0,0,0,0,Teams listed are inferred from match structure in player-stat JSON.
NRL player stats data,Jed Reardon,jed reardon,Jed Reardon,2026,2026,2026,Bulldogs,2026-05-22T10:00:00Z,2026-06-08T06:05:00Z,3,0,0,0,0,Teams listed are inferred from match structure in player-stat JSON.
NRL player stats data,Jed Stuart,jed stuart,Jed Stuart,2024,2026,2024 | 2025 | 2026,Raiders,2024-08-24T05:00:00Z,2026-06-13T09:35:00Z,29,0,0,0,0,Teams listed are inferred from match structure in player-stat JSON.
NRL player stats data,Jeff Hardy,jeff hardy,Jeff Hardy,1998,1998,1998,Dragons,1998-03-15T00:00:00Z,1998-08-29T00:00:00Z,22,0,0,0,0,Teams listed are inferred from match structure in player-stat JSON.
NRL player stats data,Jeff Lima,jeff lima,Jeff Lima,2004,2017,2004 | 2006 | 2007 | 2008 | 2009 | 2010 | 2013 | 2016 | 2017,Rabbitohs | Raiders | Storm | Wests Tigers,2004-04-25T00:00:00Z,2017-07-29T07:30:00Z,127,0,0,0,0,Teams listed are inferred from match structure in player-stat JSON.
NRL player stats data,Jeff Robson,jeff robson,Jeff Robson,2004,2017,2004 | 2008 | 2009 | 2010 | 2011 | 2012 | 2013 | 2014 | 2015 | 2016 | 2017,Eels | Sea Eagles | Sharks | Warriors,2004-05-23T00:00:00Z,2017-03-17T09:05:00Z,176,0,0,0,0,Teams listed are inferred from match structure in player-stat JSON.
NRL player stats data,Jensen Taumoepeau,jensen taumoepeau,Jensen Taumoepeau,2026,2026,2026,Titans,2026-03-15T07:15:00Z,2026-06-14T06:05:00Z,6,0,0,0,0,Teams listed are inferred from match structure in player-stat JSON.
NRL player stats data,Jeral Skelton,jeral skelton,Jeral Skelton,2023,2026,2023 | 2024 | 2025 | 2026,Bulldogs | Wests Tigers,2023-04-22T07:30:00Z,2026-06-07T04:00:00Z,41,0,0,0,0,Teams listed are inferred from match structure in player-stat JSON.
NRL player stats data,Jeremiah Nanai,jeremiah nanai,Jeremiah Nanai,2021,2026,2021 | 2022 | 2023 | 2024 | 2025 | 2026,Cowboys,2021-08-14T07:30:00Z,2026-05-01T08:00:00Z,86,0,0,0,0,Teams listed are inferred from match structure in player-stat JSON.
NRL player stats data,Jeremiah Pai,jeremiah pai,Jeremiah Pai,2002,2002,2002,Warriors,2002-07-21T00:00:00Z,2002-09-06T00:00:00Z,2,0,0,0,0,Teams listed are inferred from match structure in player-stat JSON.
NRL player stats data,Jeremy Hawkins,jeremy hawkins,Jeremy Hawkins,2014,2015,2014 | 2015,Raiders,2014-08-24T04:00:00Z,2015-05-24T06:00:00Z,7,0,0,0,0,Teams listed are inferred from match structure in player-stat JSON.
NRL player stats data,Jeremy Latimore,jeremy latimore,Jeremy Latimore,2009,2019,2009 | 2010 | 2011 | 2012 | 2013 | 2014 | 2015 | 2016 | 2017 | 2018 | 2019,Dragons | Eels | Panthers | Sharks | Warriors,2009-05-22T00:00:00Z,2019-09-07T09:35:00Z,182,0,0,0,0,Teams listed are inferred from match structure in player-stat JSON.
NRL player stats data,Jeremy Marshall-King,jeremy marshall king,Jeremy Marshall-King,2017,2026,2017 | 2018 | 2019 | 2020 | 2021 | 2022 | 2023 | 2024 | 2025 | 2026,Bulldogs | Dolphins | Wests Tigers,2017-09-03T08:30:00Z,2026-06-12T10:00:00Z,156,0,0,0,0,Teams listed are inferred from match structure in player-stat JSON.
NRL player stats data,Jeremy Schloss,jeremy schloss,Jeremy Schloss,1998,2000,1998 | 1999 | 2000,Cowboys | Rabbitohs,1998-03-13T00:00:00Z,2000-07-22T00:00:00Z,63,0,0,0,0,Teams listed are inferred from match structure in player-stat JSON.
NRL player stats data,Jeremy Smith,jeremy smith,Jeremy Smith,2004,2016,2004 | 2006 | 2007 | 2008 | 2009 | 2010 | 2011 | 2012 | 2013 | 2014 | 2015 | 2016,Dragons | Eels | Knights | Rabbitohs | Sharks | Storm,2004-08-15T00:00:00Z,2016-09-03T05:00:00Z,251,0,0,0,0,Teams listed are inferred from match structure in player-stat JSON.
NRL player stats data,Jermaine Ale,jermaine ale,Jermaine Ale,2005,2005,2005,Raiders,2005-06-19T00:00:00Z,2005-09-03T00:00:00Z,4,0,0,0,0,Teams listed are inferred from match structure in player-stat JSON.
NRL player stats data,Jermaine McEwen,jermaine mcewen,Jermaine McEwen,2025,2026,2025 | 2026,Knights,2025-03-22T08:35:00Z,2026-06-05T08:00:00Z,30,0,0,0,0,Teams listed are inferred from match structure in player-stat JSON.
NRL player stats data,Jerome Guisset,jerome guisset,Jerome Guisset,1999,1999,1999,Raiders,1999-05-21T00:00:00Z,1999-06-19T00:00:00Z,4,0,0,0,0,Teams listed are inferred from match structure in player-stat JSON.
NRL player stats data,Jerome Ropati,jerome ropati,Jerome Ropati,2003,2014,2003 | 2004 | 2005 | 2006 | 2007 | 2008 | 2009 | 2010 | 2011 | 2012 | 2013 | 2014,Warriors,2003-08-31T00:00:00Z,2014-03-29T04:00:00Z,145,0,0,0,0,Teams listed are inferred from match structure in player-stat JSON.
NRL player stats data,Jerry Seuseu,jerry seuseu,Jerry Seuseu,1998,2004,1998 | 1999 | 2000 | 2001 | 2002 | 2003 | 2004,Warriors,1998-03-27T00:00:00Z,2004-09-05T00:00:00Z,131,0,0,0,0,Teams listed are inferred from match structure in player-stat JSON.
NRL player stats data,Jess Caine,jess caine,Jess Caine,2003,2003,2003,Rabbitohs,2003-05-31T00:00:00Z,2003-08-30T00:00:00Z,4,0,0,0,0,Teams listed are inferred from match structure in player-stat JSON.
NRL player stats data,Jesse Arthars,jesse arthars,Jesse Arthars,2019,2026,2019 | 2020 | 2021 | 2022 | 2023 | 2024 | 2025 | 2026,Broncos | Titans | Warriors,2019-05-09T09:50:00Z,2026-06-11T09:50:00Z,122,0,0,0,0,Teams listed are inferred from match structure in player-stat JSON.
NRL player stats data,Jesse Bromwich,jesse bromwich,Jesse Bromwich,2010,2024,2010 | 2011 | 2012 | 2013 | 2014 | 2015 | 2016 | 2017 | 2018 | 2019 | 2020 | 2021 | 2022 | 2023 | 2024,Dolphins | Storm,2010-03-13T19:29:00Z,2024-09-08T06:05:00Z,338,0,0,0,0,Teams listed are inferred from match structure in player-stat JSON.
NRL player stats data,Jesse Colquhoun,jesse colquhoun,Jesse Colquhoun,2022,2026,2022 | 2023 | 2024 | 2025 | 2026,Sharks,2022-07-07T09:50:00Z,2026-06-13T07:30:00Z,46,0,0,0,0,Teams listed are inferred from match structure in player-stat JSON.
NRL player stats data,Jesse Marschke,jesse marschke,Jesse Marschke,2024,2024,2024,Dragons,2024-03-09T08:35:00Z,2024-07-13T09:35:00Z,7,0,0,0,0,Teams listed are inferred from match structure in player-stat JSON.
NRL player stats data,Jesse McLean,jesse mclean,Jesse McLean,2023,2025,2023 | 2024 | 2025,Panthers,2023-08-24T09:50:00Z,2025-08-28T09:50:00Z,5,0,0,0,0,Teams listed are inferred from match structure in player-stat JSON.
NRL player stats data,Jesse Ramien,jesse ramien,Jesse Ramien,2017,2026,2017 | 2018 | 2019 | 2020 | 2021 | 2022 | 2023 | 2024 | 2025 | 2026,Knights | Sharks,2017-09-03T04:00:00Z,2026-06-13T07:30:00Z,178,0,0,0,0,Teams listed are inferred from match structure in player-stat JSON.
NRL player stats data,Jesse Royal,jesse royal,Jesse Royal,2007,2010,2007 | 2008 | 2009 | 2010,Knights | Warriors,2007-04-30T00:00:00Z,2010-09-04T00:00:00Z,65,0,0,0,0,Teams listed are inferred from match structure in player-stat JSON.
NRL player stats data,Jesse Sene-Lefao,jesse sene lefao,Jesse Sene-Lefao,2013,2016,2013 | 2014 | 2015 | 2016,Sea Eagles | Sharks,2013-03-08T09:00:00Z,2016-09-10T07:35:00Z,44,0,0,0,0,Teams listed are inferred from match structure in player-stat JSON.
NRL player stats data,Jethro Rinakama,jethro rinakama,Jethro Rinakama,2025,2026,2025 | 2026,Bulldogs,2025-07-12T09:35:00Z,2026-06-08T06:05:00Z,16,0,0,0,0,Teams listed are inferred from match structure in player-stat JSON.
NRL player stats data,Jett Liu,jett liu,Jett Liu,2026,2026,2026,Titans,2026-03-29T07:15:00Z,2026-06-14T06:05:00Z,3,0,0,0,0,Teams listed are inferred from match structure in player-stat JSON.
NRL player stats data,Jharal Yow Yeh,jharal yow yeh,Jharal Yow Yeh,2009,2012,2009 | 2010 | 2011 | 2012,Broncos,2009-03-13T00:00:00Z,2012-03-23T00:00:00Z,60,0,0,0,0,Teams listed are inferred from match structure in player-stat JSON.
NRL player stats data,Jim Curtis,jim curtis,Jim Curtis,2005,2005,2005,Sea Eagles,2005-05-08T00:00:00Z,2005-06-11T00:00:00Z,2,0,0,0,0,Teams listed are inferred from match structure in player-stat JSON.
NRL player stats data,Jim Dymock,jim dymock,Jim Dymock,1998,2000,1998 | 1999 | 2000,Eels,1998-03-14T00:00:00Z,2000-08-20T00:00:00Z,76,0,0,0,0,Teams listed are inferred from match structure in player-stat JSON.
NRL player stats data,Jim Lenihan,jim lenihan,Jim Lenihan,1998,1998,1998,Dragons,1998-04-04T00:00:00Z,1998-08-29T00:00:00Z,19,0,0,0,0,Teams listed are inferred from match structure in player-stat JSON.
NRL player stats data,Jim Serdaris,jim serdaris,Jim Serdaris,1998,1999,1998 | 1999,Sea Eagles,1998-03-13T00:00:00Z,1999-08-28T00:00:00Z,42,0,0,0,0,Teams listed are inferred from match structure in player-stat JSON.
NRL player stats data,Jimmy Ahmat,jimmy ahmat,Jimmy Ahmat,1998,1998,1998,Cowboys,1998-05-09T00:00:00Z,1998-05-17T00:00:00Z,2,0,0,0,0,Teams listed are inferred from match structure in player-stat JSON.
NRL player stats data,Jirah Momoisea,jirah momoisea,Jirah Momoisea,2021,2023,2021 | 2022 | 2023,Eels | Knights,2021-08-21T07:30:00Z,2023-03-16T09:00:00Z,11,0,0,0,0,Teams listed are inferred from match structure in player-stat JSON.
NRL player stats data,JJ Collins,jj collins,Jj Collins | JJ Collins,2016,2023,2016 | 2017 | 2018 | 2019 | 2023,Dolphins | Knights | Raiders | Wests Tigers,2016-04-17T06:00:00Z,2023-08-25T10:00:00Z,24,0,0,0,0,Teams listed are inferred from match structure in player-stat JSON.
NRL player stats data,Joash Papalii,joash papalii,Joash Papalii,2025,2026,2025 | 2026,Eels,2025-03-23T05:05:00Z,2026-06-13T09:35:00Z,35,0,0,0,0,Teams listed are inferred from match structure in player-stat JSON.
NRL player stats data,Jock Madden,jock madden,Jock Madden,2021,2026,2021 | 2022 | 2023 | 2024 | 2026,Broncos | Wests Tigers,2021-05-14T08:00:00Z,2026-06-14T06:05:00Z,49,0,0,0,0,Teams listed are inferred from match structure in player-stat JSON.
NRL player stats data,Jody Gall,jody gall,Jody Gall,1998,2002,1998 | 1999 | 2000 | 2001 | 2002,Cowboys | Panthers,1998-03-14T00:00:00Z,2002-04-27T00:00:00Z,70,0,0,0,0,Teams listed are inferred from match structure in player-stat JSON.
NRL player stats data,Jody Rudd,jody rudd,Jody Rudd,1998,1998,1998,Tigers,1998-04-05T00:00:00Z,1998-04-11T00:00:00Z,2,0,0,0,0,Teams listed are inferred from match structure in player-stat JSON.
NRL player stats data,Joe Boyce,joe boyce,Joe Boyce,2015,2015,2015,Broncos,2015-05-25T09:00:00Z,2015-05-25T09:00:00Z,1,0,0,0,0,Teams listed are inferred from match structure in player-stat JSON.
NRL player stats data,Joe Burgess,joe burgess,Joe Burgess,2016,2016,2016,Rabbitohs | Roosters,2016-03-06T05:00:00Z,2016-09-02T09:50:00Z,13,0,0,0,0,Teams listed are inferred from match structure in player-stat JSON.
NRL player stats data,Joe Chan,joe chan,Joe Chan,2023,2026,2023 | 2024 | 2025 | 2026,Storm,2023-08-31T09:50:00Z,2026-06-05T08:00:00Z,48,0,0,0,0,Teams listed are inferred from match structure in player-stat JSON.
NRL player stats data,Joe Galuvao,joe galuvao,Joe Galuvao,1998,2013,1998 | 1999 | 2000 | 2002 | 2003 | 2004 | 2005 | 2006 | 2007 | 2008 | 2009 | 2010 | 2011 | 2012 | 2013,Eels | Panthers | Rabbitohs | Sea Eagles | Warriors,1998-05-02T00:00:00Z,2013-04-14T04:00:00Z,240,0,0,0,0,Teams listed are inferred from match structure in player-stat JSON.
NRL player stats data,Joe Greenwood,joe greenwood,Joe Greenwood,2017,2017,2017,Titans,2017-03-04T10:00:00Z,2017-09-02T05:00:00Z,22,0,0,0,0,Teams listed are inferred from match structure in player-stat JSON.
NRL player stats data,Joe Lichaa,joe lichaa,Joe Lichaa,2006,2006,2006,Rabbitohs,2006-06-03T00:00:00Z,2006-06-17T00:00:00Z,2,0,0,0,0,Teams listed are inferred from match structure in player-stat JSON.
NRL player stats data,Joe Ofahengaue,joe ofahengaue,Joe Ofahengaue,2015,2025,2015 | 2016 | 2017 | 2018 | 2019 | 2020 | 2021 | 2022 | 2023 | 2024 | 2025,Broncos | Eels | Wests Tigers,2015-03-13T09:35:00Z,2025-04-12T09:35:00Z,204,0,0,0,0,Teams listed are inferred from match structure in player-stat JSON.
NRL player stats data,Joe Picker,joe picker,Joe Picker,2007,2014,2007 | 2008 | 2009 | 2010 | 2011 | 2012 | 2013 | 2014,Rabbitohs | Raiders,2007-03-24T00:00:00Z,2014-08-23T09:30:00Z,121,0,0,0,0,Teams listed are inferred from match structure in player-stat JSON.
NRL player stats data,Joe Roddy,joe roddy,Joe Roddy,2025,2026,2025 | 2026,Raiders,2025-09-07T04:00:00Z,2026-06-13T09:35:00Z,8,0,0,0,0,Teams listed are inferred from match structure in player-stat JSON.
NRL player stats data,Joe Stimson,joe stimson,Joe Stimson,2017,2024,2017 | 2018 | 2019 | 2020 | 2021 | 2022 | 2023 | 2024,Bulldogs | Storm | Titans,2017-03-10T07:00:00Z,2024-07-05T08:00:00Z,118,0,0,0,0,Teams listed are inferred from match structure in player-stat JSON.
NRL player stats data,Joe Tamani,joe tamani,Joe Tamani,1998,1998,1998,Rams,1998-03-13T00:00:00Z,1998-06-20T00:00:00Z,6,0,0,0,0,Teams listed are inferred from match structure in player-stat JSON.
NRL player stats data,Joe Taylor,joe taylor,Joe Taylor,1998,1998,1998,Sea Eagles,1998-04-03T00:00:00Z,1998-08-07T00:00:00Z,17,0,0,0,0,Teams listed are inferred from match structure in player-stat JSON.
NRL player stats data,Joe Vagana,joe vagana,Joe Vagana,1998,2000,1998 | 1999 | 2000,Warriors,1998-03-13T00:00:00Z,2000-07-30T00:00:00Z,70,0,0,0,0,Teams listed are inferred from match structure in player-stat JSON.
NRL player stats data,Joe Vuna,joe vuna,Joe Vuna,2018,2023,2018 | 2023,Titans | Warriors,2018-04-25T09:00:00Z,2023-09-03T04:00:00Z,12,0,0,0,0,Teams listed are inferred from match structure in player-stat JSON.
NRL player stats data,Joe Wardle,joe wardle,Joe Wardle,2017,2017,2017,Knights,2017-03-24T07:00:00Z,2017-09-03T04:00:00Z,17,0,0,0,0,Teams listed are inferred from match structure in player-stat JSON.
NRL player stats data,Joe Williams,joe williams,Joe Williams,2004,2008,2004 | 2005 | 2006 | 2007 | 2008,Bulldogs | Panthers | Rabbitohs,2004-05-29T00:00:00Z,2008-06-21T00:00:00Z,49,0,0,0,0,Teams listed are inferred from match structure in player-stat JSON.
NRL player stats data,Joel Caine,joel caine,Joel Caine,1998,2003,1998 | 1999 | 2000 | 2001 | 2002 | 2003,Dragons | Eels | Tigers | Wests Tigers,1998-08-14T00:00:00Z,2003-08-09T00:00:00Z,97,0,0,0,0,Teams listed are inferred from match structure in player-stat JSON.
NRL player stats data,Joel Clinton,joel clinton,Joel Clinton,2002,2009,2002 | 2003 | 2004 | 2005 | 2006 | 2007 | 2008 | 2009,Broncos | Panthers,2002-04-27T00:00:00Z,2009-09-26T00:00:00Z,182,0,0,0,0,Teams listed are inferred from match structure in player-stat JSON.
NRL player stats data,Joel Edwards,joel edwards,Joel Edwards,2010,2017,2010 | 2011 | 2012 | 2013 | 2014 | 2016 | 2017,Knights | Raiders | Wests Tigers,2010-06-21T00:00:00Z,2017-09-03T08:30:00Z,108,0,0,0,0,Teams listed are inferred from match structure in player-stat JSON.
NRL player stats data,Joel Luani,joel luani,Joel Luani,2013,2014,2013 | 2014,Wests Tigers,2013-08-09T09:35:00Z,2014-07-06T05:00:00Z,9,0,0,0,0,Teams listed are inferred from match structure in player-stat JSON.
NRL player stats data,Joel Monaghan,joel monaghan,Joel Monaghan,2001,2010,2001 | 2002 | 2003 | 2004 | 2005 | 2007 | 2008 | 2009 | 2010,Raiders | Roosters,2001-04-21T00:00:00Z,2010-09-17T00:00:00Z,173,0,0,0,0,Teams listed are inferred from match structure in player-stat JSON.
NRL player stats data,Joel Moon,joel moon,Joel Moon,2006,2011,2006 | 2007 | 2008 | 2009 | 2010 | 2011,Broncos | Warriors,2006-06-10T00:00:00Z,2011-09-10T00:00:00Z,82,0,0,0,0,Teams listed are inferred from match structure in player-stat JSON.
NRL player stats data,Joel Penny,joel penny,Joel Penny,2000,2002,2000 | 2001 | 2002,Eagles | Rabbitohs,2000-06-17T00:00:00Z,2002-07-06T00:00:00Z,8,0,0,0,0,Teams listed are inferred from match structure in player-stat JSON.
NRL player stats data,Joel Reddy,joel reddy,Joel Reddy,2005,2015,2005 | 2006 | 2007 | 2008 | 2009 | 2010 | 2011 | 2012 | 2013 | 2014 | 2015,Eels | Rabbitohs | Wests Tigers,2005-08-12T00:00:00Z,2015-09-04T09:45:00Z,136,0,0,0,0,Teams listed are inferred from match structure in player-stat JSON.
NRL player stats data,Joel Riethmuller,joel riethmuller,Joel Riethmuller,2011,2014,2011 | 2012 | 2013 | 2014,Cowboys,2011-06-11T00:00:00Z,2014-05-25T05:00:00Z,31,0,0,0,0,Teams listed are inferred from match structure in player-stat JSON.
NRL player stats data,Joel Romelo,joel romelo,Joel Romelo,2009,2014,2009 | 2010 | 2011 | 2012 | 2013 | 2014,Bulldogs | Panthers | Storm,2009-05-02T00:00:00Z,2014-06-16T09:00:00Z,28,0,0,0,0,Teams listed are inferred from match structure in player-stat JSON.
NRL player stats data,Joel Thompson,joel thompson,Joel Thompson,2008,2020,2008 | 2009 | 2010 | 2011 | 2012 | 2013 | 2014 | 2015 | 2016 | 2017 | 2018 | 2019 | 2020,Dragons | Raiders | Sea Eagles,2008-09-07T00:00:00Z,2020-08-30T06:05:00Z,234,0,0,0,0,Teams listed are inferred from match structure in player-stat JSON.
NRL player stats data,Joel Wilson,joel wilson,Joel Wilson,1998,2000,1998 | 1999 | 2000,Bears | Eagles,1998-05-30T00:00:00Z,2000-06-17T00:00:00Z,26,0,0,0,0,Teams listed are inferred from match structure in player-stat JSON.
NRL player stats data,Joey Lussick,joey lussick,Joey Lussick,2017,2025,2017 | 2021 | 2023 | 2024 | 2025,Eels | Sea Eagles,2017-07-23T04:00:00Z,2025-06-28T07:30:00Z,40,0,0,0,0,Teams listed are inferred from match structure in player-stat JSON.
NRL player stats data,Joey Walsh,joey walsh,Joey Walsh,2025,2026,2025 | 2026,Sea Eagles,2025-08-23T05:00:00Z,2026-06-04T09:50:00Z,10,0,0,0,0,Teams listed are inferred from match structure in player-stat JSON.
NRL player stats data,John Asiata,john asiata,John Asiata,2014,2021,2014 | 2015 | 2016 | 2017 | 2018 | 2019 | 2020 | 2021,Broncos | Cowboys,2014-05-31T09:30:00Z,2021-06-17T09:50:00Z,139,0,0,0,0,Teams listed are inferred from match structure in player-stat JSON.
NRL player stats data,John Bateman,john bateman,John Bateman,2019,2025,2019 | 2020 | 2023 | 2024 | 2025,Cowboys | Raiders | Wests Tigers,2019-03-17T07:10:00Z,2025-08-30T09:35:00Z,85,0,0,0,0,Teams listed are inferred from match structure in player-stat JSON.
NRL player stats data,John Buttigieg,john buttigieg,John Buttigieg,1998,2003,1998 | 1999 | 2000 | 2001 | 2002 | 2003,Cowboys,1998-03-29T00:00:00Z,2003-06-15T00:00:00Z,87,0,0,0,0,Teams listed are inferred from match structure in player-stat JSON.
NRL player stats data,John Carlaw,john carlaw,John Carlaw,1998,2004,1998 | 1999 | 2000 | 2001 | 2002 | 2003 | 2004,Dragons | Storm | Tigers | Warriors | Wests Tigers,1998-03-14T00:00:00Z,2004-08-29T00:00:00Z,138,0,0,0,0,Teams listed are inferred from match structure in player-stat JSON.
NRL player stats data,John Cross,john cross,John Cross,1998,2003,1998 | 1999 | 2000 | 2001 | 2002 | 2003,Dragons | Panthers,1998-03-14T00:00:00Z,2003-09-05T00:00:00Z,128,0,0,0,0,Teams listed are inferred from match structure in player-stat JSON.
NRL player stats data,John Doyle,john doyle,John Doyle,1998,2006,1998 | 1999 | 2000 | 2001 | 2002 | 2006,Cowboys | Roosters,1998-04-04T00:00:00Z,2006-09-02T00:00:00Z,62,0,0,0,0,Teams listed are inferred from match structure in player-stat JSON.
NRL player stats data,John Driscoll,john driscoll,John Driscoll,1998,1999,1998 | 1999,Broncos,1998-04-12T00:00:00Z,1999-06-05T00:00:00Z,6,0,0,0,0,Teams listed are inferred from match structure in player-stat JSON.
NRL player stats data,John Fineanganofo,john fineanganofo,John Fineanganofo,2026,2026,2026,Dolphins,2026-04-25T08:05:00Z,2026-05-21T09:50:00Z,2,0,0,0,0,Teams listed are inferred from match structure in player-stat JSON.
NRL player stats data,John Folau,john folau,John Folau,2015,2016,2015 | 2016,Eels,2015-03-21T04:00:00Z,2016-07-30T07:30:00Z,8,0,0,0,0,Teams listed are inferred from match structure in player-stat JSON.
NRL player stats data,John Frith,john frith,John Frith,2007,2007,2007,Cowboys,2007-05-25T00:00:00Z,2007-05-25T00:00:00Z,1,0,0,0,0,Teams listed are inferred from match structure in player-stat JSON.
NRL player stats data,John Hopoate,john hopoate,John Hopoate,1998,2005,1998 | 1999 | 2000 | 2001 | 2002 | 2003 | 2004 | 2005,Eagles | Sea Eagles | Wests Tigers,1998-03-13T00:00:00Z,2005-03-20T00:00:00Z,126,0,0,0,0,Teams listed are inferred from match structure in player-stat JSON.
NRL player stats data,John Lomax,john lomax,John Lomax,1998,2000,1998 | 1999 | 2000,Cowboys | Storm,1998-03-13T00:00:00Z,2000-04-01T00:00:00Z,32,0,0,0,0,Teams listed are inferred from match structure in player-stat JSON.
NRL player stats data,John Malu,john malu,John Malu,1998,2002,1998 | 2002,Cowboys | Eagles,1998-07-25T00:00:00Z,2002-06-23T00:00:00Z,4,0,0,0,0,Teams listed are inferred from match structure in player-stat JSON.
NRL player stats data,John Manning,john manning,John Manning,1999,2001,1999 | 2000 | 2001,Cowboys,1999-08-07T00:00:00Z,2001-04-15T00:00:00Z,15,0,0,0,0,Teams listed are inferred from match structure in player-stat JSON.
NRL player stats data,John Morris,john morris,John Morris,2001,2014,2001 | 2002 | 2003 | 2004 | 2005 | 2006 | 2007 | 2008 | 2009 | 2010 | 2011 | 2012 | 2013 | 2014,Eels | Knights | Sharks | Wests Tigers,2001-06-22T00:00:00Z,2014-05-26T09:00:00Z,300,0,0,0,0,Teams listed are inferred from match structure in player-stat JSON.
NRL player stats data,John Nuumaalii,john nuumaalii,John Nuumaalii,2007,2007,2007,Panthers,2007-06-30T00:00:00Z,2007-06-30T00:00:00Z,1,0,0,0,0,Teams listed are inferred from match structure in player-stat JSON.
NRL player stats data,John Olive,john olive,John Olive,2015,2018,2015 | 2016 | 2017 | 2018,Bulldogs | Rabbitohs | Titans,2015-06-12T09:45:00Z,2018-06-16T05:00:00Z,13,0,0,0,0,Teams listed are inferred from match structure in player-stat JSON.
NRL player stats data,John Olzard,john olzard,John Olzard,2002,2002,2002,Rabbitohs,2002-08-10T00:00:00Z,2002-08-24T00:00:00Z,3,0,0,0,0,Teams listed are inferred from match structure in player-stat JSON.
NRL player stats data,John Palavi,john palavi,John Palavi,2014,2016,2014 | 2016,Warriors,2014-03-09T07:30:00Z,2016-05-21T07:30:00Z,5,0,0,0,0,Teams listed are inferred from match structure in player-stat JSON.
NRL player stats data,John Plath,john plath,John Plath,1998,1999,1998 | 1999,Broncos,1998-03-13T00:00:00Z,1999-07-17T00:00:00Z,36,0,0,0,0,Teams listed are inferred from match structure in player-stat JSON.
NRL player stats data,John Radel,john radel,John Radel,2026,2026,2026,Rabbitohs,2026-06-11T09:50:00Z,2026-06-11T09:50:00Z,1,0,0,0,0,Teams listed are inferred from match structure in player-stat JSON.
NRL player stats data,John Simon,john simon,John Simon,1998,2001,1998 | 1999 | 2000 | 2001,Eels | Warriors | Wests Tigers,1998-03-14T00:00:00Z,2001-07-05T00:00:00Z,72,0,0,0,0,Teams listed are inferred from match structure in player-stat JSON.
NRL player stats data,John Skandalis,john skandalis,John Skandalis,1998,2010,1998 | 1999 | 2000 | 2001 | 2002 | 2003 | 2004 | 2005 | 2006 | 2009 | 2010,Magpies | Wests Tigers,1998-03-15T00:00:00Z,2010-08-29T00:00:00Z,219,0,0,0,0,Teams listed are inferred from match structure in player-stat JSON.
NRL player stats data,John Sutton,john sutton,John Sutton,2004,2019,2004 | 2005 | 2006 | 2007 | 2008 | 2009 | 2010 | 2011 | 2012 | 2013 | 2014 | 2015 | 2016 | 2017 | 2018 | 2019,Rabbitohs,2004-07-04T00:00:00Z,2019-09-27T09:50:00Z,336,0,0,0,0,Teams listed are inferred from match structure in player-stat JSON.
NRL player stats data,John Tamanika,john tamanika,John Tamanika,2008,2008,2008,Rabbitohs,2008-05-04T00:00:00Z,2008-06-06T19:59:59Z,3,0,0,0,0,Teams listed are inferred from match structure in player-stat JSON.
NRL player stats data,John Te Reo,john te reo,John Te Reo,2007,2007,2007,Broncos,2007-03-25T00:00:00Z,2007-08-12T00:00:00Z,7,0,0,0,0,Teams listed are inferred from match structure in player-stat JSON.
NRL player stats data,John Williams,john williams,John Williams,2005,2012,2005 | 2006 | 2007 | 2008 | 2009 | 2010 | 2011 | 2012,Cowboys | Eels | Roosters | Sharks,2005-07-03T00:00:00Z,2012-09-02T00:00:00Z,104,0,0,0,0,Teams listed are inferred from match structure in player-stat JSON.
NRL player stats data,John Wilshere,john wilshere,John Wilshere,1998,2003,1998 | 2003,Dragons | Storm,1998-06-13T00:00:00Z,2003-09-05T00:00:00Z,11,0,0,0,0,Teams listed are inferred from match structure in player-stat JSON.
NRL player stats data,John Wilson,john wilson,John Wilson,2000,2005,2000 | 2001 | 2002 | 2003 | 2004 | 2005,Eels | Wests Tigers,2000-06-30T00:00:00Z,2005-08-27T00:00:00Z,65,0,0,0,0,Teams listed are inferred from match structure in player-stat JSON.
NRL player stats data,Johnathan Thurston,johnathan thurston,Johnathan Thurston,2002,2018,2002 | 2003 | 2004 | 2005 | 2006 | 2007 | 2008 | 2009 | 2010 | 2011 | 2012 | 2013 | 2014 | 2015 | 2016 | 2017 | 2018,Bulldogs | Cowboys,2002-06-08T00:00:00Z,2018-09-01T07:30:00Z,323,0,0,0,0,Teams listed are inferred from match structure in player-stat JSON.
NRL player stats data,Johnathon Ford,johnathon ford,Johnathon Ford,2010,2011,2010 | 2011,Roosters,2010-08-13T00:00:00Z,2011-07-04T00:00:00Z,3,0,0,0,0,Teams listed are inferred from match structure in player-stat JSON.
NRL player stats data,Jojo Fifita,jojo fifita,Jojo Fifita,2022,2026,2022 | 2023 | 2024 | 2025 | 2026,Titans,2022-06-18T05:00:00Z,2026-06-06T09:35:00Z,74,0,0,0,0,Teams listed are inferred from match structure in player-stat JSON.
NRL player stats data,Jon Green,jon green,Jon Green,2006,2013,2006 | 2007 | 2008 | 2009 | 2010 | 2011 | 2012 | 2013,Bulldogs | Dragons | Sharks,2006-03-17T00:00:00Z,2013-03-18T08:00:00Z,65,0,0,0,0,Teams listed are inferred from match structure in player-stat JSON.
NRL player stats data,Jon Mannah,jon mannah,Jon Mannah,2009,2011,2009 | 2011,Sharks,2009-04-11T00:00:00Z,2011-08-27T00:00:00Z,24,0,0,0,0,Teams listed are inferred from match structure in player-stat JSON.
NRL player stats data,Jonah Pezet,jonah pezet,Jonah Pezet,2023,2026,2023 | 2024 | 2025 | 2026,Eels | Storm,2023-03-18T04:00:00Z,2026-04-06T06:05:00Z,23,0,0,0,0,Teams listed are inferred from match structure in player-stat JSON.
NRL player stats data,Jonathan Britten,jonathan britten,Jonathan Britten,1998,1998,1998,Steelers,1998-03-22T00:00:00Z,1998-08-15T00:00:00Z,17,0,0,0,0,Teams listed are inferred from match structure in player-stat JSON.
NRL player stats data,Jonathan Sua,jonathan sua,Jonathan Sua,2024,2026,2024 | 2025 | 2026,Bulldogs,2024-09-07T07:30:00Z,2026-05-30T07:30:00Z,9,0,0,0,0,Teams listed are inferred from match structure in player-stat JSON.
NRL player stats data,Jonathan Wright,jonathan wright,Jonathan Wright,2009,2018,2009 | 2010 | 2011 | 2012 | 2013 | 2014 | 2015 | 2016 | 2018,Bulldogs | Eels | Sea Eagles | Sharks | Warriors,2009-06-07T00:00:00Z,2018-04-08T04:00:00Z,121,0,0,0,0,Teams listed are inferred from match structure in player-stat JSON.
NRL player stats data,Jonathon Reuben,jonathon reuben,Jonathon Reuben,2022,2022,2022,Dragons,2022-06-10T09:55:00Z,2022-06-10T09:55:00Z,1,0,0,0,0,Teams listed are inferred from match structure in player-stat JSON.
NRL player stats data,Jonathon Smith,jonathon smith,Jonathon Smith,2000,2001,2000 | 2001,Warriors,2000-06-24T00:00:00Z,2001-06-16T00:00:00Z,7,0,0,0,0,Teams listed are inferred from match structure in player-stat JSON.
NRL player stats data,Jonus Pearson,jonus pearson,Jonus Pearson,2016,2021,2016 | 2017 | 2018 | 2019 | 2020 | 2021,Broncos | Dragons | Titans,2016-08-12T09:50:00Z,2021-04-17T05:00:00Z,23,0,0,0,0,Teams listed are inferred from match structure in player-stat JSON.
NRL player stats data,Jordan Atkins,jordan atkins,Jordan Atkins,2008,2013,2008 | 2009 | 2010 | 2011 | 2013,Eels | Titans,2008-03-14T00:00:00Z,2013-09-07T07:30:00Z,42,0,0,0,0,Teams listed are inferred from match structure in player-stat JSON.
NRL player stats data,Jordan Drew,jordan drew,Jordan Drew,2013,2013,2013,Broncos,2013-08-11T05:00:00Z,2013-08-11T05:00:00Z,1,0,0,0,0,Teams listed are inferred from match structure in player-stat JSON.
NRL player stats data,Jordan Grant,jordan grant,Jordan Grant,2021,2023,2021 | 2022 | 2023,Storm,2021-07-17T09:35:00Z,2023-03-18T04:00:00Z,14,0,0,0,0,Teams listed are inferred from match structure in player-stat JSON.
NRL player stats data,Jordan Kahu,jordan kahu,Jordan Kahu,2013,2020,2013 | 2014 | 2015 | 2016 | 2017 | 2018 | 2019 | 2020,Broncos | Cowboys,2013-03-29T09:05:00Z,2020-08-28T09:55:00Z,116,0,0,0,0,Teams listed are inferred from match structure in player-stat JSON.
NRL player stats data,Jordan Martin,jordan martin,Jordan Martin,2024,2024,2024,Raiders,2024-06-29T09:35:00Z,2024-06-29T09:35:00Z,1,0,0,0,0,Teams listed are inferred from match structure in player-stat JSON.
NRL player stats data,Jordan McLean,jordan mclean,Jordan McLean,2013,2025,2013 | 2014 | 2015 | 2016 | 2017 | 2018 | 2019 | 2020 | 2021 | 2022 | 2023 | 2024 | 2025,Cowboys | Storm,2013-05-25T09:30:00Z,2025-08-30T09:35:00Z,242,0,0,0,0,Teams listed are inferred from match structure in player-stat JSON.
NRL player stats data,Jordan Miller,jordan miller,Jordan Miller,2024,2024,2024,Wests Tigers,2024-06-15T05:00:00Z,2024-07-20T05:00:00Z,2,0,0,0,0,Teams listed are inferred from match structure in player-stat JSON.
NRL player stats data,Jordan Pereira,jordan pereira,Jordan Pereira,2018,2023,2018 | 2019 | 2020 | 2021 | 2022 | 2023,Broncos | Dragons,2018-07-21T09:35:00Z,2023-08-31T09:50:00Z,51,0,0,0,0,Teams listed are inferred from match structure in player-stat JSON.
NRL player stats data,Jordan Rankin,jordan rankin,Jordan Rankin,2008,2017,2008 | 2011 | 2012 | 2013 | 2016 | 2017,Titans | Wests Tigers,2008-08-11T00:00:00Z,2017-05-19T09:50:00Z,40,0,0,0,0,Teams listed are inferred from match structure in player-stat JSON.
NRL player stats data,Jordan Rapana,jordan rapana,Jordan Rapana,2008,2024,2008 | 2014 | 2015 | 2016 | 2017 | 2018 | 2019 | 2020 | 2021 | 2022 | 2023 | 2024,Raiders | Titans,2008-07-11T00:00:00Z,2024-09-01T06:05:00Z,219,0,0,0,0,Teams listed are inferred from match structure in player-stat JSON.
NRL player stats data,Jordan Riki,jordan riki,Jordan Riki,2020,2026,2020 | 2021 | 2022 | 2023 | 2024 | 2025 | 2026,Broncos,2020-08-15T09:35:00Z,2026-06-11T09:50:00Z,129,0,0,0,0,Teams listed are inferred from match structure in player-stat JSON.
NRL player stats data,Jordan Samrani,jordan samrani,Jordan Samrani,2025,2026,2025 | 2026,Eels,2025-03-16T05:05:00Z,2026-06-13T09:35:00Z,26,0,0,0,0,Teams listed are inferred from match structure in player-stat JSON.
NRL player stats data,Jordan Tansey,jordan tansey,Jordan Tansey,2009,2009,2009,Roosters,2009-04-19T00:00:00Z,2009-06-06T00:00:00Z,7,0,0,0,0,Teams listed are inferred from match structure in player-stat JSON.
NRL player stats data,Jordan Uta,jordan uta,Jordan Uta,2026,2026,2026,Raiders,2026-05-02T05:00:00Z,2026-05-31T06:05:00Z,4,0,0,0,0,Teams listed are inferred from match structure in player-stat JSON.
NRL player stats data,Jorge Taufua,jorge taufua,Jorge Taufua,2012,2022,2012 | 2013 | 2014 | 2015 | 2016 | 2017 | 2018 | 2019 | 2020 | 2022,Sea Eagles,2012-03-24T00:00:00Z,2022-05-26T09:50:00Z,164,0,0,0,0,Teams listed are inferred from match structure in player-stat JSON.
NRL player stats data,Joseph Leilua,joseph leilua,Joseph Leilua,2010,2021,2010 | 2011 | 2012 | 2013 | 2014 | 2015 | 2016 | 2017 | 2018 | 2019 | 2020 | 2021,Knights | Raiders | Roosters | Wests Tigers,2010-05-31T19:00:59Z,2021-05-21T08:00:00Z,225,0,0,0,0,Teams listed are inferred from match structure in player-stat JSON.
NRL player stats data,Joseph Manu,joseph manu,Joseph Manu,2016,2024,2016 | 2017 | 2018 | 2019 | 2020 | 2021 | 2022 | 2023 | 2024,Roosters,2016-06-19T06:00:00Z,2024-09-27T09:50:00Z,182,0,0,0,0,Teams listed are inferred from match structure in player-stat JSON.
NRL player stats data,Joseph O'Neill,joseph oneill,Joseph O'Neill,2025,2025,2025,Bulldogs,2025-03-23T05:05:00Z,2025-03-23T05:05:00Z,1,0,0,0,0,Teams listed are inferred from match structure in player-stat JSON.
NRL player stats data,Joseph Paulo,joseph paulo,Joseph Paulo,2008,2018,2008 | 2009 | 2010 | 2011 | 2012 | 2013 | 2014 | 2015 | 2016 | 2017 | 2018,Eels | Panthers | Sharks,2008-04-19T00:00:00Z,2018-09-21T09:40:00Z,168,0,0,0,0,Teams listed are inferred from match structure in player-stat JSON.
NRL player stats data,Joseph Tapine,joseph tapine,Joseph Tapine,2014,2026,2014 | 2015 | 2016 | 2017 | 2018 | 2019 | 2020 | 2021 | 2022 | 2023 | 2024 | 2025 | 2026,Knights | Raiders,2014-05-11T04:00:00Z,2026-06-13T09:35:00Z,250,0,0,0,0,Teams listed are inferred from match structure in player-stat JSON.
NRL player stats data,Joseph Tomane,joseph tomane,Joseph Tomane,2008,2011,2008 | 2009 | 2010 | 2011,Storm | Titans,2008-06-09T00:00:00Z,2011-06-17T00:00:00Z,32,0,0,0,0,Teams listed are inferred from match structure in player-stat JSON.
NRL player stats data,Joseph Ualesi,joseph ualesi,Joseph Ualesi,2013,2013,2013,Eels,2013-09-08T05:00:00Z,2013-09-08T05:00:00Z,1,0,0,0,0,Teams listed are inferred from match structure in player-stat JSON.
NRL player stats data,Joseph Vuna,joseph vuna,Joseph Vuna,2018,2021,2018 | 2021,Titans | Warriors,2018-07-15T04:00:00Z,2021-06-12T05:00:00Z,4,0,0,0,0,Teams listed are inferred from match structure in player-stat JSON.
NRL player stats data,Joseph-Aukuso Sua'ali'i,joseph aukuso suaalii,Joseph-Aukuso Sua'ali'i | Joseph-Aukuso Suaalii,2021,2024,2021 | 2022 | 2023 | 2024,Roosters,2021-05-01T09:35:00Z,2024-09-27T09:50:00Z,69,0,0,0,0,Teams listed are inferred from match structure in player-stat JSON.
NRL player stats data,Josese Lanyon,josese lanyon,Josese Lanyon,2026,2026,2026,Wests Tigers,2026-06-14T06:05:00Z,2026-06-14T06:05:00Z,1,0,0,0,0,Teams listed are inferred from match structure in player-stat JSON.
NRL player stats data,Josh Addo-Carr,josh addo carr,Josh Addo-Carr,2016,2026,2016 | 2017 | 2018 | 2019 | 2020 | 2021 | 2022 | 2023 | 2024 | 2025 | 2026,Bulldogs | Eels | Storm | Wests Tigers,2016-04-17T06:00:00Z,2026-06-13T09:35:00Z,214,0,0,0,0,Teams listed are inferred from match structure in player-stat JSON.
NRL player stats data,Josh Aloiai,josh aloiai,Josh Aloiai,2016,2025,2016 | 2017 | 2018 | 2019 | 2020 | 2021 | 2022 | 2023 | 2024 | 2025,Sea Eagles | Wests Tigers,2016-03-05T06:30:00Z,2025-05-31T09:35:00Z,164,0,0,0,0,Teams listed are inferred from match structure in player-stat JSON.
NRL player stats data,Josh Bateman,josh bateman,Josh Bateman,2008,2008,2008,Panthers,2008-06-08T00:00:00Z,2008-06-13T00:00:00Z,2,0,0,0,0,Teams listed are inferred from match structure in player-stat JSON.
NRL player stats data,Josh Chudleigh,josh chudleigh,Josh Chudleigh,2016,2016,2016,Cowboys,2016-07-11T09:00:00Z,2016-07-11T09:00:00Z,1,0,0,0,0,Teams listed are inferred from match structure in player-stat JSON.
NRL player stats data,Josh Cordoba,josh cordoba,Josh Cordoba,2006,2011,2006 | 2007 | 2008 | 2009 | 2010 | 2011,Eels | Sharks,2006-03-11T00:00:00Z,2011-09-03T00:00:00Z,97,0,0,0,0,Teams listed are inferred from match structure in player-stat JSON.
NRL player stats data,Josh Curran,josh curran,Josh Curran,2019,2026,2019 | 2020 | 2021 | 2022 | 2023 | 2024 | 2025 | 2026,Bulldogs | Roosters | Warriors,2019-04-19T09:55:00Z,2026-06-08T06:05:00Z,118,0,0,0,0,Teams listed are inferred from match structure in player-stat JSON.
NRL player stats data,Josh Drinkwater,josh drinkwater,Josh Drinkwater,2013,2015,2013 | 2015,Dragons | Wests Tigers,2013-04-07T05:00:00Z,2015-07-06T09:00:00Z,5,0,0,0,0,Teams listed are inferred from match structure in player-stat JSON.
NRL player stats data,Josh Dugan,josh dugan,Josh Dugan,2009,2021,2009 | 2010 | 2011 | 2012 | 2013 | 2014 | 2015 | 2016 | 2017 | 2018 | 2019 | 2020 | 2021,Dragons | Raiders | Sharks,2009-04-06T00:00:00Z,2021-05-21T09:55:00Z,217,0,0,0,0,Teams listed are inferred from match structure in player-stat JSON.
NRL player stats data,Josh Feledy,josh feledy,Josh Feledy,2023,2026,2023 | 2024 | 2026,Sea Eagles | Wests Tigers,2023-08-19T05:00:00Z,2026-06-04T09:50:00Z,12,0,0,0,0,Teams listed are inferred from match structure in player-stat JSON.
NRL player stats data,Josh Graham,josh graham,Josh Graham,2005,2010,2005 | 2007 | 2008 | 2009 | 2010,Storm | Titans,2005-05-21T00:00:00Z,2010-05-31T19:00:59Z,51,0,0,0,0,Teams listed are inferred from match structure in player-stat JSON.
NRL player stats data,Josh Hannay,josh hannay,Josh Hannay,1998,2007,1998 | 1999 | 2000 | 2001 | 2002 | 2003 | 2004 | 2005 | 2006 | 2007,Cowboys | Sharks,1998-03-29T00:00:00Z,2007-03-31T00:00:00Z,153,0,0,0,0,Teams listed are inferred from match structure in player-stat JSON.
NRL player stats data,Josh Hodgson,josh hodgson,Josh Hodgson,2015,2023,2015 | 2016 | 2017 | 2018 | 2019 | 2020 | 2021 | 2022 | 2023,Eels | Raiders,2015-03-08T07:30:00Z,2023-05-26T10:00:00Z,150,0,0,0,0,Teams listed are inferred from match structure in player-stat JSON.
NRL player stats data,Josh Hoffman,josh hoffman,Josh Hoffman,2008,2019,2008 | 2009 | 2010 | 2011 | 2012 | 2013 | 2014 | 2015 | 2016 | 2017 | 2018 | 2019,Broncos | Eels | Titans,2008-06-06T00:00:00Z,2019-07-21T06:05:00Z,189,0,0,0,0,Teams listed are inferred from match structure in player-stat JSON.
NRL player stats data,Josh Jackson,josh jackson,Josh Jackson,2012,2022,2012 | 2013 | 2014 | 2015 | 2016 | 2017 | 2018 | 2019 | 2020 | 2021 | 2022,Bulldogs,2012-06-24T00:00:00Z,2022-09-02T08:00:00Z,241,0,0,0,0,Teams listed are inferred from match structure in player-stat JSON.
NRL player stats data,Josh Kerr,josh kerr,Josh Kerr,2019,2026,2019 | 2020 | 2021 | 2022 | 2023 | 2024 | 2025 | 2026,Dolphins | Dragons,2019-03-21T09:05:00Z,2026-06-07T06:05:00Z,132,0,0,0,0,Teams listed are inferred from match structure in player-stat JSON.
NRL player stats data,Josh King,josh king,Josh King,2016,2026,2016 | 2017 | 2018 | 2019 | 2020 | 2021 | 2022 | 2023 | 2024 | 2025 | 2026,Knights | Storm,2016-04-16T09:30:00Z,2026-06-05T08:00:00Z,200,0,0,0,0,Teams listed are inferred from match structure in player-stat JSON.
NRL player stats data,Josh Lewis,josh lewis,Josh Lewis,2006,2008,2006 | 2007 | 2008,Roosters | Titans,2006-06-11T00:00:00Z,2008-08-11T00:00:00Z,25,0,0,0,0,Teams listed are inferred from match structure in player-stat JSON.
NRL player stats data,Josh Mansour,josh mansour,Josh Mansour,2012,2022,2012 | 2013 | 2014 | 2015 | 2016 | 2017 | 2018 | 2019 | 2020 | 2021 | 2022,Panthers | Rabbitohs,2012-05-05T00:00:00Z,2022-05-28T07:30:00Z,177,0,0,0,0,Teams listed are inferred from match structure in player-stat JSON.
NRL player stats data,Josh Mantellato,josh mantellato,Josh Mantellato,2013,2014,2013 | 2014,Knights,2013-06-01T09:30:00Z,2014-06-01T04:00:00Z,2,0,0,0,0,Teams listed are inferred from match structure in player-stat JSON.
NRL player stats data,Josh McCrone,josh mccrone,Josh McCrone,2009,2017,2009 | 2010 | 2011 | 2012 | 2013 | 2014 | 2015 | 2016 | 2017,Dragons | Raiders,2009-04-26T00:00:00Z,2017-09-03T06:00:00Z,164,0,0,0,0,Teams listed are inferred from match structure in player-stat JSON.
NRL player stats data,Josh McGuire,josh mcguire,Josh McGuire,2009,2022,2009 | 2010 | 2011 | 2012 | 2013 | 2014 | 2015 | 2016 | 2017 | 2018 | 2019 | 2020 | 2021 | 2022,Broncos | Cowboys | Dragons,2009-03-28T00:00:00Z,2022-09-03T07:30:00Z,259,0,0,0,0,Teams listed are inferred from match structure in player-stat JSON.
NRL player stats data,Josh Miller,josh miller,Josh Miller,2004,2012,2004 | 2005 | 2006 | 2007 | 2008 | 2009 | 2010 | 2011 | 2012,Dragons | Raiders,2004-05-09T00:00:00Z,2012-09-02T00:00:00Z,122,0,0,0,0,Teams listed are inferred from match structure in player-stat JSON.
NRL player stats data,Josh Morris,josh morris,Josh Morris,2007,2021,2007 | 2008 | 2009 | 2010 | 2011 | 2012 | 2013 | 2014 | 2015 | 2016 | 2017 | 2018 | 2019 | 2020 | 2021,Bulldogs | Dragons | Roosters | Sharks,2007-03-18T00:00:00Z,2021-09-17T09:50:00Z,325,0,0,0,0,Teams listed are inferred from match structure in player-stat JSON.
NRL player stats data,Josh Papalii,josh papalii,Josh Papali'i | Josh Papalii,2011,2026,2011 | 2012 | 2013 | 2014 | 2015 | 2016 | 2017 | 2018 | 2019 | 2020 | 2021 | 2022 | 2023 | 2024 | 2025 | 2026,Raiders,2011-05-14T00:00:00Z,2026-04-17T08:00:00Z,334,0,0,0,0,Teams listed are inferred from match structure in player-stat JSON.
NRL player stats data,Josh Patston,josh patston,Josh Patston,2025,2026,2025 | 2026,Titans,2025-06-13T10:00:00Z,2026-06-14T06:05:00Z,16,0,0,0,0,Teams listed are inferred from match structure in player-stat JSON.
NRL player stats data,Josh Perry,josh perry,Josh Perry,2000,2010,2000 | 2001 | 2002 | 2003 | 2004 | 2005 | 2006 | 2007 | 2008 | 2009 | 2010,Knights | Sea Eagles,2000-05-27T00:00:00Z,2010-09-12T00:00:00Z,211,0,0,0,0,Teams listed are inferred from match structure in player-stat JSON.
NRL player stats data,Josh Reynolds,josh reynolds,Josh Reynolds,2011,2023,2011 | 2012 | 2013 | 2014 | 2015 | 2016 | 2017 | 2018 | 2019 | 2020 | 2023,Bulldogs | Wests Tigers,2011-05-20T00:00:00Z,2023-06-04T04:00:00Z,170,0,0,0,0,Teams listed are inferred from match structure in player-stat JSON.
NRL player stats data,Josh Rogers,josh rogers,Josh Rogers,2023,2026,2023 | 2024 | 2026,Broncos,2023-08-31T09:50:00Z,2026-06-11T09:50:00Z,15,0,0,0,0,Teams listed are inferred from match structure in player-stat JSON.
NRL player stats data,Josh Schuster,josh schuster,Josh Schuster,2021,2022,2021 | 2022,Sea Eagles,2021-03-26T07:00:00Z,2022-08-14T06:05:00Z,10,0,0,0,0,Teams listed are inferred from match structure in player-stat JSON.
NRL player stats data,Josh Starling,josh starling,Josh Starling,2012,2017,2012 | 2013 | 2014 | 2015 | 2016 | 2017,Knights | Rabbitohs | Sea Eagles,2012-04-28T00:00:00Z,2017-07-02T04:00:00Z,80,0,0,0,0,Teams listed are inferred from match structure in player-stat JSON.
NRL player stats data,Josh Stuart,josh stuart,Josh Stuart,1998,2001,1998 | 1999 | 2000 | 2001,Bears | Eagles,1998-03-15T00:00:00Z,2001-08-12T00:00:00Z,48,0,0,0,0,Teams listed are inferred from match structure in player-stat JSON.
NRL player stats data,Joshua Schuster,joshua schuster,Joshua Schuster,2020,2023,2020 | 2021 | 2022 | 2023,Sea Eagles,2020-09-05T07:30:00Z,2023-08-18T08:00:00Z,41,0,0,0,0,Teams listed are inferred from match structure in player-stat JSON.
NRL player stats data,Joshua Smith,joshua smith,Joshua Smith,2000,2003,2000 | 2003,Eagles | Knights,2000-05-21T00:00:00Z,2003-09-07T00:00:00Z,9,0,0,0,0,Teams listed are inferred from match structure in player-stat JSON.
NRL player stats data,Joshua Stuckey,joshua stuckey,Joshua Stuckey,2022,2022,2022,Bulldogs,2022-08-27T07:30:00Z,2022-08-27T07:30:00Z,1,0,0,0,0,Teams listed are inferred from match structure in player-stat JSON.
NRL player stats data,Josiah Karapani,josiah karapani,Josiah Karapani,2023,2026,2023 | 2024 | 2025 | 2026,Broncos | Rabbitohs,2023-04-20T09:50:00Z,2026-06-11T09:50:00Z,42,0,0,0,0,Teams listed are inferred from match structure in player-stat JSON.
NRL player stats data,Josiah Pahulu,josiah pahulu,Josiah Pahulu,2023,2026,2023 | 2024 | 2025 | 2026,Storm | Titans,2023-09-03T04:00:00Z,2026-06-05T08:00:00Z,28,0,0,0,0,Teams listed are inferred from match structure in player-stat JSON.
NRL player stats data,Joven Clarke,joven clarke,Joven Clarke,2002,2006,2002 | 2003 | 2006,Rabbitohs,2002-07-14T00:00:00Z,2006-08-27T00:00:00Z,8,0,0,0,0,Teams listed are inferred from match structure in player-stat JSON.
NRL player stats data,Julian Bailey,julian bailey,Julian Bailey,1998,2002,1998 | 1999 | 2000 | 2001 | 2002,Knights | Roosters,1998-03-27T00:00:00Z,2002-09-22T00:00:00Z,89,0,0,0,0,Teams listed are inferred from match structure in player-stat JSON.
NRL player stats data,Julian O'Neill,julian oneill,Julian O'Neill,1998,2001,1998 | 1999 | 2000 | 2001,Cowboys | Rabbitohs,1998-03-13T00:00:00Z,2001-09-02T00:00:00Z,87,0,0,0,0,Teams listed are inferred from match structure in player-stat JSON.
NRL player stats data,Julian Troy,julian troy,Julian Troy,1998,1998,1998,Eels,1998-04-03T00:00:00Z,1998-07-26T00:00:00Z,9,0,0,0,0,Teams listed are inferred from match structure in player-stat JSON.
NRL player stats data,Junior Langi,junior langi,Junior Langi,2000,2004,2000 | 2001 | 2002 | 2003 | 2004,Dragons | Eels | Storm,2000-02-18T00:00:00Z,2004-08-21T00:00:00Z,53,0,0,0,0,Teams listed are inferred from match structure in player-stat JSON.
NRL player stats data,Junior Moors,junior moors,Junior Moors,2007,2014,2007 | 2008 | 2010 | 2012 | 2013 | 2014,Panthers | Storm | Wests Tigers,2007-03-17T00:00:00Z,2014-09-14T06:10:00Z,70,0,0,0,0,Teams listed are inferred from match structure in player-stat JSON.
NRL player stats data,Junior Paulo,junior paulo,Junior Paulo,2007,2026,2007 | 2008 | 2013 | 2014 | 2015 | 2016 | 2017 | 2018 | 2019 | 2020 | 2021 | 2022 | 2023 | 2024 | 2025 | 2026,Eels | Raiders,2007-05-19T00:00:00Z,2026-05-16T09:45:00Z,291,0,0,0,0,Teams listed are inferred from match structure in player-stat JSON.
NRL player stats data,Junior Roqica,junior roqica,Junior Roqica,2014,2014,2014,Sharks,2014-05-26T09:00:00Z,2014-09-06T05:00:00Z,6,0,0,0,0,Teams listed are inferred from match structure in player-stat JSON.
NRL player stats data,Junior Sa'u,junior sau,Junior Sa'u,2008,2013,2008 | 2009 | 2010 | 2011 | 2012 | 2013,Knights | Storm,2008-06-07T00:00:00Z,2013-04-13T09:30:00Z,90,0,0,0,0,Teams listed are inferred from match structure in player-stat JSON.
NRL player stats data,Junior Tupou,junior tupou,Junior Tupou,2022,2026,2022 | 2023 | 2024 | 2025 | 2026,Dolphins | Roosters | Wests Tigers,2022-05-15T08:25:00Z,2026-06-12T10:00:00Z,42,0,0,0,0,Teams listed are inferred from match structure in player-stat JSON.
NRL player stats data,Justin Brooker,justin brooker,Justin Brooker,1998,2002,1998 | 1999 | 2002,Magpies | Rabbitohs | Roosters,1998-07-19T00:00:00Z,2002-08-31T00:00:00Z,32,0,0,0,0,Teams listed are inferred from match structure in player-stat JSON.
NRL player stats data,Justin Carney,justin carney,Justin Carney,2008,2012,2008 | 2009 | 2011 | 2012,Raiders | Roosters,2008-06-15T00:00:00Z,2012-04-07T00:00:00Z,37,0,0,0,0,Teams listed are inferred from match structure in player-stat JSON.
NRL player stats data,Justin Dooley,justin dooley,Justin Dooley,1998,1999,1998 | 1999,Roosters,1998-03-14T00:00:00Z,1999-08-22T00:00:00Z,27,0,0,0,0,Teams listed are inferred from match structure in player-stat JSON.
NRL player stats data,Justin Doyle,justin doyle,Justin Doyle,1998,2000,1998 | 1999 | 2000,Rabbitohs | Wests Tigers,1998-07-19T00:00:00Z,2000-06-25T00:00:00Z,22,0,0,0,0,Teams listed are inferred from match structure in player-stat JSON.
NRL player stats data,Justin Hodges,justin hodges,Justin Hodges,2000,2015,2000 | 2001 | 2002 | 2003 | 2004 | 2005 | 2006 | 2007 | 2008 | 2009 | 2011 | 2012 | 2013 | 2014 | 2015,Broncos | Roosters,2000-05-08T00:00:00Z,2015-10-04T08:15:00Z,251,0,0,0,0,Teams listed are inferred from match structure in player-stat JSON.
NRL player stats data,Justin Holbrook,justin holbrook,Justin Holbrook,1999,2002,1999 | 2000 | 2001 | 2002,Knights | Panthers | Roosters,1999-05-23T00:00:00Z,2002-05-11T00:00:00Z,17,0,0,0,0,Teams listed are inferred from match structure in player-stat JSON.
NRL player stats data,Justin Horo,justin horo,Justin Horo,2010,2015,2010 | 2011 | 2012 | 2013 | 2014 | 2015,Eels | Sea Eagles,2010-03-26T00:00:00Z,2015-09-06T06:00:00Z,120,0,0,0,0,Teams listed are inferred from match structure in player-stat JSON.
NRL player stats data,Justin Hunt,justin hunt,Justin Hunt,2012,2016,2012 | 2013 | 2014 | 2015 | 2016,Dragons | Eels | Rabbitohs | Wests Tigers,2012-05-20T00:00:00Z,2016-05-15T06:00:00Z,22,0,0,0,0,Teams listed are inferred from match structure in player-stat JSON.
NRL player stats data,Justin Loomans,justin loomans,Justin Loomans,1998,1999,1998 | 1999,Rabbitohs,1998-03-13T00:00:00Z,1999-08-29T00:00:00Z,35,0,0,0,0,Teams listed are inferred from match structure in player-stat JSON.
NRL player stats data,Justin Matamua,justin matamua,Justin Matamua,2022,2024,2022 | 2023 | 2024,Wests Tigers,2022-07-09T09:35:00Z,2024-07-20T05:00:00Z,26,0,0,0,0,Teams listed are inferred from match structure in player-stat JSON.
NRL player stats data,Justin Morgan,justin morgan,Justin Morgan,1998,2002,1998 | 1999 | 2000 | 2001 | 2002,Eels | Raiders | Warriors,1998-03-14T00:00:00Z,2002-09-06T00:00:00Z,71,0,0,0,0,Teams listed are inferred from match structure in player-stat JSON.
NRL player stats data,Justin Murphy,justin murphy,Justin Murphy,2000,2004,2000 | 2001 | 2002 | 2003 | 2004,Bulldogs | Warriors,2000-06-24T00:00:00Z,2004-07-10T00:00:00Z,44,0,0,0,0,Teams listed are inferred from match structure in player-stat JSON.
NRL player stats data,Justin O'Neill,justin oneill,Justin O'Neill,2010,2021,2010 | 2011 | 2012 | 2013 | 2014 | 2015 | 2016 | 2017 | 2018 | 2019 | 2020 | 2021,Cowboys | Storm,2010-06-14T00:00:00Z,2021-06-11T08:00:00Z,190,0,0,0,0,Teams listed are inferred from match structure in player-stat JSON.
NRL player stats data,Justin Olam,justin olam,Justin Olam,2018,2024,2018 | 2019 | 2020 | 2021 | 2022 | 2023 | 2024,Storm | Wests Tigers,2018-05-06T04:00:00Z,2024-08-01T09:50:00Z,117,0,0,0,0,Teams listed are inferred from match structure in player-stat JSON.
NRL player stats data,Justin Poore,justin poore,Justin Poore,2004,2012,2004 | 2005 | 2006 | 2007 | 2008 | 2009 | 2010 | 2011 | 2012,Dragons | Eels,2004-03-14T00:00:00Z,2012-09-02T00:00:00Z,178,0,0,0,0,Teams listed are inferred from match structure in player-stat JSON.
NRL player stats data,Justin Ryder,justin ryder,Justin Ryder,2000,2002,2000 | 2001 | 2002,Knights,2000-02-06T00:00:00Z,2002-07-14T00:00:00Z,27,0,0,0,0,Teams listed are inferred from match structure in player-stat JSON.
NRL player stats data,Justin Smith,justin smith,Justin Smith,2000,2008,2000 | 2001 | 2002 | 2003 | 2004 | 2005 | 2006 | 2007 | 2008,Cowboys | Dragons | Rabbitohs,2000-07-16T00:00:00Z,2008-05-31T00:00:00Z,142,0,0,0,0,Teams listed are inferred from match structure in player-stat JSON.
NRL player stats data,Justin Tsoulos,justin tsoulos,Justin Tsoulos,2003,2008,2003 | 2004 | 2006 | 2008,Bulldogs | Eels,2003-06-29T00:00:00Z,2008-05-10T00:00:00Z,31,0,0,0,0,Teams listed are inferred from match structure in player-stat JSON.
NRL player stats data,Justin Yeo,justin yeo,Justin Yeo,1998,1999,1998 | 1999,Bears | Tigers,1998-05-30T00:00:00Z,1999-06-26T00:00:00Z,11,0,0,0,0,Teams listed are inferred from match structure in player-stat JSON.
NRL player stats data,Jy Hitchcox,jy hitchcox,Jy Hitchcox,2014,2014,2014,Wests Tigers,2014-08-16T09:30:00Z,2014-09-06T05:00:00Z,4,0,0,0,0,Teams listed are inferred from match structure in player-stat JSON.
NRL player stats data,Jye Gray,jye gray,Jye Gray,2024,2026,2024 | 2025 | 2026,Rabbitohs,2024-04-13T09:35:00Z,2026-06-11T09:50:00Z,43,0,0,0,0,Teams listed are inferred from match structure in player-stat JSON.
NRL player stats data,Jye Mullane,jye mullane,Jye Mullane,2002,2004,2002 | 2003 | 2004,Sea Eagles | Sharks,2002-08-11T00:00:00Z,2004-06-13T00:00:00Z,24,0,0,0,0,Teams listed are inferred from match structure in player-stat JSON.
NRL player stats data,Kade Dykes,kade dykes,Kade Dykes,2022,2024,2022 | 2024,Sharks,2022-05-22T06:05:00Z,2024-05-11T09:35:00Z,5,0,0,0,0,Teams listed are inferred from match structure in player-stat JSON.
NRL player stats data,Kade Reed,kade reed,Kade Reed,2026,2026,2026,Dragons,2026-04-10T08:00:00Z,2026-05-09T05:00:00Z,4,0,0,0,0,Teams listed are inferred from match structure in player-stat JSON.
NRL player stats data,Kade Snowden,kade snowden,Kade Snowden,2005,2016,2005 | 2007 | 2008 | 2009 | 2010 | 2011 | 2012 | 2013 | 2014 | 2015 | 2016,Knights | Sharks,2005-03-13T00:00:00Z,2016-03-06T07:30:00Z,174,0,0,0,0,Teams listed are inferred from match structure in player-stat JSON.
NRL player stats data,Kaeo Weekes,kaeo weekes,Kaeo Weekes,2022,2026,2022 | 2023 | 2024 | 2025 | 2026,Raiders | Sea Eagles,2022-05-07T05:00:00Z,2026-06-13T09:35:00Z,80,0,0,0,0,Teams listed are inferred from match structure in player-stat JSON.
NRL player stats data,Kai O'Donnell,kai odonnell,Kai O'Donnell,2020,2026,2020 | 2021 | 2025 | 2026,Cowboys | Raiders | Sharks,2020-07-11T09:35:00Z,2026-05-08T10:00:00Z,37,0,0,0,0,Teams listed are inferred from match structure in player-stat JSON.
NRL player stats data,Kai Pearce-Paul,kai pearce paul,Kai Pearce-Paul,2024,2026,2024 | 2025 | 2026,Knights | Wests Tigers,2024-03-07T09:00:00Z,2026-06-14T06:05:00Z,56,0,0,0,0,Teams listed are inferred from match structure in player-stat JSON.
NRL player stats data,Kaide Ellis,kaide ellis,Kaide Ellis,2018,2021,2018 | 2019 | 2020 | 2021,Dragons | Panthers,2018-04-15T04:00:00Z,2021-09-04T09:35:00Z,32,0,0,0,0,Teams listed are inferred from match structure in player-stat JSON.
NRL player stats data,Kaiden Lahrs,kaiden lahrs,Kaiden Lahrs,2025,2026,2025 | 2026,Cowboys,2025-06-14T09:35:00Z,2026-03-22T07:15:00Z,9,0,0,0,0,Teams listed are inferred from match structure in player-stat JSON.
NRL player stats data,Kain Anderson,kain anderson,Kain Anderson,2025,2025,2025,Raiders,2025-09-07T04:00:00Z,2025-09-07T04:00:00Z,1,0,0,0,0,Teams listed are inferred from match structure in player-stat JSON.
NRL player stats data,Kaine Manihera,kaine manihera,Kaine Manihera,2008,2008,2008,Broncos,2008-06-15T00:00:00Z,2008-08-15T00:00:00Z,9,0,0,0,0,Teams listed are inferred from match structure in player-stat JSON.
NRL player stats data,Kalani Going,kalani going,Kalani Going,2023,2026,2023 | 2026,Panthers | Warriors,2023-04-30T04:00:00Z,2026-05-03T08:15:00Z,7,0,0,0,0,Teams listed are inferred from match structure in player-stat JSON.
NRL player stats data,Kalifa Faifai-Loa,kalifa faifai loa,Kalifa Faifai Loa | Kalifa Faifai-Loa,2010,2017,2010 | 2011 | 2012 | 2013 | 2014 | 2015 | 2016 | 2017,Cowboys | Dragons | Titans,2010-05-23T14:59:00Z,2017-08-27T06:00:00Z,67,0,0,0,0,Teams listed are inferred from match structure in player-stat JSON.
NRL player stats data,Kallum Watkins,kallum watkins,Kallum Watkins,2019,2020,2019 | 2020,Titans,2019-07-27T07:30:00Z,2020-03-22T07:15:00Z,8,0,0,0,0,Teams listed are inferred from match structure in player-stat JSON.
NRL player stats data,Kalyn Ponga,kalyn ponga,Kalyn Ponga,2016,2026,2016 | 2017 | 2018 | 2019 | 2020 | 2021 | 2022 | 2023 | 2024 | 2025 | 2026,Cowboys | Knights,2016-09-16T09:55:00Z,2026-06-05T08:00:00Z,153,0,0,0,0,Teams listed are inferred from match structure in player-stat JSON.
NRL player stats data,Kane Bradley,kane bradley,Kane Bradley,2021,2025,2021 | 2023 | 2024 | 2025,Cowboys | Storm,2021-07-23T09:55:00Z,2025-08-29T10:00:00Z,24,0,0,0,0,Teams listed are inferred from match structure in player-stat JSON.
NRL player stats data,Kane Cleal,kane cleal,Kane Cleal,2004,2008,2004 | 2005 | 2006 | 2007 | 2008,Bulldogs | Rabbitohs | Sea Eagles,2004-03-27T00:00:00Z,2008-04-04T00:00:00Z,42,0,0,0,0,Teams listed are inferred from match structure in player-stat JSON.
NRL player stats data,Kane Elgey,kane elgey,Kane Elgey,2015,2019,2015 | 2017 | 2018 | 2019,Sea Eagles | Titans,2015-03-28T06:30:00Z,2019-05-30T09:50:00Z,57,0,0,0,0,Teams listed are inferred from match structure in player-stat JSON.
NRL player stats data,Kane Evans,kane evans,Kane Evans,2014,2021,2014 | 2015 | 2016 | 2017 | 2018 | 2019 | 2020 | 2021,Eels | Roosters | Warriors,2014-03-15T08:30:00Z,2021-09-05T04:00:00Z,132,0,0,0,0,Teams listed are inferred from match structure in player-stat JSON.
NRL player stats data,Kane Ferris,kane ferris,Kane Ferris,2004,2004,2004,Warriors,2004-08-29T00:00:00Z,2004-08-29T00:00:00Z,1,0,0,0,0,Teams listed are inferred from match structure in player-stat JSON.
NRL player stats data,Kane Linnett,kane linnett,Kane Linnett,2010,2018,2010 | 2011 | 2012 | 2013 | 2014 | 2015 | 2016 | 2017 | 2018,Cowboys | Roosters,2010-06-14T00:00:00Z,2018-09-01T07:30:00Z,187,0,0,0,0,Teams listed are inferred from match structure in player-stat JSON.
NRL player stats data,Kane Morgan,kane morgan,Kane Morgan,2011,2011,2011,Rabbitohs,2011-04-01T00:00:00Z,2011-04-01T00:00:00Z,1,0,0,0,0,Teams listed are inferred from match structure in player-stat JSON.
NRL player stats data,Karl Lawton,karl lawton,Karl Lawton,2016,2025,2016 | 2017 | 2018 | 2019 | 2020 | 2021 | 2022 | 2023 | 2024 | 2025,Cowboys | Sea Eagles | Titans | Warriors,2016-07-02T05:00:00Z,2025-08-30T09:35:00Z,121,0,0,0,0,Teams listed are inferred from match structure in player-stat JSON.
NRL player stats data,Karl Lovell,karl lovell,Karl Lovell,1998,2002,1998 | 2001 | 2002,Eagles | Eels | Sharks,1998-03-14T00:00:00Z,2002-09-29T00:00:00Z,35,0,0,0,0,Teams listed are inferred from match structure in player-stat JSON.
NRL player stats data,Karl Oloapu,karl oloapu,Karl Oloapu,2023,2023,2023,Bulldogs,2023-04-30T06:05:00Z,2023-06-18T06:05:00Z,7,0,0,0,0,Teams listed are inferred from match structure in player-stat JSON.
NRL player stats data,Karl Te Mata,karl te mata,Karl Te Mata,2002,2005,2002 | 2003 | 2004 | 2005,Warriors,2002-09-06T00:00:00Z,2005-08-27T00:00:00Z,52,0,0,0,0,Teams listed are inferred from match structure in player-stat JSON.
NRL player stats data,Karlos Filiga,karlos filiga,Karlos Filiga,2008,2008,2008,Sharks,2008-06-08T00:00:00Z,2008-06-08T00:00:00Z,1,0,0,0,0,Teams listed are inferred from match structure in player-stat JSON.
NRL player stats data,Karmichael Hunt,karmichael hunt,Karmichael Hunt,2004,2021,2004 | 2005 | 2006 | 2007 | 2008 | 2009 | 2021,Broncos,2004-03-14T00:00:00Z,2021-06-17T09:50:00Z,127,0,0,0,0,Teams listed are inferred from match structure in player-stat JSON.
NRL player stats data,Kayal Iro,kayal iro,Kayal Iro,2022,2025,2022 | 2023 | 2025,Sharks,2022-08-13T07:30:00Z,2025-03-29T08:35:00Z,9,0,0,0,0,Teams listed are inferred from match structure in player-stat JSON.
NRL player stats data,Kayliss Fatialofa,kayliss fatialofa,Kayliss Fatialofa,2026,2026,2026,Warriors,2026-05-02T07:30:00Z,2026-06-13T07:30:00Z,4,0,0,0,0,Teams listed are inferred from match structure in player-stat JSON.
NRL player stats data,Kayne Lawton,kayne lawton,Kayne Lawton,2009,2012,2009 | 2010 | 2011 | 2012,Titans,2009-07-24T00:00:00Z,2012-04-01T00:00:00Z,7,0,0,0,0,Teams listed are inferred from match structure in player-stat JSON.
NRL player stats data,Kaysa Pritchard,kaysa pritchard,Kaysa Pritchard,2013,2018,2013 | 2014 | 2015 | 2016 | 2017 | 2018,Eels,2013-05-04T09:30:00Z,2018-07-28T07:30:00Z,48,0,0,0,0,Teams listed are inferred from match structure in player-stat JSON.
NRL player stats data,Keagan Russell-Smith,keagan russell smith,Keagan Russell-Smith,2024,2026,2024 | 2026,Storm,2024-08-29T09:50:00Z,2026-05-22T10:00:00Z,2,0,0,0,0,Teams listed are inferred from match structure in player-stat JSON.
NRL player stats data,Keano Kini,keano kini,Keano Kini,2023,2026,2023 | 2024 | 2025 | 2026,Titans,2023-05-07T08:25:00Z,2026-06-14T06:05:00Z,44,0,0,0,0,Teams listed are inferred from match structure in player-stat JSON.
NRL player stats data,Keaon Koloamatangi,keaon koloamatangi,Keaon Koloamatangi,2020,2026,2020 | 2021 | 2022 | 2023 | 2024 | 2025 | 2026,Rabbitohs,2020-06-05T09:55:00Z,2026-06-11T09:50:00Z,139,0,0,0,0,Teams listed are inferred from match structure in player-stat JSON.
NRL player stats data,Keegan Hipgrave,keegan hipgrave,Keegan Hipgrave,2017,2021,2017 | 2018 | 2019 | 2020 | 2021,Eels | Titans,2017-09-02T05:00:00Z,2021-09-03T10:05:00Z,50,0,0,0,0,Teams listed are inferred from match structure in player-stat JSON.
NRL player stats data,Keenan Palasia,keenan palasia,Keenan Palasia,2019,2024,2019 | 2021 | 2022 | 2023 | 2024,Broncos | Titans,2019-07-07T06:05:00Z,2024-09-07T09:35:00Z,72,0,0,0,0,Teams listed are inferred from match structure in player-stat JSON.
NRL player stats data,Keiran Kerr,keiran kerr,Keiran Kerr,2001,2004,2001 | 2004,Dragons | Wests Tigers,2001-06-24T00:00:00Z,2004-07-03T00:00:00Z,5,0,0,0,0,Teams listed are inferred from match structure in player-stat JSON.
NRL player stats data,Keith Eshman,keith eshman,Keith Eshman,2006,2006,2006,Wests Tigers,2006-08-05T00:00:00Z,2006-08-05T00:00:00Z,1,0,0,0,0,Teams listed are inferred from match structure in player-stat JSON.
NRL player stats data,Keith Galloway,keith galloway,Keith Galloway,2003,2015,2003 | 2004 | 2005 | 2006 | 2007 | 2008 | 2009 | 2010 | 2011 | 2012 | 2013 | 2014 | 2015,Sharks | Wests Tigers,2003-07-19T00:00:00Z,2015-09-05T07:30:00Z,210,0,0,0,0,Teams listed are inferred from match structure in player-stat JSON.
NRL player stats data,Keith Lulia,keith lulia,Keith Lulia,2007,2014,2007 | 2008 | 2009 | 2010 | 2011 | 2014,Dragons | Knights | Wests Tigers,2007-03-18T00:00:00Z,2014-08-09T09:30:00Z,65,0,0,0,0,Teams listed are inferred from match structure in player-stat JSON.
NRL player stats data,Keith Mason,keith mason,Keith Mason,2002,2003,2002 | 2003,Storm,2002-05-25T00:00:00Z,2003-05-10T00:00:00Z,4,0,0,0,0,Teams listed are inferred from match structure in player-stat JSON.
NRL player stats data,Keith Peters,keith peters,Keith Peters,2006,2008,2006 | 2007 | 2008,Panthers,2006-06-10T00:00:00Z,2008-06-27T00:00:00Z,10,0,0,0,0,Teams listed are inferred from match structure in player-stat JSON.
NRL player stats data,Kelepi Tanginoa,kelepi tanginoa,Kelepi Tanginoa,2013,2019,2013 | 2014 | 2015 | 2017 | 2018 | 2019,Cowboys | Eels | Sea Eagles,2013-03-14T09:00:00Z,2019-05-10T10:05:00Z,32,0,0,0,0,Teams listed are inferred from match structure in player-stat JSON.
NRL player stats data,Kelma Tuilagi,kelma tuilagi,Kelma Tuilagi,2021,2026,2021 | 2022 | 2023 | 2024 | 2025 | 2026,Eels | Sea Eagles | Wests Tigers,2021-07-30T08:00:00Z,2026-06-13T09:35:00Z,86,0,0,0,0,Teams listed are inferred from match structure in player-stat JSON.
NRL player stats data,Ken Maumalo,ken maumalo,Ken Maumalo,2015,2022,2015 | 2016 | 2017 | 2018 | 2019 | 2020 | 2021 | 2022,Warriors | Wests Tigers,2015-05-16T05:00:00Z,2022-09-04T06:05:00Z,135,0,0,0,0,Teams listed are inferred from match structure in player-stat JSON.
NRL player stats data,Ken McGuinness,ken mcguinness,Ken Mcguinness | Ken McGuinness,1998,2002,1998 | 1999 | 2000 | 2002,Cowboys | Magpies | Wests Tigers,1998-03-15T00:00:00Z,2002-06-28T00:00:00Z,50,0,0,0,0,Teams listed are inferred from match structure in player-stat JSON.
NRL player stats data,Ken Nagas,ken nagas,Ken Nagas,1998,2002,1998 | 1999 | 2000 | 2001 | 2002,Raiders,1998-05-31T00:00:00Z,2002-04-07T00:00:00Z,58,0,0,0,0,Teams listed are inferred from match structure in player-stat JSON.
NRL player stats data,Ken Sio,ken sio,Ken Sio,2011,2018,2011 | 2012 | 2013 | 2014 | 2017 | 2018,Eels | Knights,2011-09-03T00:00:00Z,2018-09-01T05:00:00Z,98,0,0,0,0,Teams listed are inferred from match structure in player-stat JSON.
NRL player stats data,Kenneath Bromwich,kenneath bromwich,Kenneath Bromwich,2013,2025,2013 | 2014 | 2015 | 2016 | 2017 | 2018 | 2019 | 2020 | 2021 | 2022 | 2023 | 2024 | 2025,Dolphins | Storm,2013-04-08T09:00:00Z,2025-07-17T09:50:00Z,265,0,0,0,0,Teams listed are inferred from match structure in player-stat JSON.
NRL player stats data,Kenny Edwards,kenny edwards,Kenny Edwards,2013,2018,2013 | 2014 | 2016 | 2017 | 2018,Eels,2013-09-08T05:00:00Z,2018-05-11T09:55:00Z,70,0,0,0,0,Teams listed are inferred from match structure in player-stat JSON.
NRL player stats data,Kerrod Holland,kerrod holland,Kerrod Holland,2016,2020,2016 | 2017 | 2018 | 2019 | 2020,Bulldogs,2016-03-10T09:05:00Z,2020-09-26T05:00:00Z,73,0,0,0,0,Teams listed are inferred from match structure in player-stat JSON.
NRL player stats data,Kerrod Walters,kerrod walters,Kerrod Walters,1998,2000,1998 | 2000,Broncos | Rams,1998-03-13T00:00:00Z,2000-06-04T00:00:00Z,25,0,0,0,0,Teams listed are inferred from match structure in player-stat JSON.
NRL player stats data,Kevin Campion,kevin campion,Kevin Campion,1998,2004,1998 | 1999 | 2000 | 2001 | 2002 | 2003 | 2004,Broncos | Cowboys | Warriors,1998-03-13T00:00:00Z,2004-09-04T00:00:00Z,163,0,0,0,0,Teams listed are inferred from match structure in player-stat JSON.
NRL player stats data,Kevin Carmichael,kevin carmichael,Kevin Carmichael,2000,2000,2000,Storm,2000-05-05T00:00:00Z,2000-06-04T00:00:00Z,3,0,0,0,0,Teams listed are inferred from match structure in player-stat JSON.
NRL player stats data,Kevin Gordon,kevin gordon,Kevin Gordon,2009,2015,2009 | 2010 | 2011 | 2012 | 2013 | 2014 | 2015,Titans,2009-03-27T00:00:00Z,2015-07-24T09:35:00Z,118,0,0,0,0,Teams listed are inferred from match structure in player-stat JSON.
NRL player stats data,Kevin Henderson,kevin henderson,Kevin Henderson,2004,2004,2004,Knights,2004-06-12T00:00:00Z,2004-07-04T00:00:00Z,4,0,0,0,0,Teams listed are inferred from match structure in player-stat JSON.
NRL player stats data,Kevin Iro,kevin iro,Kevin Iro,1998,1998,1998,Warriors,1998-03-13T00:00:00Z,1998-08-23T00:00:00Z,16,0,0,0,0,Teams listed are inferred from match structure in player-stat JSON.
NRL player stats data,Kevin Kingston,kevin kingston,Kevin Kingston,2005,2014,2005 | 2006 | 2007 | 2008 | 2009 | 2010 | 2011 | 2012 | 2013 | 2014,Eels | Panthers | Sharks,2005-07-16T00:00:00Z,2014-08-25T09:00:00Z,183,0,0,0,0,Teams listed are inferred from match structure in player-stat JSON.
NRL player stats data,Kevin Locke,kevin locke,Kevin Locke,2009,2014,2009 | 2010 | 2011 | 2012 | 2013 | 2014,Warriors,2009-05-31T00:00:00Z,2014-05-18T04:00:00Z,89,0,0,0,0,Teams listed are inferred from match structure in player-stat JSON.
NRL player stats data,Kevin McGuinness,kevin mcguinness,Kevin Mcguinness | Kevin McGuinness,1998,2003,1998 | 1999 | 2000 | 2001 | 2002 | 2003,Magpies | Sea Eagles | Wests Tigers,1998-03-15T00:00:00Z,2003-09-06T00:00:00Z,118,0,0,0,0,Teams listed are inferred from match structure in player-stat JSON.
NRL player stats data,Kevin Naiqama,kevin naiqama,Kevin Naiqama,2010,2022,2010 | 2012 | 2013 | 2014 | 2015 | 2016 | 2017 | 2018 | 2022,Knights | Panthers | Roosters | Wests Tigers,2010-09-05T00:00:00Z,2022-09-11T06:05:00Z,122,0,0,0,0,Teams listed are inferred from match structure in player-stat JSON.
NRL player stats data,Kevin Proctor,kevin proctor,Kevin Proctor,2008,2022,2008 | 2009 | 2010 | 2011 | 2012 | 2013 | 2014 | 2015 | 2016 | 2017 | 2018 | 2019 | 2020 | 2021 | 2022,Storm | Titans,2008-05-17T00:00:00Z,2022-05-07T07:30:00Z,283,0,0,0,0,Teams listed are inferred from match structure in player-stat JSON.
NRL player stats data,Kevin Walters,kevin walters,Kevin Walters,1998,2001,1998 | 1999 | 2000 | 2001,Broncos,1998-03-13T00:00:00Z,2001-08-12T00:00:00Z,70,0,0,0,0,Teams listed are inferred from match structure in player-stat JSON.
NRL player stats data,Khaild Deeb,khaild deeb,Khaild Deeb,2009,2009,2009,Roosters,2009-08-29T00:00:00Z,2009-08-29T00:00:00Z,1,0,0,0,0,Teams listed are inferred from match structure in player-stat JSON.
NRL player stats data,Khaled Rajab,khaled rajab,Khaled Rajab,2023,2023,2023,Bulldogs,2023-06-04T04:00:00Z,2023-07-02T04:00:00Z,4,0,0,0,0,Teams listed are inferred from match structure in player-stat JSON.
NRL player stats data,Kiah Cooper,kiah cooper,Kiah Cooper,2021,2021,2021,Wests Tigers,2021-05-28T09:55:00Z,2021-05-28T09:55:00Z,1,0,0,0,0,Teams listed are inferred from match structure in player-stat JSON.
NRL player stats data,Kieran Foran,kieran foran,Kieran Foran,2009,2025,2009 | 2010 | 2011 | 2012 | 2013 | 2014 | 2015 | 2016 | 2017 | 2018 | 2019 | 2020 | 2021 | 2022 | 2023 | 2024 | 2025,Bulldogs | Eels | Sea Eagles | Titans | Warriors,2009-06-21T00:00:00Z,2025-09-06T07:30:00Z,318,0,0,0,0,Teams listed are inferred from match structure in player-stat JSON.
NRL player stats data,Kierran Moseley,kierran moseley,Kierran Moseley,2014,2016,2014 | 2015 | 2016,Panthers | Titans,2014-08-31T05:00:00Z,2016-05-16T09:00:00Z,21,0,0,0,0,Teams listed are inferred from match structure in player-stat JSON.
NRL player stats data,King Vuniyayawa,king vuniyayawa,King Vuniyayawa,2020,2020,2020,Warriors,2020-03-14T04:00:00Z,2020-06-12T08:00:00Z,5,0,0,0,0,Teams listed are inferred from match structure in player-stat JSON.
NRL player stats data,Kirisome Auva'a,kirisome auvaa,Kirisome Auva'a,2014,2018,2014 | 2015 | 2016 | 2017 | 2018,Eels | Rabbitohs,2014-04-11T09:40:00Z,2018-04-14T09:35:00Z,61,0,0,0,0,Teams listed are inferred from match structure in player-stat JSON.
NRL player stats data,Kirk Reynoldson,kirk reynoldson,Kirk Reynoldson,2002,2008,2002 | 2003 | 2004 | 2005 | 2006 | 2007 | 2008,Dragons | Knights | Storm,2002-04-27T00:00:00Z,2008-09-13T00:00:00Z,125,0,0,0,0,Teams listed are inferred from match structure in player-stat JSON.
NRL player stats data,Kit Laulilii,kit laulilii,Kit Laulilii,2023,2025,2023 | 2024 | 2025,Wests Tigers,2023-08-26T07:30:00Z,2025-07-06T04:00:00Z,7,0,0,0,0,Teams listed are inferred from match structure in player-stat JSON.
NRL player stats data,Kiti Glymin,kiti glymin,Kiti Glymin,2015,2015,2015,Dragons,2015-07-04T09:30:00Z,2015-07-04T09:30:00Z,1,0,0,0,0,Teams listed are inferred from match structure in player-stat JSON.
NRL player stats data,Kitione Kautoga,kitione kautoga,Kitione Kautoga,2022,2026,2022 | 2024 | 2025 | 2026,Bulldogs | Eels | Wests Tigers,2022-08-28T04:00:00Z,2026-06-13T09:35:00Z,27,0,0,0,0,Teams listed are inferred from match structure in player-stat JSON.
NRL player stats data,KL Iro,kl iro,KL Iro,2024,2026,2024 | 2025 | 2026,Sharks,2024-03-08T07:00:00Z,2026-06-13T07:30:00Z,48,0,0,0,0,Teams listed are inferred from match structure in player-stat JSON.
NRL player stats data,Klese Haas,klese haas,Klese Haas,2022,2026,2022 | 2023 | 2024 | 2025 | 2026,Titans,2022-08-28T06:05:00Z,2026-06-14T06:05:00Z,76,0,0,0,0,Teams listed are inferred from match structure in player-stat JSON.
NRL player stats data,Kobe Hetherington,kobe hetherington,Kobe Hetherington,2021,2026,2021 | 2022 | 2023 | 2024 | 2025 | 2026,Broncos | Sea Eagles,2021-05-22T07:30:00Z,2026-06-04T09:50:00Z,119,0,0,0,0,Teams listed are inferred from match structure in player-stat JSON.
NRL player stats data,Kodi Nikorima,kodi nikorima,Kodi Nikorima,2015,2026,2015 | 2016 | 2017 | 2018 | 2019 | 2020 | 2021 | 2022 | 2023 | 2024 | 2025 | 2026,Broncos | Dolphins | Rabbitohs | Warriors,2015-03-13T09:35:00Z,2026-06-12T10:00:00Z,234,0,0,0,0,Teams listed are inferred from match structure in player-stat JSON.
NRL player stats data,Konrad Hurrell,konrad hurrell,Konrad Hurrell,2012,2018,2012 | 2013 | 2014 | 2015 | 2016 | 2017 | 2018,Titans | Warriors,2012-03-04T00:00:00Z,2018-09-01T07:30:00Z,116,0,0,0,0,Teams listed are inferred from match structure in player-stat JSON.
NRL player stats data,Korbin Sims,korbin sims,Korbin Sims,2013,2020,2013 | 2014 | 2015 | 2016 | 2017 | 2018 | 2019 | 2020,Broncos | Dragons | Knights,2013-03-25T08:00:00Z,2020-08-21T09:55:00Z,141,0,0,0,0,Teams listed are inferred from match structure in player-stat JSON.
NRL player stats data,Kotoni Staggs,kotoni staggs,Kotoni Staggs,2018,2026,2018 | 2019 | 2020 | 2021 | 2022 | 2023 | 2024 | 2025 | 2026,Broncos,2018-05-18T09:55:00Z,2026-06-06T09:35:00Z,160,0,0,0,0,Teams listed are inferred from match structure in player-stat JSON.
NRL player stats data,Kris Currie,kris currie,Kris Currie,1998,1998,1998,Chargers,1998-07-19T00:00:00Z,1998-08-22T00:00:00Z,5,0,0,0,0,Teams listed are inferred from match structure in player-stat JSON.
NRL player stats data,Kris Kahler,kris kahler,Kris Kahler,2002,2007,2002 | 2004 | 2005 | 2006 | 2007,Broncos | Raiders | Titans,2002-05-31T00:00:00Z,2007-07-20T00:00:00Z,51,0,0,0,0,Teams listed are inferred from match structure in player-stat JSON.
NRL player stats data,Kris Keating,kris keating,Kris Keating,2008,2013,2008 | 2009 | 2010 | 2011 | 2012 | 2013,Bulldogs | Eels,2008-04-18T00:00:00Z,2013-04-05T08:35:00Z,88,0,0,0,0,Teams listed are inferred from match structure in player-stat JSON.
NRL player stats data,Kris Tassell,kris tassell,Kris Tassell,1998,1999,1998 | 1999,Cowboys,1998-03-13T00:00:00Z,1999-08-14T00:00:00Z,30,0,0,0,0,Teams listed are inferred from match structure in player-stat JSON.
NRL player stats data,Krisnan Inu,krisnan inu,Krisnan Inu,2007,2014,2007 | 2008 | 2009 | 2010 | 2011 | 2012 | 2013 | 2014,Bulldogs | Eels | Warriors,2007-04-07T00:00:00Z,2014-07-20T05:00:00Z,139,0,0,0,0,Teams listed are inferred from match structure in player-stat JSON.
NRL player stats data,Kruise Leeming,kruise leeming,Kruise Leeming,2023,2023,2023,Titans,2023-04-09T06:05:00Z,2023-09-03T04:00:00Z,12,0,0,0,0,Teams listed are inferred from match structure in player-stat JSON.
NRL player stats data,Krystian Mapapalangi,krystian mapapalangi,Krystian Mapapalangi,2022,2025,2022 | 2024 | 2025,Knights | Wests Tigers,2022-07-31T04:00:00Z,2025-07-26T07:30:00Z,11,0,0,0,0,Teams listed are inferred from match structure in player-stat JSON.
NRL player stats data,Kulikefu Finefeuiaki,kulikefu finefeuiaki,Kulikefu Finefeuiaki,2023,2026,2023 | 2024 | 2025 | 2026,Cowboys | Dolphins,2023-05-07T06:00:00Z,2026-06-06T07:30:00Z,69,0,0,0,0,Teams listed are inferred from match structure in player-stat JSON.
NRL player stats data,Kurt Baptiste,kurt baptiste,Kurt Baptiste,2011,2019,2011 | 2012 | 2014 | 2015 | 2016 | 2017 | 2018 | 2019,Broncos | Cowboys | Raiders | Roosters,2011-05-27T00:00:00Z,2019-06-14T09:55:00Z,82,0,0,0,0,Teams listed are inferred from match structure in player-stat JSON.
NRL player stats data,Kurt Capewell,kurt capewell,Kurt Capewell,2016,2026,2016 | 2017 | 2018 | 2019 | 2020 | 2021 | 2022 | 2023 | 2024 | 2025 | 2026,Broncos | Panthers | Sharks | Warriors,2016-07-10T06:00:00Z,2026-05-17T06:05:00Z,185,0,0,0,0,Teams listed are inferred from match structure in player-stat JSON.
NRL player stats data,Kurt De Luis,kurt de luis,Kurt De Luis,2021,2022,2021 | 2022,Sea Eagles,2021-06-11T08:00:00Z,2022-09-02T08:00:00Z,15,0,0,0,0,Teams listed are inferred from match structure in player-stat JSON.
NRL player stats data,Kurt Dillon,kurt dillon,Kurt Dillon,2018,2020,2018 | 2020,Rabbitohs | Sharks,2018-04-13T09:55:00Z,2020-08-22T09:35:00Z,6,0,0,0,0,Teams listed are inferred from match structure in player-stat JSON.
NRL player stats data,Kurt Donoghoe,kurt donoghoe,Kurt Donoghoe,2023,2026,2023 | 2024 | 2025 | 2026,Dolphins,2023-03-05T05:05:00Z,2026-06-12T10:00:00Z,49,0,0,0,0,Teams listed are inferred from match structure in player-stat JSON.
NRL player stats data,Kurt Falls,kurt falls,Kurt Falls,2022,2022,2022,Panthers,2022-06-03T09:55:00Z,2022-09-03T09:35:00Z,3,0,0,0,0,Teams listed are inferred from match structure in player-stat JSON.
NRL player stats data,Kurt Gidley,kurt gidley,Kurt Gidley,2001,2015,2001 | 2002 | 2003 | 2004 | 2005 | 2006 | 2007 | 2008 | 2009 | 2010 | 2011 | 2012 | 2013 | 2014 | 2015,Knights | Wests Tigers,2001-08-17T00:00:00Z,2015-09-05T05:00:00Z,251,0,0,0,0,Teams listed are inferred from match structure in player-stat JSON.
NRL player stats data,Kurt Hancock,kurt hancock,Kurt Hancock,2005,2005,2005,Knights,2005-06-11T00:00:00Z,2005-06-11T00:00:00Z,1,0,0,0,0,Teams listed are inferred from match structure in player-stat JSON.
NRL player stats data,Kurt Mann,kurt mann,Kurt Mann,2014,2026,2014 | 2015 | 2016 | 2017 | 2018 | 2019 | 2020 | 2021 | 2022 | 2023 | 2024 | 2025 | 2026,Bulldogs | Dragons | Knights | Storm,2014-05-10T09:30:00Z,2026-05-30T07:30:00Z,231,0,0,0,0,Teams listed are inferred from match structure in player-stat JSON.
NRL player stats data,Kurtis Morrin,kurtis morrin,Kurtis Morrin,2022,2026,2022 | 2023 | 2024 | 2025 | 2026,Bulldogs | Titans,2022-06-03T09:55:00Z,2026-06-14T06:05:00Z,69,0,0,0,0,Teams listed are inferred from match structure in player-stat JSON.
NRL player stats data,Kurtis Rowe,kurtis rowe,Kurtis Rowe,2014,2014,2014,Wests Tigers,2014-04-12T09:30:00Z,2014-08-16T09:30:00Z,8,0,0,0,0,Teams listed are inferred from match structure in player-stat JSON.
NRL player stats data,Ky Rodwell,ky rodwell,Ky Rodwell,2021,2022,2021 | 2022,Eels,2021-09-03T10:05:00Z,2022-07-21T09:50:00Z,6,0,0,0,0,Teams listed are inferred from match structure in player-stat JSON.
NRL player stats data,Kyle Feldt,kyle feldt,Kyle Feldt,2013,2024,2013 | 2014 | 2015 | 2016 | 2017 | 2018 | 2019 | 2020 | 2021 | 2022 | 2023 | 2024,Cowboys,2013-08-03T09:30:00Z,2024-09-20T09:50:00Z,221,0,0,0,0,Teams listed are inferred from match structure in player-stat JSON.
NRL player stats data,Kyle Flanagan,kyle flanagan,Kyle Flanagan,2018,2026,2018 | 2019 | 2020 | 2021 | 2022 | 2023 | 2024 | 2025 | 2026,Bulldogs | Dragons | Roosters | Sharks,2018-08-26T04:00:00Z,2026-06-07T06:05:00Z,137,0,0,0,0,Teams listed are inferred from match structure in player-stat JSON.
NRL player stats data,Kyle Laybutt,kyle laybutt,Kyle Laybutt,2017,2017,2017,Cowboys,2017-06-17T07:30:00Z,2017-06-24T05:00:00Z,2,0,0,0,0,Teams listed are inferred from match structure in player-stat JSON.
NRL player stats data,Kyle Lovett,kyle lovett,Kyle Lovett,2015,2017,2015 | 2016 | 2017,Wests Tigers,2015-03-07T08:00:00Z,2017-07-23T06:00:00Z,50,0,0,0,0,Teams listed are inferred from match structure in player-stat JSON.
NRL player stats data,Kyle McCarthy,kyle mccarthy,Kyle McCarthy,2024,2026,2024 | 2025 | 2026,Knights,2024-08-18T06:05:00Z,2026-04-26T04:00:00Z,11,0,0,0,0,Teams listed are inferred from match structure in player-stat JSON.
NRL player stats data,Kyle O'Donnell,kyle odonnell,Kyle O'Donnell,2012,2014,2012 | 2014,Knights | Raiders,2012-07-08T00:00:00Z,2014-08-30T07:30:00Z,6,0,0,0,0,Teams listed are inferred from match structure in player-stat JSON.
NRL player stats data,Kyle Stanley,kyle stanley,Kyle Stanley,2010,2014,2010 | 2011 | 2012 | 2014,Dragons,2010-05-23T14:59:00Z,2014-09-07T04:00:00Z,45,0,0,0,0,Teams listed are inferred from match structure in player-stat JSON.
NRL player stats data,Kyle Turner,kyle turner,Kyle Turner,2014,2019,2014 | 2015 | 2016 | 2017 | 2018 | 2019,Rabbitohs,2014-03-14T08:40:00Z,2019-08-30T08:00:00Z,92,0,0,0,0,Teams listed are inferred from match structure in player-stat JSON.
NRL player stats data,Kyle Warren,kyle warren,Kyle Warren,1998,2001,1998 | 1999 | 2000 | 2001,Cowboys,1998-03-13T00:00:00Z,2001-08-12T00:00:00Z,73,0,0,0,0,Teams listed are inferred from match structure in player-stat JSON.
NRL player stats data,Kylie Leuluai,kylie leuluai,Kylie Leuluai,1999,2006,1999 | 2000 | 2002 | 2003 | 2004 | 2005 | 2006,Eels | Roosters | Sea Eagles | Tigers | Wests Tigers,1999-07-04T00:00:00Z,2006-09-15T00:00:00Z,78,0,0,0,0,Teams listed are inferred from match structure in player-stat JSON.
NRL player stats data,Lachlan Burr,lachlan burr,Lachlan Burr,2013,2021,2013 | 2015 | 2016 | 2019 | 2020 | 2021,Bulldogs | Cowboys | Titans | Warriors,2013-08-31T07:30:00Z,2021-08-08T06:05:00Z,77,0,0,0,0,Teams listed are inferred from match structure in player-stat JSON.
NRL player stats data,Lachlan Coote,lachlan coote,Lachlan Coote,2008,2018,2008 | 2009 | 2010 | 2011 | 2012 | 2013 | 2015 | 2016 | 2017 | 2018,Cowboys | Panthers | Wests Tigers,2008-06-27T00:00:00Z,2018-07-14T09:35:00Z,166,0,0,0,0,Teams listed are inferred from match structure in player-stat JSON.
NRL player stats data,Lachlan Croker,lachlan croker,Lachlan Croker,2016,2025,2016 | 2018 | 2019 | 2020 | 2021 | 2022 | 2023 | 2024 | 2025,Raiders | Sea Eagles,2016-03-12T04:00:00Z,2025-06-13T10:00:00Z,126,0,0,0,0,Teams listed are inferred from match structure in player-stat JSON.
NRL player stats data,Lachlan Fitzgibbon,lachlan fitzgibbon,Lachlan Fitzgibbon,2015,2023,2015 | 2016 | 2017 | 2018 | 2019 | 2020 | 2021 | 2022 | 2023,Knights,2015-08-02T04:00:00Z,2023-09-10T06:05:00Z,120,0,0,0,0,Teams listed are inferred from match structure in player-stat JSON.
NRL player stats data,Lachlan Galvin,lachlan galvin,Lachlan Galvin,2024,2026,2024 | 2025 | 2026,Bulldogs | Wests Tigers,2024-03-16T04:00:00Z,2026-06-08T06:05:00Z,58,0,0,0,0,Teams listed are inferred from match structure in player-stat JSON.
NRL player stats data,Lachlan Hubner,lachlan hubner,Lachlan Hubner,2024,2026,2024 | 2025 | 2026,Dolphins | Rabbitohs,2024-04-12T10:00:00Z,2026-06-11T09:50:00Z,36,0,0,0,0,Teams listed are inferred from match structure in player-stat JSON.
NRL player stats data,Lachlan Ilias,lachlan ilias,Lachlan Ilias,2021,2026,2021 | 2022 | 2023 | 2024 | 2025 | 2026,Dragons | Rabbitohs | Titans,2021-09-04T09:35:00Z,2026-05-23T09:35:00Z,70,0,0,0,0,Teams listed are inferred from match structure in player-stat JSON.
NRL player stats data,Lachlan Lam,lachlan lam,Lachlan Lam,2019,2022,2019 | 2020 | 2021 | 2022,Roosters,2019-03-23T08:35:00Z,2022-06-05T06:05:00Z,41,0,0,0,0,Teams listed are inferred from match structure in player-stat JSON.
NRL player stats data,Lachlan Lewis,lachlan lewis,Lachlan Lewis,2018,2021,2018 | 2019 | 2020 | 2021,Bulldogs,2018-06-30T07:30:00Z,2021-08-21T07:30:00Z,44,0,0,0,0,Teams listed are inferred from match structure in player-stat JSON.
NRL player stats data,Lachlan Maranta,lachlan maranta,Lachlan Maranta,2012,2019,2012 | 2013 | 2014 | 2015 | 2016 | 2019,Broncos | Dragons,2012-06-10T00:00:00Z,2019-06-28T08:00:00Z,72,0,0,0,0,Teams listed are inferred from match structure in player-stat JSON.
NRL player stats data,Lachlan Miller,lachlan miller,Lachlan Miller,2022,2023,2022 | 2023,Knights | Sharks,2022-04-21T09:50:00Z,2023-09-02T09:35:00Z,23,0,0,0,0,Teams listed are inferred from match structure in player-stat JSON.
NRL player stats data,Lachlan Russell,lachlan russell,Lachlan Russell,2004,2004,2004,Dragons,2004-05-15T00:00:00Z,2004-05-15T00:00:00Z,1,0,0,0,0,Teams listed are inferred from match structure in player-stat JSON.
NRL player stats data,Lafi Manua,lafi manua,Lafi Manua,2006,2006,2006,Roosters,2006-04-25T00:00:00Z,2006-04-29T00:00:00Z,2,0,0,0,0,Teams listed are inferred from match structure in player-stat JSON.
NRL player stats data,Lagi Setu,lagi setu,Lagi Setu,2007,2015,2007 | 2008 | 2009 | 2010 | 2013 | 2015,Broncos | Dragons | Roosters | Storm,2007-03-23T00:00:00Z,2015-04-25T06:00:00Z,73,0,0,0,0,Teams listed are inferred from match structure in player-stat JSON.
NRL player stats data,Laitia Moceidreke,laitia moceidreke,Laitia Moceidreke,2021,2021,2021,Cowboys,2021-08-21T09:35:00Z,2021-08-21T09:35:00Z,1,0,0,0,0,Teams listed are inferred from match structure in player-stat JSON.
NRL player stats data,Laloa Milford,laloa milford,Laloa Milford,1998,2003,1998 | 1999 | 2000 | 2003,Sharks | Tigers | Wests Tigers,1998-03-14T00:00:00Z,2003-07-19T00:00:00Z,36,0,0,0,0,Teams listed are inferred from match structure in player-stat JSON.
NRL player stats data,Lama Tasi,lama tasi,Lama Tasi,2011,2013,2011 | 2012 | 2013,Broncos | Roosters,2011-04-30T00:00:00Z,2013-09-05T09:45:00Z,37,0,0,0,0,Teams listed are inferred from match structure in player-stat JSON.
NRL player stats data,Lamar Manuel-Liolevave,lamar manuel liolevave,Lamar Manuel-Liolevave,2015,2015,2015,Wests Tigers,2015-03-27T08:35:00Z,2015-03-27T08:35:00Z,1,0,0,0,0,Teams listed are inferred from match structure in player-stat JSON.
NRL player stats data,Lance Hohaia,lance hohaia,Lance Hohaia,2002,2011,2002 | 2003 | 2004 | 2005 | 2006 | 2007 | 2008 | 2009 | 2010 | 2011,Warriors,2002-04-06T00:00:00Z,2011-10-02T17:19:59Z,185,0,0,0,0,Teams listed are inferred from match structure in player-stat JSON.
NRL player stats data,Lance Thompson,lance thompson,Lance Thompson,1998,2008,1998 | 1999 | 2000 | 2001 | 2002 | 2003 | 2004 | 2005 | 2006 | 2007 | 2008,Dragons | Sharks,1998-03-22T00:00:00Z,2008-04-19T00:00:00Z,192,0,0,0,0,Teams listed are inferred from match structure in player-stat JSON.
NRL player stats data,Lancen Joudo,lancen joudo,Lancen Joudo,2009,2010,2009 | 2010,Sharks,2009-08-16T00:00:00Z,2010-07-17T00:00:00Z,3,0,0,0,0,Teams listed are inferred from match structure in player-stat JSON.
NRL player stats data,Latrell Mitchell,latrell mitchell,Latrell Mitchell,2016,2026,2016 | 2017 | 2018 | 2019 | 2020 | 2021 | 2022 | 2023 | 2024 | 2025 | 2026,Rabbitohs | Roosters,2016-03-06T05:00:00Z,2026-05-15T10:05:00Z,191,0,0,0,0,Teams listed are inferred from match structure in player-stat JSON.
NRL player stats data,Latrell Siegwalt,latrell siegwalt,Latrell Siegwalt,2026,2026,2026,Rabbitohs,2026-03-13T09:00:00Z,2026-06-11T09:50:00Z,7,0,0,0,0,Teams listed are inferred from match structure in player-stat JSON.
NRL player stats data,Latu Fainu,latu fainu,Latu Fainu,2024,2026,2024 | 2025 | 2026,Wests Tigers,2024-04-06T08:35:00Z,2026-06-14T06:05:00Z,35,0,0,0,0,Teams listed are inferred from match structure in player-stat JSON.
NRL player stats data,Laurie Daley,laurie daley,Laurie Daley,1998,2000,1998 | 1999 | 2000,Raiders,1998-03-15T00:00:00Z,2000-08-13T00:00:00Z,56,0,0,0,0,Teams listed are inferred from match structure in player-stat JSON.
NRL player stats data,Lazarus Vaalepu,lazarus vaalepu,Lazarus Vaalepu,2024,2026,2024 | 2025 | 2026,Storm,2024-07-20T09:35:00Z,2026-04-11T09:35:00Z,17,0,0,0,0,Teams listed are inferred from match structure in player-stat JSON.
NRL player stats data,Lee Hookey,lee hookey,Lee Hookey,1999,2006,1999 | 2000 | 2001 | 2002 | 2003 | 2004 | 2005 | 2006,Dragons | Panthers | Rabbitohs,1999-03-07T00:00:00Z,2006-09-03T00:00:00Z,145,0,0,0,0,Teams listed are inferred from match structure in player-stat JSON.
NRL player stats data,Lee Hopkins,lee hopkins,Lee Hopkins,1998,2004,1998 | 1999 | 2000 | 2001 | 2002 | 2003 | 2004,Eels | Panthers | Storm,1998-04-19T00:00:00Z,2004-09-05T00:00:00Z,106,0,0,0,0,Teams listed are inferred from match structure in player-stat JSON.
NRL player stats data,Lee Jackson,lee jackson,Lee Jackson,1998,1998,1998,Knights,1998-03-15T00:00:00Z,1998-09-05T00:00:00Z,20,0,0,0,0,Teams listed are inferred from match structure in player-stat JSON.
NRL player stats data,Lee Mossop,lee mossop,Lee Mossop,2014,2014,2014,Eels,2014-06-06T09:40:00Z,2014-06-22T04:00:00Z,3,0,0,0,0,Teams listed are inferred from match structure in player-stat JSON.
NRL player stats data,Lee Murphy,lee murphy,Lee Murphy,1998,2001,1998 | 1999 | 2000 | 2001,Dragons | Wests Tigers,1998-03-15T00:00:00Z,2001-04-22T00:00:00Z,54,0,0,0,0,Teams listed are inferred from match structure in player-stat JSON.
NRL player stats data,Lee Oudenryn,lee oudenryn,Lee Oudenryn,1998,2001,1998 | 1999 | 2000 | 2001,Cowboys | Warriors,1998-03-13T00:00:00Z,2001-03-10T00:00:00Z,59,0,0,0,0,Teams listed are inferred from match structure in player-stat JSON.
NRL player stats data,Lee Te Maari,lee te maari,Lee Te Maari,2006,2010,2006 | 2007 | 2008 | 2009 | 2010,Bulldogs | Dragons | Eels,2006-04-25T00:00:00Z,2010-07-17T19:27:59Z,36,0,0,0,0,Teams listed are inferred from match structure in player-stat JSON.
NRL player stats data,Leeson Ah Mau,leeson ah mau,Leeson Ah Mau,2009,2021,2009 | 2010 | 2011 | 2012 | 2013 | 2014 | 2015 | 2016 | 2017 | 2018 | 2019 | 2020 | 2021,Cowboys | Dragons | Warriors,2009-03-14T00:00:00Z,2021-07-24T05:00:00Z,223,0,0,0,0,Teams listed are inferred from match structure in player-stat JSON.
NRL player stats data,Lehi Hopoate,lehi hopoate,Lehi Hopoate,2024,2026,2024 | 2025 | 2026,Sea Eagles,2024-05-24T10:00:00Z,2026-06-04T09:50:00Z,48,0,0,0,0,Teams listed are inferred from match structure in player-stat JSON.
NRL player stats data,Leigh Hennessy,leigh hennessy,Leigh Hennessy,1998,1998,1998,Tigers,1998-08-16T00:00:00Z,1998-08-22T00:00:00Z,2,0,0,0,0,Teams listed are inferred from match structure in player-stat JSON.
NRL player stats data,Leigh McWilliams,leigh mcwilliams,Leigh Mcwilliams | Leigh McWilliams,1999,2005,1999 | 2000 | 2001 | 2002 | 2003 | 2004 | 2005,Cowboys,1999-07-31T00:00:00Z,2005-07-16T00:00:00Z,67,0,0,0,0,Teams listed are inferred from match structure in player-stat JSON.
NRL player stats data,Leilani Latu,leilani latu,Leilani Latu,2015,2019,2015 | 2016 | 2017 | 2018 | 2019,Panthers | Titans,2015-08-02T06:00:00Z,2019-08-10T05:00:00Z,58,0,0,0,0,Teams listed are inferred from match structure in player-stat JSON.
NRL player stats data,Leivaha Pulu,leivaha pulu,Leivaha Pulu,2016,2019,2016 | 2017 | 2018 | 2019,Titans | Warriors,2016-03-06T07:30:00Z,2019-06-30T04:00:00Z,58,0,0,0,0,Teams listed are inferred from match structure in player-stat JSON.
NRL player stats data,Leka Halasima,leka halasima,Leka Halasima,2024,2026,2024 | 2025 | 2026,Warriors,2024-07-06T05:00:00Z,2026-05-31T08:15:00Z,41,0,0,0,0,Teams listed are inferred from match structure in player-stat JSON.
NRL player stats data,Lelea Paea,lelea paea,Lelea Paea,2003,2007,2003 | 2004 | 2006 | 2007,Roosters | Titans,2003-03-14T00:00:00Z,2007-04-22T00:00:00Z,21,0,0,0,0,Teams listed are inferred from match structure in player-stat JSON.
NRL player stats data,Lenny Beckett,lenny beckett,Lenny Beckett,1999,2002,1999 | 2000 | 2001 | 2002,Eagles | Knights,1999-03-06T00:00:00Z,2002-09-08T00:00:00Z,59,0,0,0,0,Teams listed are inferred from match structure in player-stat JSON.
NRL player stats data,Leo Clarke,leo clarke,Leo Clarke,1998,2002,1998 | 1999 | 2002,Dragons | Magpies,1998-04-19T00:00:00Z,2002-09-21T00:00:00Z,8,0,0,0,0,Teams listed are inferred from match structure in player-stat JSON.
NRL player stats data,Leo Dynevor,leo dynevor,Leo Dynevor,1998,1999,1998 | 1999,Magpies,1998-03-22T00:00:00Z,1999-07-18T00:00:00Z,27,0,0,0,0,Teams listed are inferred from match structure in player-stat JSON.
NRL player stats data,Leo Thompson,leo thompson,Leo Thompson,2022,2026,2022 | 2023 | 2024 | 2025 | 2026,Bulldogs | Knights,2022-03-12T04:00:00Z,2026-06-08T06:05:00Z,90,0,0,0,0,Teams listed are inferred from match structure in player-stat JSON.
NRL player stats data,Leon Bott,leon bott,Leon Bott,2005,2006,2005 | 2006,Broncos | Sharks,2005-03-13T00:00:00Z,2006-07-16T00:00:00Z,26,0,0,0,0,Teams listed are inferred from match structure in player-stat JSON.
NRL player stats data,Les Davidson,les davidson,Les Davidson,1998,1998,1998,Sharks,1998-03-14T00:00:00Z,1998-07-25T00:00:00Z,5,0,0,0,0,Teams listed are inferred from match structure in player-stat JSON.
NRL player stats data,Lesley Vainikolo,lesley vainikolo,Lesley Vainikolo,1998,2001,1998 | 1999 | 2000 | 2001,Raiders,1998-04-12T00:00:00Z,2001-05-13T00:00:00Z,69,0,0,0,0,Teams listed are inferred from match structure in player-stat JSON.
NRL player stats data,Leva Li,leva li,Leva Li,2015,2015,2015,Titans,2015-08-16T06:00:00Z,2015-08-16T06:00:00Z,1,0,0,0,0,Teams listed are inferred from match structure in player-stat JSON.
NRL player stats data,Lewis Brown,lewis brown,Lewis Brown,2009,2018,2009 | 2010 | 2011 | 2012 | 2013 | 2014 | 2015 | 2016 | 2017 | 2018,Panthers | Sea Eagles | Warriors,2009-05-03T00:00:00Z,2018-05-25T08:00:00Z,200,0,0,0,0,Teams listed are inferred from match structure in player-stat JSON.
NRL player stats data,Lewis Dodd,lewis dodd,Lewis Dodd,2025,2025,2025,Rabbitohs,2025-04-18T06:05:00Z,2025-08-01T10:00:00Z,8,0,0,0,0,Teams listed are inferred from match structure in player-stat JSON.
NRL player stats data,Lewis Symonds,lewis symonds,Lewis Symonds,2026,2026,2026,Dolphins,2026-03-08T05:05:00Z,2026-05-21T09:50:00Z,3,0,0,0,0,Teams listed are inferred from match structure in player-stat JSON.
NRL player stats data,Liam Foran,liam foran,Liam Foran,2008,2012,2008 | 2012,Sea Eagles | Storm,2008-05-17T00:00:00Z,2012-05-27T00:00:00Z,10,0,0,0,0,Teams listed are inferred from match structure in player-stat JSON.
NRL player stats data,Liam Fulton,liam fulton,Liam Fulton,2003,2014,2003 | 2004 | 2005 | 2006 | 2007 | 2008 | 2010 | 2011 | 2012 | 2013 | 2014,Wests Tigers,2003-09-06T00:00:00Z,2014-06-08T04:00:00Z,162,0,0,0,0,Teams listed are inferred from match structure in player-stat JSON.
NRL player stats data,Liam Georgetown,liam georgetown,Liam Georgetown,2007,2007,2007,Panthers,2007-06-30T00:00:00Z,2007-06-30T00:00:00Z,1,0,0,0,0,Teams listed are inferred from match structure in player-stat JSON.
NRL player stats data,Liam Henry,liam henry,Liam Henry,2022,2026,2022 | 2023 | 2024 | 2025 | 2026,Panthers,2022-09-03T09:35:00Z,2026-06-07T04:00:00Z,58,0,0,0,0,Teams listed are inferred from match structure in player-stat JSON.
NRL player stats data,Liam Ison,liam ison,Liam Ison,2024,2024,2024,Sharks,2024-07-27T07:30:00Z,2024-07-27T07:30:00Z,1,0,0,0,0,Teams listed are inferred from match structure in player-stat JSON.
NRL player stats data,Liam Johnson,liam johnson,Liam Johnson,1998,1998,1998,Cowboys,1998-06-28T00:00:00Z,1998-07-04T00:00:00Z,2,0,0,0,0,Teams listed are inferred from match structure in player-stat JSON.
NRL player stats data,Liam Knight,liam knight,Liam Knight,2016,2024,2016 | 2018 | 2019 | 2020 | 2021 | 2022 | 2023 | 2024,Bulldogs | Rabbitohs | Raiders | Sea Eagles,2016-06-20T09:00:00Z,2024-03-29T05:05:00Z,84,0,0,0,0,Teams listed are inferred from match structure in player-stat JSON.
NRL player stats data,Liam Le Blanc,liam le blanc,Liam Le Blanc,2024,2026,2024 | 2025 | 2026,Rabbitohs,2024-06-22T09:35:00Z,2026-06-11T09:50:00Z,32,0,0,0,0,Teams listed are inferred from match structure in player-stat JSON.
NRL player stats data,Liam Martin,liam martin,Liam Martin,2019,2026,2019 | 2020 | 2021 | 2022 | 2023 | 2024 | 2025 | 2026,Panthers,2019-03-30T08:35:00Z,2026-06-07T04:00:00Z,155,0,0,0,0,Teams listed are inferred from match structure in player-stat JSON.
NRL player stats data,Liam Sutton,liam sutton,Liam Sutton,2026,2026,2026,Cowboys,2026-03-14T04:00:00Z,2026-06-06T07:30:00Z,6,0,0,0,0,Teams listed are inferred from match structure in player-stat JSON.
NRL player stats data,Ligi Sao,ligi sao,Ligi Sao,2013,2019,2013 | 2015 | 2016 | 2017 | 2018 | 2019,Sea Eagles | Warriors,2013-07-15T09:00:00Z,2019-09-07T05:00:00Z,47,0,0,0,0,Teams listed are inferred from match structure in player-stat JSON.
NRL player stats data,Lincoln Raudonikis,lincoln raudonikis,Lincoln Raudonikis,1998,1999,1998 | 1999,Magpies,1998-04-19T00:00:00Z,1999-08-29T00:00:00Z,24,0,0,0,0,Teams listed are inferred from match structure in player-stat JSON.
NRL player stats data,Lincoln Withers,lincoln withers,Lincoln Withers,2000,2008,2000 | 2001 | 2002 | 2003 | 2004 | 2005 | 2006 | 2007 | 2008,Dragons | Raiders | Wests Tigers,2000-05-08T00:00:00Z,2008-05-10T00:00:00Z,154,0,0,0,0,Teams listed are inferred from match structure in player-stat JSON.
NRL player stats data,Lindsay Collins,lindsay collins,Lindsay Collins,2017,2026,2017 | 2018 | 2019 | 2020 | 2021 | 2022 | 2023 | 2024 | 2025 | 2026,Roosters,2017-05-28T06:00:00Z,2026-06-05T10:00:00Z,140,0,0,0,0,Teams listed are inferred from match structure in player-stat JSON.
NRL player stats data,Lindsay Smith,lindsay smith,Lindsay Smith,2021,2026,2021 | 2022 | 2023 | 2024 | 2025 | 2026,Panthers,2021-06-04T09:55:00Z,2026-06-07T04:00:00Z,98,0,0,0,0,Teams listed are inferred from match structure in player-stat JSON.
NRL player stats data,Lipoi Hopoi,lipoi hopoi,Lipoi Hopoi,2024,2026,2024 | 2025 | 2026,Bulldogs,2024-05-31T10:00:00Z,2026-06-08T06:05:00Z,25,0,0,0,0,Teams listed are inferred from match structure in player-stat JSON.
NRL player stats data,LJ Nonu,lj nonu,LJ Nonu,2025,2025,2025,Dolphins,2025-08-01T08:00:00Z,2025-08-31T06:05:00Z,2,0,0,0,0,Teams listed are inferred from match structure in player-stat JSON.
NRL player stats data,Lloyd Perrett,lloyd perrett,Lloyd Perrett,2014,2019,2014 | 2015 | 2016 | 2017 | 2018 | 2019,Bulldogs | Sea Eagles,2014-06-20T09:45:00Z,2019-09-20T09:50:00Z,56,0,0,0,0,Teams listed are inferred from match structure in player-stat JSON.
NRL player stats data,Logan Spinks,logan spinks,Logan Spinks,2026,2026,2026,Bulldogs,2026-04-03T05:05:00Z,2026-05-07T09:50:00Z,2,0,0,0,0,Teams listed are inferred from match structure in player-stat JSON.
NRL player stats data,Logan Swann,logan swann,Logan Swann,1998,2008,1998 | 1999 | 2000 | 2001 | 2002 | 2003 | 2007 | 2008,Warriors,1998-03-13T00:00:00Z,2008-09-27T00:00:00Z,182,0,0,0,0,Teams listed are inferred from match structure in player-stat JSON.
NRL player stats data,Loko Jnr Pasifiki Tonga,loko jnr pasifiki tonga,Loko Jnr Pasifiki Tonga,2026,2026,2026,Dragons,2026-03-29T07:15:00Z,2026-06-07T06:05:00Z,8,0,0,0,0,Teams listed are inferred from match structure in player-stat JSON.
NRL player stats data,Loko Pasifiki Tonga,loko pasifiki tonga,Loko Pasifiki Tonga,2025,2025,2025,Dragons,2025-04-25T06:00:00Z,2025-09-06T05:00:00Z,12,0,0,0,0,Teams listed are inferred from match structure in player-stat JSON.
NRL player stats data,Lopini Paea,lopini paea,Lopini Paea,2003,2010,2003 | 2005 | 2006 | 2007 | 2008 | 2009 | 2010,Roosters,2003-08-09T00:00:00Z,2010-10-03T00:00:00Z,95,0,0,0,0,Teams listed are inferred from match structure in player-stat JSON.
NRL player stats data,Lorenzo Mulitalo,lorenzo mulitalo,Lorenzo Mulitalo,2024,2024,2024,Eels,2024-07-13T07:30:00Z,2024-07-13T07:30:00Z,1,0,0,0,0,Teams listed are inferred from match structure in player-stat JSON.
NRL player stats data,Lorenzo Talataina,lorenzo talataina,Lorenzo Talataina,2026,2026,2026,Eels,2026-04-12T04:00:00Z,2026-05-02T07:30:00Z,4,0,0,0,0,Teams listed are inferred from match structure in player-stat JSON.
NRL player stats data,Lote Tuqiri,lote tuqiri,Lote Tuqiri,1999,2014,1999 | 2000 | 2001 | 2002 | 2010 | 2011 | 2012 | 2013 | 2014,Broncos | Rabbitohs | Wests Tigers,1999-03-14T00:00:00Z,2014-10-05T09:20:00Z,167,0,0,0,0,Teams listed are inferred from match structure in player-stat JSON.
NRL player stats data,Louis Anderson,louis anderson,Louis Anderson,2004,2007,2004 | 2005 | 2006 | 2007,Warriors,2004-03-28T00:00:00Z,2007-09-01T00:00:00Z,67,0,0,0,0,Teams listed are inferred from match structure in player-stat JSON.
NRL player stats data,Luca Moretti,luca moretti,Luca Moretti,2023,2026,2023 | 2024 | 2025 | 2026,Eels,2023-05-26T10:00:00Z,2026-06-13T09:35:00Z,48,0,0,0,0,Teams listed are inferred from match structure in player-stat JSON.
NRL player stats data,Luciano Leilua,luciano leilua,Luciano Leilua,2016,2026,2016 | 2018 | 2019 | 2020 | 2021 | 2022 | 2023 | 2024 | 2025 | 2026,Cowboys | Dragons | Wests Tigers,2016-08-04T09:50:00Z,2026-05-31T04:00:00Z,176,0,0,0,0,Teams listed are inferred from match structure in player-stat JSON.
NRL player stats data,Luke Bailey,luke bailey,Luke Bailey,2000,2014,2000 | 2001 | 2002 | 2003 | 2004 | 2005 | 2006 | 2007 | 2008 | 2009 | 2010 | 2011 | 2012 | 2013 | 2014,Dragons | Titans,2000-02-05T00:00:00Z,2014-08-24T05:00:00Z,269,0,0,0,0,Teams listed are inferred from match structure in player-stat JSON.
NRL player stats data,Luke Bateman,luke bateman,Luke Bateman,2015,2018,2015 | 2016 | 2017 | 2018,Raiders,2015-03-08T07:30:00Z,2018-08-31T08:00:00Z,72,0,0,0,0,Teams listed are inferred from match structure in player-stat JSON.
NRL player stats data,Luke Branighan,luke branighan,Luke Branighan,2000,2001,2000 | 2001,Dragons | Sharks,2000-04-16T00:00:00Z,2001-04-15T00:00:00Z,16,0,0,0,0,Teams listed are inferred from match structure in player-stat JSON.
NRL player stats data,Luke Brooks,luke brooks,Luke Brooks,2013,2026,2013 | 2014 | 2015 | 2016 | 2017 | 2018 | 2019 | 2020 | 2021 | 2022 | 2023 | 2024 | 2025 | 2026,Sea Eagles | Wests Tigers,2013-08-24T05:00:00Z,2026-06-04T09:50:00Z,268,0,0,0,0,Teams listed are inferred from match structure in player-stat JSON.
NRL player stats data,Luke Burgess,luke burgess,Luke Burgess,2011,2016,2011 | 2012 | 2013 | 2014 | 2015 | 2016,Rabbitohs | Sea Eagles,2011-07-03T00:00:00Z,2016-07-04T09:00:00Z,71,0,0,0,0,Teams listed are inferred from match structure in player-stat JSON.
NRL player stats data,Luke Burt,luke burt,Luke Burt,1999,2012,1999 | 2000 | 2001 | 2002 | 2003 | 2004 | 2005 | 2006 | 2007 | 2008 | 2009 | 2010 | 2011 | 2012,Eels,1999-03-06T00:00:00Z,2012-09-02T00:00:00Z,264,0,0,0,0,Teams listed are inferred from match structure in player-stat JSON.
NRL player stats data,Luke Capewell,luke capewell,Luke Capewell,2008,2012,2008 | 2009 | 2010 | 2011 | 2012,Broncos | Eels | Rabbitohs | Titans,2008-06-01T00:00:00Z,2012-08-24T00:00:00Z,40,0,0,0,0,Teams listed are inferred from match structure in player-stat JSON.
NRL player stats data,Luke Covell,luke covell,Luke Covell,2003,2010,2003 | 2004 | 2005 | 2006 | 2007 | 2008 | 2009 | 2010,Sharks | Wests Tigers,2003-04-26T00:00:00Z,2010-09-04T00:00:00Z,153,0,0,0,0,Teams listed are inferred from match structure in player-stat JSON.
NRL player stats data,Luke Davico,luke davico,Luke Davico,1998,2007,1998 | 1999 | 2000 | 2001 | 2002 | 2003 | 2004 | 2006 | 2007,Knights | Raiders,1998-03-15T00:00:00Z,2007-04-02T00:00:00Z,138,0,0,0,0,Teams listed are inferred from match structure in player-stat JSON.
NRL player stats data,Luke Dorn,luke dorn,Luke Dorn,2002,2004,2002 | 2003 | 2004,Eagles | Roosters | Sea Eagles,2002-04-07T00:00:00Z,2004-07-03T00:00:00Z,38,0,0,0,0,Teams listed are inferred from match structure in player-stat JSON.
NRL player stats data,Luke Douglas,luke douglas,Luke Douglas,2006,2016,2006 | 2007 | 2008 | 2009 | 2010 | 2011 | 2012 | 2013 | 2014 | 2015 | 2016,Sharks | Titans,2006-03-18T00:00:00Z,2016-09-09T09:55:00Z,263,0,0,0,0,Teams listed are inferred from match structure in player-stat JSON.
NRL player stats data,Luke Duffy,luke duffy,Luke Duffy,2004,2004,2004,Wests Tigers,2004-04-30T00:00:00Z,2004-05-08T00:00:00Z,2,0,0,0,0,Teams listed are inferred from match structure in player-stat JSON.
NRL player stats data,Luke Dyer,luke dyer,Luke Dyer,2004,2004,2004,Panthers,2004-07-02T00:00:00Z,2004-07-02T00:00:00Z,1,0,0,0,0,Teams listed are inferred from match structure in player-stat JSON.
NRL player stats data,Luke Felsch,luke felsch,Luke Felsch,1998,2002,1998 | 2002,Dragons,1998-03-15T00:00:00Z,2002-07-20T00:00:00Z,36,0,0,0,0,Teams listed are inferred from match structure in player-stat JSON.
NRL player stats data,Luke Garner,luke garner,Luke Garner,2018,2026,2018 | 2019 | 2020 | 2021 | 2022 | 2023 | 2024 | 2025 | 2026,Panthers | Wests Tigers,2018-07-15T06:10:00Z,2026-06-07T04:00:00Z,150,0,0,0,0,Teams listed are inferred from match structure in player-stat JSON.
NRL player stats data,Luke Goodwin,luke goodwin,Luke Goodwin,1999,1999,1999,Magpies,1999-03-21T00:00:00Z,1999-07-11T00:00:00Z,5,0,0,0,0,Teams listed are inferred from match structure in player-stat JSON.
NRL player stats data,Luke Hanson,luke hanson,Luke Hanson,2026,2026,2026,Warriors,2026-03-21T04:00:00Z,2026-05-31T08:15:00Z,5,0,0,0,0,Teams listed are inferred from match structure in player-stat JSON.
NRL player stats data,Luke Harlen,luke harlen,Luke Harlen,2006,2010,2006 | 2008 | 2010,Cowboys | Sharks,2006-03-25T00:00:00Z,2010-07-03T19:29:00Z,10,0,0,0,0,Teams listed are inferred from match structure in player-stat JSON.
NRL player stats data,Luke Isakka,luke isakka,Luke Isakka,2001,2002,2001 | 2002,Wests Tigers,2001-04-29T00:00:00Z,2002-07-06T00:00:00Z,8,0,0,0,0,Teams listed are inferred from match structure in player-stat JSON.
NRL player stats data,Luke Keary,luke keary,Luke Keary,2013,2024,2013 | 2014 | 2015 | 2016 | 2017 | 2018 | 2019 | 2020 | 2021 | 2022 | 2023 | 2024,Rabbitohs | Roosters,2013-06-01T09:30:00Z,2024-09-27T09:50:00Z,231,0,0,0,0,Teams listed are inferred from match structure in player-stat JSON.
NRL player stats data,Luke Kelly,luke kelly,Luke Kelly,2009,2017,2009 | 2010 | 2012 | 2013 | 2014 | 2015 | 2016 | 2017,Eels | Rabbitohs | Storm,2009-07-20T00:00:00Z,2017-09-01T09:50:00Z,49,0,0,0,0,Teams listed are inferred from match structure in player-stat JSON.
NRL player stats data,Luke Laulilii,luke laulilii,Luke Laulilii,2024,2026,2024 | 2025 | 2026,Wests Tigers,2024-06-23T06:05:00Z,2026-06-14T06:05:00Z,20,0,0,0,0,Teams listed are inferred from match structure in player-stat JSON.
NRL player stats data,Luke Lewis,luke lewis,Luke Lewis,2001,2018,2001 | 2002 | 2003 | 2004 | 2005 | 2006 | 2007 | 2008 | 2009 | 2010 | 2011 | 2012 | 2013 | 2014 | 2015 | 2016 | 2017 | 2018,Panthers | Sharks,2001-08-20T00:00:00Z,2018-09-21T09:40:00Z,324,0,0,0,0,Teams listed are inferred from match structure in player-stat JSON.
NRL player stats data,Luke MacDougall,luke macdougall,Luke MacDougall,2002,2012,2002 | 2003 | 2004 | 2005 | 2006 | 2007 | 2010 | 2012,Bulldogs | Dragons | Knights | Rabbitohs | Sharks | Storm,2002-04-07T00:00:00Z,2012-06-24T00:00:00Z,72,0,0,0,0,Teams listed are inferred from match structure in player-stat JSON.
NRL player stats data,Luke Metcalf,luke metcalf,Luke Metcalf,2021,2026,2021 | 2022 | 2023 | 2024 | 2025 | 2026,Sharks | Warriors,2021-07-11T06:05:00Z,2026-05-02T07:30:00Z,50,0,0,0,0,Teams listed are inferred from match structure in player-stat JSON.
NRL player stats data,Luke Milton,luke milton,Luke Milton,2001,2003,2001 | 2002 | 2003,Roosters | Wests Tigers,2001-08-26T00:00:00Z,2003-06-28T00:00:00Z,9,0,0,0,0,Teams listed are inferred from match structure in player-stat JSON.
NRL player stats data,Luke O'Donnell,luke odonnell,Luke O'Donnell,1999,2013,1999 | 2000 | 2001 | 2002 | 2003 | 2004 | 2005 | 2006 | 2007 | 2008 | 2009 | 2010 | 2013,Cowboys | Roosters | Tigers | Wests Tigers,1999-07-31T00:00:00Z,2013-10-06T08:15:00Z,188,0,0,0,0,Teams listed are inferred from match structure in player-stat JSON.
NRL player stats data,Luke O'Dwyer,luke odwyer,Luke O'Dwyer,2004,2013,2004 | 2005 | 2006 | 2007 | 2008 | 2009 | 2010 | 2011 | 2012 | 2013,Eels | Titans,2004-03-21T00:00:00Z,2013-08-17T07:30:00Z,127,0,0,0,0,Teams listed are inferred from match structure in player-stat JSON.
NRL player stats data,Luke Page,luke page,Luke Page,2015,2015,2015,Dragons,2015-07-04T09:30:00Z,2015-07-04T09:30:00Z,1,0,0,0,0,Teams listed are inferred from match structure in player-stat JSON.
NRL player stats data,Luke Patten,luke patten,Luke Patten,1998,2010,1998 | 1999 | 2000 | 2001 | 2002 | 2003 | 2004 | 2005 | 2006 | 2007 | 2008 | 2009 | 2010,Bulldogs | Dragons | Knights | Raiders | Sea Eagles | Sharks | Steelers,1998-03-28T00:00:00Z,2010-09-05T00:00:00Z,281,0,0,0,0,Teams listed are inferred from match structure in player-stat JSON.
NRL player stats data,Luke Phillips,luke phillips,Luke Phillips,1998,2002,1998 | 2000 | 2001 | 2002,Roosters | Sea Eagles | Warriors,1998-03-13T00:00:00Z,2002-10-06T00:00:00Z,87,0,0,0,0,Teams listed are inferred from match structure in player-stat JSON.
NRL player stats data,Luke Priddis,luke priddis,Luke Priddis,1998,2010,1998 | 1999 | 2000 | 2001 | 2002 | 2003 | 2004 | 2005 | 2006 | 2007 | 2008 | 2009 | 2010,Broncos | Dragons | Panthers | Raiders,1998-03-15T00:00:00Z,2010-09-05T00:00:00Z,295,0,0,0,0,Teams listed are inferred from match structure in player-stat JSON.
NRL player stats data,Luke Quigley,luke quigley,Luke Quigley,2002,2006,2002 | 2003 | 2004 | 2005 | 2006,Knights,2002-06-23T00:00:00Z,2006-09-16T00:00:00Z,41,0,0,0,0,Teams listed are inferred from match structure in player-stat JSON.
NRL player stats data,Luke Ricketson,luke ricketson,Luke Ricketson,1998,2005,1998 | 1999 | 2000 | 2001 | 2002 | 2003 | 2004 | 2005,Roosters,1998-03-14T00:00:00Z,2005-09-04T00:00:00Z,197,0,0,0,0,Teams listed are inferred from match structure in player-stat JSON.
NRL player stats data,Luke Rooney,luke rooney,Luke Rooney,2001,2008,2001 | 2002 | 2003 | 2004 | 2005 | 2006 | 2007 | 2008,Panthers,2001-04-21T00:00:00Z,2008-09-06T00:00:00Z,140,0,0,0,0,Teams listed are inferred from match structure in player-stat JSON.
NRL player stats data,Luke Scott,luke scott,Luke Scott,1998,1998,1998,Cowboys,1998-03-13T00:00:00Z,1998-08-23T00:00:00Z,10,0,0,0,0,Teams listed are inferred from match structure in player-stat JSON.
NRL player stats data,Luke Smith,luke smith,Luke Smith,2025,2025,2025,Bulldogs,2025-03-16T07:15:00Z,2025-05-22T09:50:00Z,3,0,0,0,0,Teams listed are inferred from match structure in player-stat JSON.
NRL player stats data,Luke Sommerton,luke sommerton,Luke Sommerton,2023,2026,2023 | 2024 | 2025 | 2026,Panthers | Titans,2023-08-10T09:50:00Z,2026-06-14T06:05:00Z,20,0,0,0,0,Teams listed are inferred from match structure in player-stat JSON.
NRL player stats data,Luke Stuart,luke stuart,Luke Stuart,1998,2011,1998 | 1999 | 2000 | 2001 | 2002 | 2003 | 2004 | 2005 | 2006 | 2007 | 2008 | 2009 | 2010 | 2011,Rabbitohs | Sharks,1998-05-08T00:00:00Z,2011-04-08T00:00:00Z,242,0,0,0,0,Teams listed are inferred from match structure in player-stat JSON.
NRL player stats data,Luke Swain,luke swain,Luke Swain,2003,2008,2003 | 2004 | 2005 | 2006 | 2007 | 2008,Panthers | Titans,2003-04-05T00:00:00Z,2008-09-07T00:00:00Z,112,0,0,0,0,Teams listed are inferred from match structure in player-stat JSON.
NRL player stats data,Luke Thompson,luke thompson,Luke Thompson,2020,2023,2020 | 2021 | 2022 | 2023,Bulldogs,2020-07-11T07:30:00Z,2023-09-03T04:00:00Z,42,0,0,0,0,Teams listed are inferred from match structure in player-stat JSON.
NRL player stats data,Luke Walsh,luke walsh,Luke Walsh,2007,2013,2007 | 2009 | 2010 | 2011 | 2012 | 2013,Knights | Panthers,2007-06-02T00:00:00Z,2013-09-08T04:00:00Z,120,0,0,0,0,Teams listed are inferred from match structure in player-stat JSON.
NRL player stats data,Luke Williamson,luke williamson,Luke Williamson,1998,2008,1998 | 1999 | 2000 | 2001 | 2002 | 2003 | 2004 | 2005 | 2006 | 2007 | 2008,Eagles | Raiders | Rams | Sea Eagles,1998-03-22T00:00:00Z,2008-08-23T00:00:00Z,206,0,0,0,0,Teams listed are inferred from match structure in player-stat JSON.
NRL player stats data,Luke Yates,luke yates,Luke Yates,2017,2018,2017 | 2018,Knights,2017-03-05T03:00:00Z,2018-08-26T04:00:00Z,25,0,0,0,0,Teams listed are inferred from match structure in player-stat JSON.
NRL player stats data,Luke Young,luke young,Luke Young,2002,2005,2002 | 2005,Bulldogs | Panthers,2002-06-01T00:00:00Z,2005-09-04T00:00:00Z,9,0,0,0,0,Teams listed are inferred from match structure in player-stat JSON.
NRL player stats data,Luron Patea,luron patea,Luron Patea,2024,2026,2024 | 2025 | 2026,Panthers,2024-06-30T06:05:00Z,2026-05-31T08:15:00Z,18,0,0,0,0,Teams listed are inferred from match structure in player-stat JSON.
NRL player stats data,Lyhkan King-Togia,lyhkan king togia,Lyhkan King-Togia,2024,2026,2024 | 2025 | 2026,Dragons,2024-08-03T07:30:00Z,2026-05-31T04:00:00Z,31,0,0,0,0,Teams listed are inferred from match structure in player-stat JSON.
NRL player stats data,Mahe Fonua,mahe fonua,Mahe Fonua,2012,2019,2012 | 2013 | 2014 | 2015 | 2018 | 2019,Storm | Wests Tigers,2012-08-10T00:00:00Z,2019-06-07T09:55:00Z,71,0,0,0,0,Teams listed are inferred from match structure in player-stat JSON.
NRL player stats data,Maika Sivo,maika sivo,Maika Sivo,2019,2024,2019 | 2020 | 2021 | 2022 | 2023 | 2024,Eels,2019-03-17T05:05:00Z,2024-09-06T08:00:00Z,115,0,0,0,0,Teams listed are inferred from match structure in player-stat JSON.
NRL player stats data,Mailangi Styles,mailangi styles,Mailangi Styles,2006,2006,2006,Sea Eagles,2006-05-20T00:00:00Z,2006-05-20T00:00:00Z,1,0,0,0,0,Teams listed are inferred from match structure in player-stat JSON.
NRL player stats data,Makahesi Makatoa,makahesi makatoa,Makahesi Makatoa,2021,2025,2021 | 2022 | 2023 | 2024 | 2025,Eels | Roosters,2021-06-06T06:05:00Z,2025-07-06T04:00:00Z,75,0,0,0,0,Teams listed are inferred from match structure in player-stat JSON.
NRL player stats data,Makaia Tafua,makaia tafua,Makaia Tafua,2026,2026,2026,Warriors,2026-06-13T07:30:00Z,2026-06-13T07:30:00Z,1,0,0,0,0,Teams listed are inferred from match structure in player-stat JSON.
NRL player stats data,Makasini Richter,makasini richter,Makasini Richter,2001,2005,2001 | 2002 | 2005,Bulldogs | Wests Tigers,2001-04-01T00:00:00Z,2005-07-31T00:00:00Z,26,0,0,0,0,Teams listed are inferred from match structure in player-stat JSON.
NRL player stats data,Mal Kaufusi,mal kaufusi,Mal Kaufusi,2002,2004,2002 | 2004,Eagles | Eels,2002-04-20T00:00:00Z,2004-05-30T00:00:00Z,20,0,0,0,0,Teams listed are inferred from match structure in player-stat JSON.
NRL player stats data,Malakai Watene-Zelezniak,malakai watene zelezniak,Malakai Watene-Zelezniak,2017,2020,2017 | 2018 | 2019 | 2020,Panthers | Wests Tigers,2017-04-07T09:50:00Z,2020-07-26T06:05:00Z,31,0,0,0,0,Teams listed are inferred from match structure in player-stat JSON.
NRL player stats data,Malo Solomona,malo solomona,Malo Solomona,2008,2008,2008,Warriors,2008-06-29T00:00:00Z,2008-08-31T00:00:00Z,8,0,0,0,0,Teams listed are inferred from match structure in player-stat JSON.
NRL player stats data,Manaia Cherrington,manaia cherrington,Manaia Cherrington,2015,2016,2015 | 2016,Wests Tigers,2015-06-05T09:35:00Z,2016-04-02T06:30:00Z,16,0,0,0,0,Teams listed are inferred from match structure in player-stat JSON.
NRL player stats data,Manaia Waitere,manaia waitere,Manaia Waitere,2025,2026,2025 | 2026,Raiders | Storm,2025-05-10T05:00:00Z,2026-06-05T08:00:00Z,12,0,0,0,0,Teams listed are inferred from match structure in player-stat JSON.
NRL player stats data,Manase Fainu,manase fainu,Manase Fainu,2018,2019,2018 | 2019,Sea Eagles,2018-06-30T05:00:00Z,2019-09-20T09:50:00Z,34,0,0,0,0,Teams listed are inferred from match structure in player-stat JSON.
NRL player stats data,Manase Manuokafoa,manase manuokafoa,Manase Manuokafoa,2005,2011,2005 | 2006 | 2007 | 2008 | 2009 | 2010 | 2011,Cowboys | Eels | Rabbitohs,2005-04-10T00:00:00Z,2011-07-01T00:00:00Z,89,0,0,0,0,Teams listed are inferred from match structure in player-stat JSON.
NRL player stats data,Manu Ma'u,manu mau,Manu Ma'u,2014,2019,2014 | 2015 | 2016 | 2017 | 2018 | 2019,Eels,2014-03-09T07:30:00Z,2019-09-21T09:50:00Z,115,0,0,0,0,Teams listed are inferred from match structure in player-stat JSON.
NRL player stats data,Manu Vatuvei,manu vatuvei,Manu Vatuvei,2004,2017,2004 | 2005 | 2006 | 2007 | 2008 | 2009 | 2010 | 2011 | 2012 | 2013 | 2014 | 2015 | 2016 | 2017,Warriors,2004-05-23T00:00:00Z,2017-03-17T07:00:00Z,226,0,0,0,0,Teams listed are inferred from match structure in player-stat JSON.
NRL player stats data,Marata Niukore,marata niukore,Marata Niukore,2018,2026,2018 | 2019 | 2020 | 2021 | 2022 | 2023 | 2024 | 2025 | 2026,Eels | Warriors,2018-05-18T08:00:00Z,2026-06-13T07:30:00Z,164,0,0,0,0,Teams listed are inferred from match structure in player-stat JSON.
NRL player stats data,Marc Ellis,marc ellis,Marc Ellis,1998,1998,1998,Warriors,1998-03-13T00:00:00Z,1998-04-26T00:00:00Z,2,0,0,0,0,Teams listed are inferred from match structure in player-stat JSON.
NRL player stats data,Marc Herbert,marc herbert,Marc Herbert,2008,2010,2008 | 2009 | 2010,Raiders,2008-07-26T00:00:00Z,2010-05-01T14:59:00Z,23,0,0,0,0,Teams listed are inferred from match structure in player-stat JSON.
NRL player stats data,Marcelo Montoya,marcelo montoya,Marcelo Montoya,2017,2026,2017 | 2018 | 2019 | 2020 | 2021 | 2022 | 2023 | 2024 | 2025 | 2026,Bulldogs | Warriors,2017-03-17T07:00:00Z,2026-05-22T10:00:00Z,164,0,0,0,0,Teams listed are inferred from match structure in player-stat JSON.
NRL player stats data,Marcus Bai,marcus bai,Marcus Bai,1998,2003,1998 | 1999 | 2000 | 2001 | 2002 | 2003,Storm,1998-03-14T00:00:00Z,2003-09-21T00:00:00Z,144,0,0,0,0,Teams listed are inferred from match structure in player-stat JSON.
NRL player stats data,Marcus Perenara,marcus perenara,Marcus Perenara,2006,2006,2006,Eels,2006-04-09T00:00:00Z,2006-04-09T00:00:00Z,1,0,0,0,0,Teams listed are inferred from match structure in player-stat JSON.
NRL player stats data,Marika Koroibete,marika koroibete,Marika Koroibete,2012,2016,2012 | 2013 | 2014 | 2015 | 2016,Storm | Wests Tigers,2012-07-29T00:00:00Z,2016-10-02T08:15:00Z,74,0,0,0,0,Teams listed are inferred from match structure in player-stat JSON.
NRL player stats data,Marion Seve,marion seve,Marion Seve,2019,2025,2019 | 2020 | 2021 | 2022 | 2023 | 2024 | 2025,Storm,2019-03-22T07:00:00Z,2025-09-04T09:50:00Z,53,0,0,0,0,Teams listed are inferred from match structure in player-stat JSON.
NRL player stats data,Mark Asbock,mark asbock,Mark Asbock,2002,2002,2002,Raiders,2002-07-20T00:00:00Z,2002-08-25T00:00:00Z,3,0,0,0,0,Teams listed are inferred from match structure in player-stat JSON.
NRL player stats data,Mark Bryant,mark bryant,Mark Bryant,2002,2008,2002 | 2004 | 2005 | 2006 | 2007 | 2008,Raiders | Sea Eagles,2002-05-26T00:00:00Z,2008-10-05T00:00:00Z,100,0,0,0,0,Teams listed are inferred from match structure in player-stat JSON.
NRL player stats data,Mark Capelin,mark capelin,Mark Capelin,2001,2001,2001,Sharks,2001-04-15T00:00:00Z,2001-04-21T00:00:00Z,2,0,0,0,0,Teams listed are inferred from match structure in player-stat JSON.
NRL player stats data,Mark Carroll,mark carroll,Mark Carroll,1999,1999,1999,Rabbitohs,1999-03-07T00:00:00Z,1999-08-29T00:00:00Z,15,0,0,0,0,Teams listed are inferred from match structure in player-stat JSON.
NRL player stats data,Mark Christensen,mark christensen,Mark Christensen,2004,2004,2004,Rabbitohs,2004-08-08T00:00:00Z,2004-08-08T00:00:00Z,1,0,0,0,0,Teams listed are inferred from match structure in player-stat JSON.
NRL player stats data,Mark Corvo,mark corvo,Mark Corvo,1998,2001,1998 | 1999 | 2000 | 2001,Broncos | Raiders | Rams,1998-03-13T00:00:00Z,2001-07-29T00:00:00Z,55,0,0,0,0,Teams listed are inferred from match structure in player-stat JSON.
NRL player stats data,Mark Coyne,mark coyne,Mark Coyne,1998,1999,1998 | 1999,Dragons,1998-03-15T00:00:00Z,1999-07-17T00:00:00Z,38,0,0,0,0,Teams listed are inferred from match structure in player-stat JSON.
NRL player stats data,Mark Edmondson,mark edmondson,Mark Edmondson,2006,2006,2006,Roosters,2006-04-14T00:00:00Z,2006-05-07T00:00:00Z,2,0,0,0,0,Teams listed are inferred from match structure in player-stat JSON.
NRL player stats data,Mark Flanagan,mark flanagan,Mark Flanagan,2010,2011,2010 | 2011,Wests Tigers,2010-03-15T18:58:00Z,2011-09-16T00:00:00Z,27,0,0,0,0,Teams listed are inferred from match structure in player-stat JSON.
NRL player stats data,Mark Gasnier,mark gasnier,Mark Gasnier,2000,2011,2000 | 2001 | 2002 | 2003 | 2004 | 2005 | 2006 | 2007 | 2008 | 2010 | 2011,Dragons,2000-03-24T00:00:00Z,2011-09-17T00:00:00Z,174,0,0,0,0,Teams listed are inferred from match structure in player-stat JSON.
NRL player stats data,Mark Geyer,mark geyer,Mark Geyer,1998,2000,1998 | 1999 | 2000,Panthers,1998-03-14T00:00:00Z,2000-08-04T00:00:00Z,43,0,0,0,0,Teams listed are inferred from match structure in player-stat JSON.
NRL player stats data,Mark Henry,mark henry,Mark Henry,2006,2008,2006 | 2007 | 2008,Cowboys,2006-07-01T00:00:00Z,2008-09-06T00:00:00Z,41,0,0,0,0,Teams listed are inferred from match structure in player-stat JSON.
NRL player stats data,Mark Hughes,mark hughes,Mark Hughes,1998,2005,1998 | 1999 | 2000 | 2001 | 2002 | 2003 | 2004 | 2005,Knights,1998-03-15T00:00:00Z,2005-05-21T00:00:00Z,144,0,0,0,0,Teams listed are inferred from match structure in player-stat JSON.
NRL player stats data,Mark Ioane,mark ioane,Mark Ioane,2013,2015,2013 | 2014 | 2015,Dragons | Titans,2013-05-05T02:00:00Z,2015-08-30T06:00:00Z,29,0,0,0,0,Teams listed are inferred from match structure in player-stat JSON.
NRL player stats data,Mark Kheirallah,mark kheirallah,Mark Kheirallah,2011,2011,2011,Roosters,2011-07-04T00:00:00Z,2011-07-04T00:00:00Z,1,0,0,0,0,Teams listed are inferred from match structure in player-stat JSON.
NRL player stats data,Mark Leafa,mark leafa,Mark Leafa,2002,2004,2002 | 2004,Rabbitohs | Roosters,2002-03-24T00:00:00Z,2004-08-22T00:00:00Z,8,0,0,0,0,Teams listed are inferred from match structure in player-stat JSON.
NRL player stats data,Mark Lennon,mark lennon,Mark Lennon,2004,2004,2004,Sea Eagles,2004-08-07T00:00:00Z,2004-08-07T00:00:00Z,1,0,0,0,0,Teams listed are inferred from match structure in player-stat JSON.
NRL player stats data,Mark Luland,mark luland,Mark Luland,1999,1999,1999,Tigers,1999-07-24T00:00:00Z,1999-08-21T00:00:00Z,5,0,0,0,0,Teams listed are inferred from match structure in player-stat JSON.
NRL player stats data,Mark McLinden,mark mclinden,Mark Mclinden | Mark McLinden,1998,2004,1998 | 1999 | 2000 | 2001 | 2002 | 2003 | 2004,Raiders | Rams,1998-03-29T00:00:00Z,2004-09-12T15:45:00Z,165,0,0,0,0,Teams listed are inferred from match structure in player-stat JSON.
NRL player stats data,Mark Meredith,mark meredith,Mark Meredith,2002,2003,2002 | 2003,Rabbitohs,2002-08-31T00:00:00Z,2003-08-30T00:00:00Z,5,0,0,0,0,Teams listed are inferred from match structure in player-stat JSON.
NRL player stats data,Mark Minichiello,mark minichiello,Mark Minichiello,2002,2014,2002 | 2003 | 2004 | 2005 | 2006 | 2007 | 2008 | 2009 | 2010 | 2011 | 2012 | 2013 | 2014,Rabbitohs | Roosters | Titans,2002-06-01T00:00:00Z,2014-09-07T05:00:00Z,259,0,0,0,0,Teams listed are inferred from match structure in player-stat JSON.
NRL player stats data,Mark Nawaqanitawase,mark nawaqanitawase,Mark Nawaqanitawase,2024,2026,2024 | 2025 | 2026,Roosters,2024-09-06T10:00:00Z,2026-06-05T10:00:00Z,34,0,0,0,0,Teams listed are inferred from match structure in player-stat JSON.
NRL player stats data,Mark Nicholls,mark nicholls,Mark Nicholls,2012,2025,2012 | 2013 | 2015 | 2017 | 2018 | 2019 | 2020 | 2021 | 2022 | 2023 | 2024 | 2025,Dolphins | Rabbitohs | Raiders | Storm,2012-07-02T00:00:00Z,2025-09-07T04:00:00Z,194,0,0,0,0,Teams listed are inferred from match structure in player-stat JSON.
NRL player stats data,Mark O'Halloran,mark ohalloran,Mark O'Halloran,2001,2008,2001 | 2003 | 2006 | 2007 | 2008,Panthers | Wests Tigers,2001-07-05T00:00:00Z,2008-03-22T00:00:00Z,39,0,0,0,0,Teams listed are inferred from match structure in player-stat JSON.
NRL player stats data,Mark O'Meley,mark omeley,Mark O'Meley,1999,2009,1999 | 2000 | 2001 | 2002 | 2003 | 2004 | 2005 | 2006 | 2007 | 2008 | 2009,Bears | Bulldogs | Eagles | Roosters,1999-03-07T00:00:00Z,2009-06-13T00:00:00Z,201,0,0,0,0,Teams listed are inferred from match structure in player-stat JSON.
NRL player stats data,Mark O'Neill,mark oneill,Mark O'Neill,1998,2005,1998 | 1999 | 2000 | 2001 | 2002 | 2003 | 2004 | 2005,Tigers | Wests Tigers,1998-03-14T00:00:00Z,2005-10-02T00:00:00Z,168,0,0,0,0,Teams listed are inferred from match structure in player-stat JSON.
NRL player stats data,Mark Reber,mark reber,Mark Reber,1998,1998,1998,Bears,1998-03-15T00:00:00Z,1998-09-04T00:00:00Z,25,0,0,0,0,Teams listed are inferred from match structure in player-stat JSON.
NRL player stats data,Mark Riddell,mark riddell,Mark Riddell,2001,2011,2001 | 2002 | 2003 | 2004 | 2005 | 2006 | 2007 | 2008 | 2011,Dragons | Eels | Roosters,2001-02-18T00:00:00Z,2011-06-13T00:00:00Z,189,0,0,0,0,Teams listed are inferred from match structure in player-stat JSON.
NRL player stats data,Mark Robinson,mark robinson,Mark Robinson,2003,2003,2003,Warriors,2003-05-02T00:00:00Z,2003-05-02T00:00:00Z,1,0,0,0,0,Teams listed are inferred from match structure in player-stat JSON.
NRL player stats data,Mark Shipway,mark shipway,Mark Shipway,1998,2003,1998 | 1999 | 2000 | 2001 | 2002 | 2003,Cowboys | Eagles | Sea Eagles,1998-03-13T00:00:00Z,2003-09-06T00:00:00Z,113,0,0,0,0,Teams listed are inferred from match structure in player-stat JSON.
NRL player stats data,Mark Soden,mark soden,Mark Soden,1998,1999,1998 | 1999,Bears,1998-03-15T00:00:00Z,1999-08-28T00:00:00Z,33,0,0,0,0,Teams listed are inferred from match structure in player-stat JSON.
NRL player stats data,Mark Stimson,mark stimson,Mark Stimson,1998,2000,1998 | 1999 | 2000,Tigers | Wests Tigers,1998-03-14T00:00:00Z,2000-05-21T00:00:00Z,49,0,0,0,0,Teams listed are inferred from match structure in player-stat JSON.
NRL player stats data,Mark Taufua,mark taufua,Mark Taufua,2007,2013,2007 | 2008 | 2009 | 2010 | 2011 | 2012 | 2013,Knights | Sharks,2007-04-30T00:00:00Z,2013-07-20T09:30:00Z,88,0,0,0,0,Teams listed are inferred from match structure in player-stat JSON.
NRL player stats data,Mark Tookey,mark tookey,Mark Tookey,1998,2004,1998 | 1999 | 2000 | 2001 | 2002 | 2003 | 2004,Eels | Warriors,1998-03-29T00:00:00Z,2004-06-13T00:00:00Z,107,0,0,0,0,Teams listed are inferred from match structure in player-stat JSON.
NRL player stats data,Marly Bitungane,marly bitungane,Marly Bitungane,2025,2025,2025,Cowboys,2025-06-14T09:35:00Z,2025-08-10T06:05:00Z,4,0,0,0,0,Teams listed are inferred from match structure in player-stat JSON.
NRL player stats data,Marshall Chalk,marshall chalk,Marshall Chalk,2004,2008,2004 | 2005 | 2006 | 2007 | 2008,Raiders,2004-08-22T00:00:00Z,2008-09-13T00:00:00Z,71,0,0,0,0,Teams listed are inferred from match structure in player-stat JSON.
NRL player stats data,Marshall Scott,marshall scott,Marshall Scott,1998,1999,1998 | 1999,Magpies | Tigers,1998-03-21T00:00:00Z,1999-03-21T00:00:00Z,9,0,0,0,0,Teams listed are inferred from match structure in player-stat JSON.
NRL player stats data,Martin Kennedy,martin kennedy,Martin Kennedy,2009,2014,2009 | 2010 | 2011 | 2012 | 2013 | 2014,Broncos | Roosters,2009-03-15T00:00:00Z,2014-09-13T09:55:00Z,82,0,0,0,0,Teams listed are inferred from match structure in player-stat JSON.
NRL player stats data,Martin Lang,martin lang,Martin Lang,1998,2004,1998 | 1999 | 2000 | 2001 | 2002 | 2003 | 2004,Panthers | Sharks,1998-03-14T00:00:00Z,2004-09-25T00:00:00Z,165,0,0,0,0,Teams listed are inferred from match structure in player-stat JSON.
NRL player stats data,Martin Locke,martin locke,Martin Locke,1998,2000,1998 | 1999 | 2000,Cowboys,1998-03-21T00:00:00Z,2000-05-13T00:00:00Z,32,0,0,0,0,Teams listed are inferred from match structure in player-stat JSON.
NRL player stats data,Martin O'Connell,martin oconnell,Martin O'Connell,1999,2001,1999 | 2001,Panthers,1999-06-05T00:00:00Z,2001-08-20T00:00:00Z,3,0,0,0,0,Teams listed are inferred from match structure in player-stat JSON.
NRL player stats data,Martin Taupau,martin taupau,Martin Taupau,2010,2025,2010 | 2011 | 2012 | 2013 | 2014 | 2015 | 2016 | 2017 | 2018 | 2019 | 2020 | 2021 | 2022 | 2023 | 2024 | 2025,Broncos | Bulldogs | Sea Eagles | Wests Tigers,2010-04-10T19:32:00Z,2025-04-24T09:50:00Z,261,0,0,0,0,Teams listed are inferred from match structure in player-stat JSON.
NRL player stats data,Marty McKenzie,marty mckenzie,Marty McKenzie,1998,1998,1998,Rams,1998-03-13T00:00:00Z,1998-08-01T00:00:00Z,14,0,0,0,0,Teams listed are inferred from match structure in player-stat JSON.
NRL player stats data,Marty Turner,marty turner,Marty Turner,2002,2003,2002 | 2003,Storm,2002-03-30T00:00:00Z,2003-04-20T00:00:00Z,3,0,0,0,0,Teams listed are inferred from match structure in player-stat JSON.
NRL player stats data,Marvin Filipo,marvin filipo,Marvin Filipo,2011,2012,2011 | 2012,Knights,2011-05-15T00:00:00Z,2012-07-14T00:00:00Z,4,0,0,0,0,Teams listed are inferred from match structure in player-stat JSON.
NRL player stats data,Marvin Karawana,marvin karawana,Marvin Karawana,2007,2011,2007 | 2008 | 2009 | 2011,Knights,2007-05-12T00:00:00Z,2011-08-27T00:00:00Z,33,0,0,0,0,Teams listed are inferred from match structure in player-stat JSON.
NRL player stats data,Masada Iosefa,masada iosefa,Masada Iosefa,2008,2013,2008 | 2009 | 2010 | 2011 | 2012 | 2013,Panthers | Wests Tigers,2008-06-20T00:00:00Z,2013-08-19T09:00:00Z,57,0,0,0,0,Teams listed are inferred from match structure in player-stat JSON.
NRL player stats data,Mason Lino,mason lino,Mason Lino,2015,2020,2015 | 2017 | 2018 | 2019 | 2020,Knights | Warriors,2015-08-22T07:30:00Z,2020-09-25T08:00:00Z,34,0,0,0,0,Teams listed are inferred from match structure in player-stat JSON.
NRL player stats data,Mason Teague,mason teague,Mason Teague,2023,2025,2023 | 2024 | 2025,Dolphins | Knights,2023-03-11T06:30:00Z,2025-06-14T07:30:00Z,11,0,0,0,0,Teams listed are inferred from match structure in player-stat JSON.
NRL player stats data,Mat Croker,mat croker,Mat Croker,2021,2026,2021 | 2022 | 2023 | 2024 | 2025 | 2026,Knights,2021-06-06T06:05:00Z,2026-06-05T08:00:00Z,99,0,0,0,0,Teams listed are inferred from match structure in player-stat JSON.
NRL player stats data,Mat Rogers,mat rogers,Mat Rogers,1998,2011,1998 | 1999 | 2000 | 2001 | 2007 | 2008 | 2009 | 2010 | 2011,Dragons | Sharks | Titans,1998-03-14T00:00:00Z,2011-07-08T00:00:00Z,137,0,0,0,0,Teams listed are inferred from match structure in player-stat JSON.
NRL player stats data,Mataupu Poching,mataupu poching,Mataupu Poching,2010,2010,2010,Warriors,2010-05-15T17:30:59Z,2010-05-15T17:30:59Z,1,0,0,0,0,Teams listed are inferred from match structure in player-stat JSON.
NRL player stats data,Mathew Feagai,mathew feagai,Mathew Feagai,2021,2026,2021 | 2022 | 2023 | 2024 | 2025 | 2026,Dragons,2021-05-09T06:05:00Z,2026-06-07T06:05:00Z,81,0,0,0,0,Teams listed are inferred from match structure in player-stat JSON.
NRL player stats data,Mathew Head,mathew head,Mathew Head,2003,2009,2003 | 2004 | 2005 | 2006 | 2007 | 2008 | 2009,Dragons | Wests Tigers,2003-03-29T00:00:00Z,2009-07-03T00:00:00Z,78,0,0,0,0,Teams listed are inferred from match structure in player-stat JSON.
NRL player stats data,Matt Adamson,matt adamson,Matt Adamson,1998,2005,1998 | 1999 | 2000 | 2001 | 2005,Panthers | Raiders,1998-03-14T00:00:00Z,2005-08-07T00:00:00Z,96,0,0,0,0,Teams listed are inferred from match structure in player-stat JSON.
NRL player stats data,Matt Ballin,matt ballin,Matt Ballin,2007,2017,2007 | 2008 | 2009 | 2010 | 2011 | 2012 | 2013 | 2014 | 2015 | 2016 | 2017,Sea Eagles | Wests Tigers,2007-03-24T00:00:00Z,2017-04-02T06:00:00Z,220,0,0,0,0,Teams listed are inferred from match structure in player-stat JSON.
NRL player stats data,Matt Bickerstaff,matt bickerstaff,Matt Bickerstaff,2002,2007,2002 | 2003 | 2004 | 2006 | 2007,Dragons | Raiders | Sharks,2002-05-04T00:00:00Z,2007-08-12T00:00:00Z,86,0,0,0,0,Teams listed are inferred from match structure in player-stat JSON.
NRL player stats data,Matt Burton,matt burton,Matt Burton,2019,2026,2019 | 2020 | 2021 | 2022 | 2023 | 2024 | 2025 | 2026,Bulldogs | Panthers,2019-08-09T09:55:00Z,2026-06-08T06:05:00Z,137,0,0,0,0,Teams listed are inferred from match structure in player-stat JSON.
NRL player stats data,Matt Doorey,matt doorey,Matt Doorey,2020,2026,2020 | 2021 | 2023 | 2024 | 2025 | 2026,Bulldogs | Eels,2020-08-16T06:05:00Z,2026-03-28T06:30:00Z,60,0,0,0,0,Teams listed are inferred from match structure in player-stat JSON.
NRL player stats data,Matt Duffie,matt duffie,Matt Duffie,2010,2015,2010 | 2011 | 2012 | 2013 | 2015,Storm,2010-04-25T00:00:00Z,2015-09-26T09:40:00Z,62,0,0,0,0,Teams listed are inferred from match structure in player-stat JSON.
NRL player stats data,Matt Dufty,matt dufty,Matt Dufty,2017,2021,2017 | 2018 | 2019 | 2021,Dragons,2017-08-04T08:00:00Z,2021-08-13T08:00:00Z,17,0,0,0,0,Teams listed are inferred from match structure in player-stat JSON.
NRL player stats data,Matt Frawley,matt frawley,Matt Frawley,2017,2023,2017 | 2018 | 2020 | 2021 | 2022 | 2023,Bulldogs | Raiders,2017-03-30T09:05:00Z,2023-09-10T06:05:00Z,65,0,0,0,0,Teams listed are inferred from match structure in player-stat JSON.
NRL player stats data,Matt French,matt french,Matt French,2024,2024,2024,Rabbitohs,2024-05-11T07:30:00Z,2024-05-18T09:45:00Z,2,0,0,0,0,Teams listed are inferred from match structure in player-stat JSON.
NRL player stats data,Matt Fuller,matt fuller,Matt Fuller,1999,1999,1999,Magpies,1999-03-28T00:00:00Z,1999-08-29T00:00:00Z,21,0,0,0,0,Teams listed are inferred from match structure in player-stat JSON.
NRL player stats data,Matt Geyer,matt geyer,Matt Geyer,1998,2008,1998 | 1999 | 2000 | 2001 | 2002 | 2003 | 2004 | 2005 | 2006 | 2007 | 2008,Storm,1998-03-22T00:00:00Z,2008-10-05T00:00:00Z,262,0,0,0,0,Teams listed are inferred from match structure in player-stat JSON.
NRL player stats data,Matt Gillett,matt gillett,Matt Gillett,2010,2019,2010 | 2011 | 2012 | 2013 | 2014 | 2015 | 2016 | 2017 | 2018 | 2019,Broncos,2010-03-12T00:00:00Z,2019-09-15T06:05:00Z,200,0,0,0,0,Teams listed are inferred from match structure in player-stat JSON.
NRL player stats data,Matt Hilder,matt hilder,Matt Hilder,2003,2013,2003 | 2004 | 2005 | 2006 | 2007 | 2008 | 2009 | 2010 | 2011 | 2012 | 2013,Knights | Sharks | Titans,2003-03-16T00:00:00Z,2013-09-28T09:45:00Z,201,0,0,0,0,Teams listed are inferred from match structure in player-stat JSON.
NRL player stats data,Matt Ikuvalu,matt ikuvalu,Matt Ikuvalu,2018,2022,2018 | 2019 | 2020 | 2021 | 2022,Roosters | Sharks,2018-06-03T06:10:00Z,2022-09-04T04:00:00Z,46,0,0,0,0,Teams listed are inferred from match structure in player-stat JSON.
NRL player stats data,Matt Kennedy,matt kennedy,Matt Kennedy,2003,2005,2003 | 2004 | 2005,Knights,2003-03-21T00:00:00Z,2005-06-05T00:00:00Z,45,0,0,0,0,Teams listed are inferred from match structure in player-stat JSON.
NRL player stats data,Matt King,matt king,Matt King,2003,2013,2003 | 2004 | 2005 | 2006 | 2007 | 2012 | 2013,Rabbitohs | Storm,2003-08-22T00:00:00Z,2013-08-09T09:35:00Z,114,0,0,0,0,Teams listed are inferred from match structure in player-stat JSON.
NRL player stats data,Matt McIlwrick,matt mcilwrick,Matt Mcilwrick | Matt McIlwrick,2012,2018,2012 | 2013 | 2014 | 2015 | 2016 | 2017 | 2018,Raiders | Roosters | Sharks | Wests Tigers,2012-04-29T00:00:00Z,2018-06-17T06:10:00Z,57,0,0,0,0,Teams listed are inferred from match structure in player-stat JSON.
NRL player stats data,Matt Minto,matt minto,Matt Minto,2014,2014,2014,Knights,2014-03-16T07:30:00Z,2014-03-24T08:00:00Z,2,0,0,0,0,Teams listed are inferred from match structure in player-stat JSON.
NRL player stats data,Matt Moylan,matt moylan,Matt Moylan,2013,2023,2013 | 2014 | 2015 | 2016 | 2017 | 2018 | 2019 | 2020 | 2021 | 2022 | 2023,Panthers | Sharks,2013-04-29T09:00:00Z,2023-08-27T06:05:00Z,193,0,0,0,0,Teams listed are inferred from match structure in player-stat JSON.
NRL player stats data,Matt Munro,matt munro,Matt Munro,1998,1998,1998,Rabbitohs,1998-04-04T00:00:00Z,1998-08-23T00:00:00Z,17,0,0,0,0,Teams listed are inferred from match structure in player-stat JSON.
NRL player stats data,Matt Orford,matt orford,Matt Orford,2000,2011,2000 | 2001 | 2002 | 2003 | 2004 | 2005 | 2006 | 2007 | 2008 | 2009 | 2011,Eagles | Raiders | Sea Eagles | Storm,2000-05-21T00:00:00Z,2011-05-09T00:00:00Z,235,0,0,0,0,Teams listed are inferred from match structure in player-stat JSON.
NRL player stats data,Matt Parcell,matt parcell,Matt Parcell,2015,2016,2015 | 2016,Broncos | Sea Eagles,2015-05-30T07:30:00Z,2016-09-04T08:30:00Z,21,0,0,0,0,Teams listed are inferred from match structure in player-stat JSON.
NRL player stats data,Matt Parsons,matt parsons,Matt Parsons,1998,2004,1998 | 1999 | 2000 | 2001 | 2002 | 2003 | 2004,Knights | Rabbitohs,1998-03-13T00:00:00Z,2004-09-04T00:00:00Z,150,0,0,0,0,Teams listed are inferred from match structure in player-stat JSON.
NRL player stats data,Matt Prior,matt prior,Matt Prior,2008,2019,2008 | 2009 | 2010 | 2011 | 2012 | 2013 | 2014 | 2015 | 2016 | 2017 | 2018 | 2019,Dragons | Sharks,2008-04-12T00:00:00Z,2019-09-14T09:50:00Z,253,0,0,0,0,Teams listed are inferred from match structure in player-stat JSON.
NRL player stats data,Matt Riddle,matt riddle,Matt Riddle,2004,2004,2004,Rabbitohs,2004-03-14T00:00:00Z,2004-03-21T00:00:00Z,2,0,0,0,0,Teams listed are inferred from match structure in player-stat JSON.
NRL player stats data,Matt Robinson,matt robinson,Matt Robinson,2012,2015,2012 | 2013 | 2014 | 2015,Panthers | Titans,2012-04-15T00:00:00Z,2015-09-05T09:30:00Z,38,0,0,0,0,Teams listed are inferred from match structure in player-stat JSON.
NRL player stats data,Matt Rua,matt rua,Matt Rua,1998,2007,1998 | 1999 | 2000 | 2001 | 2002 | 2007,Storm,1998-06-27T00:00:00Z,2007-06-10T00:00:00Z,101,0,0,0,0,Teams listed are inferred from match structure in player-stat JSON.
NRL player stats data,Matt Ryan,matt ryan,Matt Ryan,2012,2013,2012 | 2013,Eels,2012-04-15T00:00:00Z,2013-06-15T09:30:00Z,24,0,0,0,0,Teams listed are inferred from match structure in player-stat JSON.
NRL player stats data,Matt Seers,matt seers,Matt Seers,1998,2002,1998 | 1999 | 2000 | 2001 | 2002,Bears | Dragons | Wests Tigers,1998-03-15T00:00:00Z,2002-09-06T00:00:00Z,96,0,0,0,0,Teams listed are inferred from match structure in player-stat JSON.
NRL player stats data,Matt Sing,matt sing,Matt Sing,1998,2006,1998 | 1999 | 2000 | 2001 | 2002 | 2003 | 2004 | 2005 | 2006,Cowboys | Roosters,1998-03-14T00:00:00Z,2006-09-01T00:00:00Z,196,0,0,0,0,Teams listed are inferred from match structure in player-stat JSON.
NRL player stats data,Matt Spence,matt spence,Matt Spence,1998,2000,1998 | 1999 | 2000,Eels | Magpies | Warriors,1998-04-03T00:00:00Z,2000-07-30T00:00:00Z,39,0,0,0,0,Teams listed are inferred from match structure in player-stat JSON.
NRL player stats data,Matt Srama,matt srama,Matt Srama,2011,2015,2011 | 2012 | 2013 | 2014 | 2015,Titans,2011-05-27T00:00:00Z,2015-03-28T06:30:00Z,65,0,0,0,0,Teams listed are inferred from match structure in player-stat JSON.
NRL player stats data,Matt Utai,matt utai,Matt Utai,2002,2013,2002 | 2003 | 2004 | 2005 | 2006 | 2007 | 2008 | 2009 | 2011 | 2012 | 2013,Bulldogs | Wests Tigers,2002-04-05T00:00:00Z,2013-05-10T09:30:00Z,167,0,0,0,0,Teams listed are inferred from match structure in player-stat JSON.
NRL player stats data,Matt White,matt white,Matt White,2005,2016,2005 | 2007 | 2008 | 2009 | 2010 | 2011 | 2012 | 2014 | 2015 | 2016,Knights | Storm | Titans,2005-03-13T00:00:00Z,2016-08-15T09:00:00Z,156,0,0,0,0,Teams listed are inferred from match structure in player-stat JSON.
NRL player stats data,Matthew Allwood,matthew allwood,Matthew Allwood,2014,2016,2014 | 2015 | 2016,Raiders | Warriors,2014-03-08T10:00:00Z,2016-08-20T09:30:00Z,18,0,0,0,0,Teams listed are inferred from match structure in player-stat JSON.
NRL player stats data,Matthew Arthur,matthew arthur,Matthew Arthur,2024,2025,2024 | 2025,Eels | Knights,2024-06-29T07:30:00Z,2025-08-17T06:05:00Z,7,0,0,0,0,Teams listed are inferred from match structure in player-stat JSON.
NRL player stats data,Matthew Bartlett,matthew bartlett,Matthew Bartlett,2006,2008,2006 | 2007 | 2008,Cowboys | Storm,2006-06-11T00:00:00Z,2008-06-28T00:00:00Z,22,0,0,0,0,Teams listed are inferred from match structure in player-stat JSON.
NRL player stats data,Matthew Bell,matthew bell,Matthew Bell,2006,2013,2006 | 2007 | 2008 | 2009 | 2010 | 2011 | 2012 | 2013,Panthers | Wests Tigers,2006-05-19T00:00:00Z,2013-09-07T09:30:00Z,142,0,0,0,0,Teams listed are inferred from match structure in player-stat JSON.
NRL player stats data,Matthew Bowen,matthew bowen,Matthew Bowen,2001,2013,2001 | 2002 | 2003 | 2004 | 2005 | 2006 | 2007 | 2008 | 2009 | 2010 | 2011 | 2012 | 2013,Cowboys,2001-02-17T00:00:00Z,2013-09-14T06:00:00Z,270,0,0,0,0,Teams listed are inferred from match structure in player-stat JSON.
NRL player stats data,Matthew Cooper,matthew cooper,Matthew Cooper,2000,2013,2000 | 2001 | 2002 | 2003 | 2004 | 2005 | 2006 | 2007 | 2008 | 2009 | 2010 | 2011 | 2012 | 2013,Dragons,2000-02-05T00:00:00Z,2013-07-22T09:00:00Z,243,0,0,0,0,Teams listed are inferred from match structure in player-stat JSON.
NRL player stats data,Matthew Cross,matthew cross,Matthew Cross,2005,2010,2005 | 2006 | 2007 | 2008 | 2009 | 2010,Panthers | Sea Eagles | Storm | Titans,2005-07-23T00:00:00Z,2010-09-12T00:00:00Z,66,0,0,0,0,Teams listed are inferred from match structure in player-stat JSON.
NRL player stats data,Matthew Daylight,matthew daylight,Matthew Daylight,1998,2001,1998 | 2001,Rams | Sharks,1998-03-22T00:00:00Z,2001-04-27T00:00:00Z,23,0,0,0,0,Teams listed are inferred from match structure in player-stat JSON.
NRL player stats data,Matthew Dufty,matthew dufty,Matthew Dufty,2017,2026,2017 | 2018 | 2019 | 2020 | 2021 | 2022 | 2026,Bulldogs | Dragons | Rabbitohs,2017-07-23T04:00:00Z,2026-06-04T09:50:00Z,86,0,0,0,0,Teams listed are inferred from match structure in player-stat JSON.
NRL player stats data,Matthew Eisenhuth,matthew eisenhuth,Matthew Eisenhuth,2017,2025,2017 | 2018 | 2019 | 2020 | 2021 | 2022 | 2023 | 2024 | 2025,Panthers | Wests Tigers,2017-06-17T09:30:00Z,2025-08-28T09:50:00Z,154,0,0,0,0,Teams listed are inferred from match structure in player-stat JSON.
NRL player stats data,Matthew Gafa,matthew gafa,Matthew Gafa,2004,2005,2004 | 2005,Raiders,2004-03-27T00:00:00Z,2005-09-03T00:00:00Z,40,0,0,0,0,Teams listed are inferred from match structure in player-stat JSON.
NRL player stats data,Matthew Gidley,matthew gidley,Matthew Gidley,1998,2006,1998 | 1999 | 2000 | 2001 | 2002 | 2003 | 2004 | 2005 | 2006,Knights,1998-03-15T00:00:00Z,2006-09-16T00:00:00Z,190,0,0,0,0,Teams listed are inferred from match structure in player-stat JSON.
NRL player stats data,Matthew Groat,matthew groat,Matthew Groat,2011,2012,2011 | 2012,Wests Tigers,2011-05-29T00:00:00Z,2012-04-29T00:00:00Z,17,0,0,0,0,Teams listed are inferred from match structure in player-stat JSON.
NRL player stats data,Matthew Jobson,matthew jobson,Matthew Jobson,2001,2005,2001 | 2002 | 2003 | 2004 | 2005,Knights | Warriors | Wests Tigers,2001-06-01T00:00:00Z,2005-06-26T00:00:00Z,30,0,0,0,0,Teams listed are inferred from match structure in player-stat JSON.
NRL player stats data,Matthew Johns,matthew johns,Matthew Johns,1998,2002,1998 | 1999 | 2000 | 2002,Knights | Sharks,1998-03-15T00:00:00Z,2002-09-21T00:00:00Z,92,0,0,0,0,Teams listed are inferred from match structure in player-stat JSON.
NRL player stats data,Matthew Keating,matthew keating,Matthew Keating,2008,2013,2008 | 2009 | 2010 | 2011 | 2012 | 2013,Eels,2008-03-15T00:00:00Z,2013-09-08T05:00:00Z,130,0,0,0,0,Teams listed are inferred from match structure in player-stat JSON.
NRL player stats data,Matthew Lodge,matthew lodge,Matthew Lodge,2014,2026,2014 | 2015 | 2018 | 2019 | 2020 | 2021 | 2022 | 2023 | 2024 | 2025 | 2026,Broncos | Cowboys | Roosters | Sea Eagles | Warriors | Wests Tigers,2014-07-06T05:00:00Z,2026-06-06T07:30:00Z,147,0,0,0,0,Teams listed are inferred from match structure in player-stat JSON.
NRL player stats data,Matthew Petersen,matthew petersen,Matthew Petersen,2002,2008,2002 | 2003 | 2004 | 2005 | 2006 | 2007 | 2008,Cowboys | Eels | Titans,2002-03-16T00:00:00Z,2008-05-03T00:00:00Z,94,0,0,0,0,Teams listed are inferred from match structure in player-stat JSON.
NRL player stats data,Matthew Ridge,matthew ridge,Matthew Ridge,1998,1999,1998 | 1999,Warriors,1998-03-21T00:00:00Z,1999-08-21T00:00:00Z,28,0,0,0,0,Teams listed are inferred from match structure in player-stat JSON.
NRL player stats data,Matthew Rieck,matthew rieck,Matthew Rieck,1999,2005,1999 | 2000 | 2001 | 2002 | 2003 | 2004 | 2005,Panthers | Sharks | Wests Tigers,1999-05-16T00:00:00Z,2005-06-05T00:00:00Z,92,0,0,0,0,Teams listed are inferred from match structure in player-stat JSON.
NRL player stats data,Matthew Rodwell,matthew rodwell,Matthew Rodwell,1998,2001,1998 | 1999 | 2000 | 2001,Dragons | Panthers,1998-03-15T00:00:00Z,2001-09-01T00:00:00Z,77,0,0,0,0,Teams listed are inferred from match structure in player-stat JSON.
NRL player stats data,Matthew Ryan,matthew ryan,Matthew Ryan,1998,1999,1998 | 1999,Bulldogs | Cowboys,1998-03-15T00:00:00Z,1999-07-31T00:00:00Z,33,0,0,0,0,Teams listed are inferred from match structure in player-stat JSON.
NRL player stats data,Matthew Scott,matthew scott,Matthew Scott,2004,2019,2004 | 2005 | 2006 | 2007 | 2008 | 2009 | 2010 | 2011 | 2012 | 2013 | 2014 | 2015 | 2016 | 2017 | 2018 | 2019,Cowboys,2004-07-17T00:00:00Z,2019-08-17T05:00:00Z,268,0,0,0,0,Teams listed are inferred from match structure in player-stat JSON.
NRL player stats data,Matthew Timoko,matthew timoko,Matthew Timoko,2020,2026,2020 | 2021 | 2022 | 2023 | 2024 | 2025 | 2026,Raiders,2020-08-30T08:30:00Z,2026-06-13T09:35:00Z,128,0,0,0,0,Teams listed are inferred from match structure in player-stat JSON.
NRL player stats data,Matthew Wright,matthew wright,Matthew Wright,2009,2018,2009 | 2011 | 2012 | 2013 | 2014 | 2015 | 2016 | 2017 | 2018,Cowboys | Sea Eagles | Sharks,2009-04-11T00:00:00Z,2018-09-02T06:10:00Z,144,0,0,0,0,Teams listed are inferred from match structure in player-stat JSON.
NRL player stats data,Matty Nicholson,matty nicholson,Matty Nicholson,2025,2025,2025,Raiders,2025-03-15T08:35:00Z,2025-09-20T09:50:00Z,12,0,0,0,0,Teams listed are inferred from match structure in player-stat JSON.
NRL player stats data,Matua Parkinson,matua parkinson,Matua Parkinson,1998,1998,1998,Bulldogs,1998-05-31T00:00:00Z,1998-05-31T00:00:00Z,1,0,0,0,0,Teams listed are inferred from match structure in player-stat JSON.
NRL player stats data,Maurice Blair,maurice blair,Maurice Blair,2007,2014,2007 | 2008 | 2009 | 2011 | 2012 | 2013 | 2014,Panthers | Storm | Titans,2007-06-22T19:59:59Z,2014-08-24T05:00:00Z,99,0,0,0,0,Teams listed are inferred from match structure in player-stat JSON.
NRL player stats data,Mavrik Geyer,mavrik geyer,Mavrik Geyer,2022,2026,2022 | 2024 | 2025 | 2026,Panthers | Wests Tigers,2022-09-03T09:35:00Z,2026-06-14T06:05:00Z,26,0,0,0,0,Teams listed are inferred from match structure in player-stat JSON.
NRL player stats data,Mawene Hiroti,mawene hiroti,Mawene Hiroti,2018,2026,2018 | 2019 | 2020 | 2021 | 2022 | 2023 | 2024 | 2025 | 2026,Rabbitohs | Sharks,2018-08-16T09:50:00Z,2026-06-13T07:30:00Z,58,0,0,0,0,Teams listed are inferred from match structure in player-stat JSON.
NRL player stats data,Max Bailey,max bailey,Max Bailey,2020,2020,2020,Roosters,2020-08-06T09:50:00Z,2020-08-06T09:50:00Z,1,0,0,0,0,Teams listed are inferred from match structure in player-stat JSON.
NRL player stats data,Max Feagai,max feagai,Max Feagai,2020,2026,2020 | 2021 | 2023 | 2024 | 2025 | 2026,Dolphins | Dragons | Titans,2020-09-20T06:05:00Z,2026-06-14T06:05:00Z,38,0,0,0,0,Teams listed are inferred from match structure in player-stat JSON.
NRL player stats data,Max King,max king,Max King,2017,2026,2017 | 2018 | 2019 | 2020 | 2022 | 2023 | 2024 | 2025 | 2026,Bulldogs | Storm | Titans,2017-03-17T09:05:00Z,2026-06-08T06:05:00Z,148,0,0,0,0,Teams listed are inferred from match structure in player-stat JSON.
NRL player stats data,Max McCathie,max mccathie,Max McCathie,2025,2025,2025,Roosters,2025-07-06T04:00:00Z,2025-07-06T04:00:00Z,1,0,0,0,0,Teams listed are inferred from match structure in player-stat JSON.
NRL player stats data,Max Plath,max plath,Max Plath,2023,2026,2023 | 2024 | 2025 | 2026,Dolphins,2023-06-03T05:00:00Z,2026-06-06T07:30:00Z,45,0,0,0,0,Teams listed are inferred from match structure in player-stat JSON.
NRL player stats data,Meti Noovao,meti noovao,Meti Noovao,1998,1998,1998,Rams,1998-04-17T00:00:00Z,1998-04-17T00:00:00Z,1,0,0,0,0,Teams listed are inferred from match structure in player-stat JSON.
NRL player stats data,Michael Asomua,michael asomua,Michael Asomua,2023,2025,2023 | 2025,Raiders,2023-08-06T06:05:00Z,2025-09-07T04:00:00Z,2,0,0,0,0,Teams listed are inferred from match structure in player-stat JSON.
NRL player stats data,Michael Bani,michael bani,Michael Bani,2007,2011,2007 | 2008 | 2009 | 2010 | 2011,Cowboys | Sea Eagles,2007-08-26T00:00:00Z,2011-03-19T00:00:00Z,41,0,0,0,0,Teams listed are inferred from match structure in player-stat JSON.
NRL player stats data,Michael Berne,michael berne,Michael Berne,2002,2002,2002,Rabbitohs,2002-08-31T00:00:00Z,2002-08-31T00:00:00Z,1,0,0,0,0,Teams listed are inferred from match structure in player-stat JSON.
NRL player stats data,Michael Buettner,michael buettner,Michael Buettner,1998,2004,1998 | 1999 | 2000 | 2001 | 2002 | 2003 | 2004,Bears | Eagles | Eels | Wests Tigers,1998-03-15T00:00:00Z,2004-09-04T00:00:00Z,139,0,0,0,0,Teams listed are inferred from match structure in player-stat JSON.
NRL player stats data,Michael Chee Kam,michael chee kam,Michael Chee Kam | Michael Chee-Kam,2014,2025,2014 | 2015 | 2016 | 2017 | 2018 | 2019 | 2020 | 2021 | 2022 | 2023 | 2024 | 2025,Rabbitohs | Sea Eagles | Wests Tigers,2014-09-06T09:30:00Z,2025-08-08T10:00:00Z,154,0,0,0,0,Teams listed are inferred from match structure in player-stat JSON.
NRL player stats data,Michael Coorey,michael coorey,Michael Coorey,1998,2003,1998 | 2001 | 2002 | 2003,Broncos | Cowboys,1998-04-18T00:00:00Z,2003-08-16T00:00:00Z,14,0,0,0,0,Teams listed are inferred from match structure in player-stat JSON.
NRL player stats data,Michael Crocker,michael crocker,Michael Crocker,2001,2013,2001 | 2002 | 2003 | 2004 | 2005 | 2006 | 2007 | 2008 | 2009 | 2010 | 2011 | 2012 | 2013,Rabbitohs | Roosters | Storm,2001-03-25T00:00:00Z,2013-03-24T04:00:00Z,204,0,0,0,0,Teams listed are inferred from match structure in player-stat JSON.
NRL player stats data,Michael Crockett,michael crockett,Michael Crockett,2006,2008,2006 | 2007 | 2008,Warriors | Wests Tigers,2006-03-10T00:00:00Z,2008-06-14T00:00:00Z,28,0,0,0,0,Teams listed are inferred from match structure in player-stat JSON.
NRL player stats data,Michael De Vere,michael de vere,Michael De Vere,1998,2009,1998 | 1999 | 2000 | 2001 | 2002 | 2003 | 2004 | 2009,Broncos | Dragons,1998-03-13T00:00:00Z,2009-04-03T18:35:00Z,148,0,0,0,0,Teams listed are inferred from match structure in player-stat JSON.
NRL player stats data,Michael Dobson,michael dobson,Michael Dobson,2007,2014,2007 | 2008 | 2014,Knights | Raiders,2007-03-17T00:00:00Z,2014-08-23T07:30:00Z,26,0,0,0,0,Teams listed are inferred from match structure in player-stat JSON.
NRL player stats data,Michael Ennis,michael ennis,Michael Ennis,2003,2016,2003 | 2004 | 2005 | 2006 | 2007 | 2008 | 2009 | 2010 | 2011 | 2012 | 2013 | 2014 | 2015 | 2016,Broncos | Bulldogs | Dragons | Knights | Sharks,2003-07-27T00:00:00Z,2016-10-02T08:15:00Z,273,0,0,0,0,Teams listed are inferred from match structure in player-stat JSON.
NRL player stats data,Michael Francis,michael francis,Michael Francis,1998,1998,1998,Rabbitohs,1998-04-19T00:00:00Z,1998-08-01T00:00:00Z,12,0,0,0,0,Teams listed are inferred from match structure in player-stat JSON.
NRL player stats data,Michael Gillett,michael gillett,Michael Gillett,1998,2000,1998 | 1999 | 2000,Tigers | Wests Tigers,1998-03-14T00:00:00Z,2000-07-23T00:00:00Z,46,0,0,0,0,Teams listed are inferred from match structure in player-stat JSON.
NRL player stats data,Michael Goodridge,michael goodridge,Michael Goodridge,1998,1998,1998,Chargers,1998-05-23T00:00:00Z,1998-05-23T00:00:00Z,1,0,0,0,0,Teams listed are inferred from match structure in player-stat JSON.
NRL player stats data,Michael Gordon,michael gordon,Michael Gordon,2006,2019,2006 | 2007 | 2008 | 2009 | 2010 | 2011 | 2012 | 2013 | 2014 | 2015 | 2016 | 2017 | 2018 | 2019,Eels | Panthers | Roosters | Sharks | Titans,2006-04-28T00:00:00Z,2019-09-07T09:35:00Z,261,0,0,0,0,Teams listed are inferred from match structure in player-stat JSON.
NRL player stats data,Michael Greenfield,michael greenfield,Michael Greenfield,2004,2012,2004 | 2006 | 2007 | 2008 | 2010 | 2011 | 2012,Dragons | Rabbitohs | Sharks | Storm,2004-08-08T00:00:00Z,2012-05-25T00:00:00Z,38,0,0,0,0,Teams listed are inferred from match structure in player-stat JSON.
NRL player stats data,Michael Hancock,michael hancock,Michael Hancock,1998,2000,1998 | 1999 | 2000,Broncos,1998-03-13T00:00:00Z,2000-08-27T00:00:00Z,76,0,0,0,0,Teams listed are inferred from match structure in player-stat JSON.
NRL player stats data,Michael Henderson,michael henderson,Michael Henderson,2003,2013,2003 | 2004 | 2005 | 2006 | 2007 | 2008 | 2009 | 2010 | 2011 | 2012 | 2013,Dragons | Titans,2003-07-04T00:00:00Z,2013-03-30T08:30:00Z,119,0,0,0,0,Teams listed are inferred from match structure in player-stat JSON.
NRL player stats data,Michael Hodgson,michael hodgson,Michael Hodgson,1998,2011,1998 | 1999 | 2000 | 2001 | 2002 | 2003 | 2004 | 2005 | 2006 | 2007 | 2008 | 2009 | 2010 | 2011,Bulldogs | Eels | Raiders | Titans,1998-08-01T00:00:00Z,2011-09-04T00:00:00Z,204,0,0,0,0,Teams listed are inferred from match structure in player-stat JSON.
NRL player stats data,Michael Howell,michael howell,Michael Howell,2002,2004,2002 | 2003 | 2004,Dragons,2002-06-28T00:00:00Z,2004-05-15T00:00:00Z,15,0,0,0,0,Teams listed are inferred from match structure in player-stat JSON.
NRL player stats data,Michael Jennings,michael jennings,Michael Jennings,2007,2024,2007 | 2008 | 2009 | 2010 | 2011 | 2012 | 2013 | 2014 | 2015 | 2016 | 2017 | 2018 | 2019 | 2020 | 2024,Eels | Panthers | Roosters,2007-03-23T00:00:00Z,2024-09-13T09:50:00Z,312,0,0,0,0,Teams listed are inferred from match structure in player-stat JSON.
NRL player stats data,Michael Korkidas,michael korkidas,Michael Korkidas,2001,2002,2001 | 2002,Roosters,2001-04-13T00:00:00Z,2002-04-12T00:00:00Z,8,0,0,0,0,Teams listed are inferred from match structure in player-stat JSON.
NRL player stats data,Michael Lett,michael lett,Michael Lett,2005,2011,2005 | 2008 | 2009 | 2010 | 2011,Bulldogs | Dragons | Roosters,2005-06-17T00:00:00Z,2011-06-19T00:00:00Z,14,0,0,0,0,Teams listed are inferred from match structure in player-stat JSON.
NRL player stats data,Michael Lichaa,michael lichaa,Michael Lichaa,2014,2019,2014 | 2015 | 2016 | 2017 | 2018 | 2019,Bulldogs | Sharks,2014-03-17T08:00:00Z,2019-08-10T09:35:00Z,113,0,0,0,0,Teams listed are inferred from match structure in player-stat JSON.
NRL player stats data,Michael Maguire,michael maguire,Michael Maguire,1998,1998,1998,Raiders,1998-05-08T00:00:00Z,1998-05-24T00:00:00Z,2,0,0,0,0,Teams listed are inferred from match structure in player-stat JSON.
NRL player stats data,Michael Molo,michael molo,Michael Molo,2022,2025,2022 | 2023 | 2024 | 2025,Dragons,2022-05-21T05:00:00Z,2025-08-02T07:30:00Z,49,0,0,0,0,Teams listed are inferred from match structure in player-stat JSON.
NRL player stats data,Michael Monaghan,michael monaghan,Michael Monaghan,2001,2007,2001 | 2002 | 2003 | 2004 | 2005 | 2006 | 2007,Raiders | Sea Eagles,2001-06-16T00:00:00Z,2007-09-30T19:09:59Z,126,0,0,0,0,Teams listed are inferred from match structure in player-stat JSON.
NRL player stats data,Michael Morgan,michael morgan,Michael Morgan,2010,2021,2010 | 2011 | 2012 | 2013 | 2014 | 2015 | 2016 | 2017 | 2018 | 2019 | 2020 | 2021,Cowboys,2010-05-10T00:00:00Z,2021-03-20T08:35:00Z,168,0,0,0,0,Teams listed are inferred from match structure in player-stat JSON.
NRL player stats data,Michael Oldfield,michael oldfield,Michael Oldfield,2010,2021,2010 | 2011 | 2012 | 2013 | 2016 | 2017 | 2018 | 2019 | 2020 | 2021,Eels | Panthers | Rabbitohs | Raiders | Roosters | Sea Eagles,2010-08-16T00:00:00Z,2021-09-03T10:05:00Z,57,0,0,0,0,Teams listed are inferred from match structure in player-stat JSON.
NRL player stats data,Michael Ostini,michael ostini,Michael Ostini,1998,1999,1998 | 1999,Rabbitohs | Tigers,1998-03-13T00:00:00Z,1999-07-04T00:00:00Z,12,0,0,0,0,Teams listed are inferred from match structure in player-stat JSON.
NRL player stats data,Michael Picker,michael picker,Michael Picker,2011,2011,2011,Raiders,2011-08-14T00:00:00Z,2011-09-04T00:00:00Z,4,0,0,0,0,Teams listed are inferred from match structure in player-stat JSON.
NRL player stats data,Michael Robertson,michael robertson,Michael Robertson,2001,2011,2001 | 2002 | 2003 | 2004 | 2005 | 2006 | 2007 | 2008 | 2009 | 2010 | 2011,Broncos | Raiders | Sea Eagles,2001-08-04T00:00:00Z,2011-10-02T17:19:59Z,209,0,0,0,0,Teams listed are inferred from match structure in player-stat JSON.
NRL player stats data,Michael Russo,michael russo,Michael Russo,2002,2002,2002,Storm,2002-03-23T00:00:00Z,2002-07-27T00:00:00Z,9,0,0,0,0,Teams listed are inferred from match structure in player-stat JSON.
NRL player stats data,Michael Ryan,michael ryan,Michael Ryan,2001,2004,2001 | 2002 | 2003 | 2004,Broncos,2001-06-15T00:00:00Z,2004-07-31T00:00:00Z,20,0,0,0,0,Teams listed are inferred from match structure in player-stat JSON.
NRL player stats data,Michael Spence,michael spence,Michael Spence,2010,2010,2010,Broncos,2010-05-09T00:00:00Z,2010-05-09T00:00:00Z,1,0,0,0,0,Teams listed are inferred from match structure in player-stat JSON.
NRL player stats data,Michael Sullivan,michael sullivan,Michael Sullivan,2000,2009,2000 | 2003 | 2004 | 2005 | 2008 | 2009,Bulldogs | Eagles | Sharks,2000-07-30T00:00:00Z,2009-07-12T00:00:00Z,74,0,0,0,0,Teams listed are inferred from match structure in player-stat JSON.
NRL player stats data,Michael Vella,michael vella,Michael Vella,1998,2006,1998 | 1999 | 2000 | 2001 | 2002 | 2003 | 2004 | 2005 | 2006,Eels,1998-05-23T00:00:00Z,2006-09-10T00:00:00Z,159,0,0,0,0,Teams listed are inferred from match structure in player-stat JSON.
NRL player stats data,Michael Weyman,michael weyman,Michael Weyman,2003,2013,2003 | 2004 | 2005 | 2006 | 2007 | 2008 | 2009 | 2010 | 2011 | 2012 | 2013,Dragons | Raiders,2003-05-17T00:00:00Z,2013-09-07T05:00:00Z,140,0,0,0,0,Teams listed are inferred from match structure in player-stat JSON.
NRL player stats data,Michael Withers,michael withers,Michael Withers,1998,1998,1998,Tigers,1998-03-14T00:00:00Z,1998-08-02T00:00:00Z,15,0,0,0,0,Teams listed are inferred from match structure in player-stat JSON.
NRL player stats data,Michael Witt,michael witt,Michael Witt,2003,2014,2003 | 2004 | 2005 | 2006 | 2007 | 2008 | 2014,Dragons | Eels | Sea Eagles | Warriors,2003-05-02T00:00:00Z,2014-04-25T06:15:00Z,94,0,0,0,0,Teams listed are inferred from match structure in player-stat JSON.
NRL player stats data,Michael Young,michael young,Michael Young,2004,2008,2004 | 2007 | 2008,Knights,2004-04-04T00:00:00Z,2008-05-18T00:00:00Z,20,0,0,0,0,Teams listed are inferred from match structure in player-stat JSON.
NRL player stats data,Micheal Luck,micheal luck,Micheal Luck,2001,2012,2001 | 2002 | 2003 | 2004 | 2005 | 2006 | 2007 | 2008 | 2009 | 2010 | 2011 | 2012,Cowboys | Warriors,2001-04-22T00:00:00Z,2012-09-02T00:00:00Z,226,0,0,0,0,Teams listed are inferred from match structure in player-stat JSON.
NRL player stats data,Mick Brabek,mick brabek,Mick Brabek,1999,1999,1999,Magpies,1999-03-28T00:00:00Z,1999-08-29T00:00:00Z,18,0,0,0,0,Teams listed are inferred from match structure in player-stat JSON.
NRL player stats data,Mick Jenkins,mick jenkins,Mick Jenkins,1998,1998,1998,Knights,1998-05-24T00:00:00Z,1998-08-22T00:00:00Z,3,0,0,0,0,Teams listed are inferred from match structure in player-stat JSON.
NRL player stats data,Mick Moran,mick moran,Mick Moran,2005,2005,2005,Rabbitohs,2005-05-07T00:00:00Z,2005-08-28T00:00:00Z,11,0,0,0,0,Teams listed are inferred from match structure in player-stat JSON.
NRL player stats data,Mick Roberts,mick roberts,Mick Roberts,2007,2007,2007,Broncos,2007-05-21T00:00:00Z,2007-09-09T00:00:00Z,5,0,0,0,0,Teams listed are inferred from match structure in player-stat JSON.
NRL player stats data,Mickey Paea,mickey paea,Mickey Paea,2005,2017,2005 | 2006 | 2007 | 2008 | 2009 | 2010 | 2011 | 2016 | 2017,Bulldogs | Dragons | Knights | Roosters,2005-06-17T00:00:00Z,2017-09-03T04:00:00Z,76,0,0,0,0,Teams listed are inferred from match structure in player-stat JSON.
NRL player stats data,Mikaele Ravalawa,mikaele ravalawa,Mikaele Ravalawa,2019,2025,2019 | 2020 | 2021 | 2022 | 2023 | 2024 | 2025,Dragons | Rabbitohs,2019-03-16T08:35:00Z,2025-04-04T09:00:00Z,101,0,0,0,0,Teams listed are inferred from match structure in player-stat JSON.
NRL player stats data,Mike Cooper,mike cooper,Mike Cooper,2014,2016,2014 | 2015 | 2016,Dragons,2014-03-09T04:00:00Z,2016-09-03T05:00:00Z,69,0,0,0,0,Teams listed are inferred from match structure in player-stat JSON.
NRL player stats data,Milton Thaiday,milton thaiday,Milton Thaiday,2005,2007,2005 | 2006 | 2007,Knights,2005-05-15T00:00:00Z,2007-04-02T00:00:00Z,29,0,0,0,0,Teams listed are inferred from match structure in player-stat JSON.
NRL player stats data,Misi Taulapapa,misi taulapapa,Misi Taulapapa,2006,2009,2006 | 2007 | 2008 | 2009,Sharks | Warriors,2006-04-22T00:00:00Z,2009-08-16T00:00:00Z,38,0,0,0,0,Teams listed are inferred from match structure in player-stat JSON.
NRL player stats data,Mitch Brown,mitch brown,Mitch Brown,2006,2016,2006 | 2007 | 2008 | 2009 | 2010 | 2011 | 2013 | 2014 | 2015 | 2016,Bulldogs | Sharks | Wests Tigers,2006-08-19T00:00:00Z,2016-07-10T06:00:00Z,132,0,0,0,0,Teams listed are inferred from match structure in player-stat JSON.
NRL player stats data,Mitch Creary,mitch creary,Mitch Creary,2002,2006,2002 | 2003 | 2005 | 2006,Eagles | Sea Eagles,2002-07-06T00:00:00Z,2006-07-23T00:00:00Z,15,0,0,0,0,Teams listed are inferred from match structure in player-stat JSON.
NRL player stats data,Mitch Frei,mitch frei,Mitch Frei,2016,2016,2016,Roosters,2016-03-17T09:05:00Z,2016-09-01T09:50:00Z,7,0,0,0,0,Teams listed are inferred from match structure in player-stat JSON.
NRL player stats data,Mitch Garbutt,mitch garbutt,Mitch Garbutt,2013,2015,2013 | 2014 | 2015,Broncos | Storm,2013-06-16T05:00:00Z,2015-04-17T09:35:00Z,12,0,0,0,0,Teams listed are inferred from match structure in player-stat JSON.
NRL player stats data,Mitch Healey,mitch healey,Mitch Healey,1998,2000,1998 | 1999 | 2000,Sharks,1998-03-14T00:00:00Z,2000-07-23T00:00:00Z,69,0,0,0,0,Teams listed are inferred from match structure in player-stat JSON.
NRL player stats data,Mitch Kenny,mitch kenny,Mitch Kenny,2019,2026,2019 | 2020 | 2021 | 2022 | 2023 | 2024 | 2025 | 2026,Panthers,2019-05-23T09:50:00Z,2026-04-17T10:00:00Z,138,0,0,0,0,Teams listed are inferred from match structure in player-stat JSON.
NRL player stats data,Mitch Newton,mitch newton,Mitch Newton,1998,1998,1998,Bulldogs,1998-03-15T00:00:00Z,1998-06-27T00:00:00Z,9,0,0,0,0,Teams listed are inferred from match structure in player-stat JSON.
NRL player stats data,Mitch Rein,mitch rein,Mitch Rein,2011,2022,2011 | 2012 | 2013 | 2014 | 2015 | 2016 | 2017 | 2018 | 2019 | 2020 | 2021 | 2022,Dragons | Eels | Panthers | Titans,2011-03-12T00:00:00Z,2022-04-18T06:00:00Z,210,0,0,0,0,Teams listed are inferred from match structure in player-stat JSON.
NRL player stats data,Mitch Rivett,mitch rivett,Mitch Rivett,2010,2010,2010,Broncos,2010-04-02T20:35:59Z,2010-04-09T19:34:00Z,2,0,0,0,0,Teams listed are inferred from match structure in player-stat JSON.
NRL player stats data,Mitchell Achurch,mitchell achurch,Mitchell Achurch,2012,2012,2012,Panthers,2012-03-23T00:00:00Z,2012-08-31T00:00:00Z,11,0,0,0,0,Teams listed are inferred from match structure in player-stat JSON.
NRL player stats data,Mitchell Allgood,mitchell allgood,Mitchell Allgood,2011,2019,2011 | 2012 | 2013 | 2014 | 2019,Dragons | Eels,2011-03-12T00:00:00Z,2019-07-04T09:50:00Z,71,0,0,0,0,Teams listed are inferred from match structure in player-stat JSON.
NRL player stats data,Mitchell Aubusson,mitchell aubusson,Mitchell Aubusson,2007,2020,2007 | 2008 | 2009 | 2010 | 2011 | 2012 | 2013 | 2014 | 2015 | 2016 | 2017 | 2018 | 2019 | 2020,Roosters,2007-03-19T00:00:00Z,2020-10-09T08:50:00Z,306,0,0,0,0,Teams listed are inferred from match structure in player-stat JSON.
NRL player stats data,Mitchell Barnett,mitchell barnett,Mitchell Barnett,2015,2026,2015 | 2016 | 2017 | 2018 | 2019 | 2020 | 2021 | 2022 | 2023 | 2024 | 2025 | 2026,Knights | Raiders | Warriors,2015-08-10T09:00:00Z,2026-05-17T06:05:00Z,182,0,0,0,0,Teams listed are inferred from match structure in player-stat JSON.
NRL player stats data,Mitchell Cornish,mitchell cornish,Mitchell Cornish,2014,2018,2014 | 2015 | 2017 | 2018,Raiders | Roosters,2014-05-25T05:00:00Z,2018-03-10T05:30:00Z,21,0,0,0,0,Teams listed are inferred from match structure in player-stat JSON.
NRL player stats data,Mitchell Dodds,mitchell dodds,Mitchell Dodds,2010,2015,2010 | 2011 | 2012 | 2013 | 2015,Broncos,2010-03-12T00:00:00Z,2015-10-04T08:15:00Z,76,0,0,0,0,Teams listed are inferred from match structure in player-stat JSON.
NRL player stats data,Mitchell Dunn,mitchell dunn,Mitchell Dunn,2018,2023,2018 | 2019 | 2020 | 2021 | 2022 | 2023,Cowboys,2018-05-31T09:50:00Z,2023-05-20T07:30:00Z,58,0,0,0,0,Teams listed are inferred from match structure in player-stat JSON.
NRL player stats data,Mitchell Moses,mitchell moses,Mitchell Moses,2014,2026,2014 | 2015 | 2016 | 2017 | 2018 | 2019 | 2020 | 2021 | 2022 | 2023 | 2024 | 2025 | 2026,Eels | Wests Tigers,2014-07-06T05:00:00Z,2026-05-16T09:45:00Z,249,0,0,0,0,Teams listed are inferred from match structure in player-stat JSON.
NRL player stats data,Mitchell Pearce,mitchell pearce,Mitchell Pearce,2007,2021,2007 | 2008 | 2009 | 2010 | 2011 | 2012 | 2013 | 2014 | 2015 | 2016 | 2017 | 2018 | 2019 | 2020 | 2021,Knights | Roosters,2007-03-24T00:00:00Z,2021-09-12T06:05:00Z,309,0,0,0,0,Teams listed are inferred from match structure in player-stat JSON.
NRL player stats data,Mitchell Sargent,mitchell sargent,Mitchell Sargent,2002,2007,2002 | 2003 | 2004 | 2005 | 2006 | 2007,Cowboys | Knights | Storm,2002-03-16T00:00:00Z,2007-08-31T00:00:00Z,115,0,0,0,0,Teams listed are inferred from match structure in player-stat JSON.
NRL player stats data,Mitchell Woods,mitchell woods,Mitchell Woods,2025,2025,2025,Bulldogs,2025-08-03T04:00:00Z,2025-08-03T04:00:00Z,1,0,0,0,0,Teams listed are inferred from match structure in player-stat JSON.
NRL player stats data,Moala Graham-Taufa,moala graham taufa,Moala Graham-Taufa,2021,2026,2021 | 2024 | 2025 | 2026,Rabbitohs | Roosters | Warriors,2021-08-27T09:55:00Z,2026-05-09T07:30:00Z,13,0,0,0,0,Teams listed are inferred from match structure in player-stat JSON.
NRL player stats data,Moeaki Fotuaika,moeaki fotuaika,Moeaki Fotuaika,2018,2026,2018 | 2019 | 2020 | 2021 | 2022 | 2023 | 2024 | 2025 | 2026,Titans,2018-05-05T05:00:00Z,2026-06-14T06:05:00Z,176,0,0,0,0,Teams listed are inferred from match structure in player-stat JSON.
NRL player stats data,Monah Elahmad,monah elahmad,Monah Elahmad,2001,2001,2001,Roosters,2001-04-07T00:00:00Z,2001-04-07T00:00:00Z,1,0,0,0,0,Teams listed are inferred from match structure in player-stat JSON.
NRL player stats data,Monty Betham,monty betham,Monty Betham,1999,2005,1999 | 2000 | 2001 | 2002 | 2003 | 2004 | 2005,Warriors,1999-03-08T00:00:00Z,2005-08-27T00:00:00Z,101,0,0,0,0,Teams listed are inferred from match structure in player-stat JSON.
NRL player stats data,Morgan Boyle,morgan boyle,Morgan Boyle,2017,2023,2017 | 2018 | 2019 | 2020 | 2021 | 2022 | 2023,Sea Eagles | Titans,2017-04-08T07:30:00Z,2023-05-28T06:05:00Z,51,0,0,0,0,Teams listed are inferred from match structure in player-stat JSON.
NRL player stats data,Morgan Gannon,morgan gannon,Morgan Gannon,2026,2026,2026,Warriors,2026-03-06T07:00:00Z,2026-03-21T04:00:00Z,3,0,0,0,0,Teams listed are inferred from match structure in player-stat JSON.
NRL player stats data,Morgan Harper,morgan harper,Morgan Harper,2019,2024,2019 | 2020 | 2021 | 2022 | 2023 | 2024,Bulldogs | Eels | Sea Eagles,2019-09-07T07:30:00Z,2024-05-25T09:35:00Z,66,0,0,0,0,Teams listed are inferred from match structure in player-stat JSON.
NRL player stats data,Morgan Knowles,morgan knowles,Morgan Knowles,2026,2026,2026,Dolphins,2026-03-08T05:05:00Z,2026-06-12T10:00:00Z,12,0,0,0,0,Teams listed are inferred from match structure in player-stat JSON.
NRL player stats data,Morgan Smithies,morgan smithies,Morgan Smithies,2024,2026,2024 | 2025 | 2026,Raiders,2024-03-07T09:00:00Z,2026-06-13T09:35:00Z,63,0,0,0,0,Teams listed are inferred from match structure in player-stat JSON.
NRL player stats data,Morvin Edwards,morvin edwards,Morvin Edwards,1998,1998,1998,Panthers,1998-05-02T00:00:00Z,1998-06-13T00:00:00Z,7,0,0,0,0,Teams listed are inferred from match structure in player-stat JSON.
NRL player stats data,Mose Masoe,mose masoe,Mose Masoe,2010,2013,2010 | 2011 | 2012 | 2013,Panthers | Roosters,2010-05-31T19:00:59Z,2013-09-08T04:00:00Z,63,0,0,0,0,Teams listed are inferred from match structure in player-stat JSON.
NRL player stats data,Moses Leo,moses leo,Moses Leo,2025,2026,2025 | 2026,Storm,2025-04-06T06:05:00Z,2026-06-05T08:00:00Z,11,0,0,0,0,Teams listed are inferred from match structure in player-stat JSON.
NRL player stats data,Moses Leota,moses leota,Moses Leota,2016,2026,2016 | 2017 | 2018 | 2019 | 2020 | 2021 | 2022 | 2023 | 2024 | 2025 | 2026,Panthers,2016-06-12T06:00:00Z,2026-06-07T04:00:00Z,217,0,0,0,0,Teams listed are inferred from match structure in player-stat JSON.
NRL player stats data,Moses Mbye,moses mbye,Moses Mbye,2014,2023,2014 | 2015 | 2016 | 2017 | 2018 | 2019 | 2020 | 2021 | 2022 | 2023,Bulldogs | Dragons | Wests Tigers,2014-04-26T09:45:00Z,2023-07-20T09:50:00Z,196,0,0,0,0,Teams listed are inferred from match structure in player-stat JSON.
NRL player stats data,Moses Suli,moses suli,Moses Suli,2017,2026,2017 | 2018 | 2019 | 2020 | 2021 | 2024 | 2025 | 2026,Dragons | Sea Eagles | Wests Tigers,2017-03-12T05:00:00Z,2026-06-07T06:05:00Z,99,0,0,0,0,Teams listed are inferred from match structure in player-stat JSON.
NRL player stats data,Mosese Pangai,mosese pangai,Mosese Pangai,2012,2012,2012,Cowboys,2012-03-03T00:00:00Z,2012-03-03T00:00:00Z,1,0,0,0,0,Teams listed are inferred from match structure in player-stat JSON.
NRL player stats data,Mosese Suli,mosese suli,Mosese Suli,2017,2023,2017 | 2018 | 2019 | 2021 | 2022 | 2023,Dragons | Sea Eagles | Wests Tigers,2017-03-03T09:05:00Z,2023-09-02T09:35:00Z,76,0,0,0,0,Teams listed are inferred from match structure in player-stat JSON.
NRL player stats data,Motu Tony,motu tony,Motu Tony,2001,2004,2001 | 2002 | 2003 | 2004,Broncos | Warriors,2001-03-09T00:00:00Z,2004-04-25T00:00:00Z,58,0,0,0,0,Teams listed are inferred from match structure in player-stat JSON.
NRL player stats data,Murray Taulagi,murray taulagi,Murray Taulagi,2019,2026,2019 | 2020 | 2021 | 2022 | 2023 | 2024 | 2025 | 2026,Cowboys,2019-07-20T09:35:00Z,2026-06-06T07:30:00Z,117,0,0,0,0,Teams listed are inferred from match structure in player-stat JSON.
NRL player stats data,Nafe Seluini,nafe seluini,Nafe Seluini,2011,2013,2011 | 2012 | 2013,Panthers | Roosters,2011-04-01T00:00:00Z,2013-06-21T09:45:00Z,27,0,0,0,0,Teams listed are inferred from match structure in player-stat JSON.
NRL player stats data,Naipolioni Kuricibi,naipolioni kuricibi,Naipolioni Kuricibi,2000,2001,2000 | 2001,Cowboys,2000-05-21T00:00:00Z,2001-04-22T00:00:00Z,5,0,0,0,0,Teams listed are inferred from match structure in player-stat JSON.
NRL player stats data,Nat Butcher,nat butcher,Nat Butcher,2016,2026,2016 | 2017 | 2018 | 2019 | 2020 | 2021 | 2022 | 2023 | 2024 | 2025 | 2026,Roosters,2016-09-01T09:50:00Z,2026-06-12T10:00:00Z,166,0,0,0,0,Teams listed are inferred from match structure in player-stat JSON.
NRL player stats data,Nate Myles,nate myles,Nate Myles,2005,2017,2005 | 2006 | 2007 | 2008 | 2009 | 2010 | 2011 | 2012 | 2013 | 2014 | 2015 | 2016 | 2017,Bulldogs | Roosters | Sea Eagles | Storm | Titans,2005-03-11T00:00:00Z,2017-09-02T09:30:00Z,233,0,0,0,0,Teams listed are inferred from match structure in player-stat JSON.
NRL player stats data,Nathan Barnes,nathan barnes,Nathan Barnes,1998,2000,1998 | 1999 | 2000,Eels | Raiders,1998-03-14T00:00:00Z,2000-02-13T00:00:00Z,36,0,0,0,0,Teams listed are inferred from match structure in player-stat JSON.
NRL player stats data,Nathan Blacklock,nathan blacklock,Nathan Blacklock,1998,2004,1998 | 1999 | 2000 | 2001 | 2002 | 2003 | 2004,Dragons,1998-04-04T00:00:00Z,2004-09-10T19:59:59Z,136,0,0,0,0,Teams listed are inferred from match structure in player-stat JSON.
NRL player stats data,Nathan Brown,nathan brown,Nathan Brown,1998,2026,1998 | 1999 | 2000 | 2013 | 2015 | 2016 | 2017 | 2018 | 2019 | 2020 | 2021 | 2022 | 2023 | 2024 | 2025 | 2026,Dragons | Eels | Rabbitohs | Roosters | Sea Eagles | Wests Tigers,1998-03-15T00:00:00Z,2026-06-04T09:50:00Z,261,0,0,0,0,Teams listed are inferred from match structure in player-stat JSON.
NRL player stats data,Nathan Cayless,nathan cayless,Nathan Cayless,1998,2010,1998 | 1999 | 2000 | 2001 | 2002 | 2003 | 2004 | 2005 | 2006 | 2007 | 2008 | 2009 | 2010,Eels,1998-03-14T00:00:00Z,2010-09-04T00:00:00Z,258,0,0,0,0,Teams listed are inferred from match structure in player-stat JSON.
NRL player stats data,Nathan Cleary,nathan cleary,Nathan Cleary,2016,2026,2016 | 2017 | 2018 | 2019 | 2020 | 2021 | 2022 | 2023 | 2024 | 2025 | 2026,Panthers,2016-06-04T09:30:00Z,2026-06-07T04:00:00Z,208,0,0,0,0,Teams listed are inferred from match structure in player-stat JSON.
NRL player stats data,Nathan Davis,nathan davis,Nathan Davis,2016,2017,2016 | 2017,Eels | Titans,2016-03-06T07:30:00Z,2017-06-10T09:30:00Z,9,0,0,0,0,Teams listed are inferred from match structure in player-stat JSON.
NRL player stats data,Nathan De Bartolo,nathan de bartolo,Nathan De Bartolo,2002,2002,2002,Rabbitohs,2002-06-29T00:00:00Z,2002-08-10T00:00:00Z,4,0,0,0,0,Teams listed are inferred from match structure in player-stat JSON.
NRL player stats data,Nathan Fien,nathan fien,Nathan Fien,2000,2013,2000 | 2001 | 2002 | 2003 | 2004 | 2005 | 2006 | 2007 | 2008 | 2009 | 2010 | 2011 | 2012 | 2013,Cowboys | Dragons | Warriors,2000-02-07T00:00:00Z,2013-09-07T05:00:00Z,276,0,0,0,0,Teams listed are inferred from match structure in player-stat JSON.
NRL player stats data,Nathan Friend,nathan friend,Nathan Friend,2002,2016,2002 | 2003 | 2004 | 2005 | 2006 | 2007 | 2008 | 2009 | 2010 | 2011 | 2012 | 2013 | 2014 | 2015 | 2016,Broncos | Storm | Titans | Warriors,2002-05-31T00:00:00Z,2016-09-09T09:55:00Z,242,0,0,0,0,Teams listed are inferred from match structure in player-stat JSON.
NRL player stats data,Nathan Gardner,nathan gardner,Nathan Gardner,2010,2014,2010 | 2011 | 2012 | 2013 | 2014,Sharks | Wests Tigers,2010-05-16T00:00:00Z,2014-06-21T09:30:00Z,43,0,0,0,0,Teams listed are inferred from match structure in player-stat JSON.
NRL player stats data,Nathan Green,nathan green,Nathan Green,2012,2016,2012 | 2013 | 2014 | 2015 | 2016,Dragons | Sea Eagles,2012-03-10T00:00:00Z,2016-08-11T09:50:00Z,30,0,0,0,0,Teams listed are inferred from match structure in player-stat JSON.
NRL player stats data,Nathan Hindmarsh,nathan hindmarsh,Nathan Hindmarsh,1998,2012,1998 | 1999 | 2000 | 2001 | 2002 | 2003 | 2004 | 2005 | 2006 | 2007 | 2008 | 2009 | 2010 | 2011 | 2012,Eels,1998-05-16T00:00:00Z,2012-09-02T00:00:00Z,330,0,0,0,0,Teams listed are inferred from match structure in player-stat JSON.
NRL player stats data,Nathan Hinton,nathan hinton,Nathan Hinton,2006,2007,2006 | 2007,Knights,2006-06-18T00:00:00Z,2007-06-29T00:00:00Z,7,0,0,0,0,Teams listed are inferred from match structure in player-stat JSON.
NRL player stats data,Nathan Hollingsworth,nathan hollingsworth,Nathan Hollingsworth,2002,2004,2002 | 2004,Eels | Sea Eagles,2002-08-16T00:00:00Z,2004-07-11T00:00:00Z,16,0,0,0,0,Teams listed are inferred from match structure in player-stat JSON.
NRL player stats data,Nathan Lawson,nathan lawson,Nathan Lawson,2025,2026,2025 | 2026,Dragons,2025-05-03T09:45:00Z,2026-06-07T06:05:00Z,7,0,0,0,0,Teams listed are inferred from match structure in player-stat JSON.
NRL player stats data,Nathan Long,nathan long,Nathan Long,1998,2004,1998 | 1999 | 2000 | 2001 | 2002 | 2003 | 2004,Dragons | Eagles | Sea Eagles | Sharks,1998-03-14T00:00:00Z,2004-03-14T00:00:00Z,92,0,0,0,0,Teams listed are inferred from match structure in player-stat JSON.
NRL player stats data,Nathan Massey,nathan massey,Nathan Massey,2011,2011,2011,Raiders,2011-05-09T00:00:00Z,2011-07-09T00:00:00Z,6,0,0,0,0,Teams listed are inferred from match structure in player-stat JSON.
NRL player stats data,Nathan McMillan,nathan mcmillan,Nathan McMillan,2003,2003,2003,Eels,2003-05-18T00:00:00Z,2003-05-18T00:00:00Z,1,0,0,0,0,Teams listed are inferred from match structure in player-stat JSON.
NRL player stats data,Nathan Merritt,nathan merritt,Nathan Merritt,2002,2014,2002 | 2003 | 2004 | 2005 | 2006 | 2007 | 2008 | 2009 | 2010 | 2011 | 2012 | 2013 | 2014,Rabbitohs | Sharks,2002-05-12T00:00:00Z,2014-07-07T09:00:00Z,237,0,0,0,0,Teams listed are inferred from match structure in player-stat JSON.
NRL player stats data,Nathan Milone,nathan milone,Nathan Milone,2015,2016,2015 | 2016,Wests Tigers,2015-06-05T09:35:00Z,2016-04-23T07:30:00Z,6,0,0,0,0,Teams listed are inferred from match structure in player-stat JSON.
NRL player stats data,Nathan Peats,nathan peats,Nathan Peats,2011,2020,2011 | 2012 | 2013 | 2014 | 2015 | 2016 | 2017 | 2018 | 2019 | 2020,Eels | Rabbitohs | Titans,2011-04-01T00:00:00Z,2020-08-22T05:00:00Z,160,0,0,0,0,Teams listed are inferred from match structure in player-stat JSON.
NRL player stats data,Nathan Ross,nathan ross,Nathan Ross,2015,2018,2015 | 2016 | 2017 | 2018,Knights,2015-08-02T04:00:00Z,2018-07-27T08:00:00Z,60,0,0,0,0,Teams listed are inferred from match structure in player-stat JSON.
NRL player stats data,Nathan Smith,nathan smith,Nathan Smith,2004,2013,2004 | 2007 | 2008 | 2009 | 2010 | 2011 | 2012 | 2013,Eels | Panthers | Raiders,2004-07-10T00:00:00Z,2013-08-31T07:30:00Z,137,0,0,0,0,Teams listed are inferred from match structure in player-stat JSON.
NRL player stats data,Nathan Sologinkin,nathan sologinkin,Nathan Sologinkin,1998,2003,1998 | 1999 | 2000 | 2002 | 2003,Bulldogs | Raiders | Storm,1998-03-15T00:00:00Z,2003-06-08T00:00:00Z,22,0,0,0,0,Teams listed are inferred from match structure in player-stat JSON.
NRL player stats data,Nathan Stapleton,nathan stapleton,Nathan Stapleton,2009,2014,2009 | 2010 | 2011 | 2012 | 2013 | 2014,Sharks,2009-05-23T17:35:00Z,2014-06-07T09:30:00Z,61,0,0,0,0,Teams listed are inferred from match structure in player-stat JSON.
NRL player stats data,Nathan Tutt,nathan tutt,Nathan Tutt,2001,2006,2001 | 2002 | 2003 | 2004 | 2005 | 2006,Dragons | Roosters | Sea Eagles,2001-07-08T00:00:00Z,2006-05-20T00:00:00Z,32,0,0,0,0,Teams listed are inferred from match structure in player-stat JSON.
NRL player stats data,Nathan Vagg,nathan vagg,Nathan Vagg,2003,2003,2003,Sharks,2003-05-10T00:00:00Z,2003-05-18T00:00:00Z,2,0,0,0,0,Teams listed are inferred from match structure in player-stat JSON.
NRL player stats data,Nathan Waters,nathan waters,Nathan Waters,2010,2010,2010,Wests Tigers,2010-05-02T00:00:00Z,2010-05-02T00:00:00Z,1,0,0,0,0,Teams listed are inferred from match structure in player-stat JSON.
NRL player stats data,Nathan Webber,nathan webber,Nathan Webber,1999,1999,1999,Tigers,1999-08-29T00:00:00Z,1999-08-29T00:00:00Z,1,0,0,0,0,Teams listed are inferred from match structure in player-stat JSON.
NRL player stats data,Nathan Wood,nathan wood,Nathan Wood,1998,2001,1998 | 1999 | 2000 | 2001,Roosters | Warriors,1998-03-14T00:00:00Z,2001-09-09T00:00:00Z,66,0,0,0,0,Teams listed are inferred from match structure in player-stat JSON.
NRL player stats data,Nathaniel Neale,nathaniel neale,Nathaniel Neale,2014,2014,2014,Rabbitohs,2014-03-21T08:40:00Z,2014-03-21T08:40:00Z,1,0,0,0,0,Teams listed are inferred from match structure in player-stat JSON.
NRL player stats data,Nathaniel Peteru,nathaniel peteru,Nathaniel Peteru,2015,2017,2015 | 2016 | 2017,Titans,2015-07-13T09:00:00Z,2017-09-02T05:00:00Z,23,0,0,0,0,Teams listed are inferred from match structure in player-stat JSON.
NRL player stats data,Nathaniel Roache,nathaniel roache,Nathaniel Roache,2016,2021,2016 | 2017 | 2019 | 2021,Eels | Warriors,2016-03-05T06:30:00Z,2021-06-20T04:00:00Z,30,0,0,0,0,Teams listed are inferred from match structure in player-stat JSON.
NRL player stats data,Naufahu Whyte,naufahu whyte,Naufahu Whyte,2021,2026,2021 | 2022 | 2023 | 2024 | 2025 | 2026,Roosters,2021-08-13T10:05:00Z,2026-06-12T10:00:00Z,74,0,0,0,0,Teams listed are inferred from match structure in player-stat JSON.
NRL player stats data,Neale Wyatt,neale wyatt,Neale Wyatt,2002,2005,2002 | 2003 | 2005,Broncos,2002-08-31T00:00:00Z,2005-03-25T00:00:00Z,11,0,0,0,0,Teams listed are inferred from match structure in player-stat JSON.
NRL player stats data,Neccrom Areaiiti,neccrom areaiiti,Neccrom Areaiiti,2012,2012,2012,Rabbitohs,2012-04-15T00:00:00Z,2012-04-15T00:00:00Z,1,0,0,0,0,Teams listed are inferred from match structure in player-stat JSON.
NRL player stats data,Ned Catic,ned catic,Ned Catic,1998,2005,1998 | 1999 | 2000 | 2001 | 2002 | 2003 | 2004 | 2005,Panthers | Roosters,1998-04-19T00:00:00Z,2005-07-29T00:00:00Z,86,0,0,0,0,Teams listed are inferred from match structure in player-stat JSON.
NRL player stats data,Neil Piccinelli,neil piccinelli,Neil Piccinelli,1998,1998,1998,Knights,1998-03-15T00:00:00Z,1998-09-12T00:00:00Z,26,0,0,0,0,Teams listed are inferred from match structure in player-stat JSON.
NRL player stats data,Neil Sweeney,neil sweeney,Neil Sweeney,2002,2007,2002 | 2003 | 2004 | 2005 | 2006 | 2007,Cowboys | Knights,2002-07-21T00:00:00Z,2007-08-24T00:00:00Z,53,0,0,0,0,Teams listed are inferred from match structure in player-stat JSON.
NRL player stats data,Neil Tierney,neil tierney,Neil Tierney,1998,1999,1998 | 1999,Sea Eagles,1998-03-13T00:00:00Z,1999-08-28T00:00:00Z,33,0,0,0,0,Teams listed are inferred from match structure in player-stat JSON.
NRL player stats data,Nelson Asofa-Solomona,nelson asofa solomona,Nelson Asofa-Solomona,2015,2025,2015 | 2016 | 2017 | 2018 | 2019 | 2020 | 2021 | 2022 | 2023 | 2024 | 2025,Storm,2015-04-25T08:00:00Z,2025-09-04T09:50:00Z,216,0,0,0,0,Teams listed are inferred from match structure in player-stat JSON.
NRL player stats data,Nelson Lomi,nelson lomi,Nelson Lomi,1999,2000,1999 | 2000,Roosters,1999-08-06T00:00:00Z,2000-04-09T00:00:00Z,5,0,0,0,0,Teams listed are inferred from match structure in player-stat JSON.
NRL player stats data,Nene Macdonald,nene macdonald,Nene Macdonald,2014,2020,2014 | 2015 | 2016 | 2017 | 2018 | 2019 | 2020,Cowboys | Dragons | Roosters | Sharks | Titans,2014-05-23T09:45:00Z,2020-09-26T07:30:00Z,98,0,0,0,0,Teams listed are inferred from match structure in player-stat JSON.
NRL player stats data,Neville Costigan,neville costigan,Neville Costigan,2003,2013,2003 | 2004 | 2005 | 2006 | 2007 | 2008 | 2009 | 2010 | 2011 | 2012 | 2013,Broncos | Dragons | Knights | Raiders,2003-09-05T00:00:00Z,2013-09-28T09:45:00Z,169,0,0,0,0,Teams listed are inferred from match structure in player-stat JSON.
NRL player stats data,Ngani Laumape,ngani laumape,Ngani Laumape,2013,2014,2013 | 2014,Warriors,2013-03-24T03:00:00Z,2014-09-07T08:30:00Z,30,0,0,0,0,Teams listed are inferred from match structure in player-stat JSON.
NRL player stats data,Nicholas Hynes,nicholas hynes,Nicholas Hynes,2019,2026,2019 | 2020 | 2021 | 2022 | 2023 | 2024 | 2025 | 2026,Sharks | Storm,2019-08-11T06:05:00Z,2026-05-15T08:00:00Z,139,0,0,0,0,Teams listed are inferred from match structure in player-stat JSON.
NRL player stats data,Nicholas Lenaz,nicholas lenaz,Nicholas Lenaz,2025,2025,2025,Cowboys,2025-08-10T06:05:00Z,2025-08-10T06:05:00Z,1,0,0,0,0,Teams listed are inferred from match structure in player-stat JSON.
NRL player stats data,Nick Bradley-Qalilawa,nick bradley qalilawa,Nick Bradley-Qalilawa,2001,2008,2001 | 2002 | 2003 | 2004 | 2007 | 2008,Sea Eagles | Wests Tigers,2001-04-29T00:00:00Z,2008-06-08T00:00:00Z,42,0,0,0,0,Teams listed are inferred from match structure in player-stat JSON.
NRL player stats data,Nick Cotric,nick cotric,Nick Cotric,2017,2024,2017 | 2018 | 2019 | 2020 | 2021 | 2022 | 2023 | 2024,Bulldogs | Raiders,2017-03-04T08:00:00Z,2024-06-23T06:05:00Z,153,0,0,0,0,Teams listed are inferred from match structure in player-stat JSON.
NRL player stats data,Nick Edwards,nick edwards,Nick Edwards,1998,1998,1998,Magpies,1998-04-19T00:00:00Z,1998-08-23T00:00:00Z,13,0,0,0,0,Teams listed are inferred from match structure in player-stat JSON.
NRL player stats data,Nick Emmett,nick emmett,Nick Emmett,2006,2010,2006 | 2007 | 2008 | 2009 | 2010,Broncos | Dragons,2006-07-02T00:00:00Z,2010-09-05T00:00:00Z,41,0,0,0,0,Teams listed are inferred from match structure in player-stat JSON.
NRL player stats data,Nick Graham,nick graham,Nick Graham,1998,2004,1998 | 1999 | 2000 | 2001 | 2002 | 2003 | 2004,Sharks | Wests Tigers,1998-03-28T00:00:00Z,2004-06-20T00:00:00Z,134,0,0,0,0,Teams listed are inferred from match structure in player-stat JSON.
NRL player stats data,Nick Kenny,nick kenny,Nick Kenny,2005,2011,2005 | 2006 | 2007 | 2008 | 2009 | 2010 | 2011,Broncos,2005-07-03T00:00:00Z,2011-07-01T00:00:00Z,78,0,0,0,0,Teams listed are inferred from match structure in player-stat JSON.
NRL player stats data,Nick Kouparitsas,nick kouparitsas,Nick Kouparitsas,2006,2010,2006 | 2007 | 2008 | 2009 | 2010,Bulldogs | Roosters,2006-06-12T00:00:00Z,2010-09-04T00:00:00Z,65,0,0,0,0,Teams listed are inferred from match structure in player-stat JSON.
NRL player stats data,Nick Meaney,nick meaney,Nick Meaney,2018,2026,2018 | 2019 | 2020 | 2021 | 2022 | 2023 | 2024 | 2025 | 2026,Bulldogs | Knights | Storm,2018-07-13T09:55:00Z,2026-05-30T09:35:00Z,173,0,0,0,0,Teams listed are inferred from match structure in player-stat JSON.
NRL player stats data,Nick Parfitt,nick parfitt,Nick Parfitt,2002,2004,2002 | 2003 | 2004,Broncos,2002-05-31T00:00:00Z,2004-09-03T00:00:00Z,5,0,0,0,0,Teams listed are inferred from match structure in player-stat JSON.
NRL player stats data,Nick Paterson,nick paterson,Nick Paterson,1999,2004,1999 | 2000 | 2001 | 2002 | 2003 | 2004,Cowboys | Sea Eagles | Sharks,1999-08-22T00:00:00Z,2004-07-04T00:00:00Z,19,0,0,0,0,Teams listed are inferred from match structure in player-stat JSON.
NRL player stats data,Nick Shaw,nick shaw,Nick Shaw,1999,1999,1999,Bears | Tigers,1999-04-16T00:00:00Z,1999-07-11T00:00:00Z,2,0,0,0,0,Teams listed are inferred from match structure in player-stat JSON.
NRL player stats data,Nick Skinner,nick skinner,Nick Skinner,2012,2013,2012 | 2013,Sea Eagles,2012-03-24T00:00:00Z,2013-07-21T05:00:00Z,6,0,0,0,0,Teams listed are inferred from match structure in player-stat JSON.
NRL player stats data,Nick Slyney,nick slyney,Nick Slyney,2008,2013,2008 | 2010 | 2012 | 2013,Broncos | Cowboys,2008-06-07T00:00:00Z,2013-06-03T09:00:00Z,11,0,0,0,0,Teams listed are inferred from match structure in player-stat JSON.
NRL player stats data,Nick Tsougranis,nick tsougranis,Nick Tsougranis,2025,2025,2025,Dragons,2025-06-12T09:50:00Z,2025-07-25T08:00:00Z,4,0,0,0,0,Teams listed are inferred from match structure in player-stat JSON.
NRL player stats data,Nick Youngquest,nick youngquest,Nick Youngquest,2003,2008,2003 | 2004 | 2005 | 2006 | 2007 | 2008,Bulldogs | Dragons | Panthers | Sharks,2003-03-16T00:00:00Z,2008-06-27T00:00:00Z,37,0,0,0,0,Teams listed are inferred from match structure in player-stat JSON.
NRL player stats data,Nick Zisti,nick zisti,Nick Zisti,1998,1998,1998,Sharks,1998-05-16T00:00:00Z,1998-07-31T00:00:00Z,11,0,0,0,0,Teams listed are inferred from match structure in player-stat JSON.
NRL player stats data,Nigel Gaffey,nigel gaffey,Nigel Gaffey,1998,2000,1998 | 1999 | 2000,Panthers | Roosters,1998-03-14T00:00:00Z,2000-03-25T00:00:00Z,47,0,0,0,0,Teams listed are inferred from match structure in player-stat JSON.
NRL player stats data,Nigel Plum,nigel plum,Nigel Plum,2005,2015,2005 | 2006 | 2007 | 2008 | 2009 | 2010 | 2011 | 2012 | 2013 | 2014 | 2015,Panthers | Raiders | Roosters,2005-03-12T00:00:00Z,2015-08-15T07:30:00Z,150,0,0,0,0,Teams listed are inferred from match structure in player-stat JSON.
NRL player stats data,Nigel Roy,nigel roy,Nigel Roy,1998,2000,1998 | 1999 | 2000,Bears | Eagles,1998-03-15T00:00:00Z,2000-07-15T00:00:00Z,59,0,0,0,0,Teams listed are inferred from match structure in player-stat JSON.
NRL player stats data,Nigel Vagana,nigel vagana,Nigel Vagana,1998,2008,1998 | 1999 | 2000 | 2001 | 2002 | 2003 | 2004 | 2005 | 2006 | 2007 | 2008,Bulldogs | Rabbitohs | Sharks | Warriors,1998-03-13T00:00:00Z,2008-08-29T00:00:00Z,239,0,0,0,0,Teams listed are inferred from match structure in player-stat JSON.
NRL player stats data,Nik Kosef,nik kosef,Nik Kosef,1998,2002,1998 | 1999 | 2000 | 2001 | 2002,Eagles | Sea Eagles,1998-03-13T00:00:00Z,2002-09-08T00:00:00Z,73,0,0,0,0,Teams listed are inferred from match structure in player-stat JSON.
NRL player stats data,Niwhai Puru,niwhai puru,Niwhai Puru,2024,2026,2024 | 2026,Sharks,2024-08-09T08:00:00Z,2026-06-13T07:30:00Z,5,0,0,0,0,Teams listed are inferred from match structure in player-stat JSON.
NRL player stats data,Noa Nadruku,noa nadruku,Noa Nadruku,1998,1999,1998 | 1999,Cowboys,1998-03-13T00:00:00Z,1999-07-31T00:00:00Z,39,0,0,0,0,Teams listed are inferred from match structure in player-stat JSON.
NRL player stats data,Noah Martin,noah martin,Noah Martin,2025,2026,2025 | 2026,Raiders,2025-05-18T06:05:00Z,2026-04-23T09:50:00Z,20,0,0,0,0,Teams listed are inferred from match structure in player-stat JSON.
NRL player stats data,Noah Sete,noah sete,Noah Sete,2002,2002,2002,Rabbitohs,2002-06-22T00:00:00Z,2002-07-14T00:00:00Z,2,0,0,0,0,Teams listed are inferred from match structure in player-stat JSON.
NRL player stats data,Noel Goldthorpe,noel goldthorpe,Noel Goldthorpe,1998,2000,1998 | 1999 | 2000,Cowboys | Rams,1998-03-13T00:00:00Z,2000-05-21T00:00:00Z,57,0,0,0,0,Teams listed are inferred from match structure in player-stat JSON.
NRL player stats data,Obadiah Geia,obadiah geia,Obadiah Geia,2008,2008,2008,Cowboys,2008-03-22T00:00:00Z,2008-03-28T00:00:00Z,2,0,0,0,0,Teams listed are inferred from match structure in player-stat JSON.
NRL player stats data,Odell Manuel,odell manuel,Odell Manuel,1999,2002,1999 | 2000 | 2001 | 2002,Raiders | Warriors,1999-03-08T00:00:00Z,2002-05-19T00:00:00Z,58,0,0,0,0,Teams listed are inferred from match structure in player-stat JSON.
NRL player stats data,Ofahiki Ogden,ofahiki ogden,Ofahiki Ogden,2018,2024,2018 | 2019 | 2020 | 2021 | 2022 | 2023 | 2024,Bulldogs | Eels,2018-06-30T07:30:00Z,2024-09-06T08:00:00Z,60,0,0,0,0,Teams listed are inferred from match structure in player-stat JSON.
NRL player stats data,Oliver Clark,oliver clark,Oliver Clark,2019,2020,2019 | 2020,Wests Tigers,2019-05-10T08:00:00Z,2020-07-31T08:00:00Z,16,0,0,0,0,Teams listed are inferred from match structure in player-stat JSON.
NRL player stats data,Oliver Gildart,oliver gildart,Oliver Gildart,2022,2022,2022,Roosters | Wests Tigers,2022-03-12T08:35:00Z,2022-09-02T09:55:00Z,10,0,0,0,0,Teams listed are inferred from match structure in player-stat JSON.
NRL player stats data,Oliver Pascoe,oliver pascoe,Oliver Pascoe,2026,2026,2026,Titans,2026-03-29T07:15:00Z,2026-06-14T06:05:00Z,10,0,0,0,0,Teams listed are inferred from match structure in player-stat JSON.
NRL player stats data,Omar Slaimankhel,omar slaimankhel,Omar Slaimankhel,2012,2012,2012,Warriors,2012-06-16T00:00:00Z,2012-07-21T00:00:00Z,5,0,0,0,0,Teams listed are inferred from match structure in player-stat JSON.
NRL player stats data,Oregon Kaufusi,oregon kaufusi,Oregon Kaufusi,2018,2026,2018 | 2019 | 2020 | 2021 | 2022 | 2023 | 2024 | 2025 | 2026,Eels | Sharks,2018-08-17T09:55:00Z,2026-06-13T07:30:00Z,151,0,0,0,0,Teams listed are inferred from match structure in player-stat JSON.
NRL player stats data,Oryn Keeley,oryn keeley,Oryn Keeley,2022,2026,2022 | 2023 | 2024 | 2025 | 2026,Dolphins | Knights,2022-08-21T06:05:00Z,2026-06-12T10:00:00Z,45,0,0,0,0,Teams listed are inferred from match structure in player-stat JSON.
NRL player stats data,Owen Craigie,owen craigie,Owen Craigie,1998,2004,1998 | 1999 | 2000 | 2001 | 2002 | 2003 | 2004,Knights | Rabbitohs | Wests Tigers,1998-03-15T00:00:00Z,2004-08-08T00:00:00Z,115,0,0,0,0,Teams listed are inferred from match structure in player-stat JSON.
NRL player stats data,Owen Cunningham,owen cunningham,Owen Cunningham,1998,2000,1998 | 1999 | 2000,Cowboys | Eagles | Sea Eagles,1998-03-13T00:00:00Z,2000-07-30T00:00:00Z,73,0,0,0,0,Teams listed are inferred from match structure in player-stat JSON.
NRL player stats data,Owen Pattie,owen pattie,Owen Pattie,2025,2026,2025 | 2026,Raiders,2025-03-02T00:00:00Z,2026-06-13T09:35:00Z,33,0,0,0,0,Teams listed are inferred from match structure in player-stat JSON.
NRL player stats data,Palmer Wapau,palmer wapau,Palmer Wapau,2009,2009,2009,Broncos,2009-04-24T00:00:00Z,2009-06-22T00:00:00Z,5,0,0,0,0,Teams listed are inferred from match structure in player-stat JSON.
NRL player stats data,Pasami Saulo,pasami saulo,Pasami Saulo,2018,2026,2018 | 2019 | 2020 | 2021 | 2022 | 2023 | 2024 | 2025 | 2026,Knights | Raiders,2018-08-10T08:00:00Z,2026-06-05T08:00:00Z,75,0,0,0,0,Teams listed are inferred from match structure in player-stat JSON.
NRL player stats data,Pat Mata'utia,pat matautia,Pat Mata'utia,2016,2016,2016,Knights,2016-03-06T07:30:00Z,2016-09-03T05:00:00Z,14,0,0,0,0,Teams listed are inferred from match structure in player-stat JSON.
NRL player stats data,Pat O'Hanlon,pat ohanlon,Pat O'Hanlon,2011,2014,2011 | 2012 | 2013 | 2014,Bulldogs | Eels,2011-07-01T00:00:00Z,2014-09-14T06:10:00Z,32,0,0,0,0,Teams listed are inferred from match structure in player-stat JSON.
NRL player stats data,Pat Politoni,pat politoni,Pat Politoni,2012,2017,2012 | 2014 | 2015 | 2017,Sharks | Titans | Wests Tigers,2012-05-18T00:00:00Z,2017-09-02T05:00:00Z,17,0,0,0,0,Teams listed are inferred from match structure in player-stat JSON.
NRL player stats data,Pat Richards,pat richards,Pat Richards,2000,2015,2000 | 2001 | 2002 | 2003 | 2004 | 2005 | 2014 | 2015,Eels | Wests Tigers,2000-05-05T00:00:00Z,2015-09-05T07:30:00Z,119,0,0,0,0,Teams listed are inferred from match structure in player-stat JSON.
NRL player stats data,Paterika Vaivai,paterika vaivai,Paterika Vaivai,2014,2017,2014 | 2015 | 2017,Knights | Titans,2014-05-11T04:00:00Z,2017-08-26T05:00:00Z,16,0,0,0,0,Teams listed are inferred from match structure in player-stat JSON.
NRL player stats data,Patrice Siolo,patrice siolo,Patrice Siolo,2014,2016,2014 | 2016,Rabbitohs | Sharks,2014-09-01T09:00:00Z,2016-06-24T09:50:00Z,3,0,0,0,0,Teams listed are inferred from match structure in player-stat JSON.
NRL player stats data,Patrick Ah Van,patrick ah van,Patrick Ah Van,2006,2010,2006 | 2007 | 2008 | 2009 | 2010,Warriors,2006-04-09T00:00:00Z,2010-05-01T14:59:00Z,54,0,0,0,0,Teams listed are inferred from match structure in player-stat JSON.
NRL player stats data,Patrick Carrigan,patrick carrigan,Patrick Carrigan,2019,2026,2019 | 2020 | 2021 | 2022 | 2023 | 2024 | 2025 | 2026,Broncos,2019-04-11T09:50:00Z,2026-05-31T04:00:00Z,142,0,0,0,0,Teams listed are inferred from match structure in player-stat JSON.
NRL player stats data,Patrick Gibson,patrick gibson,Patrick Gibson,2002,2004,2002 | 2003 | 2004,Sharks,2002-04-28T00:00:00Z,2004-05-01T00:00:00Z,30,0,0,0,0,Teams listed are inferred from match structure in player-stat JSON.
NRL player stats data,Patrick Herbert,patrick herbert,Patrick Herbert,2019,2026,2019 | 2020 | 2021 | 2022 | 2026,Titans | Warriors | Wests Tigers,2019-04-25T09:50:00Z,2026-06-14T06:05:00Z,66,0,0,0,0,Teams listed are inferred from match structure in player-stat JSON.
NRL player stats data,Patrick Kaufusi,patrick kaufusi,Patrick Kaufusi,2015,2019,2015 | 2016 | 2017 | 2018 | 2019,Cowboys | Dragons | Storm,2015-06-27T07:30:00Z,2019-09-01T06:05:00Z,31,0,0,0,0,Teams listed are inferred from match structure in player-stat JSON.
NRL player stats data,Patrick Mago,patrick mago,Patrick Mago,2017,2021,2017 | 2018 | 2020 | 2021,Broncos | Cowboys | Rabbitohs,2017-08-12T09:30:00Z,2021-10-03T08:30:00Z,43,0,0,0,0,Teams listed are inferred from match structure in player-stat JSON.
NRL player stats data,Paul Aiton,paul aiton,Paul Aiton,2006,2011,2006 | 2007 | 2008 | 2009 | 2010 | 2011,Panthers | Sharks,2006-04-28T00:00:00Z,2011-09-03T00:00:00Z,108,0,0,0,0,Teams listed are inferred from match structure in player-stat JSON.
NRL player stats data,Paul Alamoti,paul alamoti,Paul Alamoti,2023,2026,2023 | 2024 | 2025 | 2026,Bulldogs | Panthers,2023-03-04T04:00:00Z,2026-06-07T04:00:00Z,73,0,0,0,0,Teams listed are inferred from match structure in player-stat JSON.
NRL player stats data,Paul Atkins,paul atkins,Paul Atkins,2004,2004,2004,Warriors,2004-08-29T00:00:00Z,2004-08-29T00:00:00Z,1,0,0,0,0,Teams listed are inferred from match structure in player-stat JSON.
NRL player stats data,Paul Bell,paul bell,Paul Bell,1998,1999,1998 | 1999,Storm,1998-03-14T00:00:00Z,1999-08-07T00:00:00Z,39,0,0,0,0,Teams listed are inferred from match structure in player-stat JSON.
NRL player stats data,Paul Bowman,paul bowman,Paul Bowman,1998,2007,1998 | 1999 | 2000 | 2001 | 2002 | 2003 | 2004 | 2005 | 2006 | 2007,Cowboys,1998-03-13T00:00:00Z,2007-09-22T00:00:00Z,180,0,0,0,0,Teams listed are inferred from match structure in player-stat JSON.
NRL player stats data,Paul Bryan,paul bryan,Paul Bryan,2025,2026,2025 | 2026,Knights | Sea Eagles,2025-04-13T06:05:00Z,2026-04-10T08:00:00Z,7,0,0,0,0,Teams listed are inferred from match structure in player-stat JSON.
NRL player stats data,Paul Carige,paul carige,Paul Carige,1998,1998,1998,Eels,1998-03-14T00:00:00Z,1998-09-20T00:00:00Z,27,0,0,0,0,Teams listed are inferred from match structure in player-stat JSON.
NRL player stats data,Paul Carter,paul carter,Paul Carter,2014,2017,2014 | 2015 | 2016 | 2017,Rabbitohs | Roosters | Titans,2014-03-10T08:00:00Z,2017-04-25T06:00:00Z,40,0,0,0,0,Teams listed are inferred from match structure in player-stat JSON.
NRL player stats data,Paul Dezolt,paul dezolt,Paul Dezolt,1999,2004,1999 | 2000 | 2001 | 2002 | 2003 | 2004,Cowboys | Warriors,1999-03-28T00:00:00Z,2004-05-23T00:00:00Z,33,0,0,0,0,Teams listed are inferred from match structure in player-stat JSON.
NRL player stats data,Paul Donaghy,paul donaghy,Paul Donaghy,1998,2000,1998 | 1999 | 2000,Sharks,1998-03-22T00:00:00Z,2000-05-20T00:00:00Z,10,0,0,0,0,Teams listed are inferred from match structure in player-stat JSON.
NRL player stats data,Paul Franze,paul franze,Paul Franze,2002,2005,2002 | 2003 | 2004 | 2005,Panthers | Sharks,2002-04-19T00:00:00Z,2005-09-04T00:00:00Z,50,0,0,0,0,Teams listed are inferred from match structure in player-stat JSON.
NRL player stats data,Paul Gallen,paul gallen,Paul Gallen,2001,2019,2001 | 2002 | 2003 | 2004 | 2005 | 2006 | 2007 | 2008 | 2009 | 2010 | 2011 | 2012 | 2013 | 2014 | 2015 | 2016 | 2017 | 2018 | 2019,Sharks,2001-06-03T00:00:00Z,2019-09-14T09:50:00Z,348,0,0,0,0,Teams listed are inferred from match structure in player-stat JSON.
NRL player stats data,Paul Green,paul green,Paul Green,1998,2004,1998 | 1999 | 2000 | 2001 | 2002 | 2003 | 2004,Broncos | Cowboys | Eels | Roosters | Sharks,1998-03-14T00:00:00Z,2004-09-03T00:00:00Z,71,0,0,0,0,Teams listed are inferred from match structure in player-stat JSON.
NRL player stats data,Paul Harragon,paul harragon,Paul Harragon,1998,1999,1998 | 1999,Knights,1998-03-15T00:00:00Z,1999-05-16T00:00:00Z,20,0,0,0,0,Teams listed are inferred from match structure in player-stat JSON.
NRL player stats data,Paul Jeffries,paul jeffries,Paul Jeffries,1999,1999,1999,Magpies,1999-03-07T00:00:00Z,1999-08-01T00:00:00Z,3,0,0,0,0,Teams listed are inferred from match structure in player-stat JSON.
NRL player stats data,Paul Johnson,paul johnson,Paul Johnson,1998,1998,1998,Panthers,1998-03-14T00:00:00Z,1998-03-14T00:00:00Z,1,0,0,0,0,Teams listed are inferred from match structure in player-stat JSON.
NRL player stats data,Paul Khoury,paul khoury,Paul Khoury,1999,1999,1999,Roosters,1999-06-13T00:00:00Z,1999-06-26T00:00:00Z,3,0,0,0,0,Teams listed are inferred from match structure in player-stat JSON.
NRL player stats data,Paul Langmack,paul langmack,Paul Langmack,1998,1999,1998 | 1999,Magpies | Roosters,1998-03-15T00:00:00Z,1999-06-18T00:00:00Z,15,0,0,0,0,Teams listed are inferred from match structure in player-stat JSON.
NRL player stats data,Paul Marquet,paul marquet,Paul Marquet,1998,2001,1998 | 1999 | 2000 | 2001,Knights | Storm,1998-03-14T00:00:00Z,2001-09-30T00:00:00Z,106,0,0,0,0,Teams listed are inferred from match structure in player-stat JSON.
NRL player stats data,Paul McGregor,paul mcgregor,Paul Mcgregor | Paul McGregor,1998,2001,1998 | 1999 | 2001,Dragons | Steelers,1998-03-14T00:00:00Z,2001-09-15T00:00:00Z,47,0,0,0,0,Teams listed are inferred from match structure in player-stat JSON.
NRL player stats data,Paul McNicholas,paul mcnicholas,Paul Mcnicholas | Paul McNicholas,1998,2003,1998 | 1999 | 2000 | 2001 | 2002 | 2003,Cowboys | Rabbitohs | Sharks,1998-07-25T00:00:00Z,2003-06-21T00:00:00Z,65,0,0,0,0,Teams listed are inferred from match structure in player-stat JSON.
NRL player stats data,Paul Mellor,paul mellor,Paul Mellor,1998,2007,1998 | 1999 | 2000 | 2001 | 2002 | 2005 | 2006 | 2007,Bulldogs | Rabbitohs | Sharks,1998-04-25T00:00:00Z,2007-09-08T00:00:00Z,148,0,0,0,0,Teams listed are inferred from match structure in player-stat JSON.
NRL player stats data,Paul Momirovski,paul momirovski,Paul Momirovski,2018,2023,2018 | 2019 | 2020 | 2021 | 2022 | 2023,Panthers | Roosters | Storm | Wests Tigers,2018-07-15T08:30:00Z,2023-09-15T09:50:00Z,65,0,0,0,0,Teams listed are inferred from match structure in player-stat JSON.
NRL player stats data,Paul Pensini,paul pensini,Paul Pensini,1998,2001,1998 | 1999 | 2000 | 2001,Cowboys,1998-06-14T00:00:00Z,2001-09-02T00:00:00Z,17,0,0,0,0,Teams listed are inferred from match structure in player-stat JSON.
NRL player stats data,Paul Rauhihi,paul rauhihi,Paul Rauhihi,1999,2005,1999 | 2000 | 2001 | 2002 | 2003 | 2004 | 2005,Bulldogs | Cowboys | Knights,1999-06-27T00:00:00Z,2005-10-02T00:00:00Z,131,0,0,0,0,Teams listed are inferred from match structure in player-stat JSON.
NRL player stats data,Paul Roache,paul roache,Paul Roache,2023,2024,2023 | 2024,Warriors,2023-09-02T05:00:00Z,2024-05-26T06:05:00Z,5,0,0,0,0,Teams listed are inferred from match structure in player-stat JSON.
NRL player stats data,Paul Rossi,paul rossi,Paul Rossi,1998,1998,1998,Steelers,1998-04-18T00:00:00Z,1998-05-02T00:00:00Z,3,0,0,0,0,Teams listed are inferred from match structure in player-stat JSON.
NRL player stats data,Paul Sheedy,paul sheedy,Paul Sheedy,2001,2001,2001,Storm,2001-05-27T00:00:00Z,2001-06-02T00:00:00Z,2,0,0,0,0,Teams listed are inferred from match structure in player-stat JSON.
NRL player stats data,Paul Sironen,paul sironen,Paul Sironen,1998,1998,1998,Tigers,1998-03-14T00:00:00Z,1998-08-22T00:00:00Z,21,0,0,0,0,Teams listed are inferred from match structure in player-stat JSON.
NRL player stats data,Paul Staladi,paul staladi,Paul Staladi,1998,1998,1998,Warriors,1998-06-13T00:00:00Z,1998-08-23T00:00:00Z,11,0,0,0,0,Teams listed are inferred from match structure in player-stat JSON.
NRL player stats data,Paul Stephenson,paul stephenson,Paul Stephenson,2004,2008,2004 | 2005 | 2006 | 2007 | 2008,Sea Eagles | Sharks,2004-03-13T00:00:00Z,2008-06-30T00:00:00Z,55,0,0,0,0,Teams listed are inferred from match structure in player-stat JSON.
NRL player stats data,Paul Stringer,paul stringer,Paul Stringer,1998,2006,1998 | 1999 | 2000 | 2001 | 2002 | 2003 | 2004 | 2005 | 2006,Bears | Eagles | Eels | Rabbitohs,1998-03-15T00:00:00Z,2006-05-19T00:00:00Z,139,0,0,0,0,Teams listed are inferred from match structure in player-stat JSON.
NRL player stats data,Paul Turner,paul turner,Paul Turner,2020,2023,2020 | 2021 | 2022 | 2023,Dragons | Titans | Warriors,2020-08-23T04:00:00Z,2023-07-07T10:00:00Z,13,0,0,0,0,Teams listed are inferred from match structure in player-stat JSON.
NRL player stats data,Paul Vaughan,paul vaughan,Paul Vaughan,2013,2022,2013 | 2014 | 2015 | 2016 | 2017 | 2018 | 2019 | 2020 | 2021 | 2022,Bulldogs | Dragons | Raiders,2013-04-27T07:30:00Z,2022-09-02T08:00:00Z,205,0,0,0,0,Teams listed are inferred from match structure in player-stat JSON.
NRL player stats data,Paul Whatuira,paul whatuira,Paul Whatuira,2000,2011,2000 | 2001 | 2002 | 2003 | 2004 | 2005 | 2006 | 2007 | 2011,Eels | Panthers | Storm | Warriors | Wests Tigers,2000-02-14T00:00:00Z,2011-03-18T00:00:00Z,132,0,0,0,0,Teams listed are inferred from match structure in player-stat JSON.
NRL player stats data,Pauli Pauli,pauli pauli,Pauli Pauli,2014,2016,2014 | 2015 | 2016,Eels | Knights,2014-03-29T06:30:00Z,2016-08-14T04:00:00Z,48,0,0,0,0,Teams listed are inferred from match structure in player-stat JSON.
NRL player stats data,Payne Haas,payne haas,Payne Haas,2018,2026,2018 | 2019 | 2020 | 2021 | 2022 | 2023 | 2024 | 2025 | 2026,Broncos,2018-04-26T09:50:00Z,2026-06-06T09:35:00Z,152,0,0,0,0,Teams listed are inferred from match structure in player-stat JSON.
NRL player stats data,Pele Peletelese,pele peletelese,Pele Peletelese,2010,2010,2010,Eels,2010-07-04T00:00:00Z,2010-07-04T00:00:00Z,1,0,0,0,0,Teams listed are inferred from match structure in player-stat JSON.
NRL player stats data,Penani Manumalealii,penani manumalealii,Penani Manumalealii,2014,2014,2014,Sharks,2014-03-17T08:00:00Z,2014-09-01T09:00:00Z,2,0,0,0,0,Teams listed are inferred from match structure in player-stat JSON.
NRL player stats data,Peni Terepo,peni terepo,Peni Terepo,2013,2020,2013 | 2014 | 2015 | 2016 | 2017 | 2018 | 2019 | 2020,Eels,2013-05-04T09:30:00Z,2020-06-20T09:35:00Z,123,0,0,0,0,Teams listed are inferred from match structure in player-stat JSON.
NRL player stats data,Peta Hiku,peta hiku,Peta Hiku,2013,2023,2013 | 2014 | 2015 | 2016 | 2017 | 2018 | 2019 | 2020 | 2021 | 2022 | 2023,Cowboys | Panthers | Sea Eagles | Warriors,2013-04-14T04:00:00Z,2023-09-02T07:30:00Z,202,0,0,0,0,Teams listed are inferred from match structure in player-stat JSON.
NRL player stats data,Peter Clarke,peter clarke,Peter Clarke,1998,1999,1998 | 1999,Rabbitohs | Rams,1998-03-13T00:00:00Z,1999-08-29T00:00:00Z,17,0,0,0,0,Teams listed are inferred from match structure in player-stat JSON.
NRL player stats data,Peter Cusack,peter cusack,Peter Cusack,1998,2007,1998 | 1999 | 2000 | 2001 | 2002 | 2003 | 2004 | 2005 | 2006 | 2007,Rabbitohs | Roosters,1998-08-22T00:00:00Z,2007-09-08T00:00:00Z,168,0,0,0,0,Teams listed are inferred from match structure in player-stat JSON.
NRL player stats data,Peter Ellis,peter ellis,Peter Ellis,1998,2003,1998 | 1999 | 2003,Dragons | Roosters,1998-05-24T00:00:00Z,2003-03-15T00:00:00Z,3,0,0,0,0,Teams listed are inferred from match structure in player-stat JSON.
NRL player stats data,Peter Hola,peter hola,Peter Hola,2019,2026,2019 | 2020 | 2021 | 2023 | 2024 | 2025 | 2026,Cowboys | Dolphins | Knights | Raiders,2019-08-08T09:50:00Z,2026-04-19T04:00:00Z,21,0,0,0,0,Teams listed are inferred from match structure in player-stat JSON.
NRL player stats data,Peter Jones,peter jones,Peter Jones,1999,2002,1999 | 2000 | 2001 | 2002,Cowboys,1999-03-28T00:00:00Z,2002-09-07T00:00:00Z,84,0,0,0,0,Teams listed are inferred from match structure in player-stat JSON.
NRL player stats data,Peter Jorgensen,peter jorgensen,Peter Jorgensen,1998,2001,1998 | 1999 | 2000 | 2001,Panthers | Rams,1998-03-14T00:00:00Z,2001-03-24T00:00:00Z,49,0,0,0,0,Teams listed are inferred from match structure in player-stat JSON.
NRL player stats data,Peter Lewis,peter lewis,Peter Lewis,1999,2006,1999 | 2003 | 2006,Eels | Panthers | Warriors,1999-04-03T00:00:00Z,2006-03-31T00:00:00Z,15,0,0,0,0,Teams listed are inferred from match structure in player-stat JSON.
NRL player stats data,Peter Mamouzelos,peter mamouzelos,Peter Mamouzelos,2021,2026,2021 | 2022 | 2023 | 2024 | 2025 | 2026,Rabbitohs,2021-06-12T07:30:00Z,2026-05-24T06:05:00Z,57,0,0,0,0,Teams listed are inferred from match structure in player-stat JSON.
NRL player stats data,Peter Mata'utia,peter matautia,Peter Mata'utia,2011,2017,2011 | 2012 | 2014 | 2015 | 2016 | 2017,Dragons | Knights,2011-05-22T00:00:00Z,2017-09-03T04:00:00Z,76,0,0,0,0,Teams listed are inferred from match structure in player-stat JSON.
NRL player stats data,Peter Robinson,peter robinson,Peter Robinson,2000,2005,2000 | 2001 | 2002 | 2003 | 2004 | 2005,Storm,2000-05-05T00:00:00Z,2005-04-30T00:00:00Z,75,0,0,0,0,Teams listed are inferred from match structure in player-stat JSON.
NRL player stats data,Peter Ryan,peter ryan,Peter Ryan,1998,1999,1998 | 1999,Broncos,1998-03-13T00:00:00Z,1999-09-05T00:00:00Z,35,0,0,0,0,Teams listed are inferred from match structure in player-stat JSON.
NRL player stats data,Peter Shiels,peter shiels,Peter Shiels,1998,2000,1998 | 1999 | 2000,Knights,1998-03-15T00:00:00Z,2000-08-19T00:00:00Z,61,0,0,0,0,Teams listed are inferred from match structure in player-stat JSON.
NRL player stats data,Peter Taylor,peter taylor,Peter Taylor,2005,2005,2005,Rabbitohs,2005-03-28T00:00:00Z,2005-03-28T00:00:00Z,1,0,0,0,0,Teams listed are inferred from match structure in player-stat JSON.
NRL player stats data,Peter Wallace,peter wallace,Peter Wallace,2005,2018,2005 | 2007 | 2008 | 2009 | 2010 | 2011 | 2012 | 2013 | 2014 | 2015 | 2016 | 2017 | 2018,Broncos | Panthers,2005-07-03T00:00:00Z,2018-05-11T08:00:00Z,240,0,0,0,0,Teams listed are inferred from match structure in player-stat JSON.
NRL player stats data,Petero Civoniceva,petero civoniceva,Petero Civoniceva,1998,2012,1998 | 1999 | 2000 | 2001 | 2002 | 2003 | 2004 | 2005 | 2006 | 2007 | 2008 | 2009 | 2010 | 2011 | 2012,Broncos | Panthers,1998-04-26T00:00:00Z,2012-09-08T00:00:00Z,309,0,0,0,0,Teams listed are inferred from match structure in player-stat JSON.
NRL player stats data,Phil Adamson,phil adamson,Phil Adamson,1998,1999,1998 | 1999,Panthers | Sea Eagles,1998-03-21T00:00:00Z,1999-08-28T00:00:00Z,20,0,0,0,0,Teams listed are inferred from match structure in player-stat JSON.
NRL player stats data,Phil Bailey,phil bailey,Phil Bailey,1999,2006,1999 | 2001 | 2002 | 2003 | 2004 | 2005 | 2006,Eagles | Sea Eagles | Sharks,1999-04-03T00:00:00Z,2006-09-02T00:00:00Z,127,0,0,0,0,Teams listed are inferred from match structure in player-stat JSON.
NRL player stats data,Phil Graham,phil graham,Phil Graham,2002,2012,2002 | 2003 | 2004 | 2005 | 2006 | 2007 | 2008 | 2009 | 2010 | 2011 | 2012,Rabbitohs | Raiders | Roosters | Titans,2002-04-13T00:00:00Z,2012-06-22T00:00:00Z,147,0,0,0,0,Teams listed are inferred from match structure in player-stat JSON.
NRL player stats data,Phil Howlett,phil howlett,Phil Howlett,1998,1998,1998,Rabbitohs,1998-04-04T00:00:00Z,1998-08-14T00:00:00Z,17,0,0,0,0,Teams listed are inferred from match structure in player-stat JSON.
NRL player stats data,Phil Morwood,phil morwood,Phil Morwood,2004,2008,2004 | 2005 | 2006 | 2008,Sea Eagles,2004-09-05T00:00:00Z,2008-07-27T00:00:00Z,8,0,0,0,0,Teams listed are inferred from match structure in player-stat JSON.
NRL player stats data,Phillip Coates,phillip coates,Phillip Coates,2026,2026,2026,Broncos,2026-05-09T09:35:00Z,2026-06-11T09:50:00Z,3,0,0,0,0,Teams listed are inferred from match structure in player-stat JSON.
NRL player stats data,Phillip Lee,phillip lee,Phillip Lee,1998,2003,1998 | 1999 | 2000 | 2001 | 2002 | 2003,Broncos,1998-03-13T00:00:00Z,2003-05-11T00:00:00Z,79,0,0,0,0,Teams listed are inferred from match structure in player-stat JSON.
NRL player stats data,Phillip Leuluai,phillip leuluai,Phillip Leuluai,2005,2007,2005 | 2006 | 2007,Sharks,2005-04-23T00:00:00Z,2007-07-14T00:00:00Z,30,0,0,0,0,Teams listed are inferred from match structure in player-stat JSON.
NRL player stats data,Phillip Sami,phillip sami,Phillip Sami,2017,2026,2017 | 2018 | 2019 | 2020 | 2021 | 2022 | 2023 | 2024 | 2025 | 2026,Titans,2017-06-16T09:50:00Z,2026-06-14T06:05:00Z,158,0,0,0,0,Teams listed are inferred from match structure in player-stat JSON.
NRL player stats data,Phoenix Crossland,phoenix crossland,Phoenix Crossland,2019,2026,2019 | 2020 | 2021 | 2022 | 2023 | 2024 | 2025 | 2026,Knights,2019-07-06T09:35:00Z,2026-06-05T08:00:00Z,123,0,0,0,0,Teams listed are inferred from match structure in player-stat JSON.
NRL player stats data,Pio Seci,pio seci,Pio Seci,2022,2022,2022,Sea Eagles,2022-07-28T09:50:00Z,2022-07-28T09:50:00Z,1,0,0,0,0,Teams listed are inferred from match structure in player-stat JSON.
NRL player stats data,Pita Godinet,pita godinet,Pita Godinet,2011,2018,2011 | 2012 | 2013 | 2016 | 2018,Sea Eagles | Warriors | Wests Tigers,2011-07-24T00:00:00Z,2018-06-10T04:00:00Z,29,0,0,0,0,Teams listed are inferred from match structure in player-stat JSON.
NRL player stats data,Pj Marsh,pj marsh,Pj Marsh | PJ Marsh,2000,2009,2000 | 2001 | 2002 | 2003 | 2005 | 2006 | 2007 | 2008 | 2009,Broncos | Eels | Warriors,2000-04-23T00:00:00Z,2009-06-22T00:00:00Z,158,0,0,0,0,Teams listed are inferred from match structure in player-stat JSON.
NRL player stats data,Poasa Faamausili,poasa faamausili,Poasa Faamausili,2018,2024,2018 | 2019 | 2020 | 2021 | 2023 | 2024,Bulldogs | Dolphins | Dragons | Roosters | Warriors,2018-07-15T08:30:00Z,2024-05-17T08:00:00Z,59,0,0,0,0,Teams listed are inferred from match structure in player-stat JSON.
NRL player stats data,Preston Campbell,preston campbell,Preston Campbell,1998,2011,1998 | 1999 | 2000 | 2001 | 2002 | 2003 | 2004 | 2005 | 2006 | 2007 | 2008 | 2009 | 2010 | 2011,Chargers | Dragons | Knights | Panthers | Sharks | Storm | Titans | Wests Tigers,1998-03-14T00:00:00Z,2011-09-03T00:00:00Z,267,0,0,0,0,Teams listed are inferred from match structure in player-stat JSON.
NRL player stats data,Preston Conn,preston conn,Preston Conn,2026,2026,2026,Storm,2026-03-05T09:00:00Z,2026-04-03T09:00:00Z,2,0,0,0,0,Teams listed are inferred from match structure in player-stat JSON.
NRL player stats data,Preston Riki,preston riki,Preston Riki,2024,2026,2024 | 2025 | 2026,Broncos | Panthers,2024-06-01T07:30:00Z,2026-06-11T09:50:00Z,10,0,0,0,0,Teams listed are inferred from match structure in player-stat JSON.
NRL player stats data,Pride Petterson-Robati,pride petterson robati,Pride Petterson-Robati,2021,2021,2021,Warriors,2021-07-30T08:00:00Z,2021-07-30T08:00:00Z,1,0,0,0,0,Teams listed are inferred from match structure in player-stat JSON.
NRL player stats data,Quentin Pongia,quentin pongia,Quentin Pongia,1998,2003,1998 | 1999 | 2000 | 2001 | 2003,Dragons | Roosters | Warriors,1998-03-13T00:00:00Z,2003-06-21T00:00:00Z,63,0,0,0,0,Teams listed are inferred from match structure in player-stat JSON.
NRL player stats data,Rangi Chase,rangi chase,Rangi Chase,2006,2008,2006 | 2007 | 2008,Dragons | Wests Tigers,2006-07-02T00:00:00Z,2008-08-15T00:00:00Z,32,0,0,0,0,Teams listed are inferred from match structure in player-stat JSON.
NRL player stats data,Ratu Peni Tagive,ratu peni tagive,Ratu Peni Tagive,2008,2012,2008 | 2009 | 2011 | 2012,Dragons | Roosters | Wests Tigers,2008-03-16T00:00:00Z,2012-05-28T00:00:00Z,18,0,0,0,0,Teams listed are inferred from match structure in player-stat JSON.
NRL player stats data,Ray Cashmere,ray cashmere,Ray Cashmere,1999,2012,1999 | 2005 | 2006 | 2007 | 2008 | 2012,Cowboys | Magpies | Wests Tigers,1999-07-24T00:00:00Z,2012-08-11T00:00:00Z,68,0,0,0,0,Teams listed are inferred from match structure in player-stat JSON.
NRL player stats data,Ray Mercy,ray mercy,Ray Mercy,1998,1998,1998,Cowboys,1998-03-13T00:00:00Z,1998-08-23T00:00:00Z,24,0,0,0,0,Teams listed are inferred from match structure in player-stat JSON.
NRL player stats data,Ray Moujalli,ray moujalli,Ray Moujalli,2009,2009,2009,Roosters,2009-06-20T00:00:00Z,2009-06-20T00:00:00Z,1,0,0,0,0,Teams listed are inferred from match structure in player-stat JSON.
NRL player stats data,Ray Stone,ray stone,Ray Stone,2018,2026,2018 | 2019 | 2020 | 2021 | 2022 | 2023 | 2024 | 2025 | 2026,Dolphins | Eels,2018-08-17T09:55:00Z,2026-06-12T10:00:00Z,107,0,0,0,0,Teams listed are inferred from match structure in player-stat JSON.
NRL player stats data,Ray Thompson,ray thompson,Ray Thompson,2009,2017,2009 | 2010 | 2011 | 2012 | 2013 | 2014 | 2015 | 2016 | 2017,Cowboys,2009-09-06T00:00:00Z,2017-06-17T07:30:00Z,111,0,0,0,0,Teams listed are inferred from match structure in player-stat JSON.
NRL player stats data,Raymond Faitala-Mariner,raymond faitala mariner,Raymond Faitala-Mariner,2015,2025,2015 | 2016 | 2017 | 2018 | 2019 | 2020 | 2021 | 2022 | 2023 | 2024 | 2025,Bulldogs | Dragons | Warriors,2015-04-25T01:45:00Z,2025-08-21T09:50:00Z,141,0,0,0,0,Teams listed are inferred from match structure in player-stat JSON.
NRL player stats data,Raymond Tuaimalo Vaega,raymond tuaimalo vaega,Raymond Tuaimalo Vaega,2022,2025,2022 | 2023 | 2024 | 2025,Sea Eagles,2022-08-27T05:00:00Z,2025-03-23T07:15:00Z,14,0,0,0,0,Teams listed are inferred from match structure in player-stat JSON.
NRL player stats data,Reagan Campbell-Gillard,reagan campbell gillard,Reagan Campbell-Gillard,2015,2025,2015 | 2016 | 2017 | 2018 | 2019 | 2020 | 2021 | 2022 | 2023 | 2024 | 2025,Eels | Panthers | Titans,2015-03-08T05:00:00Z,2025-09-06T07:30:00Z,245,0,0,0,0,Teams listed are inferred from match structure in player-stat JSON.
NRL player stats data,Reece Blaney,reece blaney,Reece Blaney,2008,2008,2008,Bulldogs,2008-08-16T00:00:00Z,2008-09-07T00:00:00Z,2,0,0,0,0,Teams listed are inferred from match structure in player-stat JSON.
NRL player stats data,Reece Foley,reece foley,Reece Foley,2026,2026,2026,Roosters,2026-05-08T08:00:00Z,2026-06-12T10:00:00Z,4,0,0,0,0,Teams listed are inferred from match structure in player-stat JSON.
NRL player stats data,Reece Hoffman,reece hoffman,Reece Hoffman,2020,2023,2020 | 2022 | 2023,Bulldogs | Wests Tigers,2020-07-10T09:55:00Z,2023-07-02T04:00:00Z,4,0,0,0,0,Teams listed are inferred from match structure in player-stat JSON.
NRL player stats data,Reece Robinson,reece robinson,Reece Robinson,2008,2018,2008 | 2010 | 2011 | 2012 | 2013 | 2014 | 2015 | 2018,Broncos | Eels | Raiders | Roosters,2008-03-16T00:00:00Z,2018-04-12T09:50:00Z,120,0,0,0,0,Teams listed are inferred from match structure in player-stat JSON.
NRL player stats data,Reece Robson,reece robson,Reece Robson,2018,2026,2018 | 2019 | 2020 | 2021 | 2022 | 2023 | 2024 | 2025 | 2026,Cowboys | Dragons | Roosters,2018-05-06T04:00:00Z,2026-06-05T10:00:00Z,150,0,0,0,0,Teams listed are inferred from match structure in player-stat JSON.
NRL player stats data,Reece Simmonds,reece simmonds,Reece Simmonds,2002,2011,2002 | 2003 | 2004 | 2005 | 2006 | 2007 | 2011,Dragons | Rabbitohs,2002-03-17T00:00:00Z,2011-07-03T00:00:00Z,57,0,0,0,0,Teams listed are inferred from match structure in player-stat JSON.
NRL player stats data,Reece Walsh,reece walsh,Reece Walsh,2021,2026,2021 | 2022 | 2023 | 2024 | 2025 | 2026,Broncos | Warriors,2021-04-25T08:15:00Z,2026-06-06T09:35:00Z,107,0,0,0,0,Teams listed are inferred from match structure in player-stat JSON.
NRL player stats data,Reece Williams,reece williams,Reece Williams,2003,2009,2003 | 2004 | 2005 | 2006 | 2007 | 2008 | 2009,Sharks,2003-08-16T00:00:00Z,2009-08-02T00:00:00Z,98,0,0,0,0,Teams listed are inferred from match structure in player-stat JSON.
NRL player stats data,Reed Mahoney,reed mahoney,Reed Mahoney,2018,2026,2018 | 2019 | 2020 | 2021 | 2022 | 2023 | 2024 | 2025 | 2026,Bulldogs | Cowboys | Eels,2018-06-09T09:35:00Z,2026-06-06T07:30:00Z,188,0,0,0,0,Teams listed are inferred from match structure in player-stat JSON.
NRL player stats data,Reegan Tanner,reegan tanner,Reegan Tanner,2003,2007,2003 | 2004 | 2005 | 2006 | 2007,Knights,2003-04-26T00:00:00Z,2007-08-31T00:00:00Z,83,0,0,0,0,Teams listed are inferred from match structure in player-stat JSON.
NRL player stats data,Reimis Smith,reimis smith,Reimis Smith,2016,2024,2016 | 2018 | 2019 | 2020 | 2021 | 2022 | 2023 | 2024,Bulldogs | Storm,2016-05-29T06:00:00Z,2024-06-09T04:00:00Z,118,0,0,0,0,Teams listed are inferred from match structure in player-stat JSON.
NRL player stats data,Remi Casty,remi casty,Remi Casty,2014,2014,2014,Roosters,2014-05-23T09:45:00Z,2014-09-19T09:55:00Z,11,0,0,0,0,Teams listed are inferred from match structure in player-stat JSON.
NRL player stats data,Reni Maitua,reni maitua,Reni Maitua,2004,2014,2004 | 2005 | 2006 | 2007 | 2008 | 2009 | 2011 | 2012 | 2013 | 2014,Bulldogs | Eels | Sharks,2004-03-13T00:00:00Z,2014-09-20T09:45:00Z,174,0,0,0,0,Teams listed are inferred from match structure in player-stat JSON.
NRL player stats data,Renouf Atoni,renouf atoni,Renouf Atoni,2018,2021,2018 | 2019 | 2020 | 2021,Bulldogs,2018-05-11T09:55:00Z,2021-08-02T08:00:00Z,43,0,0,0,0,Teams listed are inferred from match structure in player-stat JSON.
NRL player stats data,Reuben Cotter,reuben cotter,Reuben Cotter,2019,2026,2019 | 2020 | 2021 | 2022 | 2023 | 2024 | 2025 | 2026,Cowboys,2019-06-08T09:35:00Z,2026-06-06T07:30:00Z,111,0,0,0,0,Teams listed are inferred from match structure in player-stat JSON.
NRL player stats data,Reuben Garrick,reuben garrick,Reuben Garrick,2019,2026,2019 | 2020 | 2021 | 2022 | 2023 | 2024 | 2025 | 2026,Sea Eagles,2019-03-16T06:30:00Z,2026-06-04T09:50:00Z,170,0,0,0,0,Teams listed are inferred from match structure in player-stat JSON.
NRL player stats data,Reuben Porter,reuben porter,Reuben Porter,2024,2024,2024,Wests Tigers,2024-06-07T10:00:00Z,2024-08-17T09:35:00Z,9,0,0,0,0,Teams listed are inferred from match structure in player-stat JSON.
NRL player stats data,Rex Bassingthwaighte,rex bassingthwaighte,Rex Bassingthwaighte,2026,2026,2026,Roosters,2026-06-12T10:00:00Z,2026-06-12T10:00:00Z,1,0,0,0,0,Teams listed are inferred from match structure in player-stat JSON.
NRL player stats data,Rhys Hanbury,rhys hanbury,Rhys Hanbury,2004,2009,2004 | 2008 | 2009,Rabbitohs | Wests Tigers,2004-05-09T00:00:00Z,2009-09-04T00:00:00Z,21,0,0,0,0,Teams listed are inferred from match structure in player-stat JSON.
NRL player stats data,Rhys Kennedy,rhys kennedy,Rhys Kennedy,2019,2022,2019 | 2020 | 2021 | 2022,Broncos | Rabbitohs,2019-03-31T07:10:00Z,2022-09-03T07:30:00Z,50,0,0,0,0,Teams listed are inferred from match structure in player-stat JSON.
NRL player stats data,Rhys Pritchard,rhys pritchard,Rhys Pritchard,2011,2011,2011,Roosters,2011-06-04T00:00:00Z,2011-06-13T00:00:00Z,2,0,0,0,0,Teams listed are inferred from match structure in player-stat JSON.
NRL player stats data,Rhys Wesser,rhys wesser,Rhys Wesser,1998,2011,1998 | 1999 | 2000 | 2001 | 2002 | 2003 | 2004 | 2005 | 2006 | 2007 | 2008 | 2009 | 2010 | 2011,Eagles | Panthers | Rabbitohs,1998-05-17T00:00:00Z,2011-07-31T00:00:00Z,218,0,0,0,0,Teams listed are inferred from match structure in player-stat JSON.
NRL player stats data,Rhyse Martin,rhyse martin,Rhyse Martin,2018,2019,2018 | 2019,Bulldogs,2018-05-03T09:50:00Z,2019-06-16T06:00:00Z,25,0,0,0,0,Teams listed are inferred from match structure in player-stat JSON.
NRL player stats data,Richard Barnett,richard barnett,Richard Barnett,1998,2000,1998 | 1999 | 2000,Magpies | Roosters,1998-03-14T00:00:00Z,2000-04-15T00:00:00Z,51,0,0,0,0,Teams listed are inferred from match structure in player-stat JSON.
NRL player stats data,Richard Kennar,richard kennar,Richard Kennar,2015,2024,2015 | 2016 | 2018 | 2019 | 2020 | 2021 | 2022 | 2023 | 2024,Broncos | Rabbitohs | Storm,2015-06-06T09:30:00Z,2024-09-06T10:00:00Z,53,0,0,0,0,Teams listed are inferred from match structure in player-stat JSON.
NRL player stats data,Richard Mathers,richard mathers,Richard Mathers,2007,2007,2007,Titans,2007-05-07T00:00:00Z,2007-06-17T00:00:00Z,6,0,0,0,0,Teams listed are inferred from match structure in player-stat JSON.
NRL player stats data,Richard Swain,richard swain,Richard Swain,1998,2003,1998 | 1999 | 2000 | 2001 | 2002 | 2003,Broncos | Storm,1998-03-14T00:00:00Z,2003-09-05T00:00:00Z,153,0,0,0,0,Teams listed are inferred from match structure in player-stat JSON.
NRL player stats data,Richard Villasanti,richard villasanti,Richard Villasanti,1999,2006,1999 | 2000 | 2001 | 2002 | 2003 | 2004 | 2005 | 2006,Sharks | Tigers | Warriors | Wests Tigers,1999-04-18T00:00:00Z,2006-08-26T00:00:00Z,116,0,0,0,0,Teams listed are inferred from match structure in player-stat JSON.
NRL player stats data,Richard Williams,richard williams,Richard Williams,2007,2007,2007,Dragons | Panthers,2007-03-18T00:00:00Z,2007-07-27T00:00:00Z,12,0,0,0,0,Teams listed are inferred from match structure in player-stat JSON.
NRL player stats data,Richie Allan,richie allan,Richie Allan,1998,1998,1998,Chargers,1998-05-03T00:00:00Z,1998-07-25T00:00:00Z,8,0,0,0,0,Teams listed are inferred from match structure in player-stat JSON.
NRL player stats data,Richie Blackmore,richie blackmore,Richie Blackmore,2001,2001,2001,Warriors,2001-02-18T00:00:00Z,2001-05-20T00:00:00Z,8,0,0,0,0,Teams listed are inferred from match structure in player-stat JSON.
NRL player stats data,Richie Fa'aoso,richie faaoso,Richie Fa'aoso,2004,2015,2004 | 2005 | 2007 | 2008 | 2009 | 2010 | 2011 | 2012 | 2013 | 2015,Eels | Knights | Panthers | Roosters | Sea Eagles | Storm,2004-06-11T00:00:00Z,2015-05-22T09:45:00Z,160,0,0,0,0,Teams listed are inferred from match structure in player-stat JSON.
NRL player stats data,Ricky Leutele,ricky leutele,Ricky Leutele,2010,2020,2010 | 2011 | 2012 | 2013 | 2014 | 2015 | 2016 | 2017 | 2018 | 2020,Sharks | Storm,2010-08-21T00:00:00Z,2020-09-27T06:05:00Z,130,0,0,0,0,Teams listed are inferred from match structure in player-stat JSON.
NRL player stats data,Ricky Stuart,ricky stuart,Ricky Stuart,1998,2000,1998 | 1999 | 2000,Bulldogs | Raiders,1998-03-15T00:00:00Z,2000-05-20T00:00:00Z,56,0,0,0,0,Teams listed are inferred from match structure in player-stat JSON.
NRL player stats data,Ricky Thorby,ricky thorby,Ricky Thorby,2007,2014,2007 | 2008 | 2009 | 2010 | 2012 | 2013 | 2014,Cowboys | Dragons,2007-06-01T00:00:00Z,2014-05-25T05:00:00Z,45,0,0,0,0,Teams listed are inferred from match structure in player-stat JSON.
NRL player stats data,Riley Brown,riley brown,Riley Brown,2004,2011,2004 | 2005 | 2006 | 2007 | 2008 | 2009 | 2010 | 2011,Knights | Roosters | Titans,2004-04-04T00:00:00Z,2011-05-16T00:00:00Z,77,0,0,0,0,Teams listed are inferred from match structure in player-stat JSON.
NRL player stats data,Riley Jones,riley jones,Riley Jones,2023,2026,2023 | 2026,Knights | Sharks,2023-09-02T09:35:00Z,2026-05-29T10:00:00Z,6,0,0,0,0,Teams listed are inferred from match structure in player-stat JSON.
NRL player stats data,Riley Price,riley price,Riley Price,2022,2025,2022 | 2023 | 2025,Cowboys | Panthers,2022-07-15T08:00:00Z,2025-08-28T09:50:00Z,7,0,0,0,0,Teams listed are inferred from match structure in player-stat JSON.
NRL player stats data,Robbie Beckett,robbie beckett,Robbie Beckett,1998,2003,1998 | 1999 | 2000 | 2001 | 2003,Panthers | Wests Tigers,1998-03-14T00:00:00Z,2003-07-13T00:00:00Z,98,0,0,0,0,Teams listed are inferred from match structure in player-stat JSON.
NRL player stats data,Robbie Duffy,robbie duffy,Robbie Duffy,2001,2001,2001,Panthers,2001-06-23T00:00:00Z,2001-07-08T00:00:00Z,2,0,0,0,0,Teams listed are inferred from match structure in player-stat JSON.
NRL player stats data,Robbie Farah,robbie farah,Robbie Farah,2003,2019,2003 | 2004 | 2005 | 2006 | 2007 | 2008 | 2009 | 2010 | 2011 | 2012 | 2013 | 2014 | 2015 | 2016 | 2017 | 2018 | 2019,Rabbitohs | Wests Tigers,2003-06-08T00:00:00Z,2019-09-08T04:00:00Z,303,0,0,0,0,Teams listed are inferred from match structure in player-stat JSON.
NRL player stats data,Robbie Kearns,robbie kearns,Robbie Kearns,1998,2005,1998 | 1999 | 2000 | 2001 | 2002 | 2003 | 2004 | 2005,Storm,1998-03-14T00:00:00Z,2005-09-10T00:00:00Z,169,0,0,0,0,Teams listed are inferred from match structure in player-stat JSON.
NRL player stats data,Robbie O'Davis,robbie odavis,Robbie O'Davis,1998,2004,1998 | 1999 | 2000 | 2001 | 2002 | 2003 | 2004,Knights,1998-03-15T00:00:00Z,2004-09-04T00:00:00Z,98,0,0,0,0,Teams listed are inferred from match structure in player-stat JSON.
NRL player stats data,Robbie Payne,robbie payne,Robbie Payne,1999,1999,1999,Magpies,1999-03-07T00:00:00Z,1999-08-15T00:00:00Z,2,0,0,0,0,Teams listed are inferred from match structure in player-stat JSON.
NRL player stats data,Robbie Rochow,robbie rochow,Robbie Rochow,2010,2018,2010 | 2011 | 2012 | 2013 | 2014 | 2015 | 2016 | 2017 | 2018,Knights | Rabbitohs | Storm | Wests Tigers,2010-06-14T00:00:00Z,2018-06-17T06:10:00Z,95,0,0,0,0,Teams listed are inferred from match structure in player-stat JSON.
NRL player stats data,Robbie Ross,robbie ross,Robbie Ross,1998,2003,1998 | 1999 | 2000 | 2001 | 2002 | 2003,Raiders | Storm,1998-03-14T00:00:00Z,2003-05-03T00:00:00Z,89,0,0,0,0,Teams listed are inferred from match structure in player-stat JSON.
NRL player stats data,Robbie Simpson,robbie simpson,Robbie Simpson,1998,2003,1998 | 2000 | 2003,Dragons,1998-03-15T00:00:00Z,2003-09-05T00:00:00Z,20,0,0,0,0,Teams listed are inferred from match structure in player-stat JSON.
NRL player stats data,Robert Derby,robert derby,Robert Derby,2023,2026,2023 | 2025 | 2026,Cowboys,2023-05-26T10:00:00Z,2026-05-31T06:05:00Z,26,0,0,0,0,Teams listed are inferred from match structure in player-stat JSON.
NRL player stats data,Robert Henare,robert henare,Robert Henare,1998,1998,1998,Dragons,1998-08-14T00:00:00Z,1998-08-14T00:00:00Z,1,0,0,0,0,Teams listed are inferred from match structure in player-stat JSON.
NRL player stats data,Robert Jennings,robert jennings,Robert Jennings,2015,2023,2015 | 2017 | 2018 | 2019 | 2020 | 2021 | 2022 | 2023,Dolphins | Panthers | Rabbitohs | Wests Tigers,2015-04-18T05:00:00Z,2023-08-19T05:00:00Z,82,0,0,0,0,Teams listed are inferred from match structure in player-stat JSON.
NRL player stats data,Robert Lui,robert lui,Robert Lui,2009,2015,2009 | 2010 | 2011 | 2012 | 2013 | 2014 | 2015,Cowboys | Wests Tigers,2009-08-16T00:00:00Z,2015-07-04T09:30:00Z,89,0,0,0,0,Teams listed are inferred from match structure in player-stat JSON.
NRL player stats data,Robert Mears,robert mears,Robert Mears,1998,2004,1998 | 1999 | 2000 | 2002 | 2003 | 2004,Bulldogs | Warriors | Wests Tigers,1998-04-11T00:00:00Z,2004-09-04T00:00:00Z,103,0,0,0,0,Teams listed are inferred from match structure in player-stat JSON.
NRL player stats data,Robert Miles,robert miles,Robert Miles,1998,2005,1998 | 1999 | 2000 | 2001 | 2002 | 2003 | 2004 | 2005,Broncos | Eagles | Roosters | Wests Tigers,1998-04-17T00:00:00Z,2005-06-26T00:00:00Z,122,0,0,0,0,Teams listed are inferred from match structure in player-stat JSON.
NRL player stats data,Robert Relf,robert relf,Robert Relf,1998,2001,1998 | 1999 | 2000 | 2001,Bulldogs | Cowboys,1998-03-15T00:00:00Z,2001-09-02T00:00:00Z,84,0,0,0,0,Teams listed are inferred from match structure in player-stat JSON.
NRL player stats data,Robert Tanielu,robert tanielu,Robert Tanielu,2002,2006,2002 | 2003 | 2004 | 2006,Broncos | Cowboys | Storm,2002-05-31T00:00:00Z,2006-07-22T00:00:00Z,9,0,0,0,0,Teams listed are inferred from match structure in player-stat JSON.
NRL player stats data,Robert Tocco,robert tocco,Robert Tocco,1998,1999,1998 | 1999,Bulldogs | Rabbitohs,1998-03-15T00:00:00Z,1999-07-17T00:00:00Z,17,0,0,0,0,Teams listed are inferred from match structure in player-stat JSON.
NRL player stats data,Robert Toia,robert toia,Robert Toia,2025,2026,2025 | 2026,Roosters,2025-03-06T09:00:00Z,2026-06-05T10:00:00Z,33,0,0,0,0,Teams listed are inferred from match structure in player-stat JSON.
NRL player stats data,Rocco Berry,rocco berry,Rocco Berry,2021,2025,2021 | 2022 | 2023 | 2024 | 2025,Warriors,2021-04-25T08:15:00Z,2025-09-05T08:00:00Z,55,0,0,0,0,Teams listed are inferred from match structure in player-stat JSON.
NRL player stats data,Rocky Trimarchi,rocky trimarchi,Rocky Trimarchi,2006,2009,2006 | 2008 | 2009,Wests Tigers,2006-04-16T00:00:00Z,2009-05-31T00:00:00Z,8,0,0,0,0,Teams listed are inferred from match structure in player-stat JSON.
NRL player stats data,Rod Jensen,rod jensen,Rod Jensen,1998,2007,1998 | 1999 | 2000 | 2001 | 2002 | 2003 | 2004 | 2005 | 2006 | 2007,Cowboys | Raiders | Rams,1998-04-25T00:00:00Z,2007-05-19T00:00:00Z,103,0,0,0,0,Teams listed are inferred from match structure in player-stat JSON.
NRL player stats data,Rod Maybon,rod maybon,Rod Maybon,1998,1999,1998 | 1999,Raiders | Rams,1998-03-13T00:00:00Z,1999-08-01T00:00:00Z,11,0,0,0,0,Teams listed are inferred from match structure in player-stat JSON.
NRL player stats data,Rod Silva,rod silva,Rod Silva,1998,2001,1998 | 1999 | 2000 | 2001,Bulldogs,1998-07-04T00:00:00Z,2001-08-31T00:00:00Z,58,0,0,0,0,Teams listed are inferred from match structure in player-stat JSON.
NRL player stats data,Rod Wishart,rod wishart,Rod Wishart,1998,1999,1998 | 1999,Dragons | Steelers,1998-03-22T00:00:00Z,1999-09-26T00:00:00Z,38,0,0,0,0,Teams listed are inferred from match structure in player-stat JSON.
NRL player stats data,Rodney Howe,rodney howe,Rodney Howe,1998,2004,1998 | 1999 | 2000 | 2001 | 2002 | 2003 | 2004,Storm,1998-03-14T00:00:00Z,2004-09-19T15:45:00Z,106,0,0,0,0,Teams listed are inferred from match structure in player-stat JSON.
NRL player stats data,Roger Tuivasa-Sheck,roger tuivasa sheck,Roger Tuivasa-Sheck,2012,2026,2012 | 2013 | 2014 | 2015 | 2016 | 2017 | 2018 | 2019 | 2020 | 2021 | 2024 | 2025 | 2026,Roosters | Warriors,2012-07-27T00:00:00Z,2026-05-23T07:30:00Z,243,0,0,0,0,Teams listed are inferred from match structure in player-stat JSON.
NRL player stats data,Rohan Ahern,rohan ahern,Rohan Ahern,2009,2009,2009,Roosters,2009-04-03T00:00:00Z,2009-07-27T00:00:00Z,4,0,0,0,0,Teams listed are inferred from match structure in player-stat JSON.
NRL player stats data,Ron Jones,ron jones,Ron Jones,1998,1998,1998,Magpies,1998-04-26T00:00:00Z,1998-07-25T00:00:00Z,4,0,0,0,0,Teams listed are inferred from match structure in player-stat JSON.
NRL player stats data,Ronald Prince,ronald prince,Ronald Prince,2000,2004,2000 | 2001 | 2003 | 2004,Eels | Sharks,2000-05-06T00:00:00Z,2004-04-03T00:00:00Z,18,0,0,0,0,Teams listed are inferred from match structure in player-stat JSON.
NRL player stats data,Ronald Volkman,ronald volkman,Ronald Volkman,2022,2026,2022 | 2023 | 2025 | 2026,Eels | Warriors,2022-06-18T07:30:00Z,2026-06-13T09:35:00Z,16,0,0,0,0,Teams listed are inferred from match structure in player-stat JSON.
NRL player stats data,Ronaldo Mulitalo,ronaldo mulitalo,Ronaldo Mulitalo,2019,2026,2019 | 2020 | 2021 | 2022 | 2023 | 2024 | 2025 | 2026,Sharks,2019-04-27T09:35:00Z,2026-06-13T07:30:00Z,140,0,0,0,0,Teams listed are inferred from match structure in player-stat JSON.
NRL player stats data,Rory Brien,rory brien,Rory Brien,2011,2011,2011,Eels,2011-08-08T00:00:00Z,2011-08-08T00:00:00Z,1,0,0,0,0,Teams listed are inferred from match structure in player-stat JSON.
NRL player stats data,Rory Kostjasyn,rory kostjasyn,Rory Kostjasyn,2010,2016,2010 | 2011 | 2012 | 2013 | 2014 | 2015 | 2016,Cowboys | Storm,2010-03-13T19:29:00Z,2016-09-23T09:55:00Z,126,0,0,0,0,Teams listed are inferred from match structure in player-stat JSON.
NRL player stats data,Rory O'Brien,rory obrien,Rory O'Brien,2015,2017,2015 | 2016 | 2017,Dragons | Eels,2015-03-09T08:00:00Z,2017-03-17T09:05:00Z,15,0,0,0,0,Teams listed are inferred from match structure in player-stat JSON.
NRL player stats data,Roy Asotasi,roy asotasi,Roy Asotasi,2002,2013,2002 | 2003 | 2004 | 2005 | 2006 | 2007 | 2008 | 2009 | 2010 | 2011 | 2012 | 2013,Bulldogs | Rabbitohs,2002-08-25T00:00:00Z,2013-09-27T09:45:00Z,217,0,0,0,0,Teams listed are inferred from match structure in player-stat JSON.
NRL player stats data,Roy Bell,roy bell,Roy Bell,2004,2005,2004 | 2005,Rabbitohs,2004-08-14T00:00:00Z,2005-06-19T00:00:00Z,9,0,0,0,0,Teams listed are inferred from match structure in player-stat JSON.
NRL player stats data,Roy Friend,roy friend,Roy Friend,2003,2003,2003,Sharks,2003-07-27T00:00:00Z,2003-09-06T00:00:00Z,6,0,0,0,0,Teams listed are inferred from match structure in player-stat JSON.
NRL player stats data,Royce Hunt,royce hunt,Royce Hunt,2017,2026,2017 | 2020 | 2021 | 2022 | 2023 | 2024 | 2025 | 2026,Raiders | Sharks | Wests Tigers,2017-06-10T07:30:00Z,2026-06-07T04:00:00Z,106,0,0,0,0,Teams listed are inferred from match structure in player-stat JSON.
NRL player stats data,Royce Simms,royce simms,Royce Simms,2001,2001,2001,Bulldogs,2001-05-27T00:00:00Z,2001-06-02T00:00:00Z,2,0,0,0,0,Teams listed are inferred from match structure in player-stat JSON.
NRL player stats data,Royston Lightning,royston lightning,Royston Lightning,1998,1998,1998,Raiders,1998-05-08T00:00:00Z,1998-05-17T00:00:00Z,2,0,0,0,0,Teams listed are inferred from match structure in player-stat JSON.
NRL player stats data,Ruben Wiki,ruben wiki,Ruben Wiki,1998,2008,1998 | 1999 | 2000 | 2001 | 2002 | 2003 | 2004 | 2005 | 2006 | 2007 | 2008,Raiders | Warriors,1998-03-15T00:00:00Z,2008-09-27T00:00:00Z,234,0,0,0,0,Teams listed are inferred from match structure in player-stat JSON.
NRL player stats data,Russell Aitken,russell aitken,Russell Aitken,2003,2008,2003 | 2004 | 2005 | 2007 | 2008,Sharks | Storm,2003-07-13T00:00:00Z,2008-10-05T00:00:00Z,17,0,0,0,0,Teams listed are inferred from match structure in player-stat JSON.
NRL player stats data,Russell Bawden,russell bawden,Russell Bawden,1998,2001,1998 | 1999 | 2000 | 2001,Storm,1998-03-14T00:00:00Z,2001-09-01T00:00:00Z,101,0,0,0,0,Teams listed are inferred from match structure in player-stat JSON.
NRL player stats data,Russell Packer,russell packer,Russell Packer,2008,2021,2008 | 2009 | 2010 | 2011 | 2012 | 2013 | 2016 | 2017 | 2018 | 2019 | 2020 | 2021,Dragons | Warriors | Wests Tigers,2008-05-04T00:00:00Z,2021-03-14T05:05:00Z,184,0,0,0,0,Teams listed are inferred from match structure in player-stat JSON.
NRL player stats data,Russell Richardson,russell richardson,Russell Richardson,1998,2004,1998 | 1999 | 2000 | 2001 | 2002 | 2003 | 2004,Knights | Rabbitohs | Sharks,1998-03-14T00:00:00Z,2004-09-04T00:00:00Z,102,0,0,0,0,Teams listed are inferred from match structure in player-stat JSON.
NRL player stats data,Ryan Couchman,ryan couchman,Ryan Couchman,2023,2026,2023 | 2024 | 2025 | 2026,Dragons,2023-06-29T09:50:00Z,2026-06-07T06:05:00Z,27,0,0,0,0,Teams listed are inferred from match structure in player-stat JSON.
NRL player stats data,Ryan Cross,ryan cross,Ryan Cross,1998,2006,1998 | 1999 | 2000 | 2001 | 2002 | 2003 | 2004 | 2005 | 2006,Roosters,1998-05-17T00:00:00Z,2006-09-02T00:00:00Z,143,0,0,0,0,Teams listed are inferred from match structure in player-stat JSON.
NRL player stats data,Ryan Girdler,ryan girdler,Ryan Girdler,1998,2004,1998 | 1999 | 2000 | 2001 | 2002 | 2003 | 2004,Panthers,1998-03-14T00:00:00Z,2004-09-25T00:00:00Z,119,0,0,0,0,Teams listed are inferred from match structure in player-stat JSON.
NRL player stats data,Ryan Gray,ryan gray,Ryan Gray,2025,2025,2025,Rabbitohs,2025-06-15T06:05:00Z,2025-08-01T10:00:00Z,5,0,0,0,0,Teams listed are inferred from match structure in player-stat JSON.
NRL player stats data,Ryan Hall,ryan hall,Ryan Hall,2019,2020,2019 | 2020,Roosters,2019-05-17T09:55:00Z,2020-08-06T09:50:00Z,11,0,0,0,0,Teams listed are inferred from match structure in player-stat JSON.
NRL player stats data,Ryan Hinchcliffe,ryan hinchcliffe,Ryan Hinchcliffe,2007,2015,2007 | 2008 | 2009 | 2010 | 2011 | 2012 | 2013 | 2014 | 2015,Raiders | Storm,2007-04-28T00:00:00Z,2015-09-26T09:40:00Z,196,0,0,0,0,Teams listed are inferred from match structure in player-stat JSON.
NRL player stats data,Ryan Hoffman,ryan hoffman,Ryan Hoffman,2003,2018,2003 | 2004 | 2005 | 2006 | 2007 | 2008 | 2009 | 2010 | 2012 | 2013 | 2014 | 2015 | 2016 | 2017 | 2018,Storm | Warriors,2003-04-20T00:00:00Z,2018-08-31T09:55:00Z,325,0,0,0,0,Teams listed are inferred from match structure in player-stat JSON.
NRL player stats data,Ryan James,ryan james,Ryan James,2010,2022,2010 | 2011 | 2012 | 2013 | 2014 | 2015 | 2016 | 2017 | 2018 | 2019 | 2021 | 2022,Broncos | Bulldogs | Raiders | Titans,2010-06-11T19:32:59Z,2022-08-19T09:55:00Z,169,0,0,0,0,Teams listed are inferred from match structure in player-stat JSON.
NRL player stats data,Ryan Matterson,ryan matterson,Ryan Matterson,2016,2025,2016 | 2017 | 2018 | 2019 | 2020 | 2021 | 2022 | 2023 | 2024 | 2025,Eels | Roosters | Wests Tigers,2016-04-25T06:00:00Z,2025-06-01T06:05:00Z,181,0,0,0,0,Teams listed are inferred from match structure in player-stat JSON.
NRL player stats data,Ryan McGoldrick,ryan mcgoldrick,Ryan Mcgoldrick | Ryan McGoldrick,2002,2005,2002 | 2004 | 2005,Sharks,2002-04-19T00:00:00Z,2005-06-10T00:00:00Z,35,0,0,0,0,Teams listed are inferred from match structure in player-stat JSON.
NRL player stats data,Ryan Morgan,ryan morgan,Ryan Morgan,2011,2016,2011 | 2012 | 2013 | 2014 | 2015 | 2016,Eels | Storm,2011-03-12T00:00:00Z,2016-08-26T09:50:00Z,92,0,0,0,0,Teams listed are inferred from match structure in player-stat JSON.
NRL player stats data,Ryan O'Hara,ryan ohara,Ryan O'Hara,2001,2008,2001 | 2002 | 2003 | 2004 | 2005 | 2006 | 2007 | 2008,Raiders | Wests Tigers,2001-03-03T00:00:00Z,2008-08-29T00:00:00Z,125,0,0,0,0,Teams listed are inferred from match structure in player-stat JSON.
NRL player stats data,Ryan Papenhuyzen,ryan papenhuyzen,Ryan Papenhuyzen,2019,2025,2019 | 2020 | 2021 | 2022 | 2023 | 2024 | 2025,Storm,2019-04-07T06:05:00Z,2025-10-05T08:30:00Z,116,0,0,0,0,Teams listed are inferred from match structure in player-stat JSON.
NRL player stats data,Ryan Powell,ryan powell,Ryan Powell,2004,2005,2004 | 2005,Dragons,2004-03-20T00:00:00Z,2005-03-26T00:00:00Z,5,0,0,0,0,Teams listed are inferred from match structure in player-stat JSON.
NRL player stats data,Ryan Rivett,ryan rivett,Ryan Rivett,2023,2023,2023,Knights,2023-03-17T07:00:00Z,2023-03-17T07:00:00Z,1,0,0,0,0,Teams listed are inferred from match structure in player-stat JSON.
NRL player stats data,Ryan Shortland,ryan shortland,Ryan Shortland,2007,2008,2007 | 2008,Storm | Warriors,2007-03-24T00:00:00Z,2008-05-18T00:00:00Z,6,0,0,0,0,Teams listed are inferred from match structure in player-stat JSON.
NRL player stats data,Ryan Simpkins,ryan simpkins,Ryan Simpkins,2012,2018,2012 | 2013 | 2015 | 2016 | 2017 | 2018,Panthers | Titans,2012-03-18T00:00:00Z,2018-05-05T05:00:00Z,52,0,0,0,0,Teams listed are inferred from match structure in player-stat JSON.
NRL player stats data,Ryan Stig,ryan stig,Ryan Stig,2011,2011,2011,Knights,2011-06-18T00:00:00Z,2011-09-11T00:00:00Z,13,0,0,0,0,Teams listed are inferred from match structure in player-stat JSON.
NRL player stats data,Ryan Sutton,ryan sutton,Ryan Sutton,2019,2023,2019 | 2020 | 2021 | 2022 | 2023,Bulldogs | Raiders,2019-03-17T07:10:00Z,2023-09-03T04:00:00Z,88,0,0,0,0,Teams listed are inferred from match structure in player-stat JSON.
NRL player stats data,Ryan Tandy,ryan tandy,Ryan Tandy,2003,2010,2003 | 2008 | 2009 | 2010,Bulldogs | Dragons | Rabbitohs | Storm | Wests Tigers,2003-03-23T00:00:00Z,2010-09-05T00:00:00Z,36,0,0,0,0,Teams listed are inferred from match structure in player-stat JSON.
NRL player stats data,Ryan Walker,ryan walker,Ryan Walker,2011,2011,2011,Panthers,2011-07-30T00:00:00Z,2011-08-12T00:00:00Z,3,0,0,0,0,Teams listed are inferred from match structure in player-stat JSON.
NRL player stats data,Ryley Jacks,ryley jacks,Ryley Jacks,2017,2021,2017 | 2018 | 2019 | 2020 | 2021,Storm | Titans,2017-03-03T07:00:00Z,2021-05-16T06:05:00Z,49,0,0,0,0,Teams listed are inferred from match structure in player-stat JSON.
NRL player stats data,Ryley Smith,ryley smith,Ryley Smith,2025,2026,2025 | 2026,Eels,2025-03-09T05:05:00Z,2026-05-02T07:30:00Z,31,0,0,0,0,Teams listed are inferred from match structure in player-stat JSON.
NRL player stats data,Salesi Foketi,salesi foketi,Salesi Foketi,2025,2026,2025 | 2026,Roosters,2025-03-06T09:00:00Z,2026-06-12T10:00:00Z,32,0,0,0,0,Teams listed are inferred from match structure in player-stat JSON.
NRL player stats data,Sam Anderson,sam anderson,Sam Anderson,2013,2015,2013 | 2014 | 2015,Panthers,2013-05-12T08:30:00Z,2015-06-06T09:30:00Z,7,0,0,0,0,Teams listed are inferred from match structure in player-stat JSON.
NRL player stats data,Sam Bowie,sam bowie,Sam Bowie,2008,2008,2008,Cowboys,2008-06-28T00:00:00Z,2008-06-28T00:00:00Z,1,0,0,0,0,Teams listed are inferred from match structure in player-stat JSON.
NRL player stats data,Sam Brunton,sam brunton,Sam Brunton,2010,2010,2010,Roosters,2010-04-17T19:30:59Z,2010-05-02T00:00:00Z,3,0,0,0,0,Teams listed are inferred from match structure in player-stat JSON.
NRL player stats data,Sam Burgess,sam burgess,Sam Burgess,2010,2019,2010 | 2011 | 2012 | 2013 | 2014 | 2016 | 2017 | 2018 | 2019,Rabbitohs,2010-03-14T00:00:00Z,2019-09-27T09:50:00Z,182,0,0,0,0,Teams listed are inferred from match structure in player-stat JSON.
NRL player stats data,Sam Cook,sam cook,Sam Cook,2018,2018,2018,Warriors,2018-03-10T08:00:00Z,2018-03-17T04:05:00Z,2,0,0,0,0,Teams listed are inferred from match structure in player-stat JSON.
NRL player stats data,Sam Falaafi,sam falaafi,Sam Falaafi,1998,1998,1998,Rams,1998-06-06T00:00:00Z,1998-06-06T00:00:00Z,1,0,0,0,0,Teams listed are inferred from match structure in player-stat JSON.
NRL player stats data,Sam Faust,sam faust,Sam Faust,2007,2008,2007 | 2008,Cowboys,2007-05-19T00:00:00Z,2008-06-21T00:00:00Z,23,0,0,0,0,Teams listed are inferred from match structure in player-stat JSON.
NRL player stats data,Sam Harris,sam harris,Sam Harris,2003,2006,2003 | 2004 | 2005 | 2006,Sea Eagles | Wests Tigers,2003-05-18T00:00:00Z,2006-07-09T00:00:00Z,64,0,0,0,0,Teams listed are inferred from match structure in player-stat JSON.
NRL player stats data,Sam Healey,sam healey,Sam Healey,2026,2026,2026,Warriors,2026-03-06T07:00:00Z,2026-05-31T08:15:00Z,12,0,0,0,0,Teams listed are inferred from match structure in player-stat JSON.
NRL player stats data,Sam Hoare,sam hoare,Sam Hoare,2014,2018,2014 | 2015 | 2017 | 2018,Cowboys,2014-07-05T07:30:00Z,2018-06-15T08:00:00Z,21,0,0,0,0,Teams listed are inferred from match structure in player-stat JSON.
NRL player stats data,Sam Irwin,sam irwin,Sam Irwin,2013,2013,2013,Titans,2013-04-14T08:30:00Z,2013-08-12T09:00:00Z,10,0,0,0,0,Teams listed are inferred from match structure in player-stat JSON.
NRL player stats data,Sam Isemonger,sam isemonger,Sam Isemonger,1998,2007,1998 | 1999 | 2000 | 2002 | 2003 | 2004 | 2005 | 2006 | 2007,Dragons | Sharks,1998-07-10T00:00:00Z,2007-05-25T00:00:00Z,95,0,0,0,0,Teams listed are inferred from match structure in player-stat JSON.
NRL player stats data,Sam Joe,sam joe,Sam Joe,2008,2008,2008,Storm,2008-06-09T00:00:00Z,2008-06-29T00:00:00Z,2,0,0,0,0,Teams listed are inferred from match structure in player-stat JSON.
NRL player stats data,Sam Kasiano,sam kasiano,Sam Kasiano,2011,2018,2011 | 2012 | 2013 | 2014 | 2015 | 2016 | 2017 | 2018,Bulldogs | Storm,2011-03-14T00:00:00Z,2018-09-07T09:40:00Z,153,0,0,0,0,Teams listed are inferred from match structure in player-stat JSON.
NRL player stats data,Sam Latu,sam latu,Sam Latu,2008,2011,2008 | 2010 | 2011,Rabbitohs | Wests Tigers,2008-04-14T00:00:00Z,2011-04-15T00:00:00Z,4,0,0,0,0,Teams listed are inferred from match structure in player-stat JSON.
NRL player stats data,Sam Lisone,sam lisone,Sam Lisone,2015,2022,2015 | 2016 | 2017 | 2018 | 2019 | 2020 | 2021 | 2022,Titans | Warriors,2015-03-07T05:30:00Z,2022-06-18T05:00:00Z,135,0,0,0,0,Teams listed are inferred from match structure in player-stat JSON.
NRL player stats data,Sam Lousi,sam lousi,Sam Lousi,2012,2014,2012 | 2014,Warriors,2012-07-21T00:00:00Z,2014-07-12T07:30:00Z,3,0,0,0,0,Teams listed are inferred from match structure in player-stat JSON.
NRL player stats data,Sam Mataora,sam mataora,Sam Mataora,2010,2017,2010 | 2011 | 2012 | 2013 | 2015 | 2016 | 2017,Knights | Raiders,2010-05-01T14:59:00Z,2017-06-25T04:00:00Z,63,0,0,0,0,Teams listed are inferred from match structure in player-stat JSON.
NRL player stats data,Sam McIntyre,sam mcintyre,Sam McIntyre,2020,2026,2020 | 2021 | 2022 | 2023 | 2024 | 2025 | 2026,Cowboys | Titans | Wests Tigers,2020-06-20T07:30:00Z,2026-06-06T07:30:00Z,103,0,0,0,0,Teams listed are inferred from match structure in player-stat JSON.
NRL player stats data,Sam McKendry,sam mckendry,Sam Mckendry | Sam McKendry,2008,2018,2008 | 2009 | 2010 | 2011 | 2012 | 2013 | 2014 | 2015 | 2016 | 2018,Panthers,2008-05-18T00:00:00Z,2018-03-17T06:30:00Z,147,0,0,0,0,Teams listed are inferred from match structure in player-stat JSON.
NRL player stats data,Sam Moa,sam moa,Sam Moa,2008,2016,2008 | 2013 | 2014 | 2015 | 2016,Roosters | Sharks,2008-04-27T00:00:00Z,2016-09-01T09:50:00Z,97,0,0,0,0,Teams listed are inferred from match structure in player-stat JSON.
NRL player stats data,Sam Murphy,sam murphy,Sam Murphy,2001,2003,2001 | 2002 | 2003,Eagles | Sea Eagles,2001-03-04T00:00:00Z,2003-04-06T00:00:00Z,5,0,0,0,0,Teams listed are inferred from match structure in player-stat JSON.
NRL player stats data,Sam Obst,sam obst,Sam Obst,2001,2002,2001 | 2002,Roosters,2001-04-13T00:00:00Z,2002-04-12T00:00:00Z,7,0,0,0,0,Teams listed are inferred from match structure in player-stat JSON.
NRL player stats data,Sam Perrett,sam perrett,Sam Perrett,2004,2016,2004 | 2005 | 2006 | 2007 | 2008 | 2009 | 2010 | 2011 | 2012 | 2013 | 2014 | 2015 | 2016,Bulldogs | Roosters,2004-06-18T00:00:00Z,2016-09-11T06:10:00Z,256,0,0,0,0,Teams listed are inferred from match structure in player-stat JSON.
NRL player stats data,Sam Rapira,sam rapira,Sam Rapira,2006,2015,2006 | 2007 | 2008 | 2009 | 2010 | 2011 | 2012 | 2013 | 2014 | 2015,Warriors,2006-05-20T00:00:00Z,2015-08-15T07:30:00Z,173,0,0,0,0,Teams listed are inferred from match structure in player-stat JSON.
NRL player stats data,Sam Stone,sam stone,Sam Stone,2017,2021,2017 | 2018 | 2019 | 2020 | 2021,Knights | Titans,2017-03-05T03:00:00Z,2021-07-03T07:30:00Z,41,0,0,0,0,Teams listed are inferred from match structure in player-stat JSON.
NRL player stats data,Sam Tagataese,sam tagataese,Sam Tagataese,2007,2018,2007 | 2008 | 2009 | 2010 | 2011 | 2012 | 2013 | 2014 | 2015 | 2016 | 2017 | 2018,Broncos | Sharks | Storm | Titans,2007-04-07T00:00:00Z,2018-06-16T09:35:00Z,172,0,0,0,0,Teams listed are inferred from match structure in player-stat JSON.
NRL player stats data,Sam Thaiday,sam thaiday,Sam Thaiday,2003,2018,2003 | 2004 | 2005 | 2006 | 2007 | 2008 | 2009 | 2010 | 2011 | 2012 | 2013 | 2014 | 2015 | 2016 | 2017 | 2018,Broncos,2003-07-11T00:00:00Z,2018-09-09T06:00:00Z,304,0,0,0,0,Teams listed are inferred from match structure in player-stat JSON.
NRL player stats data,Sam Tomkins,sam tomkins,Sam Tomkins,2014,2015,2014 | 2015,Warriors,2014-03-09T07:30:00Z,2015-08-30T04:00:00Z,37,0,0,0,0,Teams listed are inferred from match structure in player-stat JSON.
NRL player stats data,Sam Tuivaiti,sam tuivaiti,Sam Tuivaiti,2025,2026,2025 | 2026,Eels,2025-03-09T05:05:00Z,2026-06-13T09:35:00Z,20,0,0,0,0,Teams listed are inferred from match structure in player-stat JSON.
NRL player stats data,Sam Verrills,sam verrills,Sam Verrills,2019,2026,2019 | 2020 | 2021 | 2022 | 2023 | 2024 | 2025 | 2026,Roosters | Titans,2019-04-19T09:55:00Z,2026-05-08T08:00:00Z,113,0,0,0,0,Teams listed are inferred from match structure in player-stat JSON.
NRL player stats data,Sam Walker,sam walker,Sam Walker,2021,2026,2021 | 2022 | 2023 | 2024 | 2025 | 2026,Roosters,2021-04-04T08:15:00Z,2026-06-05T10:00:00Z,100,0,0,0,0,Teams listed are inferred from match structure in player-stat JSON.
NRL player stats data,Sam Williams,sam williams,Sam Williams,2011,2021,2011 | 2012 | 2013 | 2014 | 2015 | 2016 | 2018 | 2019 | 2020 | 2021,Dragons | Raiders,2011-03-13T00:00:00Z,2021-08-20T08:00:00Z,107,0,0,0,0,Teams listed are inferred from match structure in player-stat JSON.
NRL player stats data,Sami Chamoun,sami chamoun,Sami Chamoun,1998,1998,1998,Steelers,1998-07-04T00:00:00Z,1998-08-09T00:00:00Z,5,0,0,0,0,Teams listed are inferred from match structure in player-stat JSON.
NRL player stats data,Sami Sauiluma,sami sauiluma,Sami Sauiluma,2013,2015,2013 | 2014 | 2015,Raiders | Sharks,2013-06-22T09:30:00Z,2015-05-31T06:00:00Z,18,0,0,0,0,Teams listed are inferred from match structure in player-stat JSON.
NRL player stats data,Samisoni Langi,samisoni langi,Samisoni Langi,2013,2014,2013 | 2014,Roosters,2013-08-19T09:00:00Z,2014-05-23T09:45:00Z,3,0,0,0,0,Teams listed are inferred from match structure in player-stat JSON.
NRL player stats data,Samuel Healey,samuel healey,Samuel Healey,2025,2025,2025,Warriors,2025-05-03T07:30:00Z,2025-09-13T06:05:00Z,12,0,0,0,0,Teams listed are inferred from match structure in player-stat JSON.
NRL player stats data,Samuel Hughes,samuel hughes,Samuel Hughes,2023,2026,2023 | 2024 | 2025 | 2026,Bulldogs,2023-04-07T06:05:00Z,2026-05-07T09:50:00Z,48,0,0,0,0,Teams listed are inferred from match structure in player-stat JSON.
NRL player stats data,Samuel Loizou,samuel loizou,Samuel Loizou,2021,2021,2021,Eels,2021-09-03T10:05:00Z,2021-09-03T10:05:00Z,1,0,0,0,0,Teams listed are inferred from match structure in player-stat JSON.
NRL player stats data,Samuel Stonestreet,samuel stonestreet,Samuel Stonestreet,2023,2026,2023 | 2024 | 2025 | 2026,Sharks,2023-04-02T06:05:00Z,2026-06-07T06:05:00Z,30,0,0,0,0,Teams listed are inferred from match structure in player-stat JSON.
NRL player stats data,Samuela Fainu,samuela fainu,Samuela Fainu,2023,2026,2023 | 2024 | 2025 | 2026,Sea Eagles | Wests Tigers,2023-04-08T07:30:00Z,2026-05-03T06:05:00Z,60,0,0,0,0,Teams listed are inferred from match structure in player-stat JSON.
NRL player stats data,Sandon Smith,sandon smith,Sandon Smith,2023,2026,2023 | 2024 | 2025 | 2026,Knights | Roosters,2023-05-19T08:00:00Z,2026-05-30T05:00:00Z,64,0,0,0,0,Teams listed are inferred from match structure in player-stat JSON.
NRL player stats data,Sandor Earl,sandor earl,Sandor Earl,2009,2020,2009 | 2010 | 2011 | 2012 | 2013 | 2019 | 2020,Panthers | Raiders | Roosters | Storm,2009-06-27T00:00:00Z,2020-09-27T06:05:00Z,56,0,0,0,0,Teams listed are inferred from match structure in player-stat JSON.
NRL player stats data,Sarafu Fatiaki,sarafu fatiaki,Sarafu Fatiaki,2011,2011,2011,Panthers,2011-03-18T00:00:00Z,2011-07-02T00:00:00Z,8,0,0,0,0,Teams listed are inferred from match structure in player-stat JSON.
NRL player stats data,Sauaso Sue,sauaso sue,Sauaso Sue,2013,2022,2013 | 2014 | 2015 | 2016 | 2017 | 2018 | 2019 | 2020 | 2021 | 2022,Bulldogs | Knights | Wests Tigers,2013-04-14T05:00:00Z,2022-08-28T06:05:00Z,173,0,0,0,0,Teams listed are inferred from match structure in player-stat JSON.
NRL player stats data,Savelio Tamale,savelio tamale,Savelio Tamale,2024,2026,2024 | 2025 | 2026,Dragons | Raiders,2024-09-07T05:00:00Z,2026-06-05T10:00:00Z,31,0,0,0,0,Teams listed are inferred from match structure in player-stat JSON.
NRL player stats data,Saxon Pryke,saxon pryke,Saxon Pryke,2026,2026,2026,Eels,2026-04-19T06:05:00Z,2026-05-16T09:45:00Z,5,0,0,0,0,Teams listed are inferred from match structure in player-stat JSON.
NRL player stats data,Scott Anderson,scott anderson,Scott Anderson,2007,2013,2007 | 2008 | 2009 | 2010 | 2011 | 2012 | 2013,Broncos | Storm,2007-05-19T00:00:00Z,2013-08-23T09:35:00Z,79,0,0,0,0,Teams listed are inferred from match structure in player-stat JSON.
NRL player stats data,Scott Asimus,scott asimus,Scott Asimus,1999,2001,1999 | 2000 | 2001,Cowboys | Eagles,1999-06-05T00:00:00Z,2001-08-19T00:00:00Z,7,0,0,0,0,Teams listed are inferred from match structure in player-stat JSON.
NRL player stats data,Scott Bolton,scott bolton,Scott Bolton,2007,2019,2007 | 2008 | 2009 | 2010 | 2011 | 2012 | 2013 | 2014 | 2015 | 2016 | 2017 | 2018 | 2019,Cowboys,2007-04-07T00:00:00Z,2019-09-06T09:55:00Z,246,0,0,0,0,Teams listed are inferred from match structure in player-stat JSON.
NRL player stats data,Scott Conley,scott conley,Scott Conley,1998,1999,1998 | 1999,Chargers | Knights,1998-03-14T00:00:00Z,1999-07-30T00:00:00Z,34,0,0,0,0,Teams listed are inferred from match structure in player-stat JSON.
NRL player stats data,Scott Coxon,scott coxon,Scott Coxon,1998,2000,1998 | 1999 | 2000,Magpies | Warriors,1998-03-15T00:00:00Z,2000-07-15T00:00:00Z,51,0,0,0,0,Teams listed are inferred from match structure in player-stat JSON.
NRL player stats data,Scott Cram,scott cram,Scott Cram,1998,1998,1998,Steelers,1998-03-14T00:00:00Z,1998-08-09T00:00:00Z,17,0,0,0,0,Teams listed are inferred from match structure in player-stat JSON.
NRL player stats data,Scott Donald,scott donald,Scott Donald,1998,2005,1998 | 1999 | 2000 | 2001 | 2002 | 2003 | 2004 | 2005,Cowboys | Eels | Sea Eagles,1998-07-18T00:00:00Z,2005-08-27T00:00:00Z,93,0,0,0,0,Teams listed are inferred from match structure in player-stat JSON.
NRL player stats data,Scott Drinkwater,scott drinkwater,Scott Drinkwater,2018,2026,2018 | 2019 | 2020 | 2021 | 2022 | 2023 | 2024 | 2025 | 2026,Cowboys | Storm,2018-08-31T09:55:00Z,2026-06-06T07:30:00Z,161,0,0,0,0,Teams listed are inferred from match structure in player-stat JSON.
NRL player stats data,Scott Dureau,scott dureau,Scott Dureau,2007,2010,2007 | 2008 | 2009 | 2010,Knights,2007-08-10T00:00:00Z,2010-09-05T00:00:00Z,42,0,0,0,0,Teams listed are inferred from match structure in player-stat JSON.
NRL player stats data,Scott Fulton,scott fulton,Scott Fulton,1998,1999,1998 | 1999,Sea Eagles,1998-03-13T00:00:00Z,1999-04-18T00:00:00Z,10,0,0,0,0,Teams listed are inferred from match structure in player-stat JSON.
NRL player stats data,Scott Geddes,scott geddes,Scott Geddes,2002,2012,2002 | 2004 | 2005 | 2006 | 2007 | 2008 | 2009 | 2010 | 2011 | 2012,Rabbitohs,2002-03-23T00:00:00Z,2012-06-22T00:00:00Z,125,0,0,0,0,Teams listed are inferred from match structure in player-stat JSON.
NRL player stats data,Scott Gourley,scott gourley,Scott Gourley,1998,1998,1998,Roosters,1998-03-14T00:00:00Z,1998-09-19T00:00:00Z,25,0,0,0,0,Teams listed are inferred from match structure in player-stat JSON.
NRL player stats data,Scott Hill,scott hill,Scott Hill,1998,2006,1998 | 1999 | 2000 | 2001 | 2002 | 2003 | 2004 | 2005 | 2006,Storm,1998-03-14T00:00:00Z,2006-10-01T07:00:00Z,177,0,0,0,0,Teams listed are inferred from match structure in player-stat JSON.
NRL player stats data,Scott Logan,scott logan,Scott Logan,1998,2010,1998 | 1999 | 2000 | 2001 | 2004 | 2005 | 2007 | 2008 | 2009 | 2010,Rabbitohs | Raiders | Roosters,1998-03-20T00:00:00Z,2010-09-17T00:00:00Z,159,0,0,0,0,Teams listed are inferred from match structure in player-stat JSON.
NRL player stats data,Scott Mahon,scott mahon,Scott Mahon,1998,1998,1998,Cowboys,1998-05-09T00:00:00Z,1998-08-23T00:00:00Z,4,0,0,0,0,Teams listed are inferred from match structure in player-stat JSON.
NRL player stats data,Scott McLean,scott mclean,Scott McLean,2001,2002,2001 | 2002,Eagles | Rabbitohs,2001-04-13T00:00:00Z,2002-06-02T00:00:00Z,16,0,0,0,0,Teams listed are inferred from match structure in player-stat JSON.
NRL player stats data,Scott Minto,scott minto,Scott Minto,2002,2007,2002 | 2003 | 2004 | 2005 | 2006 | 2007,Broncos | Cowboys,2002-05-31T00:00:00Z,2007-08-04T00:00:00Z,53,0,0,0,0,Teams listed are inferred from match structure in player-stat JSON.
NRL player stats data,Scott Moore,scott moore,Scott Moore,2013,2013,2013,Cowboys,2013-03-09T08:30:00Z,2013-08-03T09:30:00Z,6,0,0,0,0,Teams listed are inferred from match structure in player-stat JSON.
NRL player stats data,Scott Murray,scott murray,Scott Murray,1999,2001,1999 | 2000 | 2001,Rabbitohs | Sharks,1999-08-29T00:00:00Z,2001-04-07T00:00:00Z,4,0,0,0,0,Teams listed are inferred from match structure in player-stat JSON.
NRL player stats data,Scott Pethybridge,scott pethybridge,Scott Pethybridge,1998,2002,1998 | 1999 | 2000 | 2001 | 2002,Bears | Eagles | Warriors,1998-03-20T00:00:00Z,2002-05-11T00:00:00Z,67,0,0,0,0,Teams listed are inferred from match structure in player-stat JSON.
NRL player stats data,Scott Porter,scott porter,Scott Porter,2009,2011,2009 | 2010 | 2011,Sharks,2009-05-30T00:00:00Z,2011-05-29T00:00:00Z,22,0,0,0,0,Teams listed are inferred from match structure in player-stat JSON.
NRL player stats data,Scott Prince,scott prince,Scott Prince,1998,2013,1998 | 1999 | 2000 | 2001 | 2002 | 2003 | 2004 | 2005 | 2006 | 2007 | 2008 | 2009 | 2010 | 2011 | 2012 | 2013,Broncos | Cowboys | Titans | Wests Tigers,1998-04-04T00:00:00Z,2013-09-05T09:45:00Z,300,0,0,0,0,Teams listed are inferred from match structure in player-stat JSON.
NRL player stats data,Scott Sattler,scott sattler,Scott Sattler,1998,2004,1998 | 1999 | 2000 | 2001 | 2002 | 2003 | 2004,Chargers | Panthers | Wests Tigers,1998-03-14T00:00:00Z,2004-09-04T00:00:00Z,164,0,0,0,0,Teams listed are inferred from match structure in player-stat JSON.
NRL player stats data,Scott Sorensen,scott sorensen,Scott Sorensen,2014,2026,2014 | 2017 | 2018 | 2019 | 2020 | 2021 | 2022 | 2023 | 2024 | 2025 | 2026,Panthers | Raiders | Sharks,2014-08-24T04:00:00Z,2026-06-07T04:00:00Z,154,0,0,0,0,Teams listed are inferred from match structure in player-stat JSON.
NRL player stats data,Scott Thorburn,scott thorburn,Scott Thorburn,1998,1998,1998,Chargers,1998-04-26T00:00:00Z,1998-08-22T00:00:00Z,9,0,0,0,0,Teams listed are inferred from match structure in player-stat JSON.
NRL player stats data,Scott Whiting,scott whiting,Scott Whiting,1998,2003,1998 | 2002 | 2003,Cowboys,1998-08-16T00:00:00Z,2003-04-26T00:00:00Z,16,0,0,0,0,Teams listed are inferred from match structure in player-stat JSON.
NRL player stats data,Scott Wilson,scott wilson,Scott Wilson,1998,1998,1998,Bulldogs | Cowboys,1998-03-13T00:00:00Z,1998-06-27T00:00:00Z,6,0,0,0,0,Teams listed are inferred from match structure in player-stat JSON.
NRL player stats data,Scott Zahra,scott zahra,Scott Zahra,1998,1998,1998,Chargers,1998-06-06T00:00:00Z,1998-07-04T00:00:00Z,2,0,0,0,0,Teams listed are inferred from match structure in player-stat JSON.
NRL player stats data,Sean Garlick,sean garlick,Sean Garlick,1998,1999,1998 | 1999,Rabbitohs,1998-03-13T00:00:00Z,1999-08-29T00:00:00Z,38,0,0,0,0,Teams listed are inferred from match structure in player-stat JSON.
NRL player stats data,Sean Hoppe,sean hoppe,Sean Hoppe,1998,1999,1998 | 1999,Warriors,1998-03-13T00:00:00Z,1999-07-16T00:00:00Z,28,0,0,0,0,Teams listed are inferred from match structure in player-stat JSON.
NRL player stats data,Sean Keppie,sean keppie,Sean Keppie,2019,2026,2019 | 2020 | 2021 | 2022 | 2023 | 2024 | 2025 | 2026,Rabbitohs | Sea Eagles,2019-09-06T08:00:00Z,2026-06-04T09:50:00Z,135,0,0,0,0,Teams listed are inferred from match structure in player-stat JSON.
NRL player stats data,Sean Meaney,sean meaney,Sean Meaney,2010,2013,2010 | 2011 | 2012 | 2013,Wests Tigers,2010-06-04T00:00:00Z,2013-06-22T09:30:00Z,10,0,0,0,0,Teams listed are inferred from match structure in player-stat JSON.
NRL player stats data,Sean Mullany,sean mullany,Sean Mullany,2025,2025,2025,Titans,2025-04-05T06:30:00Z,2025-07-26T05:00:00Z,3,0,0,0,0,Teams listed are inferred from match structure in player-stat JSON.
NRL player stats data,Sean O'Sullivan,sean osullivan,Sean O'Sullivan,2018,2026,2018 | 2019 | 2020 | 2021 | 2022 | 2023 | 2024 | 2025 | 2026,Broncos | Bulldogs | Dolphins | Panthers | Roosters | Warriors,2018-07-15T08:30:00Z,2026-06-08T06:05:00Z,83,0,0,0,0,Teams listed are inferred from match structure in player-stat JSON.
NRL player stats data,Sean Rudder,sean rudder,Sean Rudder,1998,2008,1998 | 1999 | 2000 | 2001 | 2002 | 2003 | 2008,Knights | Roosters,1998-07-04T00:00:00Z,2008-06-27T00:00:00Z,132,0,0,0,0,Teams listed are inferred from match structure in player-stat JSON.
NRL player stats data,Sean Russell,sean russell,Sean Russell,2021,2026,2021 | 2022 | 2023 | 2024 | 2025 | 2026,Eels,2021-06-20T04:00:00Z,2026-06-13T09:35:00Z,76,0,0,0,0,Teams listed are inferred from match structure in player-stat JSON.
NRL player stats data,Sean Rutgerson,sean rutgerson,Sean Rutgerson,1998,2003,1998 | 1999 | 2000 | 2001 | 2002 | 2003,Bears | Raiders,1998-05-30T00:00:00Z,2003-09-20T00:00:00Z,68,0,0,0,0,Teams listed are inferred from match structure in player-stat JSON.
NRL player stats data,Sean Ryan,sean ryan,Sean Ryan,1998,2001,1998 | 1999 | 2000 | 2001,Sharks,1998-03-14T00:00:00Z,2001-09-22T00:00:00Z,88,0,0,0,0,Teams listed are inferred from match structure in player-stat JSON.
NRL player stats data,Sebastian Kris,sebastian kris,Sebastian Kris,2019,2026,2019 | 2021 | 2022 | 2023 | 2024 | 2025 | 2026,Raiders,2019-05-18T09:35:00Z,2026-06-13T09:35:00Z,125,0,0,0,0,Teams listed are inferred from match structure in player-stat JSON.
NRL player stats data,Sebastian Su'a,sebastian sua,Sebastian Su'a,2024,2026,2024 | 2026,Dolphins | Knights,2024-08-24T09:35:00Z,2026-06-12T10:00:00Z,4,0,0,0,0,Teams listed are inferred from match structure in player-stat JSON.
NRL player stats data,Sebastine Ikahihifo,sebastine ikahihifo,Sebastine Ikahihifo,2012,2015,2012 | 2013 | 2014 | 2015,Warriors,2012-07-28T00:00:00Z,2015-09-06T08:30:00Z,39,0,0,0,0,Teams listed are inferred from match structure in player-stat JSON.
NRL player stats data,Selasi Berdie,selasi berdie,Selasi Berdie,2008,2009,2008 | 2009,Titans,2008-09-07T00:00:00Z,2009-08-14T00:00:00Z,2,0,0,0,0,Teams listed are inferred from match structure in player-stat JSON.
NRL player stats data,Selwyn Cobbo,selwyn cobbo,Selwyn Cobbo,2021,2026,2021 | 2022 | 2023 | 2024 | 2025 | 2026,Broncos | Dolphins,2021-05-27T09:50:00Z,2026-06-06T07:30:00Z,96,0,0,0,0,Teams listed are inferred from match structure in player-stat JSON.
NRL player stats data,Semi Radradra,semi radradra,Semi Radradra,2013,2017,2013 | 2014 | 2015 | 2016 | 2017,Eels,2013-07-13T07:30:00Z,2017-09-16T09:40:00Z,94,0,0,0,0,Teams listed are inferred from match structure in player-stat JSON.
NRL player stats data,Semi Tadulala,semi tadulala,Semi Tadulala,2001,2003,2001 | 2002 | 2003,Storm,2001-08-20T00:00:00Z,2003-06-22T00:00:00Z,16,0,0,0,0,Teams listed are inferred from match structure in player-stat JSON.
NRL player stats data,Semi Valemei,semi valemei,Semi Valemei,2020,2025,2020 | 2021 | 2022 | 2023 | 2024 | 2025,Cowboys | Raiders,2020-07-16T09:50:00Z,2025-08-30T09:35:00Z,46,0,0,0,0,Teams listed are inferred from match structure in player-stat JSON.
NRL player stats data,Setaimata Sa,setaimata sa,Setaimata Sa,2006,2009,2006 | 2007 | 2008 | 2009,Roosters,2006-04-25T00:00:00Z,2009-08-24T00:00:00Z,66,0,0,0,0,Teams listed are inferred from match structure in player-stat JSON.
NRL player stats data,Setu Tu,setu tu,Setu Tu,2026,2026,2026,Dragons,2026-03-01T04:30:00Z,2026-06-07T06:05:00Z,11,0,0,0,0,Teams listed are inferred from match structure in player-stat JSON.
NRL player stats data,Shane Elford,shane elford,Shane Elford,1998,2010,1998 | 1999 | 2000 | 2001 | 2002 | 2003 | 2004 | 2005 | 2006 | 2009 | 2010,Panthers | Wests Tigers,1998-08-02T00:00:00Z,2010-05-24T00:00:00Z,148,0,0,0,0,Teams listed are inferred from match structure in player-stat JSON.
NRL player stats data,Shane Endacott,shane endacott,Shane Endacott,1998,1999,1998 | 1999,Warriors,1998-03-13T00:00:00Z,1999-08-01T00:00:00Z,34,0,0,0,0,Teams listed are inferred from match structure in player-stat JSON.
NRL player stats data,Shane Gray,shane gray,Shane Gray,2013,2013,2013,Titans,2013-06-02T05:00:00Z,2013-06-02T05:00:00Z,1,0,0,0,0,Teams listed are inferred from match structure in player-stat JSON.
NRL player stats data,Shane Kelly,shane kelly,Shane Kelly,2000,2001,2000 | 2001,Raiders,2000-07-21T00:00:00Z,2001-04-15T00:00:00Z,11,0,0,0,0,Teams listed are inferred from match structure in player-stat JSON.
NRL player stats data,Shane Kenward,shane kenward,Shane Kenward,2000,2000,2000,Cowboys,2000-05-21T00:00:00Z,2000-06-03T00:00:00Z,2,0,0,0,0,Teams listed are inferred from match structure in player-stat JSON.
NRL player stats data,Shane Laloata,shane laloata,Shane Laloata,2002,2002,2002,Dragons,2002-05-12T00:00:00Z,2002-08-02T00:00:00Z,11,0,0,0,0,Teams listed are inferred from match structure in player-stat JSON.
NRL player stats data,Shane Marteene,shane marteene,Shane Marteene,1998,2005,1998 | 1999 | 2000 | 2001 | 2003 | 2004 | 2005,Bulldogs | Dragons | Rabbitohs,1998-03-15T00:00:00Z,2005-06-12T00:00:00Z,77,0,0,0,0,Teams listed are inferred from match structure in player-stat JSON.
NRL player stats data,Shane Millard,shane millard,Shane Millard,1998,2002,1998 | 2002,Dragons | Rabbitohs,1998-07-12T00:00:00Z,2002-09-21T00:00:00Z,24,0,0,0,0,Teams listed are inferred from match structure in player-stat JSON.
NRL player stats data,Shane Muspratt,shane muspratt,Shane Muspratt,1999,2007,1999 | 2000 | 2001 | 2002 | 2003 | 2004 | 2006 | 2007,Cowboys | Eels,1999-08-14T00:00:00Z,2007-09-22T00:00:00Z,64,0,0,0,0,Teams listed are inferred from match structure in player-stat JSON.
NRL player stats data,Shane Neumann,shane neumann,Shane Neumann,2007,2010,2007 | 2008 | 2009 | 2010,Bulldogs | Sea Eagles,2007-05-21T00:00:00Z,2010-07-23T00:00:00Z,13,0,0,0,0,Teams listed are inferred from match structure in player-stat JSON.
NRL player stats data,Shane O'Grady,shane ogrady,Shane O'Grady,1999,1999,1999,Knights,1999-04-25T00:00:00Z,1999-04-25T00:00:00Z,1,0,0,0,0,Teams listed are inferred from match structure in player-stat JSON.
NRL player stats data,Shane Perry,shane perry,Shane Perry,1999,2008,1999 | 2000 | 2001 | 2006 | 2007 | 2008,Broncos | Bulldogs | Magpies,1999-03-07T00:00:00Z,2008-06-27T00:00:00Z,57,0,0,0,0,Teams listed are inferred from match structure in player-stat JSON.
NRL player stats data,Shane Pumipi,shane pumipi,Shane Pumipi,2014,2014,2014,Dragons,2014-06-02T09:00:00Z,2014-09-07T04:00:00Z,8,0,0,0,0,Teams listed are inferred from match structure in player-stat JSON.
NRL player stats data,Shane Rigon,shane rigon,Shane Rigon,1998,2007,1998 | 1999 | 2000 | 2002 | 2003 | 2004 | 2005 | 2006 | 2007,Rabbitohs | Roosters,1998-03-14T00:00:00Z,2007-09-08T00:00:00Z,153,0,0,0,0,Teams listed are inferred from match structure in player-stat JSON.
NRL player stats data,Shane Rodney,shane rodney,Shane Rodney,2002,2011,2002 | 2003 | 2004 | 2005 | 2006 | 2008 | 2009 | 2010 | 2011,Panthers | Sea Eagles,2002-07-27T00:00:00Z,2011-10-02T17:19:59Z,131,0,0,0,0,Teams listed are inferred from match structure in player-stat JSON.
NRL player stats data,Shane Russell,shane russell,Shane Russell,1998,1998,1998,Chargers,1998-05-09T00:00:00Z,1998-07-11T00:00:00Z,9,0,0,0,0,Teams listed are inferred from match structure in player-stat JSON.
NRL player stats data,Shane Shackleton,shane shackleton,Shane Shackleton,2005,2012,2005 | 2006 | 2007 | 2008 | 2009 | 2010 | 2011 | 2012,Eels | Panthers | Roosters,2005-08-26T00:00:00Z,2012-08-04T00:00:00Z,93,0,0,0,0,Teams listed are inferred from match structure in player-stat JSON.
NRL player stats data,Shane Tronc,shane tronc,Shane Tronc,2004,2011,2004 | 2005 | 2006 | 2007 | 2008 | 2009 | 2010 | 2011,Broncos | Cowboys,2004-04-24T00:00:00Z,2011-04-01T00:00:00Z,147,0,0,0,0,Teams listed are inferred from match structure in player-stat JSON.
NRL player stats data,Shane Walker,shane walker,Shane Walker,1998,2006,1998 | 1999 | 2000 | 2001 | 2002 | 2003 | 2004 | 2005 | 2006,Broncos | Rabbitohs | Storm | Tigers | Wests Tigers,1998-03-14T00:00:00Z,2006-08-06T00:00:00Z,251,0,0,0,0,Teams listed are inferred from match structure in player-stat JSON.
NRL player stats data,Shane Webcke,shane webcke,Shane Webcke,1998,2006,1998 | 1999 | 2000 | 2001 | 2002 | 2003 | 2004 | 2005 | 2006,Broncos,1998-03-13T00:00:00Z,2006-10-01T07:00:00Z,220,0,0,0,0,Teams listed are inferred from match structure in player-stat JSON.
NRL player stats data,Shane Whereat,shane whereat,Shane Whereat,1998,1999,1998 | 1999,Eels,1998-03-14T00:00:00Z,1999-04-04T00:00:00Z,22,0,0,0,0,Teams listed are inferred from match structure in player-stat JSON.
NRL player stats data,Shane Wright,shane wright,Shane Wright,2017,2021,2017 | 2018 | 2019 | 2020 | 2021,Cowboys,2017-08-19T09:30:00Z,2021-07-30T10:05:00Z,41,0,0,0,0,Teams listed are inferred from match structure in player-stat JSON.
NRL player stats data,Shannan McPherson,shannan mcpherson,Shannan Mcpherson | Shannan McPherson,2005,2011,2005 | 2006 | 2007 | 2008 | 2009 | 2010 | 2011,Rabbitohs,2005-06-04T00:00:00Z,2011-09-02T00:00:00Z,93,0,0,0,0,Teams listed are inferred from match structure in player-stat JSON.
NRL player stats data,Shannon Boyd,shannon boyd,Shannon Boyd,2014,2020,2014 | 2015 | 2016 | 2017 | 2018 | 2019 | 2020,Raiders | Titans,2014-03-08T10:00:00Z,2020-05-29T08:00:00Z,125,0,0,0,0,Teams listed are inferred from match structure in player-stat JSON.
NRL player stats data,Shannon Donato,shannon donato,Shannon Donato,1998,2005,1998 | 1999 | 2000 | 2001 | 2002 | 2003 | 2005,Panthers | Sharks,1998-07-31T00:00:00Z,2005-04-01T00:00:00Z,59,0,0,0,0,Teams listed are inferred from match structure in player-stat JSON.
NRL player stats data,Shannon Gallant,shannon gallant,Shannon Gallant,2007,2010,2007 | 2008 | 2009 | 2010,Cowboys | Wests Tigers,2007-07-22T00:00:00Z,2010-08-28T00:00:00Z,21,0,0,0,0,Teams listed are inferred from match structure in player-stat JSON.
NRL player stats data,Shannon Hegarty,shannon hegarty,Shannon Hegarty,1999,2009,1999 | 2000 | 2001 | 2002 | 2003 | 2004 | 2005 | 2006 | 2007 | 2008 | 2009,Cowboys | Rabbitohs | Roosters,1999-04-03T00:00:00Z,2009-04-25T00:00:00Z,173,0,0,0,0,Teams listed are inferred from match structure in player-stat JSON.
NRL player stats data,Shannon McDonnell,shannon mcdonnell,Shannon McDonnell,2005,2011,2005 | 2006 | 2007 | 2008 | 2009 | 2010 | 2011,Knights | Wests Tigers,2005-09-04T00:00:00Z,2011-05-22T00:00:00Z,60,0,0,0,0,Teams listed are inferred from match structure in player-stat JSON.
NRL player stats data,Shannon Nevin,shannon nevin,Shannon Nevin,1998,1999,1998 | 1999,Tigers,1998-03-14T00:00:00Z,1999-08-08T00:00:00Z,31,0,0,0,0,Teams listed are inferred from match structure in player-stat JSON.
NRL player stats data,Shannon Stowers,shannon stowers,Shannon Stowers,2004,2004,2004,Warriors,2004-06-20T00:00:00Z,2004-07-03T00:00:00Z,2,0,0,0,0,Teams listed are inferred from match structure in player-stat JSON.
NRL player stats data,Shannon Walker,shannon walker,Shannon Walker,2008,2010,2008 | 2010,Titans,2008-05-16T00:00:00Z,2010-07-23T00:00:00Z,4,0,0,0,0,Teams listed are inferred from match structure in player-stat JSON.
NRL player stats data,Shaquai Mitchell,shaquai mitchell,Shaquai Mitchell,2022,2025,2022 | 2023 | 2024 | 2025,Rabbitohs,2022-04-29T09:55:00Z,2025-08-21T09:50:00Z,22,0,0,0,0,Teams listed are inferred from match structure in player-stat JSON.
NRL player stats data,Shaun Berrigan,shaun berrigan,Shaun Berrigan,1999,2013,1999 | 2000 | 2001 | 2002 | 2003 | 2004 | 2005 | 2006 | 2007 | 2011 | 2012 | 2013,Broncos | Raiders | Warriors,1999-05-16T00:00:00Z,2013-09-08T09:00:00Z,241,0,0,0,0,Teams listed are inferred from match structure in player-stat JSON.
NRL player stats data,Shaun Fensom,shaun fensom,Shaun Fensom,2009,2019,2009 | 2010 | 2011 | 2012 | 2013 | 2014 | 2015 | 2016 | 2017 | 2018 | 2019,Broncos | Cowboys | Raiders,2009-04-11T00:00:00Z,2019-03-28T09:05:00Z,176,0,0,0,0,Teams listed are inferred from match structure in player-stat JSON.
NRL player stats data,Shaun Foley,shaun foley,Shaun Foley,2006,2006,2006,Roosters,2006-06-11T00:00:00Z,2006-09-02T00:00:00Z,9,0,0,0,0,Teams listed are inferred from match structure in player-stat JSON.
NRL player stats data,Shaun Johnson,shaun johnson,Shaun Johnson,2011,2024,2011 | 2012 | 2013 | 2014 | 2015 | 2016 | 2017 | 2018 | 2019 | 2020 | 2021 | 2022 | 2023 | 2024,Sharks | Warriors,2011-06-04T00:00:00Z,2024-08-31T09:35:00Z,268,0,0,0,0,Teams listed are inferred from match structure in player-stat JSON.
NRL player stats data,Shaun Kenny-Dowall,shaun kenny dowall,Shaun Kenny-Dowall,2007,2019,2007 | 2008 | 2009 | 2010 | 2011 | 2012 | 2013 | 2014 | 2015 | 2016 | 2017 | 2018 | 2019,Knights | Roosters,2007-03-19T00:00:00Z,2019-08-31T05:00:00Z,277,0,0,0,0,Teams listed are inferred from match structure in player-stat JSON.
NRL player stats data,Shaun Lane,shaun lane,Shaun Lane,2015,2025,2015 | 2016 | 2017 | 2018 | 2019 | 2020 | 2021 | 2022 | 2023 | 2024 | 2025,Bulldogs | Eels | Sea Eagles | Warriors,2015-06-14T06:00:00Z,2025-04-12T09:35:00Z,186,0,0,0,0,Teams listed are inferred from match structure in player-stat JSON.
NRL player stats data,Shaun Spence,shaun spence,Shaun Spence,2013,2013,2013,Wests Tigers,2013-04-14T05:00:00Z,2013-09-07T09:30:00Z,9,0,0,0,0,Teams listed are inferred from match structure in player-stat JSON.
NRL player stats data,Shaun Timmins,shaun timmins,Shaun Timmins,1998,2006,1998 | 1999 | 2000 | 2002 | 2003 | 2004 | 2005 | 2006,Dragons | Steelers,1998-03-14T00:00:00Z,2006-09-23T00:00:00Z,143,0,0,0,0,Teams listed are inferred from match structure in player-stat JSON.
NRL player stats data,Shaun Valentine,shaun valentine,Shaun Valentine,1999,2002,1999 | 2000 | 2001 | 2002,Cowboys,1999-06-05T00:00:00Z,2002-03-30T00:00:00Z,36,0,0,0,0,Teams listed are inferred from match structure in player-stat JSON.
NRL player stats data,Shaun Wessel,shaun wessel,Shaun Wessel,2003,2003,2003,Sharks,2003-03-16T00:00:00Z,2003-08-16T00:00:00Z,3,0,0,0,0,Teams listed are inferred from match structure in player-stat JSON.
NRL player stats data,Shaune Corrigan,shaune corrigan,Shaune Corrigan,2009,2012,2009 | 2010 | 2011 | 2012,Rabbitohs,2009-03-15T00:00:00Z,2012-07-01T00:00:00Z,26,0,0,0,0,Teams listed are inferred from match structure in player-stat JSON.
NRL player stats data,Shawn Blore,shawn blore,Shawn Blore,2020,2026,2020 | 2021 | 2023 | 2024 | 2025 | 2026,Storm | Wests Tigers,2020-07-23T09:50:00Z,2026-06-05T08:00:00Z,91,0,0,0,0,Teams listed are inferred from match structure in player-stat JSON.
NRL player stats data,Shayne Dunley,shayne dunley,Shayne Dunley,1998,2007,1998 | 1999 | 2000 | 2001 | 2002 | 2003 | 2004 | 2005 | 2006 | 2007,Eagles | Eels | Sea Eagles | Tigers | Wests Tigers,1998-03-14T00:00:00Z,2007-06-22T00:00:00Z,130,0,0,0,0,Teams listed are inferred from match structure in player-stat JSON.
NRL player stats data,Shayne McMenemy,shayne mcmenemy,Shayne Mcmenemy | Shayne McMenemy,1998,1999,1998 | 1999,Magpies,1998-03-15T00:00:00Z,1999-06-27T00:00:00Z,9,0,0,0,0,Teams listed are inferred from match structure in player-stat JSON.
NRL player stats data,Shea Moylan,shea moylan,Shea Moylan,2011,2011,2011,Broncos,2011-06-12T00:00:00Z,2011-06-12T00:00:00Z,1,0,0,0,0,Teams listed are inferred from match structure in player-stat JSON.
NRL player stats data,Shontayne Hape,shontayne hape,Shontayne Hape,2000,2002,2000 | 2001 | 2002,Warriors,2000-03-18T00:00:00Z,2002-03-24T00:00:00Z,28,0,0,0,0,Teams listed are inferred from match structure in player-stat JSON.
NRL player stats data,Sialetili Faeamani,sialetili faeamani,Sialetili Faeamani,2026,2026,2026,Titans,2026-03-07T06:30:00Z,2026-05-02T05:00:00Z,8,0,0,0,0,Teams listed are inferred from match structure in player-stat JSON.
NRL player stats data,Sid Domic,sid domic,Sid Domic,1998,2001,1998 | 1999 | 2000 | 2001,Panthers,1998-03-14T00:00:00Z,2001-07-28T00:00:00Z,72,0,0,0,0,Teams listed are inferred from match structure in player-stat JSON.
NRL player stats data,Sika Manu,sika manu,Sika Manu,2007,2015,2007 | 2008 | 2009 | 2010 | 2011 | 2012 | 2013 | 2014 | 2015,Panthers | Storm,2007-05-19T00:00:00Z,2015-08-31T09:00:00Z,148,0,0,0,0,Teams listed are inferred from match structure in player-stat JSON.
NRL player stats data,Siliva Havili,siliva havili,Siliva Havili,2014,2025,2014 | 2015 | 2016 | 2018 | 2019 | 2020 | 2021 | 2022 | 2023 | 2024 | 2025,Dragons | Rabbitohs | Raiders | Warriors,2014-04-13T04:00:00Z,2025-09-05T10:00:00Z,176,0,0,0,0,Teams listed are inferred from match structure in player-stat JSON.
NRL player stats data,Simi Sasagi,simi sasagi,Simi Sasagi,2021,2026,2021 | 2022 | 2023 | 2024 | 2025 | 2026,Knights | Raiders,2021-04-10T05:00:00Z,2026-05-10T06:05:00Z,78,0,0,0,0,Teams listed are inferred from match structure in player-stat JSON.
NRL player stats data,Simione Laiafi,simione laiafi,Simione Laiafi,2025,2026,2025 | 2026,Sea Eagles,2025-09-05T08:00:00Z,2026-06-04T09:50:00Z,8,0,0,0,0,Teams listed are inferred from match structure in player-stat JSON.
NRL player stats data,Simon Bonetti,simon bonetti,Simon Bonetti,1998,2002,1998 | 1999 | 2000 | 2001 | 2002,Roosters,1998-03-14T00:00:00Z,2002-10-06T00:00:00Z,125,0,0,0,0,Teams listed are inferred from match structure in player-stat JSON.
NRL player stats data,Simon Dwyer,simon dwyer,Simon Dwyer,2009,2011,2009 | 2010 | 2011,Wests Tigers,2009-07-19T00:00:00Z,2011-06-24T00:00:00Z,35,0,0,0,0,Teams listed are inferred from match structure in player-stat JSON.
NRL player stats data,Simon Forrest,simon forrest,Simon Forrest,1998,1998,1998,Rabbitohs,1998-05-10T00:00:00Z,1998-07-12T00:00:00Z,9,0,0,0,0,Teams listed are inferred from match structure in player-stat JSON.
NRL player stats data,Simon Gillies,simon gillies,Simon Gillies,1998,1998,1998,Bulldogs,1998-03-15T00:00:00Z,1998-06-27T00:00:00Z,14,0,0,0,0,Teams listed are inferred from match structure in player-stat JSON.
NRL player stats data,Simon Mannering,simon mannering,Simon Mannering,2005,2018,2005 | 2006 | 2007 | 2008 | 2009 | 2010 | 2011 | 2012 | 2013 | 2014 | 2015 | 2016 | 2017 | 2018,Warriors,2005-06-26T00:00:00Z,2018-09-08T07:30:00Z,301,0,0,0,0,Teams listed are inferred from match structure in player-stat JSON.
NRL player stats data,Simon Phillips,simon phillips,Simon Phillips,2002,2002,2002,Cowboys,2002-06-01T00:00:00Z,2002-06-22T00:00:00Z,4,0,0,0,0,Teams listed are inferred from match structure in player-stat JSON.
NRL player stats data,Simon Woolford,simon woolford,Simon Woolford,1998,2008,1998 | 1999 | 2000 | 2001 | 2002 | 2003 | 2004 | 2005 | 2006 | 2007 | 2008,Dragons | Raiders,1998-03-15T00:00:00Z,2008-08-08T00:00:00Z,220,0,0,0,0,Teams listed are inferred from match structure in player-stat JSON.
NRL player stats data,Sinbad Kali,sinbad kali,Sinbad Kali,2008,2008,2008,Storm,2008-06-29T00:00:00Z,2008-06-29T00:00:00Z,1,0,0,0,0,Teams listed are inferred from match structure in player-stat JSON.
NRL player stats data,Sione Fainu,sione fainu,Sione Fainu,2024,2026,2024 | 2025 | 2026,Wests Tigers,2024-05-19T08:25:00Z,2026-06-14T06:05:00Z,48,0,0,0,0,Teams listed are inferred from match structure in player-stat JSON.
NRL player stats data,Sione Faumuina,sione faumuina,Sione Faumuina,2001,2008,2001 | 2002 | 2003 | 2004 | 2005 | 2006 | 2007 | 2008,Cowboys | Raiders | Warriors,2001-02-18T00:00:00Z,2008-09-06T00:00:00Z,131,0,0,0,0,Teams listed are inferred from match structure in player-stat JSON.
NRL player stats data,Sione Finau,sione finau,Sione Finau,2023,2025,2023 | 2024 | 2025,Dragons,2023-08-25T08:00:00Z,2025-07-19T07:30:00Z,8,0,0,0,0,Teams listed are inferred from match structure in player-stat JSON.
NRL player stats data,Sione Finefeuiaki,sione finefeuiaki,Sione Finefeuiaki,2007,2007,2007,Sea Eagles,2007-07-01T00:00:00Z,2007-07-01T00:00:00Z,1,0,0,0,0,Teams listed are inferred from match structure in player-stat JSON.
NRL player stats data,Sione Fonua,sione fonua,Sione Fonua,2025,2026,2025 | 2026,Panthers,2025-08-28T09:50:00Z,2026-04-17T10:00:00Z,2,0,0,0,0,Teams listed are inferred from match structure in player-stat JSON.
NRL player stats data,Sione Katoa,sione katoa,Sione Katoa,2015,2026,2015 | 2017 | 2018 | 2019 | 2020 | 2021 | 2022 | 2023 | 2024 | 2025 | 2026,Bulldogs | Panthers | Sharks,2015-09-05T05:00:00Z,2026-06-13T07:30:00Z,211,0,0,0,0,Teams listed are inferred from match structure in player-stat JSON.
NRL player stats data,Sione Kite,sione kite,Sione Kite,2008,2011,2008 | 2009 | 2010 | 2011,Bulldogs | Storm,2008-07-07T00:00:00Z,2011-09-04T00:00:00Z,12,0,0,0,0,Teams listed are inferred from match structure in player-stat JSON.
NRL player stats data,Sione Lousi,sione lousi,Sione Lousi,2010,2016,2010 | 2011 | 2012 | 2014 | 2015 | 2016,Warriors,2010-03-14T12:58:00Z,2016-05-01T02:00:00Z,50,0,0,0,0,Teams listed are inferred from match structure in player-stat JSON.
NRL player stats data,Sione Masima,sione masima,Sione Masima,2014,2014,2014,Sharks,2014-08-24T04:00:00Z,2014-09-06T05:00:00Z,3,0,0,0,0,Teams listed are inferred from match structure in player-stat JSON.
NRL player stats data,Sione Mata'utia,sione matautia,Sione Mata'utia,2014,2020,2014 | 2015 | 2016 | 2017 | 2018 | 2019 | 2020,Knights,2014-07-25T09:40:00Z,2020-10-04T05:05:00Z,124,0,0,0,0,Teams listed are inferred from match structure in player-stat JSON.
NRL player stats data,Sione Tovo,sione tovo,Sione Tovo,2009,2009,2009,Knights,2009-08-17T00:00:00Z,2009-08-17T00:00:00Z,1,0,0,0,0,Teams listed are inferred from match structure in player-stat JSON.
NRL player stats data,Siosaia Vave,siosaia vave,Siosaia Vave,2010,2018,2010 | 2011 | 2012 | 2013 | 2014 | 2016 | 2017 | 2018,Eels | Sea Eagles | Sharks | Storm,2010-03-29T00:00:00Z,2018-09-01T09:45:00Z,108,0,0,0,0,Teams listed are inferred from match structure in player-stat JSON.
NRL player stats data,Siosifa Talakai,siosifa talakai,Siosifa Talakai,2016,2026,2016 | 2017 | 2020 | 2021 | 2022 | 2023 | 2024 | 2025 | 2026,Rabbitohs | Sharks,2016-06-05T08:30:00Z,2026-06-13T07:30:00Z,146,0,0,0,0,Teams listed are inferred from match structure in player-stat JSON.
NRL player stats data,Siosiua Taukeiaho,siosiua taukeiaho,Siosiua Taukeiaho,2013,2026,2013 | 2015 | 2016 | 2017 | 2018 | 2019 | 2020 | 2021 | 2022 | 2025 | 2026,Roosters | Sea Eagles | Warriors,2013-09-07T05:00:00Z,2026-05-09T09:35:00Z,195,0,0,0,0,Teams listed are inferred from match structure in player-stat JSON.
NRL player stats data,Sisa Waqa,sisa waqa,Sisa Waqa,2009,2015,2009 | 2011 | 2012 | 2013 | 2014 | 2015,Raiders | Roosters | Storm,2009-04-03T00:00:00Z,2015-09-06T04:00:00Z,95,0,0,0,0,Teams listed are inferred from match structure in player-stat JSON.
NRL player stats data,Sitaleki Akauola,sitaleki akauola,Sitaleki Akauola,2013,2017,2013 | 2014 | 2016 | 2017,Panthers | Wests Tigers,2013-04-08T09:00:00Z,2017-07-08T07:30:00Z,32,0,0,0,0,Teams listed are inferred from match structure in player-stat JSON.
NRL player stats data,Siti Moceidreke,siti moceidreke,Siti Moceidreke,2017,2017,2017,Rabbitohs,2017-03-23T09:05:00Z,2017-03-23T09:05:00Z,1,0,0,0,0,Teams listed are inferred from match structure in player-stat JSON.
NRL player stats data,Sitili Tupouniua,sitili tupouniua,Sitili Tupouniua,2018,2026,2018 | 2019 | 2020 | 2021 | 2022 | 2023 | 2024 | 2025 | 2026,Bulldogs | Roosters,2018-06-29T09:55:00Z,2026-06-08T06:05:00Z,132,0,0,0,0,Teams listed are inferred from match structure in player-stat JSON.
NRL player stats data,Siua Wong,siua wong,Siua Wong,2023,2026,2023 | 2024 | 2025 | 2026,Roosters,2023-07-02T06:05:00Z,2026-06-12T10:00:00Z,53,0,0,0,0,Teams listed are inferred from match structure in player-stat JSON.
NRL player stats data,Siuatonga Likiliki,siuatonga likiliki,Siuatonga Likiliki,2009,2011,2009 | 2011,Knights | Warriors,2009-08-15T00:00:00Z,2011-09-02T00:00:00Z,3,0,0,0,0,Teams listed are inferred from match structure in player-stat JSON.
NRL player stats data,Siulagi Tuimalatu-Brown,siulagi tuimalatu brown,Siulagi Tuimalatu-Brown,2025,2026,2025 | 2026,Storm,2025-07-05T09:35:00Z,2026-06-05T08:00:00Z,9,0,0,0,0,Teams listed are inferred from match structure in player-stat JSON.
NRL player stats data,Slade Griffin,slade griffin,Slade Griffin,2013,2018,2013 | 2016 | 2017 | 2018,Knights | Storm,2013-03-10T04:00:00Z,2018-06-30T07:30:00Z,41,0,0,0,0,Teams listed are inferred from match structure in player-stat JSON.
NRL player stats data,Smith Samau,smith samau,Smith Samau,2006,2008,2006 | 2007 | 2008,Storm | Titans,2006-05-20T00:00:00Z,2008-05-16T00:00:00Z,11,0,0,0,0,Teams listed are inferred from match structure in player-stat JSON.
NRL player stats data,Solomon Alaimalo,solomon alaimalo,Solomon Alaimalo,2024,2024,2024,Wests Tigers,2024-04-27T07:30:00Z,2024-08-22T09:50:00Z,9,0,0,0,0,Teams listed are inferred from match structure in player-stat JSON.
NRL player stats data,Solomon Haumono,solomon haumono,Solomon Haumono,1998,2004,1998 | 1999 | 2000 | 2003 | 2004,Bulldogs | Dragons | Sea Eagles | Tigers,1998-03-22T00:00:00Z,2004-09-05T00:00:00Z,55,0,0,0,0,Teams listed are inferred from match structure in player-stat JSON.
NRL player stats data,Solomona Faataape,solomona faataape,Solomona Faataape,2024,2025,2024 | 2025,Wests Tigers,2024-03-16T04:00:00Z,2025-04-27T06:05:00Z,20,0,0,0,0,Teams listed are inferred from match structure in player-stat JSON.
NRL player stats data,Solomone Kata,solomone kata,Solomone Kata,2015,2019,2015 | 2016 | 2017 | 2018 | 2019,Warriors,2015-03-07T05:30:00Z,2019-04-20T07:30:00Z,93,0,0,0,0,Teams listed are inferred from match structure in player-stat JSON.
NRL player stats data,Soni Luke,soni luke,Soni Luke,2022,2026,2022 | 2023 | 2024 | 2025 | 2026,Cowboys | Panthers,2022-04-24T06:05:00Z,2026-06-06T07:30:00Z,41,0,0,0,0,Teams listed are inferred from match structure in player-stat JSON.
NRL player stats data,Sonny Bill Williams,sonny bill williams,Sonny Bill Williams,2004,2020,2004 | 2005 | 2006 | 2007 | 2008 | 2013 | 2014 | 2020,Bulldogs | Roosters,2004-03-13T00:00:00Z,2020-10-09T08:50:00Z,123,0,0,0,0,Teams listed are inferred from match structure in player-stat JSON.
NRL player stats data,Sonny Fai,sonny fai,Sonny Fai,2008,2008,2008,Warriors,2008-03-23T00:00:00Z,2008-08-24T00:00:00Z,15,0,0,0,0,Teams listed are inferred from match structure in player-stat JSON.
NRL player stats data,Sonny Tuigamala,sonny tuigamala,Sonny Tuigamala,2009,2009,2009,Roosters,2009-03-27T00:00:00Z,2009-06-06T00:00:00Z,4,0,0,0,0,Teams listed are inferred from match structure in player-stat JSON.
NRL player stats data,Sosaia Feki,sosaia feki,Sosaia Feki,2013,2019,2013 | 2014 | 2015 | 2016 | 2017 | 2018 | 2019,Sharks,2013-05-05T04:00:00Z,2019-09-14T09:50:00Z,148,0,0,0,0,Teams listed are inferred from match structure in player-stat JSON.
NRL player stats data,Spencer Leniu,spencer leniu,Spencer Leniu,2019,2026,2019 | 2020 | 2021 | 2022 | 2023 | 2024 | 2025 | 2026,Panthers | Roosters,2019-08-09T09:55:00Z,2026-06-12T10:00:00Z,130,0,0,0,0,Teams listed are inferred from match structure in player-stat JSON.
NRL player stats data,Stacey Jones,stacey jones,Stacey Jones,1998,2009,1998 | 1999 | 2000 | 2001 | 2002 | 2003 | 2004 | 2005 | 2009,Warriors,1998-03-13T00:00:00Z,2009-09-05T00:00:00Z,208,0,0,0,0,Teams listed are inferred from match structure in player-stat JSON.
NRL player stats data,Stacey Katu,stacey katu,Stacey Katu,2003,2003,2003,Rabbitohs,2003-03-15T00:00:00Z,2003-03-23T00:00:00Z,2,0,0,0,0,Teams listed are inferred from match structure in player-stat JSON.
NRL player stats data,Stanley Huen,stanley huen,Stanley Huen,2026,2026,2026,Storm,2026-05-10T04:00:00Z,2026-05-22T10:00:00Z,3,0,0,0,0,Teams listed are inferred from match structure in player-stat JSON.
NRL player stats data,Stanley Waqa,stanley waqa,Stanley Waqa,2009,2009,2009,Roosters,2009-05-23T00:00:00Z,2009-09-06T00:00:00Z,9,0,0,0,0,Teams listed are inferred from match structure in player-stat JSON.
NRL player stats data,Starford To'a,starford toa,Starford To'a,2019,2026,2019 | 2020 | 2021 | 2022 | 2023 | 2024 | 2025 | 2026,Knights | Wests Tigers,2019-09-08T06:05:00Z,2026-06-14T06:05:00Z,89,0,0,0,0,Teams listed are inferred from match structure in player-stat JSON.
NRL player stats data,Stefano Utoikamanu,stefano utoikamanu,Stefano Utoikamanu,2020,2026,2020 | 2021 | 2022 | 2023 | 2024 | 2025 | 2026,Eels | Storm | Wests Tigers,2020-07-12T06:05:00Z,2026-06-05T08:00:00Z,118,0,0,0,0,Teams listed are inferred from match structure in player-stat JSON.
NRL player stats data,Stephen Crichton,stephen crichton,Stephen Crichton,2019,2026,2019 | 2020 | 2021 | 2022 | 2023 | 2024 | 2025 | 2026,Bulldogs | Panthers,2019-08-09T09:55:00Z,2026-06-08T06:05:00Z,153,0,0,0,0,Teams listed are inferred from match structure in player-stat JSON.
NRL player stats data,Stephen Crowe,stephen crowe,Stephen Crowe,1998,1998,1998,Knights,1998-03-28T00:00:00Z,1998-04-26T00:00:00Z,5,0,0,0,0,Teams listed are inferred from match structure in player-stat JSON.
NRL player stats data,Stephen Kearney,stephen kearney,Stephen Kearney,1998,2004,1998 | 1999 | 2000 | 2001 | 2002 | 2003 | 2004,Storm | Warriors,1998-03-13T00:00:00Z,2004-09-19T15:45:00Z,160,0,0,0,0,Teams listed are inferred from match structure in player-stat JSON.
NRL player stats data,Stephen Parsons,stephen parsons,Stephen Parsons,1998,1999,1998 | 1999,Bears | Chargers,1998-03-14T00:00:00Z,1999-08-28T00:00:00Z,16,0,0,0,0,Teams listed are inferred from match structure in player-stat JSON.
NRL player stats data,Steve Carew,steve carew,Steve Carew,2001,2001,2001,Eagles,2001-04-22T00:00:00Z,2001-09-01T00:00:00Z,2,0,0,0,0,Teams listed are inferred from match structure in player-stat JSON.
NRL player stats data,Steve Carter,steve carter,Steve Carter,1998,2001,1998 | 1999 | 2000 | 2001,Panthers,1998-03-21T00:00:00Z,2001-09-01T00:00:00Z,76,0,0,0,0,Teams listed are inferred from match structure in player-stat JSON.
NRL player stats data,Steve Georgallis,steve georgallis,Steve Georgallis,1998,2000,1998 | 1999 | 2000,Magpies | Wests Tigers,1998-03-15T00:00:00Z,2000-07-29T00:00:00Z,61,0,0,0,0,Teams listed are inferred from match structure in player-stat JSON.
NRL player stats data,Steve Gordon,steve gordon,Steve Gordon,2007,2007,2007,Knights,2007-05-06T00:00:00Z,2007-05-27T00:00:00Z,2,0,0,0,0,Teams listed are inferred from match structure in player-stat JSON.
NRL player stats data,Steve Irwin,steve irwin,Steve Irwin,2002,2004,2002 | 2004,Broncos,2002-03-16T00:00:00Z,2004-08-28T00:00:00Z,4,0,0,0,0,Teams listed are inferred from match structure in player-stat JSON.
NRL player stats data,Steve La Caze,steve la caze,Steve La Caze,2002,2002,2002,Broncos,2002-05-31T00:00:00Z,2002-05-31T00:00:00Z,1,0,0,0,0,Teams listed are inferred from match structure in player-stat JSON.
NRL player stats data,Steve Matai,steve matai,Steve Matai,2005,2016,2005 | 2006 | 2007 | 2008 | 2009 | 2010 | 2011 | 2012 | 2013 | 2014 | 2015 | 2016,Sea Eagles,2005-03-27T00:00:00Z,2016-04-30T09:30:00Z,230,0,0,0,0,Teams listed are inferred from match structure in player-stat JSON.
NRL player stats data,Steve Menzies,steve menzies,Steve Menzies,1998,2008,1998 | 1999 | 2000 | 2001 | 2002 | 2003 | 2004 | 2005 | 2006 | 2007 | 2008,Eagles | Sea Eagles,1998-03-13T00:00:00Z,2008-10-05T00:00:00Z,246,0,0,0,0,Teams listed are inferred from match structure in player-stat JSON.
NRL player stats data,Steve Meredith,steve meredith,Steve Meredith,2006,2006,2006,Roosters,2006-04-14T00:00:00Z,2006-04-14T00:00:00Z,1,0,0,0,0,Teams listed are inferred from match structure in player-stat JSON.
NRL player stats data,Steve Michaels,steve michaels,Steve Michaels,2005,2014,2005 | 2006 | 2007 | 2008 | 2009 | 2010 | 2011 | 2012 | 2013 | 2014,Broncos | Titans,2005-06-11T00:00:00Z,2014-09-07T05:00:00Z,119,0,0,0,0,Teams listed are inferred from match structure in player-stat JSON.
NRL player stats data,Steve Naughton,steve naughton,Steve Naughton,2011,2011,2011,Roosters,2011-05-15T00:00:00Z,2011-05-28T00:00:00Z,3,0,0,0,0,Teams listed are inferred from match structure in player-stat JSON.
NRL player stats data,Steve Price,steve price,Steve Price,1998,2009,1998 | 1999 | 2000 | 2001 | 2002 | 2003 | 2004 | 2005 | 2006 | 2007 | 2008 | 2009,Bulldogs | Tigers | Warriors,1998-03-15T00:00:00Z,2009-08-23T00:00:00Z,258,0,0,0,0,Teams listed are inferred from match structure in player-stat JSON.
NRL player stats data,Steve Rapira,steve rapira,Steve Rapira,2009,2013,2009 | 2010 | 2011 | 2012 | 2013,Cowboys | Warriors,2009-04-11T00:00:00Z,2013-03-24T03:00:00Z,40,0,0,0,0,Teams listed are inferred from match structure in player-stat JSON.
NRL player stats data,Steve Reardon,steve reardon,Steve Reardon,1998,2003,1998 | 1999 | 2000 | 2001 | 2002 | 2003,Bulldogs,1998-04-05T00:00:00Z,2003-09-27T00:00:00Z,103,0,0,0,0,Teams listed are inferred from match structure in player-stat JSON.
NRL player stats data,Steve Renouf,steve renouf,Steve Renouf,1998,1999,1998 | 1999,Broncos,1998-03-13T00:00:00Z,1999-07-23T00:00:00Z,36,0,0,0,0,Teams listed are inferred from match structure in player-stat JSON.
NRL player stats data,Steve Simpson,steve simpson,Steve Simpson,1999,2010,1999 | 2000 | 2001 | 2002 | 2003 | 2004 | 2005 | 2006 | 2007 | 2008 | 2009 | 2010,Knights,1999-04-30T00:00:00Z,2010-05-21T00:00:00Z,216,0,0,0,0,Teams listed are inferred from match structure in player-stat JSON.
NRL player stats data,Steve Skinnon,steve skinnon,Steve Skinnon,2003,2004,2003 | 2004,Rabbitohs | Roosters,2003-06-06T00:00:00Z,2004-09-04T00:00:00Z,6,0,0,0,0,Teams listed are inferred from match structure in player-stat JSON.
NRL player stats data,Steve Southern,steve southern,Steve Southern,2004,2011,2004 | 2005 | 2006 | 2007 | 2008 | 2009 | 2010 | 2011,Cowboys | Knights,2004-06-12T00:00:00Z,2011-09-11T00:00:00Z,130,0,0,0,0,Teams listed are inferred from match structure in player-stat JSON.
NRL player stats data,Steve Trindall,steve trindall,Steve Trindall,1998,2003,1998 | 1999 | 2000 | 2001 | 2002 | 2003,Bears | Eagles | Wests Tigers,1998-03-20T00:00:00Z,2003-08-09T00:00:00Z,120,0,0,0,0,Teams listed are inferred from match structure in player-stat JSON.
NRL player stats data,Steve Turner,steve turner,Steve Turner,2002,2013,2002 | 2003 | 2004 | 2006 | 2007 | 2008 | 2009 | 2010 | 2011 | 2012 | 2013,Bulldogs | Panthers | Storm,2002-08-17T00:00:00Z,2013-03-09T08:30:00Z,161,0,0,0,0,Teams listed are inferred from match structure in player-stat JSON.
NRL player stats data,Steve Walters,steve walters,Steve Walters,1998,1999,1998 | 1999,Cowboys | Knights,1998-03-13T00:00:00Z,1999-04-18T00:00:00Z,29,0,0,0,0,Teams listed are inferred from match structure in player-stat JSON.
NRL player stats data,Steve Witt,steve witt,Steve Witt,2004,2005,2004 | 2005,Knights,2004-04-10T00:00:00Z,2005-05-01T00:00:00Z,19,0,0,0,0,Teams listed are inferred from match structure in player-stat JSON.
NRL player stats data,Steven Bell,steven bell,Steven Bell,2001,2008,2001 | 2002 | 2003 | 2004 | 2005 | 2006 | 2007 | 2008,Sea Eagles | Storm,2001-02-18T00:00:00Z,2008-10-05T00:00:00Z,172,0,0,0,0,Teams listed are inferred from match structure in player-stat JSON.
NRL player stats data,Steven Crouch,steven crouch,Steven Crouch,1999,2004,1999 | 2000 | 2001 | 2002 | 2003 | 2004,Eels | Roosters | Sea Eagles | Wests Tigers,1999-03-06T00:00:00Z,2004-04-09T00:00:00Z,54,0,0,0,0,Teams listed are inferred from match structure in player-stat JSON.
NRL player stats data,Steven Hughes,steven hughes,Steven Hughes,1998,2001,1998 | 1999 | 2000 | 2001,Bulldogs,1998-04-11T00:00:00Z,2001-05-20T00:00:00Z,34,0,0,0,0,Teams listed are inferred from match structure in player-stat JSON.
NRL player stats data,Steven Marsters,steven marsters,Steven Marsters,2020,2021,2020 | 2021,Rabbitohs,2020-08-22T09:35:00Z,2021-05-06T09:50:00Z,8,0,0,0,0,Teams listed are inferred from match structure in player-stat JSON.
NRL player stats data,Stewart Mills,stewart mills,Stewart Mills,2011,2013,2011 | 2012 | 2013,Sharks,2011-05-15T00:00:00Z,2013-07-20T09:30:00Z,16,0,0,0,0,Teams listed are inferred from match structure in player-stat JSON.
NRL player stats data,Stuart Flanagan,stuart flanagan,Stuart Flanagan,2006,2011,2006 | 2007 | 2008 | 2009 | 2010 | 2011,Raiders | Sharks | Wests Tigers,2006-03-25T00:00:00Z,2011-07-23T00:00:00Z,40,0,0,0,0,Teams listed are inferred from match structure in player-stat JSON.
NRL player stats data,Stuart Kelly,stuart kelly,Stuart Kelly,1998,2005,1998 | 1999 | 2000 | 2001 | 2002 | 2003 | 2004 | 2005,Broncos | Eels,1998-03-14T00:00:00Z,2005-06-11T00:00:00Z,154,0,0,0,0,Teams listed are inferred from match structure in player-stat JSON.
NRL player stats data,Stuart Pierce,stuart pierce,Stuart Pierce,1998,2001,1998 | 2000 | 2001,Sharks,1998-04-04T00:00:00Z,2001-06-03T00:00:00Z,5,0,0,0,0,Teams listed are inferred from match structure in player-stat JSON.
NRL player stats data,Stuart Webb,stuart webb,Stuart Webb,2003,2008,2003 | 2004 | 2005 | 2006 | 2007 | 2008,Dragons | Rabbitohs | Roosters,2003-05-18T00:00:00Z,2008-09-13T00:00:00Z,88,0,0,0,0,Teams listed are inferred from match structure in player-stat JSON.
NRL player stats data,Suaia Matagi,suaia matagi,Suaia Matagi,2013,2018,2013 | 2014 | 2015 | 2016 | 2017 | 2018,Eels | Panthers | Roosters | Warriors,2013-05-11T07:30:00Z,2018-06-02T09:35:00Z,101,0,0,0,0,Teams listed are inferred from match structure in player-stat JSON.
NRL player stats data,Sualauvi Faalogo,sualauvi faalogo,Sualauvi Faalogo,2023,2026,2023 | 2024 | 2025 | 2026,Storm,2023-08-31T09:50:00Z,2026-06-05T08:00:00Z,39,0,0,0,0,Teams listed are inferred from match structure in player-stat JSON.
NRL player stats data,Suliasi Vunivalu,suliasi vunivalu,Suliasi Vunivalu,2016,2020,2016 | 2017 | 2018 | 2019 | 2020,Storm,2016-04-17T06:00:00Z,2020-10-25T08:30:00Z,111,0,0,0,0,Teams listed are inferred from match structure in player-stat JSON.
NRL player stats data,Sunia Turuva,sunia turuva,Sunia Turuva,2022,2026,2022 | 2023 | 2024 | 2025 | 2026,Panthers | Wests Tigers,2022-06-03T09:55:00Z,2026-06-14T06:05:00Z,100,0,0,0,0,Teams listed are inferred from match structure in player-stat JSON.
NRL player stats data,Syd Eru,syd eru,Syd Eru,1998,1999,1998 | 1999,Warriors,1998-03-13T00:00:00Z,1999-05-08T00:00:00Z,15,0,0,0,0,Teams listed are inferred from match structure in player-stat JSON.
NRL player stats data,Taane Milne,taane milne,Taane Milne,2016,2024,2016 | 2017 | 2019 | 2021 | 2022 | 2023 | 2024,Dragons | Rabbitohs | Warriors,2016-04-25T06:00:00Z,2024-09-06T10:00:00Z,95,0,0,0,0,Teams listed are inferred from match structure in player-stat JSON.
NRL player stats data,Taine Tuaupiki,taine tuaupiki,Taine Tuaupiki,2023,2026,2023 | 2024 | 2025 | 2026,Warriors,2023-03-18T06:30:00Z,2026-06-13T07:30:00Z,56,0,0,0,0,Teams listed are inferred from match structure in player-stat JSON.
NRL player stats data,Taioalo Vai Vai,taioalo vai vai,Taioalo Vai Vai,2009,2011,2009 | 2010 | 2011,Panthers | Rabbitohs,2009-08-22T00:00:00Z,2011-09-02T00:00:00Z,12,0,0,0,0,Teams listed are inferred from match structure in player-stat JSON.
NRL player stats data,Talanoa Penitani,talanoa penitani,Talanoa Penitani,2026,2026,2026,Rabbitohs,2026-05-24T06:05:00Z,2026-05-24T06:05:00Z,1,0,0,0,0,Teams listed are inferred from match structure in player-stat JSON.
NRL player stats data,Talatau Amone,talatau amone,Talatau Amone,2021,2023,2021 | 2022 | 2023,Dragons,2021-05-02T06:05:00Z,2023-09-02T09:35:00Z,55,0,0,0,0,Teams listed are inferred from match structure in player-stat JSON.
NRL player stats data,Talite Liavaa,talite liavaa,Talite Liavaa,1998,2000,1998 | 1999 | 2000,Tigers | Warriors,1998-06-14T00:00:00Z,2000-05-27T00:00:00Z,17,0,0,0,0,Teams listed are inferred from match structure in player-stat JSON.
NRL player stats data,Tallis Duncan,tallis duncan,Tallis Duncan,2023,2026,2023 | 2024 | 2025 | 2026,Rabbitohs,2023-03-09T09:00:00Z,2026-06-11T09:50:00Z,67,0,0,0,0,Teams listed are inferred from match structure in player-stat JSON.
NRL player stats data,Tallyn Da Silva,tallyn da silva,Tallyn Da Silva,2023,2026,2023 | 2024 | 2025 | 2026,Eels | Wests Tigers,2023-06-17T09:35:00Z,2026-06-13T09:35:00Z,49,0,0,0,0,Teams listed are inferred from match structure in player-stat JSON.
NRL player stats data,Tame Tupou,tame tupou,Tame Tupou,2004,2006,2004 | 2005 | 2006,Broncos,2004-09-03T00:00:00Z,2006-09-09T00:00:00Z,25,0,0,0,0,Teams listed are inferred from match structure in player-stat JSON.
NRL player stats data,Tanah Boyd,tanah boyd,Tanah Boyd,2019,2026,2019 | 2020 | 2021 | 2022 | 2023 | 2024 | 2025 | 2026,Titans | Warriors,2019-08-31T05:00:00Z,2026-05-17T06:05:00Z,103,0,0,0,0,Teams listed are inferred from match structure in player-stat JSON.
NRL player stats data,Taniela Lasalo,taniela lasalo,Taniela Lasalo,2009,2014,2009 | 2010 | 2011 | 2012 | 2014,Eels,2009-05-30T00:00:00Z,2014-04-26T07:30:00Z,40,0,0,0,0,Teams listed are inferred from match structure in player-stat JSON.
NRL player stats data,Taniela Otukolo,taniela otukolo,Taniela Otukolo,2021,2022,2021 | 2022,Warriors,2021-06-19T05:00:00Z,2022-08-26T08:00:00Z,10,0,0,0,0,Teams listed are inferred from match structure in player-stat JSON.
NRL player stats data,Taniela Paseka,taniela paseka,Taniela Paseka,2018,2026,2018 | 2019 | 2020 | 2021 | 2022 | 2023 | 2024 | 2025 | 2026,Sea Eagles,2018-04-15T06:10:00Z,2026-06-04T09:50:00Z,139,0,0,0,0,Teams listed are inferred from match structure in player-stat JSON.
NRL player stats data,Taniela Tuiaki,taniela tuiaki,Taniela Tuiaki,2006,2009,2006 | 2007 | 2008 | 2009,Wests Tigers,2006-05-20T00:00:00Z,2009-08-21T00:00:00Z,78,0,0,0,0,Teams listed are inferred from match structure in player-stat JSON.
NRL player stats data,Tanner Stowers-Smith,tanner stowers smith,Tanner Stowers-Smith,2025,2026,2025 | 2026,Warriors,2025-04-19T07:30:00Z,2026-06-13T07:30:00Z,24,0,0,0,0,Teams listed are inferred from match structure in player-stat JSON.
NRL player stats data,Tarin Bradford,tarin bradford,Tarin Bradford,2001,2002,2001 | 2002,Cowboys,2001-03-10T00:00:00Z,2002-04-13T00:00:00Z,5,0,0,0,0,Teams listed are inferred from match structure in player-stat JSON.
NRL player stats data,Tariq Sims,tariq sims,Tariq Sims,2011,2023,2011 | 2012 | 2013 | 2014 | 2015 | 2016 | 2017 | 2018 | 2019 | 2020 | 2021 | 2022 | 2023,Cowboys | Dragons | Knights | Storm,2011-03-19T00:00:00Z,2023-09-22T09:50:00Z,239,0,0,0,0,Teams listed are inferred from match structure in player-stat JSON.
NRL player stats data,Tasesa Lavea,tasesa lavea,Tasesa Lavea,1999,2002,1999 | 2000 | 2001 | 2002,Eagles | Storm,1999-05-28T00:00:00Z,2002-08-25T00:00:00Z,49,0,0,0,0,Teams listed are inferred from match structure in player-stat JSON.
NRL player stats data,Tate Moseley,tate moseley,Tate Moseley,1999,1999,1999,Magpies,1999-05-22T00:00:00Z,1999-08-29T00:00:00Z,13,0,0,0,0,Teams listed are inferred from match structure in player-stat JSON.
NRL player stats data,Taulima Tautai,taulima tautai,Taulima Tautai,2008,2012,2008 | 2009 | 2010 | 2011 | 2012,Eels | Sharks,2008-03-15T00:00:00Z,2012-08-19T00:00:00Z,72,0,0,0,0,Teams listed are inferred from match structure in player-stat JSON.
NRL player stats data,Tautalatasi Tasi,tautalatasi tasi,Tautalatasi Tasi,2016,2016,2016,Rabbitohs,2016-06-24T09:50:00Z,2016-07-03T06:00:00Z,2,0,0,0,0,Teams listed are inferred from match structure in player-stat JSON.
NRL player stats data,Tautau Moga,tautau moga,Tautau Moga,2012,2023,2012 | 2014 | 2015 | 2016 | 2017 | 2018 | 2019 | 2020 | 2021 | 2022 | 2023,Broncos | Cowboys | Dragons | Knights | Rabbitohs | Roosters,2012-05-12T00:00:00Z,2023-06-29T09:50:00Z,93,0,0,0,0,Teams listed are inferred from match structure in player-stat JSON.
NRL player stats data,Tawera Nikau,tawera nikau,Tawera Nikau,1998,1999,1998 | 1999,Storm,1998-03-14T00:00:00Z,1999-09-26T00:00:00Z,53,0,0,0,0,Teams listed are inferred from match structure in player-stat JSON.
NRL player stats data,Taylan May,taylan may,Taylan May,2021,2026,2021 | 2022 | 2024 | 2025 | 2026,Panthers | Wests Tigers,2021-08-07T07:30:00Z,2026-06-14T06:05:00Z,45,0,0,0,0,Teams listed are inferred from match structure in player-stat JSON.
NRL player stats data,Taylor Losalu,taylor losalu,Taylor Losalu,2025,2026,2025 | 2026,Roosters,2025-03-06T09:00:00Z,2026-06-12T10:00:00Z,7,0,0,0,0,Teams listed are inferred from match structure in player-stat JSON.
NRL player stats data,Te Maire Martin,te maire martin,Te Maire Martin,2016,2026,2016 | 2017 | 2018 | 2019 | 2022 | 2023 | 2024 | 2025 | 2026,Broncos | Cowboys | Panthers | Warriors,2016-03-19T08:30:00Z,2026-06-13T07:30:00Z,118,0,0,0,0,Teams listed are inferred from match structure in player-stat JSON.
NRL player stats data,Tea Ropati,tea ropati,Tea Ropati,1998,1998,1998,Warriors,1998-03-21T00:00:00Z,1998-07-31T00:00:00Z,15,0,0,0,0,Teams listed are inferred from match structure in player-stat JSON.
NRL player stats data,Teancum Brown,teancum brown,Teancum Brown,2026,2026,2026,Eels,2026-04-19T06:05:00Z,2026-06-13T09:35:00Z,6,0,0,0,0,Teams listed are inferred from match structure in player-stat JSON.
NRL player stats data,Teig Wilton,teig wilton,Teig Wilton,2020,2026,2020 | 2021 | 2022 | 2023 | 2024 | 2025 | 2026,Sharks,2020-07-25T07:30:00Z,2026-06-13T07:30:00Z,118,0,0,0,0,Teams listed are inferred from match structure in player-stat JSON.
NRL player stats data,Temple Kalepo,temple kalepo,Temple Kalepo,2025,2025,2025,Cowboys,2025-07-05T09:35:00Z,2025-07-05T09:35:00Z,1,0,0,0,0,Teams listed are inferred from match structure in player-stat JSON.
NRL player stats data,Tepai Moeroa,tepai moeroa,Tepai Moeroa,2014,2024,2014 | 2015 | 2016 | 2017 | 2018 | 2019 | 2021 | 2022 | 2023 | 2024,Eels | Storm,2014-07-12T07:30:00Z,2024-08-29T09:50:00Z,138,0,0,0,0,Teams listed are inferred from match structure in player-stat JSON.
NRL player stats data,Terence Seu Seu,terence seu seu,Terence Seu Seu,2007,2011,2007 | 2008 | 2009 | 2010 | 2011,Knights | Sea Eagles | Sharks,2007-03-18T00:00:00Z,2011-09-04T00:00:00Z,51,0,0,0,0,Teams listed are inferred from match structure in player-stat JSON.
NRL player stats data,Terrell May,terrell may,Terrell May,2022,2026,2022 | 2023 | 2024 | 2025 | 2026,Roosters | Wests Tigers,2022-05-21T09:35:00Z,2026-06-14T06:05:00Z,90,0,0,0,0,Teams listed are inferred from match structure in player-stat JSON.
NRL player stats data,Terry Campese,terry campese,Terry Campese,2004,2014,2004 | 2005 | 2007 | 2008 | 2009 | 2010 | 2011 | 2012 | 2013 | 2014,Raiders,2004-03-19T00:00:00Z,2014-08-03T04:00:00Z,139,0,0,0,0,Teams listed are inferred from match structure in player-stat JSON.
NRL player stats data,Terry Hermansson,terry hermansson,Terry Hermansson,1998,2000,1998 | 1999 | 2000,Rabbitohs | Warriors,1998-03-13T00:00:00Z,2000-07-30T00:00:00Z,56,0,0,0,0,Teams listed are inferred from match structure in player-stat JSON.
NRL player stats data,Terry Hill,terry hill,Terry Hill,1998,2005,1998 | 1999 | 2000 | 2001 | 2002 | 2003 | 2005,Sea Eagles | Wests Tigers,1998-03-13T00:00:00Z,2005-09-11T00:00:00Z,107,0,0,0,0,Teams listed are inferred from match structure in player-stat JSON.
NRL player stats data,Terry Lamey,terry lamey,Terry Lamey,1998,2002,1998 | 1999 | 2000 | 2002,Dragons | Rabbitohs | Steelers,1998-03-14T00:00:00Z,2002-06-02T00:00:00Z,43,0,0,0,0,Teams listed are inferred from match structure in player-stat JSON.
NRL player stats data,Terry Martin,terry martin,Terry Martin,2000,2006,2000 | 2001 | 2002 | 2003 | 2004 | 2006,Raiders,2000-04-29T00:00:00Z,2006-07-01T00:00:00Z,92,0,0,0,0,Teams listed are inferred from match structure in player-stat JSON.
NRL player stats data,Tesi Niu,tesi niu,Tesi Niu,2020,2024,2020 | 2021 | 2022 | 2023 | 2024,Broncos | Dolphins,2020-06-04T09:50:00Z,2024-08-02T10:00:00Z,57,0,0,0,0,Teams listed are inferred from match structure in player-stat JSON.
NRL player stats data,Teui Robati,teui robati,Teui Robati,2021,2022,2021 | 2022,Broncos,2021-05-22T07:30:00Z,2022-06-11T09:35:00Z,21,0,0,0,0,Teams listed are inferred from match structure in player-stat JSON.
NRL player stats data,Tevita Amone,tevita amone,Tevita Amone,1999,2002,1999 | 2002,Cowboys | Magpies,1999-03-21T00:00:00Z,2002-07-13T00:00:00Z,11,0,0,0,0,Teams listed are inferred from match structure in player-stat JSON.
NRL player stats data,Tevita Funa,tevita funa,Tevita Funa,2020,2021,2020 | 2021,Sea Eagles,2020-06-11T09:50:00Z,2021-09-24T10:05:00Z,22,0,0,0,0,Teams listed are inferred from match structure in player-stat JSON.
NRL player stats data,Tevita Latu,tevita latu,Tevita Latu,2003,2006,2003 | 2004 | 2005 | 2006,Sharks | Warriors,2003-06-07T00:00:00Z,2006-05-21T00:00:00Z,32,0,0,0,0,Teams listed are inferred from match structure in player-stat JSON.
NRL player stats data,Tevita Metuisela,tevita metuisela,Tevita Metuisela,2003,2008,2003 | 2005 | 2006 | 2008,Roosters | Storm | Wests Tigers,2003-04-06T00:00:00Z,2008-08-23T00:00:00Z,9,0,0,0,0,Teams listed are inferred from match structure in player-stat JSON.
NRL player stats data,Tevita Naufahu,tevita naufahu,Tevita Naufahu,2025,2026,2025 | 2026,Dolphins,2025-04-27T04:00:00Z,2026-06-12T10:00:00Z,15,0,0,0,0,Teams listed are inferred from match structure in player-stat JSON.
NRL player stats data,Tevita Pangai Junior,tevita pangai junior,Tevita Pangai Junior,2016,2024,2016 | 2017 | 2018 | 2019 | 2020 | 2021 | 2022 | 2023 | 2024,Broncos | Bulldogs | Dolphins | Panthers,2016-05-27T09:50:00Z,2024-09-08T06:05:00Z,149,0,0,0,0,Teams listed are inferred from match structure in player-stat JSON.
NRL player stats data,Tevita Tatola,tevita tatola,Tevita Tatola,2018,2026,2018 | 2019 | 2020 | 2021 | 2022 | 2023 | 2024 | 2025 | 2026,Rabbitohs,2018-03-10T08:00:00Z,2026-06-11T09:50:00Z,172,0,0,0,0,Teams listed are inferred from match structure in player-stat JSON.
NRL player stats data,Tex Hoy,tex hoy,Tex Hoy,2020,2022,2020 | 2021 | 2022,Knights,2020-05-31T06:05:00Z,2022-09-04T04:00:00Z,36,0,0,0,0,Teams listed are inferred from match structure in player-stat JSON.
NRL player stats data,Thomas Burgess,thomas burgess,Thomas Burgess,2013,2024,2013 | 2014 | 2015 | 2016 | 2017 | 2018 | 2019 | 2020 | 2021 | 2022 | 2023 | 2024,Rabbitohs,2013-06-23T05:00:00Z,2024-09-06T10:00:00Z,249,0,0,0,0,Teams listed are inferred from match structure in player-stat JSON.
NRL player stats data,Thomas Cant,thomas cant,Thomas Cant,2023,2026,2023 | 2024 | 2025 | 2026,Knights,2023-03-17T07:00:00Z,2026-06-05T08:00:00Z,44,0,0,0,0,Teams listed are inferred from match structure in player-stat JSON.
NRL player stats data,Thomas Duffy,thomas duffy,Thomas Duffy,2024,2026,2024 | 2025 | 2026,Broncos | Cowboys,2024-06-02T06:05:00Z,2026-06-11T09:50:00Z,19,0,0,0,0,Teams listed are inferred from match structure in player-stat JSON.
NRL player stats data,Thomas Flegler,thomas flegler,Thomas Flegler,2019,2026,2019 | 2020 | 2021 | 2022 | 2023 | 2024 | 2026,Broncos | Dolphins,2019-03-14T09:05:00Z,2026-06-06T07:30:00Z,111,0,0,0,0,Teams listed are inferred from match structure in player-stat JSON.
NRL player stats data,Thomas Fletcher,thomas fletcher,Thomas Fletcher,2025,2026,2025 | 2026,Rabbitohs,2025-04-12T07:30:00Z,2026-05-24T06:05:00Z,11,0,0,0,0,Teams listed are inferred from match structure in player-stat JSON.
NRL player stats data,Thomas Hazelton,thomas hazelton,Thomas Hazelton,2022,2026,2022 | 2023 | 2024 | 2025 | 2026,Sharks,2022-05-28T09:35:00Z,2026-06-13T07:30:00Z,71,0,0,0,0,Teams listed are inferred from match structure in player-stat JSON.
NRL player stats data,Thomas Jenkins,thomas jenkins,Thomas Jenkins,2022,2026,2022 | 2023 | 2024 | 2025 | 2026,Knights | Panthers,2022-09-03T09:35:00Z,2026-06-07T04:00:00Z,47,0,0,0,0,Teams listed are inferred from match structure in player-stat JSON.
NRL player stats data,Thomas Leuluai,thomas leuluai,Thomas Leuluai,2003,2016,2003 | 2004 | 2013 | 2014 | 2015 | 2016,Warriors,2003-05-02T00:00:00Z,2016-09-04T06:00:00Z,85,0,0,0,0,Teams listed are inferred from match structure in player-stat JSON.
NRL player stats data,Thomas Mikaele,thomas mikaele,Thomas Mikaele,2019,2026,2019 | 2020 | 2021 | 2022 | 2023 | 2024 | 2025 | 2026,Cowboys | Titans | Wests Tigers,2019-03-16T06:30:00Z,2026-06-06T07:30:00Z,115,0,0,0,0,Teams listed are inferred from match structure in player-stat JSON.
NRL player stats data,Tim Brasher,tim brasher,Tim Brasher,1998,2002,1998 | 1999 | 2000 | 2002,Cowboys | Dragons | Rabbitohs,1998-03-13T00:00:00Z,2002-05-11T00:00:00Z,59,0,0,0,0,Teams listed are inferred from match structure in player-stat JSON.
NRL player stats data,Tim Browne,tim browne,Tim Browne,2010,2017,2010 | 2013 | 2014 | 2015 | 2016 | 2017,Bulldogs | Panthers,2010-04-10T19:32:00Z,2017-09-02T07:30:00Z,103,0,0,0,0,Teams listed are inferred from match structure in player-stat JSON.
NRL player stats data,Tim Glasby,tim glasby,Tim Glasby,2013,2020,2013 | 2014 | 2015 | 2016 | 2017 | 2018 | 2019 | 2020,Knights | Storm,2013-06-29T07:30:00Z,2020-06-27T05:00:00Z,138,0,0,0,0,Teams listed are inferred from match structure in player-stat JSON.
NRL player stats data,Tim Grant,tim grant,Tim Grant,2007,2019,2007 | 2008 | 2009 | 2010 | 2011 | 2012 | 2013 | 2014 | 2015 | 2016 | 2017 | 2018 | 2019,Panthers | Rabbitohs | Wests Tigers,2007-05-04T00:00:00Z,2019-05-30T09:50:00Z,196,0,0,0,0,Teams listed are inferred from match structure in player-stat JSON.
NRL player stats data,Tim Horan,tim horan,Tim Horan,1998,1998,1998,Steelers,1998-03-22T00:00:00Z,1998-04-03T00:00:00Z,3,0,0,0,0,Teams listed are inferred from match structure in player-stat JSON.
NRL player stats data,Tim Johannssen,tim johannssen,Tim Johannssen,2024,2024,2024,Wests Tigers,2024-08-01T09:50:00Z,2024-08-22T09:50:00Z,2,0,0,0,0,Teams listed are inferred from match structure in player-stat JSON.
NRL player stats data,Tim Lafai,tim lafai,Tim Lafai,2011,2020,2011 | 2012 | 2013 | 2014 | 2015 | 2016 | 2017 | 2018 | 2019 | 2020,Bulldogs | Dragons,2011-03-20T00:00:00Z,2020-09-17T09:50:00Z,159,0,0,0,0,Teams listed are inferred from match structure in player-stat JSON.
NRL player stats data,Tim Maddison,tim maddison,Tim Maddison,1998,2003,1998 | 1999 | 2000 | 2001 | 2002 | 2003,Cowboys | Knights | Sharks,1998-03-28T00:00:00Z,2003-07-06T00:00:00Z,69,0,0,0,0,Teams listed are inferred from match structure in player-stat JSON.
NRL player stats data,Tim Mannah,tim mannah,Tim Mannah,2009,2019,2009 | 2010 | 2011 | 2012 | 2013 | 2014 | 2015 | 2016 | 2017 | 2018 | 2019,Eels,2009-03-14T00:00:00Z,2019-05-23T09:50:00Z,233,0,0,0,0,Teams listed are inferred from match structure in player-stat JSON.
NRL player stats data,Tim Moltzen,tim moltzen,Tim Moltzen,2008,2013,2008 | 2009 | 2010 | 2011 | 2012 | 2013,Wests Tigers,2008-03-16T00:00:00Z,2013-04-27T09:30:00Z,90,0,0,0,0,Teams listed are inferred from match structure in player-stat JSON.
NRL player stats data,Tim Natusch,tim natusch,Tim Natusch,2009,2009,2009,Knights,2009-03-29T00:00:00Z,2009-06-07T00:00:00Z,3,0,0,0,0,Teams listed are inferred from match structure in player-stat JSON.
NRL player stats data,Tim Patterson,tim patterson,Tim Patterson,1999,1999,1999,Eels,1999-05-30T00:00:00Z,1999-05-30T00:00:00Z,1,0,0,0,0,Teams listed are inferred from match structure in player-stat JSON.
NRL player stats data,Tim Robinson,tim robinson,Tim Robinson,2011,2015,2011 | 2012 | 2014 | 2015,Sea Eagles | Sharks,2011-03-20T15:00:59Z,2015-05-16T07:30:00Z,27,0,0,0,0,Teams listed are inferred from match structure in player-stat JSON.
NRL player stats data,Tim Simona,tim simona,Tim Simona,2011,2016,2011 | 2012 | 2013 | 2014 | 2015 | 2016,Wests Tigers,2011-06-06T00:00:00Z,2016-09-04T04:00:00Z,79,0,0,0,0,Teams listed are inferred from match structure in player-stat JSON.
NRL player stats data,Tim Smith,tim smith,Tim Smith,2005,2011,2005 | 2006 | 2007 | 2008 | 2010 | 2011,Eels | Sharks,2005-03-12T00:00:00Z,2011-04-29T00:00:00Z,90,0,0,0,0,Teams listed are inferred from match structure in player-stat JSON.
NRL player stats data,Tim Weyman,tim weyman,Tim Weyman,2009,2009,2009,Sharks,2009-08-16T00:00:00Z,2009-08-16T00:00:00Z,1,0,0,0,0,Teams listed are inferred from match structure in player-stat JSON.
NRL player stats data,Tim Winitana,tim winitana,Tim Winitana,2007,2010,2007 | 2008 | 2009 | 2010,Bulldogs,2007-06-15T00:00:00Z,2010-07-18T00:00:00Z,27,0,0,0,0,Teams listed are inferred from match structure in player-stat JSON.
NRL player stats data,Timana Tahu,timana tahu,Timana Tahu,1999,2014,1999 | 2000 | 2001 | 2002 | 2003 | 2004 | 2005 | 2006 | 2007 | 2010 | 2011 | 2012 | 2013 | 2014,Eels | Knights | Panthers,1999-05-23T00:00:00Z,2014-09-07T04:00:00Z,196,0,0,0,0,Teams listed are inferred from match structure in player-stat JSON.
NRL player stats data,Timoteo Lafai,timoteo lafai,Timoteo Lafai,2013,2019,2013 | 2014 | 2015 | 2016 | 2017 | 2019,Bulldogs | Dragons,2013-09-15T06:00:00Z,2019-08-18T06:05:00Z,11,0,0,0,0,Teams listed are inferred from match structure in player-stat JSON.
NRL player stats data,Tinirau Arona,tinirau arona,Tinirau Arona,2011,2015,2011 | 2012 | 2013 | 2014 | 2015,Roosters | Sharks,2011-04-03T00:00:00Z,2015-09-06T06:00:00Z,70,0,0,0,0,Teams listed are inferred from match structure in player-stat JSON.
NRL player stats data,Tino Fa'asuamaleaui,tino faasuamaleaui,Tino Fa'asuamaleaui,2019,2026,2019 | 2020 | 2021 | 2022 | 2023 | 2024 | 2025 | 2026,Storm | Titans,2019-07-04T09:50:00Z,2026-06-06T09:35:00Z,122,0,0,0,0,Teams listed are inferred from match structure in player-stat JSON.
NRL player stats data,Toafofoa Sipley,toafofoa sipley,Toafofoa Sipley,2016,2025,2016 | 2018 | 2019 | 2021 | 2022 | 2023 | 2024 | 2025,Sea Eagles | Warriors,2016-05-01T02:00:00Z,2025-08-30T07:30:00Z,105,0,0,0,0,Teams listed are inferred from match structure in player-stat JSON.
NRL player stats data,Toby Couchman,toby couchman,Toby Couchman,2023,2026,2023 | 2024 | 2025 | 2026,Dragons,2023-03-12T07:15:00Z,2026-06-07T06:05:00Z,57,0,0,0,0,Teams listed are inferred from match structure in player-stat JSON.
NRL player stats data,Toby Rodwell,toby rodwell,Toby Rodwell,2026,2026,2026,Roosters,2026-03-06T07:00:00Z,2026-06-12T10:00:00Z,3,0,0,0,0,Teams listed are inferred from match structure in player-stat JSON.
NRL player stats data,Toby Rudolf,toby rudolf,Toby Rudolf,2020,2026,2020 | 2021 | 2022 | 2023 | 2024 | 2025 | 2026,Sharks,2020-03-14T06:30:00Z,2026-06-13T07:30:00Z,132,0,0,0,0,Teams listed are inferred from match structure in player-stat JSON.
NRL player stats data,Toby Sexton,toby sexton,Toby Sexton,2021,2025,2021 | 2022 | 2023 | 2024 | 2025,Bulldogs | Titans,2021-07-25T03:50:00Z,2025-09-21T06:05:00Z,69,0,0,0,0,Teams listed are inferred from match structure in player-stat JSON.
NRL player stats data,Todd Bates,todd bates,Todd Bates,2003,2003,2003,Knights,2003-03-21T00:00:00Z,2003-05-03T00:00:00Z,4,0,0,0,0,Teams listed are inferred from match structure in player-stat JSON.
NRL player stats data,Todd Byrne,todd byrne,Todd Byrne,2001,2007,2001 | 2002 | 2003 | 2004 | 2005 | 2006 | 2007,Roosters | Warriors,2001-04-02T00:00:00Z,2007-09-16T00:00:00Z,104,0,0,0,0,Teams listed are inferred from match structure in player-stat JSON.
NRL player stats data,Todd Carney,todd carney,Todd Carney,2004,2014,2004 | 2005 | 2006 | 2007 | 2008 | 2010 | 2011 | 2012 | 2013 | 2014,Raiders | Roosters | Sharks,2004-06-19T00:00:00Z,2014-06-27T09:40:00Z,166,0,0,0,0,Teams listed are inferred from match structure in player-stat JSON.
NRL player stats data,Todd Lowrie,todd lowrie,Todd Lowrie,2003,2014,2003 | 2004 | 2005 | 2006 | 2007 | 2008 | 2009 | 2010 | 2011 | 2012 | 2013 | 2014,Broncos | Eels | Knights | Storm | Warriors,2003-06-20T00:00:00Z,2014-09-05T09:45:00Z,202,0,0,0,0,Teams listed are inferred from match structure in player-stat JSON.
NRL player stats data,Todd Ollivier,todd ollivier,Todd Ollivier,2003,2003,2003,Roosters,2003-07-05T00:00:00Z,2003-07-05T00:00:00Z,1,0,0,0,0,Teams listed are inferred from match structure in player-stat JSON.
NRL player stats data,Todd Payten,todd payten,Todd Payten,1998,2011,1998 | 1999 | 2000 | 2001 | 2002 | 2003 | 2004 | 2005 | 2006 | 2007 | 2008 | 2009 | 2010 | 2011,Raiders | Roosters | Wests Tigers,1998-03-15T00:00:00Z,2011-08-21T00:00:00Z,246,0,0,0,0,Teams listed are inferred from match structure in player-stat JSON.
NRL player stats data,Todd Polglase,todd polglase,Todd Polglase,2002,2007,2002 | 2003 | 2004 | 2005 | 2006 | 2007,Bulldogs | Knights | Rabbitohs,2002-07-28T00:00:00Z,2007-05-12T00:00:00Z,48,0,0,0,0,Teams listed are inferred from match structure in player-stat JSON.
NRL player stats data,Tohu Harris,tohu harris,Tohu Harris,2013,2024,2013 | 2014 | 2015 | 2016 | 2017 | 2018 | 2019 | 2020 | 2021 | 2022 | 2023 | 2024,Storm | Warriors,2013-03-10T04:00:00Z,2024-06-29T05:00:00Z,234,0,0,0,0,Teams listed are inferred from match structure in player-stat JSON.
NRL player stats data,Tolutau Koula,tolutau koula,Tolutau Koula,2022,2026,2022 | 2023 | 2024 | 2025 | 2026,Sea Eagles,2022-03-10T09:05:00Z,2026-06-04T09:50:00Z,94,0,0,0,0,Teams listed are inferred from match structure in player-stat JSON.
NRL player stats data,Tom Ale,tom ale,Tom Ale,2020,2024,2020 | 2021 | 2022 | 2023 | 2024,Warriors,2020-09-20T04:00:00Z,2024-08-31T09:35:00Z,44,0,0,0,0,Teams listed are inferred from match structure in player-stat JSON.
NRL player stats data,Tom Amone,tom amone,Tom Amone,2019,2021,2019 | 2020 | 2021,Rabbitohs | Wests Tigers,2019-06-15T07:30:00Z,2021-09-05T06:05:00Z,17,0,0,0,0,Teams listed are inferred from match structure in player-stat JSON.
NRL player stats data,Tom Chester,tom chester,Tom Chester,2022,2026,2022 | 2023 | 2024 | 2026,Cowboys,2022-07-15T08:00:00Z,2026-06-06T07:30:00Z,29,0,0,0,0,Teams listed are inferred from match structure in player-stat JSON.
NRL player stats data,Tom Dearden,tom dearden,Tom Dearden,2019,2026,2019 | 2020 | 2021 | 2022 | 2023 | 2024 | 2025 | 2026,Broncos | Cowboys,2019-05-02T09:50:00Z,2026-05-08T10:00:00Z,136,0,0,0,0,Teams listed are inferred from match structure in player-stat JSON.
NRL player stats data,Tom Eisenhuth,tom eisenhuth,Tom Eisenhuth,2012,2024,2012 | 2019 | 2020 | 2021 | 2022 | 2023 | 2024,Dragons | Panthers | Storm,2012-08-19T00:00:00Z,2024-09-07T05:00:00Z,87,0,0,0,0,Teams listed are inferred from match structure in player-stat JSON.
NRL player stats data,Tom Freebairn,tom freebairn,Tom Freebairn,2022,2022,2022,Wests Tigers,2022-08-07T06:05:00Z,2022-09-04T06:05:00Z,5,0,0,0,0,Teams listed are inferred from match structure in player-stat JSON.
NRL player stats data,Tom Gilbert,tom gilbert,Tom Gilbert,2020,2026,2020 | 2021 | 2022 | 2023 | 2025 | 2026,Cowboys | Dolphins,2020-06-06T09:35:00Z,2026-06-12T10:00:00Z,81,0,0,0,0,Teams listed are inferred from match structure in player-stat JSON.
NRL player stats data,Tom Hewitt,tom hewitt,Tom Hewitt,2007,2007,2007,Dragons,2007-04-14T00:00:00Z,2007-08-11T00:00:00Z,5,0,0,0,0,Teams listed are inferred from match structure in player-stat JSON.
NRL player stats data,Tom Humble,tom humble,Tom Humble,2010,2013,2010 | 2012 | 2013,Eels | Panthers | Wests Tigers,2010-05-17T00:00:00Z,2013-05-05T05:00:00Z,27,0,0,0,0,Teams listed are inferred from match structure in player-stat JSON.
NRL player stats data,Tom Kingston,tom kingston,Tom Kingston,2014,2014,2014,Titans,2014-07-07T09:00:00Z,2014-09-07T05:00:00Z,6,0,0,0,0,Teams listed are inferred from match structure in player-stat JSON.
NRL player stats data,Tom Learoyd-Lahrs,tom learoyd lahrs,Tom Learoyd-Lahrs,2004,2015,2004 | 2005 | 2006 | 2007 | 2008 | 2009 | 2010 | 2011 | 2012 | 2013 | 2015,Broncos | Raiders | Storm,2004-03-21T00:00:00Z,2015-03-14T08:00:00Z,120,0,0,0,0,Teams listed are inferred from match structure in player-stat JSON.
NRL player stats data,Tom O'Reilly,tom oreilly,Tom O'Reilly,1998,1998,1998,Chargers,1998-03-14T00:00:00Z,1998-08-22T00:00:00Z,17,0,0,0,0,Teams listed are inferred from match structure in player-stat JSON.
NRL player stats data,Tom Opacic,tom opacic,Tom Opacic,2016,2022,2016 | 2018 | 2019 | 2020 | 2021 | 2022,Broncos | Cowboys | Eels,2016-06-25T09:30:00Z,2022-09-16T09:50:00Z,86,0,0,0,0,Teams listed are inferred from match structure in player-stat JSON.
NRL player stats data,Tom Rodwell,tom rodwell,Tom Rodwell,2024,2026,2024 | 2025 | 2026,Roosters | Sharks,2024-07-05T08:00:00Z,2026-06-05T10:00:00Z,5,0,0,0,0,Teams listed are inferred from match structure in player-stat JSON.
NRL player stats data,Tom Starling,tom starling,Tom Starling,2018,2026,2018 | 2019 | 2020 | 2021 | 2022 | 2023 | 2024 | 2025 | 2026,Knights | Raiders,2018-09-01T05:00:00Z,2026-06-13T09:35:00Z,147,0,0,0,0,Teams listed are inferred from match structure in player-stat JSON.
NRL player stats data,Tom Symonds,tom symonds,Tom Symonds,2009,2016,2009 | 2010 | 2011 | 2012 | 2013 | 2014 | 2015 | 2016,Roosters | Sea Eagles,2009-05-23T00:00:00Z,2016-05-14T09:55:00Z,92,0,0,0,0,Teams listed are inferred from match structure in player-stat JSON.
NRL player stats data,Tom Trbojevic,tom trbojevic,Tom Trbojevic,2015,2026,2015 | 2016 | 2017 | 2018 | 2019 | 2020 | 2021 | 2022 | 2023 | 2024 | 2025 | 2026,Sea Eagles,2015-04-04T06:30:00Z,2026-04-16T09:50:00Z,176,0,0,0,0,Teams listed are inferred from match structure in player-stat JSON.
NRL player stats data,Tom Weaver,tom weaver,Tom Weaver,2023,2025,2023 | 2024 | 2025,Titans,2023-08-19T07:30:00Z,2025-08-02T05:00:00Z,15,0,0,0,0,Teams listed are inferred from match structure in player-stat JSON.
NRL player stats data,Tom Wright,tom wright,Tom Wright,2018,2018,2018,Sea Eagles,2018-05-12T09:35:00Z,2018-07-22T06:10:00Z,4,0,0,0,0,Teams listed are inferred from match structure in player-stat JSON.
NRL player stats data,Tommy Talau,tommy talau,Tommy Talau,2019,2026,2019 | 2020 | 2021 | 2023 | 2024 | 2025 | 2026,Roosters | Sea Eagles | Wests Tigers,2019-08-15T09:50:00Z,2026-06-12T10:00:00Z,90,0,0,0,0,Teams listed are inferred from match structure in player-stat JSON.
NRL player stats data,Toni Mataele,toni mataele,Toni Mataele,2025,2026,2025 | 2026,Eels,2025-03-09T05:05:00Z,2026-05-30T05:00:00Z,9,0,0,0,0,Teams listed are inferred from match structure in player-stat JSON.
NRL player stats data,Tonie Carroll,tonie carroll,Tonie Carroll,1998,2009,1998 | 1999 | 2000 | 2003 | 2004 | 2005 | 2006 | 2007 | 2008 | 2009,Broncos,1998-03-13T00:00:00Z,2009-09-26T00:00:00Z,192,0,0,0,0,Teams listed are inferred from match structure in player-stat JSON.
NRL player stats data,Tony Butterfield,tony butterfield,Tony Butterfield,1998,2000,1998 | 1999 | 2000,Knights,1998-03-15T00:00:00Z,2000-08-19T00:00:00Z,71,0,0,0,0,Teams listed are inferred from match structure in player-stat JSON.
NRL player stats data,Tony Caine,tony caine,Tony Caine,2006,2009,2006 | 2007 | 2009,Dragons | Sharks,2006-05-27T00:00:00Z,2009-06-07T00:00:00Z,16,0,0,0,0,Teams listed are inferred from match structure in player-stat JSON.
NRL player stats data,Tony Duggan,tony duggan,Tony Duggan,2003,2003,2003,Broncos,2003-07-11T00:00:00Z,2003-07-11T00:00:00Z,1,0,0,0,0,Teams listed are inferred from match structure in player-stat JSON.
NRL player stats data,Tony Durheim,tony durheim,Tony Durheim,1998,1998,1998,Chargers,1998-03-29T00:00:00Z,1998-08-22T00:00:00Z,13,0,0,0,0,Teams listed are inferred from match structure in player-stat JSON.
NRL player stats data,Tony Francis,tony francis,Tony Francis,2022,2025,2022 | 2024 | 2025,Titans,2022-09-03T05:00:00Z,2025-09-06T07:30:00Z,18,0,0,0,0,Teams listed are inferred from match structure in player-stat JSON.
NRL player stats data,Tony Grimaldi,tony grimaldi,Tony Grimaldi,1998,2006,1998 | 2002 | 2003 | 2004 | 2005 | 2006,Bulldogs,1998-05-03T00:00:00Z,2006-08-18T00:00:00Z,116,0,0,0,0,Teams listed are inferred from match structure in player-stat JSON.
NRL player stats data,Tony Hearn,tony hearn,Tony Hearn,1998,1998,1998,Dragons,1998-03-29T00:00:00Z,1998-04-04T00:00:00Z,2,0,0,0,0,Teams listed are inferred from match structure in player-stat JSON.
NRL player stats data,Tony Iro,tony iro,Tony Iro,1998,1999,1998 | 1999,Rabbitohs | Rams,1998-03-13T00:00:00Z,1999-08-08T00:00:00Z,40,0,0,0,0,Teams listed are inferred from match structure in player-stat JSON.
NRL player stats data,Tony Jensen,tony jensen,Tony Jensen,2001,2004,2001 | 2003 | 2004,Dragons | Eagles | Sea Eagles,2001-08-12T00:00:00Z,2004-07-25T00:00:00Z,37,0,0,0,0,Teams listed are inferred from match structure in player-stat JSON.
NRL player stats data,Tony Martin,tony martin,Tony Martin,1998,2007,1998 | 1999 | 2000 | 2004 | 2005 | 2006 | 2007,Storm | Warriors,1998-04-25T00:00:00Z,2007-09-16T00:00:00Z,122,0,0,0,0,Teams listed are inferred from match structure in player-stat JSON.
NRL player stats data,Tony Puletua,tony puletua,Tony Puletua,1998,2008,1998 | 1999 | 2000 | 2001 | 2002 | 2003 | 2004 | 2005 | 2006 | 2007 | 2008,Panthers,1998-03-14T00:00:00Z,2008-09-06T00:00:00Z,202,0,0,0,0,Teams listed are inferred from match structure in player-stat JSON.
NRL player stats data,Tony Satini,tony satini,Tony Satini,2014,2014,2014,Sea Eagles,2014-03-23T04:00:00Z,2014-03-23T04:00:00Z,1,0,0,0,0,Teams listed are inferred from match structure in player-stat JSON.
NRL player stats data,Tony Sukkar,tony sukkar,Tony Sukkar,2024,2026,2024 | 2025 | 2026,Wests Tigers,2024-06-23T06:05:00Z,2026-06-14T06:05:00Z,24,0,0,0,0,Teams listed are inferred from match structure in player-stat JSON.
NRL player stats data,Tony Tatupu,tony tatupu,Tony Tatupu,1998,1999,1998 | 1999,Warriors,1998-03-21T00:00:00Z,1999-08-29T00:00:00Z,40,0,0,0,0,Teams listed are inferred from match structure in player-stat JSON.
NRL player stats data,Tony Tuimavave,tony tuimavave,Tony Tuimavave,1998,2000,1998 | 1999 | 2000,Warriors,1998-04-19T00:00:00Z,2000-07-30T00:00:00Z,45,0,0,0,0,Teams listed are inferred from match structure in player-stat JSON.
NRL player stats data,Tony Williams,tony williams,Tony Williams,2008,2018,2008 | 2009 | 2010 | 2011 | 2012 | 2013 | 2014 | 2015 | 2016 | 2017 | 2018,Bulldogs | Eels | Sea Eagles | Sharks,2008-06-07T00:00:00Z,2018-04-29T06:10:00Z,170,0,0,0,0,Teams listed are inferred from match structure in player-stat JSON.
NRL player stats data,Toshio Laiseni,toshio laiseni,Toshio Laiseni,2006,2006,2006,Sharks,2006-07-09T00:00:00Z,2006-07-09T00:00:00Z,1,0,0,0,0,Teams listed are inferred from match structure in player-stat JSON.
NRL player stats data,Trai Fuller,trai fuller,Trai Fuller,2023,2026,2023 | 2024 | 2025 | 2026,Dolphins,2023-08-19T05:00:00Z,2026-06-12T10:00:00Z,29,0,0,0,0,Teams listed are inferred from match structure in player-stat JSON.
NRL player stats data,Travis Baker,travis baker,Travis Baker,1998,1999,1998 | 1999,Magpies,1998-06-13T00:00:00Z,1999-08-29T00:00:00Z,19,0,0,0,0,Teams listed are inferred from match structure in player-stat JSON.
NRL player stats data,Travis Burns,travis burns,Travis Burns,2005,2012,2005 | 2006 | 2007 | 2008 | 2009 | 2010 | 2011 | 2012,Cowboys | Panthers | Sea Eagles,2005-07-09T00:00:00Z,2012-07-22T00:00:00Z,128,0,0,0,0,Teams listed are inferred from match structure in player-stat JSON.
NRL player stats data,Travis Norton,travis norton,Travis Norton,1998,2006,1998 | 1999 | 2000 | 2001 | 2002 | 2003 | 2004 | 2005 | 2006,Bulldogs | Cowboys,1998-03-15T00:00:00Z,2006-09-01T00:00:00Z,162,0,0,0,0,Teams listed are inferred from match structure in player-stat JSON.
NRL player stats data,Travis Robinson,travis robinson,Travis Robinson,2012,2013,2012 | 2013,Panthers,2012-08-04T00:00:00Z,2013-06-15T07:30:00Z,9,0,0,0,0,Teams listed are inferred from match structure in player-stat JSON.
NRL player stats data,Travis Waddell,travis waddell,Travis Waddell,2009,2017,2009 | 2010 | 2011 | 2012 | 2013 | 2014 | 2016 | 2017,Broncos | Knights | Raiders,2009-03-28T00:00:00Z,2017-05-27T07:30:00Z,78,0,0,0,0,Teams listed are inferred from match structure in player-stat JSON.
NRL player stats data,Trent Barrett,trent barrett,Trent Barrett,1998,2010,1998 | 1999 | 2000 | 2001 | 2002 | 2003 | 2004 | 2005 | 2006 | 2009 | 2010,Dragons | Sharks | Steelers,1998-03-14T00:00:00Z,2010-09-04T00:00:00Z,214,0,0,0,0,Teams listed are inferred from match structure in player-stat JSON.
NRL player stats data,Trent Brown,trent brown,Trent Brown,1998,1999,1998 | 1999,Magpies,1998-07-19T00:00:00Z,1999-07-24T00:00:00Z,5,0,0,0,0,Teams listed are inferred from match structure in player-stat JSON.
NRL player stats data,Trent Clayton,trent clayton,Trent Clayton,2001,2005,2001 | 2003 | 2004 | 2005,Panthers | Roosters | Wests Tigers,2001-04-29T00:00:00Z,2005-03-26T00:00:00Z,18,0,0,0,0,Teams listed are inferred from match structure in player-stat JSON.
NRL player stats data,Trent Cutler,trent cutler,Trent Cutler,2005,2011,2005 | 2006 | 2007 | 2011,Bulldogs,2005-04-03T00:00:00Z,2011-08-15T00:00:00Z,25,0,0,0,0,Teams listed are inferred from match structure in player-stat JSON.
NRL player stats data,Trent Estatheo,trent estatheo,Trent Estatheo,2002,2002,2002,Knights,2002-04-12T00:00:00Z,2002-07-28T00:00:00Z,3,0,0,0,0,Teams listed are inferred from match structure in player-stat JSON.
NRL player stats data,Trent Grubb,trent grubb,Trent Grubb,2010,2010,2010,Sharks,2010-09-04T00:00:00Z,2010-09-04T00:00:00Z,1,0,0,0,0,Teams listed are inferred from match structure in player-stat JSON.
NRL player stats data,Trent Hodkinson,trent hodkinson,Trent Hodkinson,2010,2019,2010 | 2011 | 2012 | 2013 | 2014 | 2015 | 2016 | 2017 | 2018 | 2019,Bulldogs | Knights | Sea Eagles | Sharks,2010-03-21T00:00:00Z,2019-03-16T06:30:00Z,175,0,0,0,0,Teams listed are inferred from match structure in player-stat JSON.
NRL player stats data,Trent Leis,trent leis,Trent Leis,2001,2001,2001,Cowboys,2001-02-17T00:00:00Z,2001-08-25T00:00:00Z,17,0,0,0,0,Teams listed are inferred from match structure in player-stat JSON.
NRL player stats data,Trent Loiero,trent loiero,Trent Loiero,2021,2026,2021 | 2022 | 2023 | 2024 | 2025 | 2026,Storm,2021-04-02T09:05:00Z,2026-06-05T08:00:00Z,115,0,0,0,0,Teams listed are inferred from match structure in player-stat JSON.
NRL player stats data,Trent Merrin,trent merrin,Trent Merrin,2009,2021,2009 | 2010 | 2011 | 2012 | 2013 | 2014 | 2015 | 2016 | 2017 | 2018 | 2020 | 2021,Dragons | Panthers,2009-05-29T00:00:00Z,2021-04-18T04:00:00Z,224,0,0,0,0,Teams listed are inferred from match structure in player-stat JSON.
NRL player stats data,Trent Peoples,trent peoples,Trent Peoples,2022,2022,2022,Rabbitohs,2022-04-29T09:55:00Z,2022-05-22T04:00:00Z,3,0,0,0,0,Teams listed are inferred from match structure in player-stat JSON.
NRL player stats data,Trent Robinson,trent robinson,Trent Robinson,2000,2002,2000 | 2001 | 2002,Eels | Wests Tigers,2000-07-16T00:00:00Z,2002-08-10T00:00:00Z,4,0,0,0,0,Teams listed are inferred from match structure in player-stat JSON.
NRL player stats data,Trent Runciman,trent runciman,Trent Runciman,1998,2002,1998 | 2001 | 2002,Bulldogs | Wests Tigers,1998-06-14T00:00:00Z,2002-07-20T00:00:00Z,23,0,0,0,0,Teams listed are inferred from match structure in player-stat JSON.
NRL player stats data,Trent Salkeld,trent salkeld,Trent Salkeld,2005,2005,2005,Knights,2005-04-10T00:00:00Z,2005-09-04T00:00:00Z,17,0,0,0,0,Teams listed are inferred from match structure in player-stat JSON.
NRL player stats data,Trent Toelau,trent toelau,Trent Toelau,2024,2026,2024 | 2025 | 2026,Panthers | Storm,2024-06-01T07:30:00Z,2026-06-05T08:00:00Z,21,0,0,0,0,Teams listed are inferred from match structure in player-stat JSON.
NRL player stats data,Trent Waterhouse,trent waterhouse,Trent Waterhouse,2002,2011,2002 | 2003 | 2004 | 2005 | 2006 | 2007 | 2008 | 2009 | 2010 | 2011,Panthers,2002-08-17T00:00:00Z,2011-09-02T00:00:00Z,186,0,0,0,0,Teams listed are inferred from match structure in player-stat JSON.
NRL player stats data,Trent Young,trent young,Trent Young,2005,2006,2005 | 2006,Rabbitohs,2005-04-03T00:00:00Z,2006-09-03T00:00:00Z,15,0,0,0,0,Teams listed are inferred from match structure in player-stat JSON.
NRL player stats data,Trevor Thurling,trevor thurling,Trevor Thurling,2004,2012,2004 | 2006 | 2007 | 2008 | 2009 | 2010 | 2011 | 2012,Bulldogs | Raiders,2004-07-04T00:00:00Z,2012-06-23T00:00:00Z,100,0,0,0,0,Teams listed are inferred from match structure in player-stat JSON.
NRL player stats data,Trey Mooney,trey mooney,Trey Mooney,2021,2026,2021 | 2022 | 2023 | 2024 | 2025 | 2026,Knights | Raiders,2021-08-20T08:00:00Z,2026-06-05T08:00:00Z,44,0,0,0,0,Teams listed are inferred from match structure in player-stat JSON.
NRL player stats data,Treymain Spry,treymain spry,Treymain Spry,2020,2023,2020 | 2023,Titans,2020-07-10T08:00:00Z,2023-03-12T07:15:00Z,6,0,0,0,0,Teams listed are inferred from match structure in player-stat JSON.
NRL player stats data,Tristan Brady-Smith,tristan brady smith,Tristan Brady-Smith,1998,1998,1998,Storm,1998-07-24T00:00:00Z,1998-08-07T00:00:00Z,3,0,0,0,0,Teams listed are inferred from match structure in player-stat JSON.
NRL player stats data,Tristan Hope,tristan hope,Tristan Hope,2025,2026,2025 | 2026,Wests Tigers,2025-03-07T07:00:00Z,2026-06-07T04:00:00Z,20,0,0,0,0,Teams listed are inferred from match structure in player-stat JSON.
NRL player stats data,Tristan Powell,tristan powell,Tristan Powell,2024,2024,2024,Storm,2024-08-29T09:50:00Z,2024-08-29T09:50:00Z,1,0,0,0,0,Teams listed are inferred from match structure in player-stat JSON.
NRL player stats data,Tristan Sailor,tristan sailor,Tristan Sailor,2019,2024,2019 | 2020 | 2023 | 2024,Broncos | Dragons,2019-08-24T09:35:00Z,2024-09-05T09:50:00Z,26,0,0,0,0,Teams listed are inferred from match structure in player-stat JSON.
NRL player stats data,Triston Reilly,triston reilly,Triston Reilly,2023,2023,2023,Wests Tigers,2023-08-19T05:00:00Z,2023-09-01T08:00:00Z,3,0,0,0,0,Teams listed are inferred from match structure in player-stat JSON.
NRL player stats data,Troy Campbell,troy campbell,Troy Campbell,1998,1998,1998,Chargers,1998-03-14T00:00:00Z,1998-07-04T00:00:00Z,3,0,0,0,0,Teams listed are inferred from match structure in player-stat JSON.
NRL player stats data,Troy Dargan,troy dargan,Troy Dargan,2020,2020,2020,Rabbitohs,2020-05-29T09:55:00Z,2020-06-05T09:55:00Z,2,0,0,0,0,Teams listed are inferred from match structure in player-stat JSON.
NRL player stats data,Troy Fletcher,troy fletcher,Troy Fletcher,1998,2001,1998 | 1999 | 2000 | 2001,Knights,1998-03-15T00:00:00Z,2001-08-25T00:00:00Z,54,0,0,0,0,Teams listed are inferred from match structure in player-stat JSON.
NRL player stats data,Troy Perkins,troy perkins,Troy Perkins,1999,1999,1999,Panthers,1999-03-05T00:00:00Z,1999-07-03T00:00:00Z,6,0,0,0,0,Teams listed are inferred from match structure in player-stat JSON.
NRL player stats data,Troy Pezet,troy pezet,Troy Pezet,1998,1998,1998,Eels,1998-03-21T00:00:00Z,1998-08-08T00:00:00Z,9,0,0,0,0,Teams listed are inferred from match structure in player-stat JSON.
NRL player stats data,Troy Robinson,troy robinson,Troy Robinson,2003,2003,2003,Rabbitohs,2003-07-12T00:00:00Z,2003-07-20T00:00:00Z,2,0,0,0,0,Teams listed are inferred from match structure in player-stat JSON.
NRL player stats data,Troy Slattery,troy slattery,Troy Slattery,1998,1999,1998 | 1999,Rabbitohs,1998-03-13T00:00:00Z,1999-06-06T00:00:00Z,26,0,0,0,0,Teams listed are inferred from match structure in player-stat JSON.
NRL player stats data,Troy Stone,troy stone,Troy Stone,1998,2001,1998 | 1999 | 2000 | 2001,Bulldogs,1998-03-22T00:00:00Z,2001-04-28T00:00:00Z,58,0,0,0,0,Teams listed are inferred from match structure in player-stat JSON.
NRL player stats data,Troy Thompson,troy thompson,Troy Thompson,2001,2011,2001 | 2002 | 2003 | 2004 | 2005 | 2006 | 2007 | 2008 | 2009 | 2010 | 2011,Raiders | Storm,2001-08-26T00:00:00Z,2011-09-04T00:00:00Z,163,0,0,0,0,Teams listed are inferred from match structure in player-stat JSON.
NRL player stats data,Troy Wozniak,troy wozniak,Troy Wozniak,1999,2003,1999 | 2000 | 2002 | 2003,Eels | Tigers | Wests Tigers,1999-04-10T00:00:00Z,2003-05-25T00:00:00Z,38,0,0,0,0,Teams listed are inferred from match structure in player-stat JSON.
NRL player stats data,Tui Kamikamica,tui kamikamica,Tui Kamikamica,2017,2026,2017 | 2018 | 2019 | 2020 | 2021 | 2022 | 2023 | 2024 | 2025 | 2026,Storm,2017-04-01T08:30:00Z,2026-03-28T08:35:00Z,144,0,0,0,0,Teams listed are inferred from match structure in player-stat JSON.
NRL player stats data,Tuimoala Lolohea,tuimoala lolohea,Tuimoala Lolohea,2014,2018,2014 | 2015 | 2016 | 2017 | 2018,Warriors | Wests Tigers,2014-07-27T04:00:00Z,2018-06-10T04:00:00Z,71,0,0,0,0,Teams listed are inferred from match structure in player-stat JSON.
NRL player stats data,Tuipulotu Katoa,tuipulotu katoa,Tuipulotu Katoa,2020,2021,2020 | 2021,Bulldogs,2020-09-26T05:00:00Z,2021-07-03T05:00:00Z,10,0,0,0,0,Teams listed are inferred from match structure in player-stat JSON.
NRL player stats data,Tukimihia Simpkins,tukimihia simpkins,Tukimihia Simpkins,2021,2026,2021 | 2025 | 2026,Titans | Wests Tigers,2021-07-18T06:05:00Z,2026-03-22T07:15:00Z,13,0,0,0,0,Teams listed are inferred from match structure in player-stat JSON.
NRL player stats data,Tuku Hau Tapuha,tuku hau tapuha,Tuku Hau Tapuha,2021,2026,2021 | 2023 | 2024 | 2025 | 2026,Roosters | Sharks,2021-05-07T09:55:00Z,2026-06-13T07:30:00Z,23,0,0,0,0,Teams listed are inferred from match structure in player-stat JSON.
NRL player stats data,Tupou Sopoaga,tupou sopoaga,Tupou Sopoaga,2013,2015,2013 | 2014 | 2015,Panthers | Sharks,2013-09-08T09:00:00Z,2015-09-05T05:00:00Z,21,0,0,0,0,Teams listed are inferred from match structure in player-stat JSON.
NRL player stats data,Ty Williams,ty williams,Ty Williams,2002,2010,2002 | 2003 | 2004 | 2005 | 2006 | 2007 | 2008 | 2009 | 2010,Cowboys,2002-04-06T00:00:00Z,2010-09-04T00:00:00Z,151,0,0,0,0,Teams listed are inferred from match structure in player-stat JSON.
NRL player stats data,Tyler Cornish,tyler cornish,Tyler Cornish,2017,2017,2017,Titans,2017-03-17T09:05:00Z,2017-03-17T09:05:00Z,1,0,0,0,0,Teams listed are inferred from match structure in player-stat JSON.
NRL player stats data,Tyler Randell,tyler randell,Tyler Randell,2014,2017,2014 | 2015 | 2016 | 2017,Knights,2014-08-30T05:00:00Z,2017-06-25T04:00:00Z,44,0,0,0,0,Teams listed are inferred from match structure in player-stat JSON.
NRL player stats data,Tyran Smith,tyran smith,Tyran Smith,1998,2005,1998 | 1999 | 2000 | 2001 | 2002 | 2003 | 2004 | 2005,Raiders | Tigers | Warriors | Wests Tigers,1998-03-13T00:00:00Z,2005-07-17T00:00:00Z,125,0,0,0,0,Teams listed are inferred from match structure in player-stat JSON.
NRL player stats data,Tyran Wishart,tyran wishart,Tyran Wishart,2022,2026,2022 | 2023 | 2024 | 2025 | 2026,Storm,2022-03-12T08:35:00Z,2026-05-01T10:00:00Z,101,0,0,0,0,Teams listed are inferred from match structure in player-stat JSON.
NRL player stats data,Tyrell Fuimaono,tyrell fuimaono,Tyrell Fuimaono,2017,2022,2017 | 2018 | 2019 | 2020 | 2021 | 2022,Dragons | Panthers | Rabbitohs,2017-05-12T09:50:00Z,2022-09-03T07:30:00Z,71,0,0,0,0,Teams listed are inferred from match structure in player-stat JSON.
NRL player stats data,Tyrell Sloan,tyrell sloan,Tyrell Sloan,2021,2026,2021 | 2022 | 2023 | 2024 | 2025 | 2026,Dragons,2021-06-19T07:30:00Z,2026-06-07T06:05:00Z,89,0,0,0,0,Teams listed are inferred from match structure in player-stat JSON.
NRL player stats data,Tyrone Amey,tyrone amey,Tyrone Amey,2017,2017,2017,Knights,2017-09-03T04:00:00Z,2017-09-03T04:00:00Z,1,0,0,0,0,Teams listed are inferred from match structure in player-stat JSON.
NRL player stats data,Tyrone May,tyrone may,Tyrone May,2017,2021,2017 | 2018 | 2020 | 2021,Panthers,2017-07-14T08:00:00Z,2021-10-03T08:30:00Z,56,0,0,0,0,Teams listed are inferred from match structure in player-stat JSON.
NRL player stats data,Tyrone McCarthy,tyrone mccarthy,Tyrone McCarthy,2016,2016,2016,Dragons,2016-07-24T06:00:00Z,2016-08-04T09:50:00Z,2,0,0,0,0,Teams listed are inferred from match structure in player-stat JSON.
NRL player stats data,Tyrone Munro,tyrone munro,Tyrone Munro,2023,2025,2023 | 2024 | 2025,Rabbitohs,2023-06-30T08:00:00Z,2025-09-05T10:00:00Z,21,0,0,0,0,Teams listed are inferred from match structure in player-stat JSON.
NRL player stats data,Tyrone Peachey,tyrone peachey,Tyrone Peachey,2013,2024,2013 | 2014 | 2015 | 2016 | 2017 | 2018 | 2019 | 2020 | 2021 | 2022 | 2023 | 2024,Panthers | Sharks | Titans | Wests Tigers,2013-05-19T04:00:00Z,2024-06-01T07:30:00Z,218,0,0,0,0,Teams listed are inferred from match structure in player-stat JSON.
NRL player stats data,Tyrone Phillips,tyrone phillips,Tyrone Phillips,2015,2018,2015 | 2016 | 2018,Bulldogs | Panthers,2015-05-24T06:00:00Z,2018-07-13T08:00:00Z,15,0,0,0,0,Teams listed are inferred from match structure in player-stat JSON.
NRL player stats data,Tyrone Roberts,tyrone roberts,Tyrone Roberts,2011,2022,2011 | 2012 | 2013 | 2014 | 2015 | 2016 | 2017 | 2019 | 2020 | 2022,Broncos | Knights | Titans,2011-04-17T00:00:00Z,2022-06-17T09:55:00Z,158,0,0,0,0,Teams listed are inferred from match structure in player-stat JSON.
NRL player stats data,Tyrone Thompson,tyrone thompson,Tyrone Thompson,2025,2025,2025,Knights,2025-04-13T06:05:00Z,2025-04-25T08:05:00Z,3,0,0,0,0,Teams listed are inferred from match structure in player-stat JSON.
NRL player stats data,Tyronne Roberts-Davis,tyronne roberts davis,Tyronne Roberts-Davis,2017,2018,2017 | 2018,Titans,2017-03-11T04:00:00Z,2018-04-21T09:35:00Z,7,0,0,0,0,Teams listed are inferred from match structure in player-stat JSON.
NRL player stats data,Tyson Andrews,tyson andrews,Tyson Andrews,2014,2014,2014,Sea Eagles,2014-07-11T09:45:00Z,2014-08-01T09:45:00Z,4,0,0,0,0,Teams listed are inferred from match structure in player-stat JSON.
NRL player stats data,Tyson Frizell,tyson frizell,Tyson Frizell,2011,2026,2011 | 2012 | 2013 | 2014 | 2015 | 2016 | 2017 | 2018 | 2019 | 2020 | 2021 | 2022 | 2023 | 2024 | 2025 | 2026,Dragons | Knights | Sharks,2011-07-29T00:00:00Z,2026-06-05T08:00:00Z,292,0,0,0,0,Teams listed are inferred from match structure in player-stat JSON.
NRL player stats data,Tyson Gamble,tyson gamble,Tyson Gamble,2018,2026,2018 | 2020 | 2021 | 2022 | 2023 | 2024 | 2025 | 2026,Broncos | Knights | Wests Tigers,2018-06-17T06:10:00Z,2026-04-12T06:05:00Z,77,0,0,0,0,Teams listed are inferred from match structure in player-stat JSON.
NRL player stats data,Tyson Smoothy,tyson smoothy,Tyson Smoothy,2021,2025,2021 | 2022 | 2023 | 2024 | 2025,Broncos | Storm,2021-03-11T09:05:00Z,2025-10-05T08:30:00Z,65,0,0,0,0,Teams listed are inferred from match structure in player-stat JSON.
NRL player stats data,Ukuma Ta'ai,ukuma taai,Ukuma Ta'ai,2009,2012,2009 | 2010 | 2011 | 2012,Warriors,2009-03-22T00:00:00Z,2012-09-02T00:00:00Z,52,0,0,0,0,Teams listed are inferred from match structure in player-stat JSON.
NRL player stats data,Va'a Semu,vaa semu,Va'a Semu,2024,2026,2024 | 2025 | 2026,Broncos,2024-07-13T09:35:00Z,2026-06-06T09:35:00Z,10,0,0,0,0,Teams listed are inferred from match structure in player-stat JSON.
NRL player stats data,Vai Toutai,vai toutai,Vai Toutai,2013,2016,2013 | 2014 | 2015 | 2016,Eels,2013-03-14T09:00:00Z,2016-08-21T04:00:00Z,34,0,0,0,0,Teams listed are inferred from match structure in player-stat JSON.
NRL player stats data,Vaipuna Tia Kilifi,vaipuna tia kilifi,Vaipuna Tia Kilifi,2009,2010,2009 | 2010,Bulldogs | Panthers,2009-07-05T00:00:00Z,2010-08-14T00:00:00Z,10,0,0,0,0,Teams listed are inferred from match structure in player-stat JSON.
NRL player stats data,Valentine Holmes,valentine holmes,Valentine Holmes,2014,2026,2014 | 2015 | 2016 | 2017 | 2018 | 2020 | 2021 | 2022 | 2023 | 2024 | 2025 | 2026,Cowboys | Dragons | Sharks,2014-08-02T05:00:00Z,2026-06-07T06:05:00Z,230,0,0,0,0,Teams listed are inferred from match structure in player-stat JSON.
NRL player stats data,Valingi Kepu,valingi kepu,Valingi Kepu,2022,2022,2022,Warriors,2022-04-17T04:00:00Z,2022-04-17T04:00:00Z,1,0,0,0,0,Teams listed are inferred from match structure in player-stat JSON.
NRL player stats data,Valynce Te Whare,valynce te whare,Valynce Te Whare,2023,2023,2023,Dolphins,2023-05-06T07:30:00Z,2023-09-02T05:00:00Z,13,0,0,0,0,Teams listed are inferred from match structure in player-stat JSON.
NRL player stats data,Vena Patuki-Case,vena patuki case,Vena Patuki-Case,2025,2026,2025 | 2026,Raiders,2025-09-07T04:00:00Z,2026-06-13T09:35:00Z,3,0,0,0,0,Teams listed are inferred from match structure in player-stat JSON.
NRL player stats data,Vic Mauro,vic mauro,Vic Mauro,2007,2012,2007 | 2008 | 2009 | 2011 | 2012,Sea Eagles,2007-08-26T00:00:00Z,2012-09-14T00:00:00Z,47,0,0,0,0,Teams listed are inferred from match structure in player-stat JSON.
NRL player stats data,Victor Radley,victor radley,Victor Radley,2017,2026,2017 | 2018 | 2019 | 2020 | 2021 | 2022 | 2023 | 2024 | 2025 | 2026,Roosters,2017-07-21T08:00:00Z,2026-06-05T10:00:00Z,169,0,0,0,0,Teams listed are inferred from match structure in player-stat JSON.
NRL player stats data,Viliame Kikau,viliame kikau,Viliame Kikau,2017,2026,2017 | 2018 | 2019 | 2020 | 2021 | 2022 | 2023 | 2024 | 2025 | 2026,Bulldogs | Panthers,2017-03-12T05:00:00Z,2026-04-24T10:00:00Z,184,0,0,0,0,Teams listed are inferred from match structure in player-stat JSON.
NRL player stats data,Viliami Fifita,viliami fifita,Viliami Fifita,2024,2025,2024 | 2025,Dragons,2024-03-09T08:35:00Z,2025-07-05T07:30:00Z,5,0,0,0,0,Teams listed are inferred from match structure in player-stat JSON.
NRL player stats data,Viliami Vailea,viliami vailea,Viliami Vailea,2021,2026,2021 | 2022 | 2023 | 2024 | 2025 | 2026,Cowboys | Warriors,2021-07-30T08:00:00Z,2026-05-24T06:05:00Z,53,0,0,0,0,Teams listed are inferred from match structure in player-stat JSON.
NRL player stats data,Villiami Penisini,villiami penisini,Villiami Penisini,2021,2024,2021 | 2024,Eels,2021-07-16T08:00:00Z,2024-09-06T08:00:00Z,13,0,0,0,0,Teams listed are inferred from match structure in player-stat JSON.
NRL player stats data,Vince Mellars,vince mellars,Vince Mellars,2003,2006,2003 | 2004 | 2005 | 2006,Roosters | Sharks | Warriors,2003-06-07T00:00:00Z,2006-07-22T00:00:00Z,24,0,0,0,0,Teams listed are inferred from match structure in player-stat JSON.
NRL player stats data,Vincent Leuluai,vincent leuluai,Vincent Leuluai,2016,2017,2016 | 2017,Roosters | Storm,2016-03-06T05:00:00Z,2017-03-26T05:00:00Z,4,0,0,0,0,Teams listed are inferred from match structure in player-stat JSON.
NRL player stats data,Vinnie Anderson,vinnie anderson,Vinnie Anderson,2002,2004,2002 | 2003 | 2004,Warriors,2002-07-07T00:00:00Z,2004-09-05T00:00:00Z,55,0,0,0,0,Teams listed are inferred from match structure in player-stat JSON.
NRL player stats data,Wade Fenton,wade fenton,Wade Fenton,1998,2000,1998 | 2000,Storm,1998-06-07T00:00:00Z,2000-06-04T00:00:00Z,5,0,0,0,0,Teams listed are inferred from match structure in player-stat JSON.
NRL player stats data,Wade Forrester,wade forrester,Wade Forrester,1998,2002,1998 | 1999 | 2001 | 2002,Dragons | Eagles | Sharks,1998-03-22T00:00:00Z,2002-09-08T00:00:00Z,44,0,0,0,0,Teams listed are inferred from match structure in player-stat JSON.
NRL player stats data,Wade Graham,wade graham,Wade Graham,2008,2023,2008 | 2009 | 2010 | 2011 | 2012 | 2013 | 2014 | 2015 | 2016 | 2017 | 2018 | 2019 | 2020 | 2021 | 2022 | 2023,Panthers | Sharks,2008-06-20T00:00:00Z,2023-09-09T09:50:00Z,297,0,0,0,0,Teams listed are inferred from match structure in player-stat JSON.
NRL player stats data,Wade Horder,wade horder,Wade Horder,1998,1999,1998 | 1999,Bears,1998-03-15T00:00:00Z,1999-08-28T00:00:00Z,13,0,0,0,0,Teams listed are inferred from match structure in player-stat JSON.
NRL player stats data,Wade Humphreys,wade humphreys,Wade Humphreys,2002,2002,2002,Roosters,2002-07-07T00:00:00Z,2002-07-13T00:00:00Z,2,0,0,0,0,Teams listed are inferred from match structure in player-stat JSON.
NRL player stats data,Wade L'estrange,wade lestrange,Wade L'estrange,2000,2000,2000,Eels,2000-02-05T00:00:00Z,2000-04-08T00:00:00Z,6,0,0,0,0,Teams listed are inferred from match structure in player-stat JSON.
NRL player stats data,Wade McKinnon,wade mckinnon,Wade Mckinnon | Wade McKinnon,2002,2011,2002 | 2003 | 2004 | 2005 | 2006 | 2007 | 2008 | 2009 | 2010 | 2011,Eels | Rabbitohs | Sea Eagles | Warriors | Wests Tigers,2002-03-15T00:00:00Z,2011-09-03T00:00:00Z,153,0,0,0,0,Teams listed are inferred from match structure in player-stat JSON.
NRL player stats data,Wade Rothery,wade rothery,Wade Rothery,1999,1999,1999,Tigers,1999-05-30T00:00:00Z,1999-07-17T00:00:00Z,7,0,0,0,0,Teams listed are inferred from match structure in player-stat JSON.
NRL player stats data,Wairangi Koopu,wairangi koopu,Wairangi Koopu,1999,2009,1999 | 2001 | 2002 | 2003 | 2004 | 2005 | 2006 | 2007 | 2008 | 2009,Storm | Warriors,1999-04-09T00:00:00Z,2009-09-11T00:00:00Z,171,0,0,0,0,Teams listed are inferred from match structure in player-stat JSON.
NRL player stats data,Waqa Blake,waqa blake,Waqa Blake,2015,2023,2015 | 2016 | 2017 | 2018 | 2019 | 2020 | 2021 | 2022 | 2023,Eels | Panthers,2015-04-06T09:00:00Z,2023-07-28T10:00:00Z,166,0,0,0,0,Teams listed are inferred from match structure in player-stat JSON.
NRL player stats data,Warren Carney,warren carney,Warren Carney,1999,2001,1999 | 2001,Dragons | Wests Tigers,1999-08-06T00:00:00Z,2001-06-23T00:00:00Z,5,0,0,0,0,Teams listed are inferred from match structure in player-stat JSON.
NRL player stats data,Watson Heleta,watson heleta,Watson Heleta,2021,2021,2021,Bulldogs,2021-08-08T03:50:00Z,2021-09-05T06:05:00Z,2,0,0,0,0,Teams listed are inferred from match structure in player-stat JSON.
NRL player stats data,Wayde Egan,wayde egan,Wayde Egan,2018,2026,2018 | 2019 | 2020 | 2021 | 2022 | 2023 | 2024 | 2025 | 2026,Panthers | Warriors,2018-03-29T09:05:00Z,2026-06-13T07:30:00Z,164,0,0,0,0,Teams listed are inferred from match structure in player-stat JSON.
NRL player stats data,Wayne Bartrim,wayne bartrim,Wayne Bartrim,1998,2001,1998 | 1999 | 2000 | 2001,Dragons,1998-03-15T00:00:00Z,2001-09-15T00:00:00Z,91,0,0,0,0,Teams listed are inferred from match structure in player-stat JSON.
NRL player stats data,Wayne Clifford,wayne clifford,Wayne Clifford,1998,1998,1998,Steelers,1998-03-14T00:00:00Z,1998-08-09T00:00:00Z,12,0,0,0,0,Teams listed are inferred from match structure in player-stat JSON.
NRL player stats data,Wayne Evans,wayne evans,Wayne Evans,1998,2001,1998 | 1999 | 2000 | 2001,Eagles | Storm,1998-04-03T00:00:00Z,2001-09-01T00:00:00Z,57,0,0,0,0,Teams listed are inferred from match structure in player-stat JSON.
NRL player stats data,Wayne Richards,wayne richards,Wayne Richards,1998,1999,1998 | 1999,Knights | Rabbitohs,1998-03-15T00:00:00Z,1999-08-29T00:00:00Z,28,0,0,0,0,Teams listed are inferred from match structure in player-stat JSON.
NRL player stats data,Wayne Simonds,wayne simonds,Wayne Simonds,1998,1998,1998,Rams,1998-03-13T00:00:00Z,1998-06-20T00:00:00Z,10,0,0,0,0,Teams listed are inferred from match structure in player-stat JSON.
NRL player stats data,Wayne Ulugia,wayne ulugia,Wayne Ulugia,2013,2013,2013,Cowboys,2013-08-24T09:30:00Z,2013-09-14T06:00:00Z,4,0,0,0,0,Teams listed are inferred from match structure in player-stat JSON.
NRL player stats data,Weller Hauraki,weller hauraki,Weller Hauraki,2007,2009,2007 | 2008 | 2009,Eels,2007-05-28T00:00:00Z,2009-05-17T00:00:00Z,32,0,0,0,0,Teams listed are inferred from match structure in player-stat JSON.
NRL player stats data,Wendell Sailor,wendell sailor,Wendell Sailor,1998,2009,1998 | 1999 | 2000 | 2001 | 2008 | 2009,Broncos | Dragons,1998-03-28T00:00:00Z,2009-09-19T00:00:00Z,136,0,0,0,0,Teams listed are inferred from match structure in player-stat JSON.
NRL player stats data,Wes Doyle,wes doyle,Wes Doyle,1999,1999,1999,Sea Eagles,1999-03-21T00:00:00Z,1999-03-28T00:00:00Z,2,0,0,0,0,Teams listed are inferred from match structure in player-stat JSON.
NRL player stats data,Wes Naiqama,wes naiqama,Wes Naiqama,2005,2013,2005 | 2006 | 2007 | 2008 | 2009 | 2010 | 2011 | 2012 | 2013,Dragons | Knights | Panthers,2005-04-02T00:00:00Z,2013-07-21T04:00:00Z,121,0,0,0,0,Teams listed are inferred from match structure in player-stat JSON.
NRL player stats data,Wes Patten,wes patten,Wes Patten,1998,2000,1998 | 1999 | 2000,Chargers | Dragons | Rabbitohs,1998-03-14T00:00:00Z,2000-07-29T00:00:00Z,40,0,0,0,0,Teams listed are inferred from match structure in player-stat JSON.
NRL player stats data,Wes Tillott,wes tillott,Wes Tillott,1999,2004,1999 | 2004,Bears | Rabbitohs,1999-03-28T00:00:00Z,2004-08-28T00:00:00Z,16,0,0,0,0,Teams listed are inferred from match structure in player-stat JSON.
NRL player stats data,Wesley Maas,wesley maas,Wesley Maas,2002,2002,2002,Rabbitohs,2002-05-03T00:00:00Z,2002-05-12T00:00:00Z,2,0,0,0,0,Teams listed are inferred from match structure in player-stat JSON.
NRL player stats data,Will Chambers,will chambers,Will Chambers,2007,2021,2007 | 2008 | 2009 | 2012 | 2013 | 2014 | 2015 | 2016 | 2017 | 2018 | 2019 | 2021,Sharks | Storm,2007-05-19T00:00:00Z,2021-08-07T05:00:00Z,224,0,0,0,0,Teams listed are inferred from match structure in player-stat JSON.
NRL player stats data,Will Hopoate,will hopoate,Will Hopoate,2010,2021,2010 | 2011 | 2014 | 2015 | 2016 | 2017 | 2018 | 2019 | 2020 | 2021,Bulldogs | Eels | Sea Eagles,2010-06-06T00:00:00Z,2021-09-05T06:05:00Z,184,0,0,0,0,Teams listed are inferred from match structure in player-stat JSON.
NRL player stats data,Will Matthews,will matthews,Will Matthews,2008,2019,2008 | 2009 | 2010 | 2011 | 2012 | 2013 | 2014 | 2015 | 2016 | 2017 | 2018 | 2019,Dragons | Titans,2008-06-28T00:00:00Z,2019-07-12T08:00:00Z,111,0,0,0,0,Teams listed are inferred from match structure in player-stat JSON.
NRL player stats data,Will Pearsall,will pearsall,Will Pearsall,2016,2016,2016,Knights,2016-04-10T06:00:00Z,2016-08-20T05:00:00Z,3,0,0,0,0,Teams listed are inferred from match structure in player-stat JSON.
NRL player stats data,Will Penisini,will penisini,Will Penisini,2021,2026,2021 | 2022 | 2023 | 2024 | 2025 | 2026,Eels,2021-05-29T07:30:00Z,2026-05-02T07:30:00Z,95,0,0,0,0,Teams listed are inferred from match structure in player-stat JSON.
NRL player stats data,Will Pryce,will pryce,Will Pryce,2024,2024,2024,Knights,2024-06-29T07:30:00Z,2024-09-01T04:00:00Z,5,0,0,0,0,Teams listed are inferred from match structure in player-stat JSON.
NRL player stats data,Will Robinson,will robinson,Will Robinson,1998,1998,1998,Steelers,1998-03-14T00:00:00Z,1998-08-23T00:00:00Z,24,0,0,0,0,Teams listed are inferred from match structure in player-stat JSON.
NRL player stats data,Will Smith,will smith,Will Smith,2014,2023,2014 | 2015 | 2016 | 2017 | 2018 | 2019 | 2020 | 2021 | 2022 | 2023,Eels | Panthers | Titans | Wests Tigers,2014-08-01T09:45:00Z,2023-08-26T07:30:00Z,92,0,0,0,0,Teams listed are inferred from match structure in player-stat JSON.
NRL player stats data,Will Tupou,will tupou,Will Tupou,2010,2011,2010 | 2011,Cowboys,2010-04-03T18:31:00Z,2011-08-05T00:00:00Z,21,0,0,0,0,Teams listed are inferred from match structure in player-stat JSON.
NRL player stats data,Will Warbrick,will warbrick,Will Warbrick,2023,2026,2023 | 2024 | 2025 | 2026,Storm,2023-03-02T09:00:00Z,2026-06-05T08:00:00Z,72,0,0,0,0,Teams listed are inferred from match structure in player-stat JSON.
NRL player stats data,William Isa,william isa,William Isa,2008,2010,2008 | 2009 | 2010,Panthers | Storm,2008-09-06T00:00:00Z,2010-08-29T00:00:00Z,6,0,0,0,0,Teams listed are inferred from match structure in player-stat JSON.
NRL player stats data,William Kennedy,william kennedy,William Kennedy,1998,2026,1998 | 2019 | 2020 | 2021 | 2022 | 2023 | 2024 | 2025 | 2026,Sharks | Tigers,1998-03-14T00:00:00Z,2026-06-13T07:30:00Z,165,0,0,0,0,Teams listed are inferred from match structure in player-stat JSON.
NRL player stats data,William Zillman,william zillman,William Zillman,2006,2017,2006 | 2007 | 2008 | 2009 | 2010 | 2011 | 2012 | 2013 | 2014 | 2015 | 2016 | 2017,Raiders | Sea Eagles | Titans,2006-03-19T00:00:00Z,2017-09-02T05:00:00Z,180,0,0,0,0,Teams listed are inferred from match structure in player-stat JSON.
NRL player stats data,Willie Brown,willie brown,Willie Brown,2007,2007,2007,Roosters,2007-04-06T00:00:00Z,2007-04-16T00:00:00Z,2,0,0,0,0,Teams listed are inferred from match structure in player-stat JSON.
NRL player stats data,Willie Leyshon,willie leyshon,Willie Leyshon,1998,2003,1998 | 1999 | 2000 | 2001 | 2002 | 2003,Bears | Eagles | Eels | Storm,1998-03-15T00:00:00Z,2003-06-21T00:00:00Z,64,0,0,0,0,Teams listed are inferred from match structure in player-stat JSON.
NRL player stats data,Willie Manu,willie manu,Willie Manu,2001,2015,2001 | 2002 | 2003 | 2004 | 2005 | 2015,Dragons | Rabbitohs | Roosters | Wests Tigers,2001-05-19T00:00:00Z,2015-06-13T08:00:00Z,87,0,0,0,0,Teams listed are inferred from match structure in player-stat JSON.
NRL player stats data,Willie Mason,willie mason,Willie Mason,2000,2015,2000 | 2001 | 2002 | 2003 | 2004 | 2005 | 2006 | 2007 | 2008 | 2009 | 2010 | 2012 | 2013 | 2014 | 2015,Bulldogs | Cowboys | Knights | Roosters | Sea Eagles,2000-04-30T00:00:00Z,2015-08-28T09:45:00Z,292,0,0,0,0,Teams listed are inferred from match structure in player-stat JSON.
NRL player stats data,Willie Mataka,willie mataka,Willie Mataka,2009,2011,2009 | 2010 | 2011,Roosters | Wests Tigers,2009-05-17T00:00:00Z,2011-06-13T00:00:00Z,8,0,0,0,0,Teams listed are inferred from match structure in player-stat JSON.
NRL player stats data,Willie McLean,willie mclean,Willie McLean,1999,1999,1999,Bears,1999-04-24T00:00:00Z,1999-05-23T00:00:00Z,4,0,0,0,0,Teams listed are inferred from match structure in player-stat JSON.
NRL player stats data,Willie Peters,willie peters,Willie Peters,1998,2004,1998 | 2001 | 2002 | 2003 | 2004,Dragons | Rabbitohs,1998-03-13T00:00:00Z,2004-05-23T00:00:00Z,73,0,0,0,0,Teams listed are inferred from match structure in player-stat JSON.
NRL player stats data,Willie Poching,willie poching,Willie Poching,1998,1998,1998,Dragons,1998-04-11T00:00:00Z,1998-05-30T00:00:00Z,4,0,0,0,0,Teams listed are inferred from match structure in player-stat JSON.
NRL player stats data,Willie Raston,willie raston,Willie Raston,2006,2006,2006,Raiders,2006-03-11T00:00:00Z,2006-03-26T00:00:00Z,3,0,0,0,0,Teams listed are inferred from match structure in player-stat JSON.
NRL player stats data,Willie Talau,willie talau,Willie Talau,1998,2003,1998 | 1999 | 2000 | 2001 | 2002 | 2003,Bulldogs,1998-07-04T00:00:00Z,2003-04-26T00:00:00Z,101,0,0,0,0,Teams listed are inferred from match structure in player-stat JSON.
NRL player stats data,Willie Tonga,willie tonga,Willie Tonga,2002,2014,2002 | 2003 | 2004 | 2005 | 2006 | 2007 | 2008 | 2009 | 2010 | 2011 | 2012 | 2013 | 2014,Bulldogs | Cowboys | Eels,2002-06-21T00:00:00Z,2014-07-18T09:40:00Z,181,0,0,0,0,Teams listed are inferred from match structure in player-stat JSON.
NRL player stats data,Willis Meehan,willis meehan,Willis Meehan,2014,2014,2014,Roosters,2014-06-14T09:30:00Z,2014-06-14T09:30:00Z,1,0,0,0,0,Teams listed are inferred from match structure in player-stat JSON.
NRL player stats data,Wilson De Courcey,wilson de courcey,Wilson De Courcey,2026,2026,2026,Knights,2026-03-28T04:00:00Z,2026-04-12T06:05:00Z,3,0,0,0,0,Teams listed are inferred from match structure in player-stat JSON.
NRL player stats data,Wiremu Greig,wiremu greig,Wiremu Greig,2021,2026,2021 | 2022 | 2023 | 2024 | 2026,Cowboys | Eels,2021-04-17T09:35:00Z,2026-06-06T07:30:00Z,37,0,0,0,0,Teams listed are inferred from match structure in player-stat JSON.
NRL player stats data,Wise Kativerata,wise kativerata,Wise Kativerata,2001,2004,2001 | 2002 | 2003 | 2004,Dragons | Eels | Rabbitohs,2001-05-20T00:00:00Z,2004-03-21T00:00:00Z,16,0,0,0,0,Teams listed are inferred from match structure in player-stat JSON.
NRL player stats data,Xavier Coates,xavier coates,Xavier Coates,2019,2025,2019 | 2020 | 2021 | 2022 | 2023 | 2024 | 2025,Broncos | Storm,2019-07-07T06:05:00Z,2025-10-05T08:30:00Z,110,0,0,0,0,Teams listed are inferred from match structure in player-stat JSON.
NRL player stats data,Xavier Kerrisk,xavier kerrisk,Xavier Kerrisk,2026,2026,2026,Cowboys,2026-05-16T07:30:00Z,2026-05-31T06:05:00Z,3,0,0,0,0,Teams listed are inferred from match structure in player-stat JSON.
NRL player stats data,Xavier Savage,xavier savage,Xavier Savage,2021,2026,2021 | 2022 | 2023 | 2024 | 2025 | 2026,Raiders,2021-06-19T07:30:00Z,2026-06-13T09:35:00Z,83,0,0,0,0,Teams listed are inferred from match structure in player-stat JSON.
NRL player stats data,Xavier Va'a,xavier vaa,Xavier Va'a,2025,2025,2025,Roosters,2025-05-24T09:35:00Z,2025-05-24T09:35:00Z,1,0,0,0,0,Teams listed are inferred from match structure in player-stat JSON.
NRL player stats data,Xavier Willison,xavier willison,Xavier Willison,2021,2026,2021 | 2022 | 2023 | 2024 | 2025 | 2026,Broncos,2021-07-30T10:05:00Z,2026-06-11T09:50:00Z,67,0,0,0,0,Teams listed are inferred from match structure in player-stat JSON.
NRL player stats data,Yileen Gordon,yileen gordon,Yileen Gordon,2005,2011,2005 | 2006 | 2007 | 2008 | 2009 | 2010 | 2011,Bulldogs | Panthers | Rabbitohs,2005-06-04T00:00:00Z,2011-05-21T00:00:00Z,71,0,0,0,0,Teams listed are inferred from match structure in player-stat JSON.
NRL player stats data,Young Tonumaipea,young tonumaipea,Young Tonumaipea,2014,2024,2014 | 2015 | 2016 | 2017 | 2018 | 2020 | 2022 | 2023 | 2024,Storm | Titans,2014-03-08T08:00:00Z,2024-08-29T09:50:00Z,70,0,0,0,0,Teams listed are inferred from match structure in player-stat JSON.
NRL player stats data,Zac Cini,zac cini,Zac Cini,2021,2021,2021,Wests Tigers,2021-05-02T06:05:00Z,2021-09-05T06:05:00Z,8,0,0,0,0,Teams listed are inferred from match structure in player-stat JSON.
NRL player stats data,Zac Fulton,zac fulton,Zac Fulton,2022,2022,2022,Sea Eagles,2022-07-28T09:50:00Z,2022-09-02T08:00:00Z,2,0,0,0,0,Teams listed are inferred from match structure in player-stat JSON.
NRL player stats data,Zac Hosking,zac hosking,Zac Hosking,2022,2026,2022 | 2023 | 2024 | 2025 | 2026,Broncos | Panthers | Raiders,2022-07-10T06:05:00Z,2026-06-13T09:35:00Z,67,0,0,0,0,Teams listed are inferred from match structure in player-stat JSON.
NRL player stats data,Zac Laybutt,zac laybutt,Zac Laybutt,2023,2026,2023 | 2024 | 2025 | 2026,Cowboys,2023-04-02T08:15:00Z,2026-06-06T07:30:00Z,39,0,0,0,0,Teams listed are inferred from match structure in player-stat JSON.
NRL player stats data,Zac Lipowicz,zac lipowicz,Zac Lipowicz,2025,2025,2025,Panthers,2025-08-28T09:50:00Z,2025-08-28T09:50:00Z,1,0,0,0,0,Teams listed are inferred from match structure in player-stat JSON.
NRL player stats data,Zac Lomax,zac lomax,Zac Lomax,2018,2025,2018 | 2019 | 2020 | 2021 | 2022 | 2023 | 2024 | 2025,Dragons | Eels,2018-05-13T04:00:00Z,2025-09-07T06:05:00Z,134,0,0,0,0,Teams listed are inferred from match structure in player-stat JSON.
NRL player stats data,Zac Saddler,zac saddler,Zac Saddler,2021,2021,2021,Sea Eagles,2021-04-09T08:00:00Z,2021-05-30T06:05:00Z,5,0,0,0,0,Teams listed are inferred from match structure in player-stat JSON.
NRL player stats data,Zac Santo,zac santo,Zac Santo,2014,2017,2014 | 2016 | 2017,Cowboys | Raiders,2014-07-05T07:30:00Z,2017-03-04T08:00:00Z,3,0,0,0,0,Teams listed are inferred from match structure in player-stat JSON.
NRL player stats data,Zac Woolford,zac woolford,Zac Woolford,2022,2024,2022 | 2023 | 2024,Raiders,2022-05-15T03:50:00Z,2024-06-23T06:05:00Z,39,0,0,0,0,Teams listed are inferred from match structure in player-stat JSON.
NRL player stats data,Zach Dockar-Clay,zach dockar clay,Zach Dockar-Clay,2022,2026,2022 | 2023 | 2024 | 2025 | 2026,Bulldogs | Roosters | Sea Eagles,2022-05-20T08:00:00Z,2026-05-16T05:00:00Z,46,0,0,0,0,Teams listed are inferred from match structure in player-stat JSON.
NRL player stats data,Zak Hardaker,zak hardaker,Zak Hardaker,2016,2016,2016,Panthers,2016-07-02T07:30:00Z,2016-09-17T09:45:00Z,12,0,0,0,0,Teams listed are inferred from match structure in player-stat JSON.
NRL player stats data,Zane Bijorac,zane bijorac,Zane Bijorac,2022,2022,2022,Rabbitohs,2022-07-30T07:30:00Z,2022-07-30T07:30:00Z,1,0,0,0,0,Teams listed are inferred from match structure in player-stat JSON.
NRL player stats data,Zane Clark,zane clark,Zane Clark,1998,1998,1998,Warriors,1998-03-13T00:00:00Z,1998-08-23T00:00:00Z,5,0,0,0,0,Teams listed are inferred from match structure in player-stat JSON.
NRL player stats data,Zane Harrison,zane harrison,Zane Harrison,2026,2026,2026,Titans,2026-03-07T06:30:00Z,2026-06-14T06:05:00Z,8,0,0,0,0,Teams listed are inferred from match structure in player-stat JSON.
NRL player stats data,Zane Musgrove,zane musgrove,Zane Musgrove,2016,2023,2016 | 2017 | 2020 | 2021 | 2022 | 2023,Dragons | Rabbitohs | Wests Tigers,2016-03-06T05:00:00Z,2023-08-25T08:00:00Z,75,0,0,0,0,Teams listed are inferred from match structure in player-stat JSON.
NRL player stats data,Zane Tetevano,zane tetevano,Zane Tetevano,2011,2020,2011 | 2012 | 2013 | 2014 | 2017 | 2018 | 2019 | 2020,Knights | Panthers | Roosters,2011-07-23T00:00:00Z,2020-10-25T08:30:00Z,121,0,0,0,0,Teams listed are inferred from match structure in player-stat JSON.
NRL player stats data,Zeb Taia,zeb taia,Zeb Taia,2006,2016,2006 | 2007 | 2008 | 2009 | 2010 | 2011 | 2012 | 2016,Eels | Knights | Titans,2006-04-09T00:00:00Z,2016-09-03T07:30:00Z,131,0,0,0,0,Teams listed are inferred from match structure in player-stat JSON.
NRL player stats data,Zyon Maiu'u,zyon maiuu,Zyon Maiu'u,2024,2024,2024,Warriors,2024-04-19T08:00:00Z,2024-05-26T06:05:00Z,4,0,0,0,0,Teams listed are inferred from match structure in player-stat JSON.