scope,season,stat_key,stat_name,anomaly_type,match_label,round_label,entity_label,raw_value,parsed_value,expected_range,notes
team,1998,time_in_possession,Time In Possession,time_in_possession_out_of_range,Bears v Bulldogs,27,away,63,63,stat-specific sanity range,
team,1998,time_in_possession,Time In Possession,time_in_possession_out_of_range,Bears v Bulldogs,27,home,79,79,stat-specific sanity range,
team,1998,time_in_possession,Time In Possession,time_in_possession_out_of_range,Bears v Dragons,3,home,69,69,stat-specific sanity range,
team,1998,time_in_possession,Time In Possession,time_in_possession_out_of_range,Bears v Knights,1,home,60,60,stat-specific sanity range,
team,1998,time_in_possession,Time In Possession,time_in_possession_out_of_range,Bears v Magpies,17,away,64,64,stat-specific sanity range,
team,1998,time_in_possession,Time In Possession,time_in_possession_out_of_range,Bears v Magpies,17,home,67,67,stat-specific sanity range,
team,1998,time_in_possession,Time In Possession,time_in_possession_out_of_range,Bears v Panthers,16,away,183,3.05,stat-specific sanity range,
team,1998,time_in_possession,Time In Possession,time_in_possession_out_of_range,Bears v Panthers,16,home,182,3.033333333333333,stat-specific sanity range,
team,1998,time_in_possession,Time In Possession,time_in_possession_out_of_range,Bears v Rabbitohs,5,away,97,97,stat-specific sanity range,
team,1998,time_in_possession,Time In Possession,time_in_possession_out_of_range,Bears v Raiders,14,away,66,66,stat-specific sanity range,
team,1998,time_in_possession,Time In Possession,time_in_possession_out_of_range,Bears v Roosters,11,away,82,82,stat-specific sanity range,
team,1998,time_in_possession,Time In Possession,time_in_possession_out_of_range,Bears v Roosters,11,home,71,71,stat-specific sanity range,
team,1998,time_in_possession,Time In Possession,time_in_possession_out_of_range,Bears v Sea Eagles,8,home,60,60,stat-specific sanity range,
team,1998,time_in_possession,Time In Possession,time_in_possession_out_of_range,Bears v Storm,19,away,77,77,stat-specific sanity range,
team,1998,time_in_possession,Time In Possession,time_in_possession_out_of_range,Bears v Storm,19,home,115,1.9166666666666667,stat-specific sanity range,
team,1998,time_in_possession,Time In Possession,time_in_possession_out_of_range,Bears v Tigers,22,away,210,3.5,stat-specific sanity range,
team,1998,time_in_possession,Time In Possession,time_in_possession_out_of_range,Bears v Tigers,22,home,201,3.35,stat-specific sanity range,
team,1998,time_in_possession,Time In Possession,time_in_possession_out_of_range,Broncos v Bears,7,away,61,61,stat-specific sanity range,
team,1998,time_in_possession,Time In Possession,time_in_possession_out_of_range,Broncos v Bears,7,home,62,62,stat-specific sanity range,
team,1998,time_in_possession,Time In Possession,time_in_possession_out_of_range,Broncos v Bulldogs,11,away,58,58,stat-specific sanity range,
team,1998,time_in_possession,Time In Possession,time_in_possession_out_of_range,Broncos v Bulldogs,11,home,89,89,stat-specific sanity range,
team,1998,time_in_possession,Time In Possession,time_in_possession_out_of_range,Broncos v Eels,13,away,64,64,stat-specific sanity range,
team,1998,time_in_possession,Time In Possession,time_in_possession_out_of_range,Broncos v Eels,28,away,106,1.7666666666666666,stat-specific sanity range,
team,1998,time_in_possession,Time In Possession,time_in_possession_out_of_range,Broncos v Eels,13,home,88,88,stat-specific sanity range,
team,1998,time_in_possession,Time In Possession,time_in_possession_out_of_range,Broncos v Eels,28,home,68,68,stat-specific sanity range,
team,1998,time_in_possession,Time In Possession,time_in_possession_out_of_range,Broncos v Magpies,15,home,75,75,stat-specific sanity range,
team,1998,time_in_possession,Time In Possession,time_in_possession_out_of_range,Broncos v Panthers,3,away,55,55,stat-specific sanity range,
team,1998,time_in_possession,Time In Possession,time_in_possession_out_of_range,Broncos v Panthers,3,home,85,85,stat-specific sanity range,
team,1998,time_in_possession,Time In Possession,time_in_possession_out_of_range,Broncos v Rams,21,away,75,75,stat-specific sanity range,
team,1998,time_in_possession,Time In Possession,time_in_possession_out_of_range,Broncos v Rams,21,home,225,3.75,stat-specific sanity range,
team,1998,time_in_possession,Time In Possession,time_in_possession_out_of_range,Broncos v Roosters,9,away,63,63,stat-specific sanity range,
team,1998,time_in_possession,Time In Possession,time_in_possession_out_of_range,Broncos v Roosters,30,away,70,70,stat-specific sanity range,
team,1998,time_in_possession,Time In Possession,time_in_possession_out_of_range,Broncos v Roosters,30,home,86,86,stat-specific sanity range,
team,1998,time_in_possession,Time In Possession,time_in_possession_out_of_range,Broncos v Sea Eagles,1,home,85,85,stat-specific sanity range,
team,1998,time_in_possession,Time In Possession,time_in_possession_out_of_range,Broncos v Storm,17,away,122,2.033333333333333,stat-specific sanity range,
team,1998,time_in_possession,Time In Possession,time_in_possession_out_of_range,Broncos v Storm,29,away,116,1.9333333333333333,stat-specific sanity range,
team,1998,time_in_possession,Time In Possession,time_in_possession_out_of_range,Broncos v Storm,17,home,116,1.9333333333333333,stat-specific sanity range,
team,1998,time_in_possession,Time In Possession,time_in_possession_out_of_range,Broncos v Storm,29,home,51,51,stat-specific sanity range,
team,1998,time_in_possession,Time In Possession,time_in_possession_out_of_range,Broncos v Warriors,23,away,64,64,stat-specific sanity range,
team,1998,time_in_possession,Time In Possession,time_in_possession_out_of_range,Broncos v Warriors,23,home,213,3.55,stat-specific sanity range,
team,1998,time_in_possession,Time In Possession,time_in_possession_out_of_range,Bulldogs v Bears,13,home,60,60,stat-specific sanity range,
team,1998,time_in_possession,Time In Possession,time_in_possession_out_of_range,Bulldogs v Broncos,2,away,88,88,stat-specific sanity range,
team,1998,time_in_possession,Time In Possession,time_in_possession_out_of_range,Bulldogs v Broncos,2,home,55,55,stat-specific sanity range,
team,1998,time_in_possession,Time In Possession,time_in_possession_out_of_range,Bulldogs v Eels,19,away,260,4.333333333333333,stat-specific sanity range,
team,1998,time_in_possession,Time In Possession,time_in_possession_out_of_range,Bulldogs v Eels,30,away,111,1.85,stat-specific sanity range,
team,1998,time_in_possession,Time In Possession,time_in_possession_out_of_range,Bulldogs v Eels,19,home,197,3.283333333333333,stat-specific sanity range,
team,1998,time_in_possession,Time In Possession,time_in_possession_out_of_range,Bulldogs v Eels,30,home,119,1.9833333333333334,stat-specific sanity range,
team,1998,time_in_possession,Time In Possession,time_in_possession_out_of_range,Bulldogs v Knights,29,away,244,4.066666666666666,stat-specific sanity range,
team,1998,time_in_possession,Time In Possession,time_in_possession_out_of_range,Bulldogs v Knights,29,home,262,4.366666666666666,stat-specific sanity range,
team,1998,time_in_possession,Time In Possession,time_in_possession_out_of_range,Bulldogs v Magpies,21,away,91,91,stat-specific sanity range,
team,1998,time_in_possession,Time In Possession,time_in_possession_out_of_range,Bulldogs v Raiders,1,away,67,67,stat-specific sanity range,
team,1998,time_in_possession,Time In Possession,time_in_possession_out_of_range,Bulldogs v Rams,8,home,54,54,stat-specific sanity range,
team,1998,time_in_possession,Time In Possession,time_in_possession_out_of_range,Bulldogs v Roosters,15,away,70,70,stat-specific sanity range,
team,1998,time_in_possession,Time In Possession,time_in_possession_out_of_range,Bulldogs v Roosters,15,home,55,55,stat-specific sanity range,
team,1998,time_in_possession,Time In Possession,time_in_possession_out_of_range,Bulldogs v Sea Eagles,12,away,65,65,stat-specific sanity range,
team,1998,time_in_possession,Time In Possession,time_in_possession_out_of_range,Bulldogs v Sea Eagles,12,home,67,67,stat-specific sanity range,
team,1998,time_in_possession,Time In Possession,time_in_possession_out_of_range,Bulldogs v Storm,23,away,182,3.033333333333333,stat-specific sanity range,
team,1998,time_in_possession,Time In Possession,time_in_possession_out_of_range,Bulldogs v Storm,23,home,66,66,stat-specific sanity range,
team,1998,time_in_possession,Time In Possession,time_in_possession_out_of_range,Bulldogs v Tigers,4,away,55,55,stat-specific sanity range,
team,1998,time_in_possession,Time In Possession,time_in_possession_out_of_range,Bulldogs v Tigers,4,home,94,94,stat-specific sanity range,
team,1998,time_in_possession,Time In Possession,time_in_possession_out_of_range,Bulldogs v Warriors,10,away,78,78,stat-specific sanity range,
team,1998,time_in_possession,Time In Possession,time_in_possession_out_of_range,Bulldogs v Warriors,10,home,130,2.1666666666666665,stat-specific sanity range,
team,1998,time_in_possession,Time In Possession,time_in_possession_out_of_range,Cowboys v Broncos,22,away,91,91,stat-specific sanity range,
team,1998,time_in_possession,Time In Possession,time_in_possession_out_of_range,Cowboys v Broncos,22,home,108,1.8,stat-specific sanity range,
team,1998,time_in_possession,Time In Possession,time_in_possession_out_of_range,Cowboys v Bulldogs,9,away,204,3.4,stat-specific sanity range,
team,1998,time_in_possession,Time In Possession,time_in_possession_out_of_range,Cowboys v Bulldogs,9,home,187,3.1166666666666667,stat-specific sanity range,
team,1998,time_in_possession,Time In Possession,time_in_possession_out_of_range,Cowboys v Eels,11,away,72,72,stat-specific sanity range,
team,1998,time_in_possession,Time In Possession,time_in_possession_out_of_range,Cowboys v Eels,11,home,99,99,stat-specific sanity range,
team,1998,time_in_possession,Time In Possession,time_in_possession_out_of_range,Cowboys v Knights,6,away,102,1.7,stat-specific sanity range,
team,1998,time_in_possession,Time In Possession,time_in_possession_out_of_range,Cowboys v Raiders,4,away,61,61,stat-specific sanity range,
team,1998,time_in_possession,Time In Possession,time_in_possession_out_of_range,Cowboys v Raiders,4,home,81,81,stat-specific sanity range,
team,1998,time_in_possession,Time In Possession,time_in_possession_out_of_range,Cowboys v Rams,19,away,104,1.7333333333333334,stat-specific sanity range,
team,1998,time_in_possession,Time In Possession,time_in_possession_out_of_range,Cowboys v Roosters,7,away,172,2.8666666666666667,stat-specific sanity range,
team,1998,time_in_possession,Time In Possession,time_in_possession_out_of_range,Cowboys v Roosters,7,home,153,2.55,stat-specific sanity range,
team,1998,time_in_possession,Time In Possession,time_in_possession_out_of_range,Cowboys v Storm,15,home,55,55,stat-specific sanity range,
team,1998,time_in_possession,Time In Possession,time_in_possession_out_of_range,Cowboys v Tigers,2,home,64,64,stat-specific sanity range,
team,1998,time_in_possession,Time In Possession,time_in_possession_out_of_range,Dragons v Bears,18,away,55,55,stat-specific sanity range,
team,1998,time_in_possession,Time In Possession,time_in_possession_out_of_range,Dragons v Bears,18,home,140,2.3333333333333335,stat-specific sanity range,
team,1998,time_in_possession,Time In Possession,time_in_possession_out_of_range,Dragons v Broncos,16,away,132,2.2,stat-specific sanity range,
team,1998,time_in_possession,Time In Possession,time_in_possession_out_of_range,Dragons v Broncos,16,home,89,89,stat-specific sanity range,
team,1998,time_in_possession,Time In Possession,time_in_possession_out_of_range,Dragons v Bulldogs,22,away,198,3.3,stat-specific sanity range,
team,1998,time_in_possession,Time In Possession,time_in_possession_out_of_range,Dragons v Bulldogs,25,away,81,81,stat-specific sanity range,
team,1998,time_in_possession,Time In Possession,time_in_possession_out_of_range,Dragons v Bulldogs,22,home,182,3.033333333333333,stat-specific sanity range,
team,1998,time_in_possession,Time In Possession,time_in_possession_out_of_range,Dragons v Bulldogs,25,home,75,75,stat-specific sanity range,
team,1998,time_in_possession,Time In Possession,time_in_possession_out_of_range,Dragons v Cowboys,14,away,205,3.4166666666666665,stat-specific sanity range,
team,1998,time_in_possession,Time In Possession,time_in_possession_out_of_range,Dragons v Cowboys,14,home,202,3.3666666666666667,stat-specific sanity range,
team,1998,time_in_possession,Time In Possession,time_in_possession_out_of_range,Dragons v Eels,24,away,152,2.533333333333333,stat-specific sanity range,
team,1998,time_in_possession,Time In Possession,time_in_possession_out_of_range,Dragons v Eels,24,home,84,84,stat-specific sanity range,
team,1998,time_in_possession,Time In Possession,time_in_possession_out_of_range,Dragons v Magpies,1,home,87,87,stat-specific sanity range,
team,1998,time_in_possession,Time In Possession,time_in_possession_out_of_range,Dragons v Rabbitohs,8,away,70,70,stat-specific sanity range,
team,1998,time_in_possession,Time In Possession,time_in_possession_out_of_range,Dragons v Roosters,20,away,75,75,stat-specific sanity range,
team,1998,time_in_possession,Time In Possession,time_in_possession_out_of_range,Dragons v Roosters,20,home,65,65,stat-specific sanity range,
team,1998,time_in_possession,Time In Possession,time_in_possession_out_of_range,Dragons v Tigers,12,away,161,2.683333333333333,stat-specific sanity range,
team,1998,time_in_possession,Time In Possession,time_in_possession_out_of_range,Dragons v Tigers,12,home,206,3.433333333333333,stat-specific sanity range,
team,1998,time_in_possession,Time In Possession,time_in_possession_out_of_range,Eels v Bears,15,away,171,2.85,stat-specific sanity range,
team,1998,time_in_possession,Time In Possession,time_in_possession_out_of_range,Eels v Bears,26,away,75,75,stat-specific sanity range,
team,1998,time_in_possession,Time In Possession,time_in_possession_out_of_range,Eels v Bears,15,home,212,3.533333333333333,stat-specific sanity range,
team,1998,time_in_possession,Time In Possession,time_in_possession_out_of_range,Eels v Bears,26,home,74,74,stat-specific sanity range,
team,1998,time_in_possession,Time In Possession,time_in_possession_out_of_range,Eels v Bulldogs,5,away,169,2.816666666666667,stat-specific sanity range,
team,1998,time_in_possession,Time In Possession,time_in_possession_out_of_range,Eels v Bulldogs,5,home,175,2.9166666666666665,stat-specific sanity range,
team,1998,time_in_possession,Time In Possession,time_in_possession_out_of_range,Eels v Cowboys,3,home,57,57,stat-specific sanity range,
team,1998,time_in_possession,Time In Possession,time_in_possession_out_of_range,Eels v Magpies,23,away,136,2.2666666666666666,stat-specific sanity range,
team,1998,time_in_possession,Time In Possession,time_in_possession_out_of_range,Eels v Magpies,23,home,169,2.816666666666667,stat-specific sanity range,
team,1998,time_in_possession,Time In Possession,time_in_possession_out_of_range,Eels v Panthers,1,away,55,55,stat-specific sanity range,
team,1998,time_in_possession,Time In Possession,time_in_possession_out_of_range,Eels v Raiders,20,home,104,1.7333333333333334,stat-specific sanity range,
team,1998,time_in_possession,Time In Possession,time_in_possession_out_of_range,Eels v Rams,10,away,57,57,stat-specific sanity range,
team,1998,time_in_possession,Time In Possession,time_in_possession_out_of_range,Eels v Rams,10,home,88,88,stat-specific sanity range,
team,1998,time_in_possession,Time In Possession,time_in_possession_out_of_range,Eels v Sea Eagles,14,away,85,85,stat-specific sanity range,
team,1998,time_in_possession,Time In Possession,time_in_possession_out_of_range,Eels v Sea Eagles,14,home,105,1.75,stat-specific sanity range,
team,1998,time_in_possession,Time In Possession,time_in_possession_out_of_range,Eels v Sharks,18,home,91,91,stat-specific sanity range,
team,1998,time_in_possession,Time In Possession,time_in_possession_out_of_range,Eels v Warriors,12,away,167,2.783333333333333,stat-specific sanity range,
team,1998,time_in_possession,Time In Possession,time_in_possession_out_of_range,Eels v Warriors,12,home,190,3.1666666666666665,stat-specific sanity range,
team,1998,time_in_possession,Time In Possession,time_in_possession_out_of_range,Knights v Bears,10,away,58,58,stat-specific sanity range,
team,1998,time_in_possession,Time In Possession,time_in_possession_out_of_range,Knights v Bears,10,home,92,92,stat-specific sanity range,
team,1998,time_in_possession,Time In Possession,time_in_possession_out_of_range,Knights v Broncos,8,away,75,75,stat-specific sanity range,
team,1998,time_in_possession,Time In Possession,time_in_possession_out_of_range,Knights v Broncos,8,home,108,1.8,stat-specific sanity range,
team,1998,time_in_possession,Time In Possession,time_in_possession_out_of_range,Knights v Bulldogs,14,away,208,3.466666666666667,stat-specific sanity range,
team,1998,time_in_possession,Time In Possession,time_in_possession_out_of_range,Knights v Bulldogs,14,home,236,3.933333333333333,stat-specific sanity range,
team,1998,time_in_possession,Time In Possession,time_in_possession_out_of_range,Knights v Dragons,19,away,75,75,stat-specific sanity range,
team,1998,time_in_possession,Time In Possession,time_in_possession_out_of_range,Knights v Dragons,19,home,80,80,stat-specific sanity range,
team,1998,time_in_possession,Time In Possession,time_in_possession_out_of_range,Knights v Eels,16,away,60,60,stat-specific sanity range,
team,1998,time_in_possession,Time In Possession,time_in_possession_out_of_range,Knights v Eels,16,home,55,55,stat-specific sanity range,
team,1998,time_in_possession,Time In Possession,time_in_possession_out_of_range,Knights v Magpies,4,home,69,69,stat-specific sanity range,
team,1998,time_in_possession,Time In Possession,time_in_possession_out_of_range,Knights v Rabbitohs,11,away,101,1.6833333333333333,stat-specific sanity range,
team,1998,time_in_possession,Time In Possession,time_in_possession_out_of_range,Knights v Rabbitohs,11,home,81,81,stat-specific sanity range,
team,1998,time_in_possession,Time In Possession,time_in_possession_out_of_range,Knights v Rams,24,away,143,2.3833333333333333,stat-specific sanity range,
team,1998,time_in_possession,Time In Possession,time_in_possession_out_of_range,Knights v Rams,24,home,215,3.5833333333333335,stat-specific sanity range,
team,1998,time_in_possession,Time In Possession,time_in_possession_out_of_range,Knights v Roosters,28,away,187,3.1166666666666667,stat-specific sanity range,
team,1998,time_in_possession,Time In Possession,time_in_possession_out_of_range,Knights v Roosters,28,home,180,3,stat-specific sanity range,
team,1998,time_in_possession,Time In Possession,time_in_possession_out_of_range,Knights v Sharks,5,away,188,3.1333333333333333,stat-specific sanity range,
team,1998,time_in_possession,Time In Possession,time_in_possession_out_of_range,Knights v Sharks,5,home,195,3.25,stat-specific sanity range,
team,1998,time_in_possession,Time In Possession,time_in_possession_out_of_range,Knights v Steelers,21,home,75,75,stat-specific sanity range,
team,1998,time_in_possession,Time In Possession,time_in_possession_out_of_range,Magpies v Dragons,7,away,140,2.3333333333333335,stat-specific sanity range,
team,1998,time_in_possession,Time In Possession,time_in_possession_out_of_range,Magpies v Knights,18,away,66,66,stat-specific sanity range,
team,1998,time_in_possession,Time In Possession,time_in_possession_out_of_range,Magpies v Knights,18,home,55,55,stat-specific sanity range,
team,1998,time_in_possession,Time In Possession,time_in_possession_out_of_range,Magpies v Panthers,24,away,71,71,stat-specific sanity range,
team,1998,time_in_possession,Time In Possession,time_in_possession_out_of_range,Magpies v Rabbitohs,3,away,135,2.25,stat-specific sanity range,
team,1998,time_in_possession,Time In Possession,time_in_possession_out_of_range,Magpies v Rabbitohs,3,home,150,2.5,stat-specific sanity range,
team,1998,time_in_possession,Time In Possession,time_in_possession_out_of_range,Magpies v Raiders,22,home,112,1.8666666666666667,stat-specific sanity range,
team,1998,time_in_possession,Time In Possession,time_in_possession_out_of_range,Magpies v Roosters,5,away,57,57,stat-specific sanity range,
team,1998,time_in_possession,Time In Possession,time_in_possession_out_of_range,Magpies v Sharks,20,away,77,77,stat-specific sanity range,
team,1998,time_in_possession,Time In Possession,time_in_possession_out_of_range,Magpies v Sharks,20,home,67,67,stat-specific sanity range,
team,1998,time_in_possession,Time In Possession,time_in_possession_out_of_range,Magpies v Warriors,14,away,148,2.466666666666667,stat-specific sanity range,
team,1998,time_in_possession,Time In Possession,time_in_possession_out_of_range,Panthers v Broncos,14,away,113,1.8833333333333333,stat-specific sanity range,
team,1998,time_in_possession,Time In Possession,time_in_possession_out_of_range,Panthers v Broncos,14,home,60,60,stat-specific sanity range,
team,1998,time_in_possession,Time In Possession,time_in_possession_out_of_range,Panthers v Bulldogs,20,away,80,80,stat-specific sanity range,
team,1998,time_in_possession,Time In Possession,time_in_possession_out_of_range,Panthers v Cowboys,12,away,152,2.533333333333333,stat-specific sanity range,
team,1998,time_in_possession,Time In Possession,time_in_possession_out_of_range,Panthers v Cowboys,12,home,164,2.7333333333333334,stat-specific sanity range,
team,1998,time_in_possession,Time In Possession,time_in_possession_out_of_range,Panthers v Knights,17,away,185,3.0833333333333335,stat-specific sanity range,
team,1998,time_in_possession,Time In Possession,time_in_possession_out_of_range,Panthers v Knights,17,home,199,3.316666666666667,stat-specific sanity range,
team,1998,time_in_possession,Time In Possession,time_in_possession_out_of_range,Panthers v Rabbitohs,23,home,84,84,stat-specific sanity range,
team,1998,time_in_possession,Time In Possession,time_in_possession_out_of_range,Panthers v Raiders,2,away,68,68,stat-specific sanity range,
team,1998,time_in_possession,Time In Possession,time_in_possession_out_of_range,Panthers v Raiders,2,home,107,1.7833333333333334,stat-specific sanity range,
team,1998,time_in_possession,Time In Possession,time_in_possession_out_of_range,Panthers v Rams,4,away,52,52,stat-specific sanity range,
team,1998,time_in_possession,Time In Possession,time_in_possession_out_of_range,Panthers v Rams,4,home,94,94,stat-specific sanity range,
team,1998,time_in_possession,Time In Possession,time_in_possession_out_of_range,Panthers v Roosters,18,away,101,1.6833333333333333,stat-specific sanity range,
team,1998,time_in_possession,Time In Possession,time_in_possession_out_of_range,Panthers v Roosters,18,home,51,51,stat-specific sanity range,
team,1998,time_in_possession,Time In Possession,time_in_possession_out_of_range,Panthers v Steelers,8,away,78,78,stat-specific sanity range,
team,1998,time_in_possession,Time In Possession,time_in_possession_out_of_range,Panthers v Steelers,8,home,81,81,stat-specific sanity range,
team,1998,time_in_possession,Time In Possession,time_in_possession_out_of_range,Panthers v Tigers,10,away,70,70,stat-specific sanity range,
team,1998,time_in_possession,Time In Possession,time_in_possession_out_of_range,Panthers v Tigers,10,home,65,65,stat-specific sanity range,
team,1998,time_in_possession,Time In Possession,time_in_possession_out_of_range,Rabbitohs v Bears,9,away,182,3.033333333333333,stat-specific sanity range,
team,1998,time_in_possession,Time In Possession,time_in_possession_out_of_range,Rabbitohs v Bears,9,home,186,3.1,stat-specific sanity range,
team,1998,time_in_possession,Time In Possession,time_in_possession_out_of_range,Rabbitohs v Broncos,24,away,139,2.316666666666667,stat-specific sanity range,
team,1998,time_in_possession,Time In Possession,time_in_possession_out_of_range,Rabbitohs v Bulldogs,17,away,114,1.9,stat-specific sanity range,
team,1998,time_in_possession,Time In Possession,time_in_possession_out_of_range,Rabbitohs v Bulldogs,17,home,65,65,stat-specific sanity range,
team,1998,time_in_possession,Time In Possession,time_in_possession_out_of_range,Rabbitohs v Eels,21,away,110,1.8333333333333333,stat-specific sanity range,
team,1998,time_in_possession,Time In Possession,time_in_possession_out_of_range,Rabbitohs v Eels,21,home,80,80,stat-specific sanity range,
team,1998,time_in_possession,Time In Possession,time_in_possession_out_of_range,Rabbitohs v Magpies,6,away,72,72,stat-specific sanity range,
team,1998,time_in_possession,Time In Possession,time_in_possession_out_of_range,Rabbitohs v Magpies,6,home,52,52,stat-specific sanity range,
team,1998,time_in_possession,Time In Possession,time_in_possession_out_of_range,Rabbitohs v Rams,18,away,113,1.8833333333333333,stat-specific sanity range,
team,1998,time_in_possession,Time In Possession,time_in_possession_out_of_range,Rabbitohs v Rams,18,home,61,61,stat-specific sanity range,
team,1998,time_in_possession,Time In Possession,time_in_possession_out_of_range,Rabbitohs v Roosters,13,away,87,87,stat-specific sanity range,
team,1998,time_in_possession,Time In Possession,time_in_possession_out_of_range,Rabbitohs v Roosters,13,home,108,1.8,stat-specific sanity range,
team,1998,time_in_possession,Time In Possession,time_in_possession_out_of_range,Rabbitohs v Storm,10,away,65,65,stat-specific sanity range,
team,1998,time_in_possession,Time In Possession,time_in_possession_out_of_range,Rabbitohs v Storm,10,home,80,80,stat-specific sanity range,
team,1998,time_in_possession,Time In Possession,time_in_possession_out_of_range,Rabbitohs v Warriors,22,away,78,78,stat-specific sanity range,
team,1998,time_in_possession,Time In Possession,time_in_possession_out_of_range,Raiders v Bulldogs,18,away,83,83,stat-specific sanity range,
team,1998,time_in_possession,Time In Possession,time_in_possession_out_of_range,Raiders v Knights,15,home,102,1.7,stat-specific sanity range,
team,1998,time_in_possession,Time In Possession,time_in_possession_out_of_range,Raiders v Sea Eagles,25,home,60,60,stat-specific sanity range,
team,1998,time_in_possession,Time In Possession,time_in_possession_out_of_range,Raiders v Sharks,17,away,86,86,stat-specific sanity range,
team,1998,time_in_possession,Time In Possession,time_in_possession_out_of_range,Raiders v Sharks,17,home,106,1.7666666666666666,stat-specific sanity range,
team,1998,time_in_possession,Time In Possession,time_in_possession_out_of_range,Raiders v Steelers,6,away,90,90,stat-specific sanity range,
team,1998,time_in_possession,Time In Possession,time_in_possession_out_of_range,Raiders v Steelers,6,home,115,1.9166666666666667,stat-specific sanity range,
team,1998,time_in_possession,Time In Possession,time_in_possession_out_of_range,Raiders v Tigers,8,home,53,53,stat-specific sanity range,
team,1998,time_in_possession,Time In Possession,time_in_possession_out_of_range,Rams v Bulldogs,3,home,58,58,stat-specific sanity range,
team,1998,time_in_possession,Time In Possession,time_in_possession_out_of_range,Rams v Cowboys,1,away,0,0,stat-specific sanity range,
team,1998,time_in_possession,Time In Possession,time_in_possession_out_of_range,Rams v Cowboys,1,home,90,90,stat-specific sanity range,
team,1998,time_in_possession,Time In Possession,time_in_possession_out_of_range,Rams v Dragons,13,away,78,78,stat-specific sanity range,
team,1998,time_in_possession,Time In Possession,time_in_possession_out_of_range,Rams v Dragons,13,home,150,2.5,stat-specific sanity range,
team,1998,time_in_possession,Time In Possession,time_in_possession_out_of_range,Rams v Raiders,9,home,104,1.7333333333333334,stat-specific sanity range,
team,1998,time_in_possession,Time In Possession,time_in_possession_out_of_range,Rams v Sea Eagles,22,home,107,1.7833333333333334,stat-specific sanity range,
team,1998,time_in_possession,Time In Possession,time_in_possession_out_of_range,Rams v Sharks,7,away,180,3,stat-specific sanity range,
team,1998,time_in_possession,Time In Possession,time_in_possession_out_of_range,Rams v Sharks,7,home,199,3.316666666666667,stat-specific sanity range,
team,1998,time_in_possession,Time In Possession,time_in_possession_out_of_range,Rams v Steelers,15,home,107,1.7833333333333334,stat-specific sanity range,
team,1998,time_in_possession,Time In Possession,time_in_possession_out_of_range,Rams v Tigers,17,away,154,2.566666666666667,stat-specific sanity range,
team,1998,time_in_possession,Time In Possession,time_in_possession_out_of_range,Rams v Tigers,17,home,187,3.1166666666666667,stat-specific sanity range,
team,1998,time_in_possession,Time In Possession,time_in_possession_out_of_range,Rams v Warriors,20,away,83,83,stat-specific sanity range,
team,1998,time_in_possession,Time In Possession,time_in_possession_out_of_range,Rams v Warriors,20,home,74,74,stat-specific sanity range,
team,1998,time_in_possession,Time In Possession,time_in_possession_out_of_range,Roosters v Bears,2,home,82,82,stat-specific sanity range,
team,1998,time_in_possession,Time In Possession,time_in_possession_out_of_range,Roosters v Eels,17,away,166,2.7666666666666666,stat-specific sanity range,
team,1998,time_in_possession,Time In Possession,time_in_possession_out_of_range,Roosters v Eels,17,home,188,3.1333333333333333,stat-specific sanity range,
team,1998,time_in_possession,Time In Possession,time_in_possession_out_of_range,Roosters v Knights,12,away,102,1.7,stat-specific sanity range,
team,1998,time_in_possession,Time In Possession,time_in_possession_out_of_range,Roosters v Knights,12,home,187,3.1166666666666667,stat-specific sanity range,
team,1998,time_in_possession,Time In Possession,time_in_possession_out_of_range,Roosters v Magpies,19,away,131,2.183333333333333,stat-specific sanity range,
team,1998,time_in_possession,Time In Possession,time_in_possession_out_of_range,Roosters v Magpies,19,home,200,3.3333333333333335,stat-specific sanity range,
team,1998,time_in_possession,Time In Possession,time_in_possession_out_of_range,Roosters v Raiders,16,home,74,74,stat-specific sanity range,
team,1998,time_in_possession,Time In Possession,time_in_possession_out_of_range,Roosters v Rams,6,home,74,74,stat-specific sanity range,
team,1998,time_in_possession,Time In Possession,time_in_possession_out_of_range,Roosters v Sharks,14,away,204,3.4,stat-specific sanity range,
team,1998,time_in_possession,Time In Possession,time_in_possession_out_of_range,Roosters v Sharks,14,home,226,3.7666666666666666,stat-specific sanity range,
team,1998,time_in_possession,Time In Possession,time_in_possession_out_of_range,Roosters v Steelers,4,away,166,2.7666666666666666,stat-specific sanity range,
team,1998,time_in_possession,Time In Possession,time_in_possession_out_of_range,Roosters v Steelers,4,home,187,3.1166666666666667,stat-specific sanity range,
team,1998,time_in_possession,Time In Possession,time_in_possession_out_of_range,Roosters v Storm,21,away,65,65,stat-specific sanity range,
team,1998,time_in_possession,Time In Possession,time_in_possession_out_of_range,Roosters v Storm,21,home,65,65,stat-specific sanity range,
team,1998,time_in_possession,Time In Possession,time_in_possession_out_of_range,Roosters v Warriors,8,away,58,58,stat-specific sanity range,
team,1998,time_in_possession,Time In Possession,time_in_possession_out_of_range,Roosters v Warriors,8,home,88,88,stat-specific sanity range,
team,1998,time_in_possession,Time In Possession,time_in_possession_out_of_range,Sea Eagles v Broncos,6,away,76,76,stat-specific sanity range,
team,1998,time_in_possession,Time In Possession,time_in_possession_out_of_range,Sea Eagles v Dragons,17,away,87,87,stat-specific sanity range,
team,1998,time_in_possession,Time In Possession,time_in_possession_out_of_range,Sea Eagles v Eels,4,away,85,85,stat-specific sanity range,
team,1998,time_in_possession,Time In Possession,time_in_possession_out_of_range,Sea Eagles v Eels,4,home,60,60,stat-specific sanity range,
team,1998,time_in_possession,Time In Possession,time_in_possession_out_of_range,Sea Eagles v Knights,9,away,74,74,stat-specific sanity range,
team,1998,time_in_possession,Time In Possession,time_in_possession_out_of_range,Sea Eagles v Panthers,15,away,107,1.7833333333333334,stat-specific sanity range,
team,1998,time_in_possession,Time In Possession,time_in_possession_out_of_range,Sea Eagles v Panthers,15,home,73,73,stat-specific sanity range,
team,1998,time_in_possession,Time In Possession,time_in_possession_out_of_range,Sea Eagles v Rabbitohs,7,home,78,78,stat-specific sanity range,
team,1998,time_in_possession,Time In Possession,time_in_possession_out_of_range,Sea Eagles v Raiders,13,away,62,62,stat-specific sanity range,
team,1998,time_in_possession,Time In Possession,time_in_possession_out_of_range,Sea Eagles v Rams,2,away,0,0,stat-specific sanity range,
team,1998,time_in_possession,Time In Possession,time_in_possession_out_of_range,Sea Eagles v Steelers,19,away,58,58,stat-specific sanity range,
team,1998,time_in_possession,Time In Possession,time_in_possession_out_of_range,Sea Eagles v Tigers,21,away,193,3.216666666666667,stat-specific sanity range,
team,1998,time_in_possession,Time In Possession,time_in_possession_out_of_range,Sea Eagles v Tigers,21,home,166,2.7666666666666666,stat-specific sanity range,
team,1998,time_in_possession,Time In Possession,time_in_possession_out_of_range,Sharks v Bears,12,away,56,56,stat-specific sanity range,
team,1998,time_in_possession,Time In Possession,time_in_possession_out_of_range,Sharks v Bears,12,home,95,95,stat-specific sanity range,
team,1998,time_in_possession,Time In Possession,time_in_possession_out_of_range,Sharks v Broncos,10,away,111,1.85,stat-specific sanity range,
team,1998,time_in_possession,Time In Possession,time_in_possession_out_of_range,Sharks v Broncos,10,home,127,2.1166666666666667,stat-specific sanity range,
team,1998,time_in_possession,Time In Possession,time_in_possession_out_of_range,Sharks v Bulldogs,16,away,65,65,stat-specific sanity range,
team,1998,time_in_possession,Time In Possession,time_in_possession_out_of_range,Sharks v Bulldogs,16,home,85,85,stat-specific sanity range,
team,1998,time_in_possession,Time In Possession,time_in_possession_out_of_range,Sharks v Cowboys,8,home,71,71,stat-specific sanity range,
team,1998,time_in_possession,Time In Possession,time_in_possession_out_of_range,Sharks v Dragons,21,away,74,74,stat-specific sanity range,
team,1998,time_in_possession,Time In Possession,time_in_possession_out_of_range,Sharks v Dragons,21,home,106,1.7666666666666666,stat-specific sanity range,
team,1998,time_in_possession,Time In Possession,time_in_possession_out_of_range,Sharks v Knights,13,home,100,1.6666666666666667,stat-specific sanity range,
team,1998,time_in_possession,Time In Possession,time_in_possession_out_of_range,Sharks v Panthers,19,home,146,2.433333333333333,stat-specific sanity range,
team,1998,time_in_possession,Time In Possession,time_in_possession_out_of_range,Sharks v Rabbitohs,15,away,73,73,stat-specific sanity range,
team,1998,time_in_possession,Time In Possession,time_in_possession_out_of_range,Sharks v Rabbitohs,15,home,64,64,stat-specific sanity range,
team,1998,time_in_possession,Time In Possession,time_in_possession_out_of_range,Sharks v Roosters,1,away,57,57,stat-specific sanity range,
team,1998,time_in_possession,Time In Possession,time_in_possession_out_of_range,Sharks v Roosters,1,home,52,52,stat-specific sanity range,
team,1998,time_in_possession,Time In Possession,time_in_possession_out_of_range,Sharks v Storm,3,away,85,85,stat-specific sanity range,
team,1998,time_in_possession,Time In Possession,time_in_possession_out_of_range,Sharks v Storm,3,home,60,60,stat-specific sanity range,
team,1998,time_in_possession,Time In Possession,time_in_possession_out_of_range,Sharks v Tigers,6,away,68,68,stat-specific sanity range,
team,1998,time_in_possession,Time In Possession,time_in_possession_out_of_range,Sharks v Tigers,6,home,263,4.383333333333334,stat-specific sanity range,
team,1998,time_in_possession,Time In Possession,time_in_possession_out_of_range,Steelers v Bears,20,away,56,56,stat-specific sanity range,
team,1998,time_in_possession,Time In Possession,time_in_possession_out_of_range,Steelers v Broncos,18,away,95,95,stat-specific sanity range,
team,1998,time_in_possession,Time In Possession,time_in_possession_out_of_range,Steelers v Broncos,18,home,55,55,stat-specific sanity range,
team,1998,time_in_possession,Time In Possession,time_in_possession_out_of_range,Steelers v Bulldogs,24,home,141,2.35,stat-specific sanity range,
team,1998,time_in_possession,Time In Possession,time_in_possession_out_of_range,Steelers v Dragons,5,away,199,3.316666666666667,stat-specific sanity range,
team,1998,time_in_possession,Time In Possession,time_in_possession_out_of_range,Steelers v Dragons,5,home,191,3.183333333333333,stat-specific sanity range,
team,1998,time_in_possession,Time In Possession,time_in_possession_out_of_range,Steelers v Eels,7,away,194,3.2333333333333334,stat-specific sanity range,
team,1998,time_in_possession,Time In Possession,time_in_possession_out_of_range,Steelers v Eels,7,home,171,2.85,stat-specific sanity range,
team,1998,time_in_possession,Time In Possession,time_in_possession_out_of_range,Steelers v Knights,3,away,65,65,stat-specific sanity range,
team,1998,time_in_possession,Time In Possession,time_in_possession_out_of_range,Steelers v Knights,3,home,107,1.7833333333333334,stat-specific sanity range,
team,1998,time_in_possession,Time In Possession,time_in_possession_out_of_range,Steelers v Magpies,9,away,167,2.783333333333333,stat-specific sanity range,
team,1998,time_in_possession,Time In Possession,time_in_possession_out_of_range,Steelers v Magpies,9,home,186,3.1,stat-specific sanity range,
team,1998,time_in_possession,Time In Possession,time_in_possession_out_of_range,Steelers v Rabbitohs,12,away,182,3.033333333333333,stat-specific sanity range,
team,1998,time_in_possession,Time In Possession,time_in_possession_out_of_range,Steelers v Rabbitohs,12,home,202,3.3666666666666667,stat-specific sanity range,
team,1998,time_in_possession,Time In Possession,time_in_possession_out_of_range,Steelers v Roosters,22,away,51,51,stat-specific sanity range,
team,1998,time_in_possession,Time In Possession,time_in_possession_out_of_range,Steelers v Roosters,22,home,105,1.75,stat-specific sanity range,
team,1998,time_in_possession,Time In Possession,time_in_possession_out_of_range,Steelers v Storm,1,away,159,2.65,stat-specific sanity range,
team,1998,time_in_possession,Time In Possession,time_in_possession_out_of_range,Steelers v Tigers,14,home,112,1.8666666666666667,stat-specific sanity range,
team,1998,time_in_possession,Time In Possession,time_in_possession_out_of_range,Storm v Bears,4,away,159,2.65,stat-specific sanity range,
team,1998,time_in_possession,Time In Possession,time_in_possession_out_of_range,Storm v Bears,4,home,186,3.1,stat-specific sanity range,
team,1998,time_in_possession,Time In Possession,time_in_possession_out_of_range,Storm v Dragons,9,away,179,2.9833333333333334,stat-specific sanity range,
team,1998,time_in_possession,Time In Possession,time_in_possession_out_of_range,Storm v Dragons,9,home,193,3.216666666666667,stat-specific sanity range,
team,1998,time_in_possession,Time In Possession,time_in_possession_out_of_range,Storm v Knights,20,home,126,2.1,stat-specific sanity range,
team,1998,time_in_possession,Time In Possession,time_in_possession_out_of_range,Storm v Magpies,8,home,64,64,stat-specific sanity range,
team,1998,time_in_possession,Time In Possession,time_in_possession_out_of_range,Storm v Panthers,7,home,92,92,stat-specific sanity range,
team,1998,time_in_possession,Time In Possession,time_in_possession_out_of_range,Storm v Raiders,24,away,78,78,stat-specific sanity range,
team,1998,time_in_possession,Time In Possession,time_in_possession_out_of_range,Storm v Raiders,24,home,129,2.15,stat-specific sanity range,
team,1998,time_in_possession,Time In Possession,time_in_possession_out_of_range,Storm v Raiders,27,home,80,80,stat-specific sanity range,
team,1998,time_in_possession,Time In Possession,time_in_possession_out_of_range,Storm v Rams,14,home,86,86,stat-specific sanity range,
team,1998,time_in_possession,Time In Possession,time_in_possession_out_of_range,Storm v Roosters,26,home,63,63,stat-specific sanity range,
team,1998,time_in_possession,Time In Possession,time_in_possession_out_of_range,Storm v Sea Eagles,18,away,213,3.55,stat-specific sanity range,
team,1998,time_in_possession,Time In Possession,time_in_possession_out_of_range,Storm v Sea Eagles,18,home,216,3.6,stat-specific sanity range,
team,1998,time_in_possession,Time In Possession,time_in_possession_out_of_range,Storm v Sharks,22,away,52,52,stat-specific sanity range,
team,1998,time_in_possession,Time In Possession,time_in_possession_out_of_range,Storm v Sharks,22,home,159,2.65,stat-specific sanity range,
team,1998,time_in_possession,Time In Possession,time_in_possession_out_of_range,Storm v Steelers,11,home,88,88,stat-specific sanity range,
team,1998,time_in_possession,Time In Possession,time_in_possession_out_of_range,Storm v Warriors,16,home,91,91,stat-specific sanity range,
team,1998,time_in_possession,Time In Possession,time_in_possession_out_of_range,Tigers v Broncos,20,away,245,4.083333333333333,stat-specific sanity range,
team,1998,time_in_possession,Time In Possession,time_in_possession_out_of_range,Tigers v Broncos,20,home,99,99,stat-specific sanity range,
team,1998,time_in_possession,Time In Possession,time_in_possession_out_of_range,Tigers v Bulldogs,7,away,191,3.183333333333333,stat-specific sanity range,
team,1998,time_in_possession,Time In Possession,time_in_possession_out_of_range,Tigers v Bulldogs,7,home,198,3.3,stat-specific sanity range,
team,1998,time_in_possession,Time In Possession,time_in_possession_out_of_range,Tigers v Cowboys,18,away,60,60,stat-specific sanity range,
team,1998,time_in_possession,Time In Possession,time_in_possession_out_of_range,Tigers v Cowboys,18,home,65,65,stat-specific sanity range,
team,1998,time_in_possession,Time In Possession,time_in_possession_out_of_range,Tigers v Eels,9,away,207,3.45,stat-specific sanity range,
team,1998,time_in_possession,Time In Possession,time_in_possession_out_of_range,Tigers v Eels,9,home,176,2.933333333333333,stat-specific sanity range,
team,1998,time_in_possession,Time In Possession,time_in_possession_out_of_range,Tigers v Knights,23,away,108,1.8,stat-specific sanity range,
team,1998,time_in_possession,Time In Possession,time_in_possession_out_of_range,Tigers v Knights,23,home,54,54,stat-specific sanity range,
team,1998,time_in_possession,Time In Possession,time_in_possession_out_of_range,Tigers v Panthers,5,away,176,2.933333333333333,stat-specific sanity range,
team,1998,time_in_possession,Time In Possession,time_in_possession_out_of_range,Tigers v Panthers,5,home,197,3.283333333333333,stat-specific sanity range,
team,1998,time_in_possession,Time In Possession,time_in_possession_out_of_range,Tigers v Rabbitohs,16,away,179,2.9833333333333334,stat-specific sanity range,
team,1998,time_in_possession,Time In Possession,time_in_possession_out_of_range,Tigers v Rabbitohs,16,home,211,3.5166666666666666,stat-specific sanity range,
team,1998,time_in_possession,Time In Possession,time_in_possession_out_of_range,Tigers v Roosters,24,away,204,3.4,stat-specific sanity range,
team,1998,time_in_possession,Time In Possession,time_in_possession_out_of_range,Tigers v Roosters,24,home,183,3.05,stat-specific sanity range,
team,1998,time_in_possession,Time In Possession,time_in_possession_out_of_range,Tigers v Storm,13,away,61,61,stat-specific sanity range,
team,1998,time_in_possession,Time In Possession,time_in_possession_out_of_range,Tigers v Storm,13,home,62,62,stat-specific sanity range,
team,1998,time_in_possession,Time In Possession,time_in_possession_out_of_range,Warriors v Cowboys,21,away,92,92,stat-specific sanity range,
team,1998,time_in_possession,Time In Possession,time_in_possession_out_of_range,Warriors v Cowboys,21,home,110,1.8333333333333333,stat-specific sanity range,
team,1998,time_in_possession,Time In Possession,time_in_possession_out_of_range,Warriors v Dragons,15,away,142,2.3666666666666667,stat-specific sanity range,
team,1998,time_in_possession,Time In Possession,time_in_possession_out_of_range,Warriors v Dragons,15,home,192,3.2,stat-specific sanity range,
team,1998,time_in_possession,Time In Possession,time_in_possession_out_of_range,Warriors v Panthers,13,away,95,95,stat-specific sanity range,
team,1998,time_in_possession,Time In Possession,time_in_possession_out_of_range,Warriors v Rabbitohs,1,away,73,73,stat-specific sanity range,
team,1998,time_in_possession,Time In Possession,time_in_possession_out_of_range,Warriors v Rabbitohs,1,home,81,81,stat-specific sanity range,
team,1998,time_in_possession,Time In Possession,time_in_possession_out_of_range,Warriors v Raiders,11,away,86,86,stat-specific sanity range,
team,1998,time_in_possession,Time In Possession,time_in_possession_out_of_range,Warriors v Raiders,11,home,71,71,stat-specific sanity range,
team,1998,time_in_possession,Time In Possession,time_in_possession_out_of_range,Warriors v Roosters,3,away,81,81,stat-specific sanity range,
team,1998,time_in_possession,Time In Possession,time_in_possession_out_of_range,Warriors v Roosters,3,home,73,73,stat-specific sanity range,
team,1998,time_in_possession,Time In Possession,time_in_possession_out_of_range,Warriors v Sea Eagles,24,away,60,60,stat-specific sanity range,
team,1998,time_in_possession,Time In Possession,time_in_possession_out_of_range,Warriors v Sea Eagles,24,home,57,57,stat-specific sanity range,
team,1998,time_in_possession,Time In Possession,time_in_possession_out_of_range,Warriors v Sharks,9,away,210,3.5,stat-specific sanity range,
team,1998,time_in_possession,Time In Possession,time_in_possession_out_of_range,Warriors v Sharks,9,home,184,3.066666666666667,stat-specific sanity range,
team,1998,time_in_possession,Time In Possession,time_in_possession_out_of_range,Warriors v Steelers,17,away,171,2.85,stat-specific sanity range,
team,1998,time_in_possession,Time In Possession,time_in_possession_out_of_range,Warriors v Steelers,17,home,211,3.5166666666666666,stat-specific sanity range,
team,1998,time_in_possession,Time In Possession,time_in_possession_out_of_range,Warriors v Storm,5,away,100,1.6666666666666667,stat-specific sanity range,
team,1998,time_in_possession,Time In Possession,time_in_possession_out_of_range,Warriors v Tigers,19,away,180,3,stat-specific sanity range,
team,1998,time_in_possession,Time In Possession,time_in_possession_out_of_range,Warriors v Tigers,19,home,202,3.3666666666666667,stat-specific sanity range,
team,1999,time_in_possession,Time In Possession,time_in_possession_out_of_range,Bears v Eels,21,away,223,3.716666666666667,stat-specific sanity range,
team,1999,time_in_possession,Time In Possession,time_in_possession_out_of_range,Bears v Eels,21,home,141,2.35,stat-specific sanity range,
team,1999,time_in_possession,Time In Possession,time_in_possession_out_of_range,Bears v Storm,25,away,192,3.2,stat-specific sanity range,
team,1999,time_in_possession,Time In Possession,time_in_possession_out_of_range,Bears v Storm,25,home,156,2.6,stat-specific sanity range,
team,1999,time_in_possession,Time In Possession,time_in_possession_out_of_range,Broncos v Bulldogs,26,away,190,3.1666666666666665,stat-specific sanity range,
team,1999,time_in_possession,Time In Possession,time_in_possession_out_of_range,Broncos v Bulldogs,26,home,218,3.6333333333333333,stat-specific sanity range,
team,1999,time_in_possession,Time In Possession,time_in_possession_out_of_range,Bulldogs v Sea Eagles,13,away,191,3.183333333333333,stat-specific sanity range,
team,1999,time_in_possession,Time In Possession,time_in_possession_out_of_range,Bulldogs v Sea Eagles,13,home,210,3.5,stat-specific sanity range,
team,1999,time_in_possession,Time In Possession,time_in_possession_out_of_range,Bulldogs v Tigers,25,away,162,2.7,stat-specific sanity range,
team,1999,time_in_possession,Time In Possession,time_in_possession_out_of_range,Bulldogs v Tigers,25,home,175,2.9166666666666665,stat-specific sanity range,
team,1999,time_in_possession,Time In Possession,time_in_possession_out_of_range,Dragons v Bears,5,away,171,2.85,stat-specific sanity range,
team,1999,time_in_possession,Time In Possession,time_in_possession_out_of_range,Dragons v Bears,5,home,197,3.283333333333333,stat-specific sanity range,
team,1999,time_in_possession,Time In Possession,time_in_possession_out_of_range,Dragons v Eels,1,away,196,3.2666666666666666,stat-specific sanity range,
team,1999,time_in_possession,Time In Possession,time_in_possession_out_of_range,Dragons v Eels,1,home,169,2.816666666666667,stat-specific sanity range,
team,1999,time_in_possession,Time In Possession,time_in_possession_out_of_range,Dragons v Raiders,7,away,141,2.35,stat-specific sanity range,
team,1999,time_in_possession,Time In Possession,time_in_possession_out_of_range,Dragons v Raiders,7,home,180,3,stat-specific sanity range,
team,1999,time_in_possession,Time In Possession,time_in_possession_out_of_range,Dragons v Sea Eagles,26,away,160,2.6666666666666665,stat-specific sanity range,
team,1999,time_in_possession,Time In Possession,time_in_possession_out_of_range,Dragons v Sea Eagles,26,home,167,2.783333333333333,stat-specific sanity range,
team,1999,time_in_possession,Time In Possession,time_in_possession_out_of_range,Knights v Sea Eagles,4,away,154,2.566666666666667,stat-specific sanity range,
team,1999,time_in_possession,Time In Possession,time_in_possession_out_of_range,Knights v Sea Eagles,4,home,178,2.966666666666667,stat-specific sanity range,
team,1999,time_in_possession,Time In Possession,time_in_possession_out_of_range,Magpies v Bears,1,away,138,2.3,stat-specific sanity range,
team,1999,time_in_possession,Time In Possession,time_in_possession_out_of_range,Magpies v Bears,1,home,148,2.466666666666667,stat-specific sanity range,
team,1999,time_in_possession,Time In Possession,time_in_possession_out_of_range,Panthers v Bears,8,away,197,3.283333333333333,stat-specific sanity range,
team,1999,time_in_possession,Time In Possession,time_in_possession_out_of_range,Panthers v Bears,8,home,225,3.75,stat-specific sanity range,
team,1999,time_in_possession,Time In Possession,time_in_possession_out_of_range,Rabbitohs v Broncos,20,away,155,2.5833333333333335,stat-specific sanity range,
team,1999,time_in_possession,Time In Possession,time_in_possession_out_of_range,Rabbitohs v Broncos,20,home,198,3.3,stat-specific sanity range,
team,1999,time_in_possession,Time In Possession,time_in_possession_out_of_range,Rabbitohs v Tigers,19,away,183,3.05,stat-specific sanity range,
team,1999,time_in_possession,Time In Possession,time_in_possession_out_of_range,Rabbitohs v Tigers,19,home,189,3.15,stat-specific sanity range,
team,1999,time_in_possession,Time In Possession,time_in_possession_out_of_range,Rabbitohs v Warriors,21,away,172,2.8666666666666667,stat-specific sanity range,
team,1999,time_in_possession,Time In Possession,time_in_possession_out_of_range,Rabbitohs v Warriors,21,home,159,2.65,stat-specific sanity range,
team,1999,time_in_possession,Time In Possession,time_in_possession_out_of_range,Raiders v Magpies,4,away,139,2.316666666666667,stat-specific sanity range,
team,1999,time_in_possession,Time In Possession,time_in_possession_out_of_range,Raiders v Magpies,4,home,178,2.966666666666667,stat-specific sanity range,
team,1999,time_in_possession,Time In Possession,time_in_possession_out_of_range,Raiders v Tigers,26,away,127,2.1166666666666667,stat-specific sanity range,
team,1999,time_in_possession,Time In Possession,time_in_possession_out_of_range,Raiders v Tigers,26,home,173,2.8833333333333333,stat-specific sanity range,
team,1999,time_in_possession,Time In Possession,time_in_possession_out_of_range,Roosters v Cowboys,17,away,184,3.066666666666667,stat-specific sanity range,
team,1999,time_in_possession,Time In Possession,time_in_possession_out_of_range,Roosters v Cowboys,17,home,177,2.95,stat-specific sanity range,
team,1999,time_in_possession,Time In Possession,time_in_possession_out_of_range,Sea Eagles v Knights,1,away,174,2.9,stat-specific sanity range,
team,1999,time_in_possession,Time In Possession,time_in_possession_out_of_range,Sea Eagles v Knights,1,home,128,2.1333333333333333,stat-specific sanity range,
team,1999,time_in_possession,Time In Possession,time_in_possession_out_of_range,Sharks v Broncos,4,away,169,2.816666666666667,stat-specific sanity range,
team,1999,time_in_possession,Time In Possession,time_in_possession_out_of_range,Sharks v Broncos,4,home,179,2.9833333333333334,stat-specific sanity range,
team,1999,time_in_possession,Time In Possession,time_in_possession_out_of_range,Sharks v Panthers,26,away,162,2.7,stat-specific sanity range,
team,1999,time_in_possession,Time In Possession,time_in_possession_out_of_range,Sharks v Panthers,26,home,231,3.85,stat-specific sanity range,
team,1999,time_in_possession,Time In Possession,time_in_possession_out_of_range,Sharks v Raiders,19,away,178,2.966666666666667,stat-specific sanity range,
team,1999,time_in_possession,Time In Possession,time_in_possession_out_of_range,Sharks v Raiders,19,home,180,3,stat-specific sanity range,
team,1999,time_in_possession,Time In Possession,time_in_possession_out_of_range,Sharks v Sea Eagles,16,away,170,2.8333333333333335,stat-specific sanity range,
team,1999,time_in_possession,Time In Possession,time_in_possession_out_of_range,Sharks v Sea Eagles,16,home,210,3.5,stat-specific sanity range,
team,1999,time_in_possession,Time In Possession,time_in_possession_out_of_range,Storm v Broncos,9,away,171,2.85,stat-specific sanity range,
team,1999,time_in_possession,Time In Possession,time_in_possession_out_of_range,Storm v Broncos,9,home,192,3.2,stat-specific sanity range,
team,1999,time_in_possession,Time In Possession,time_in_possession_out_of_range,Storm v Dragons,27,away,216,3.6,stat-specific sanity range,
team,1999,time_in_possession,Time In Possession,time_in_possession_out_of_range,Storm v Dragons,27,home,189,3.15,stat-specific sanity range,
team,1999,time_in_possession,Time In Possession,time_in_possession_out_of_range,Storm v Eels,29,away,212,3.533333333333333,stat-specific sanity range,
team,1999,time_in_possession,Time In Possession,time_in_possession_out_of_range,Storm v Eels,29,home,186,3.1,stat-specific sanity range,
team,1999,time_in_possession,Time In Possession,time_in_possession_out_of_range,Storm v Panthers,1,away,163,2.716666666666667,stat-specific sanity range,
team,1999,time_in_possession,Time In Possession,time_in_possession_out_of_range,Storm v Panthers,1,home,180,3,stat-specific sanity range,
team,1999,time_in_possession,Time In Possession,time_in_possession_out_of_range,Tigers v Broncos,11,away,209,3.4833333333333334,stat-specific sanity range,
team,1999,time_in_possession,Time In Possession,time_in_possession_out_of_range,Tigers v Broncos,11,home,205,3.4166666666666665,stat-specific sanity range,
team,1999,time_in_possession,Time In Possession,time_in_possession_out_of_range,Tigers v Panthers,16,away,163,2.716666666666667,stat-specific sanity range,
team,1999,time_in_possession,Time In Possession,time_in_possession_out_of_range,Tigers v Panthers,16,home,202,3.3666666666666667,stat-specific sanity range,
team,1999,time_in_possession,Time In Possession,time_in_possession_out_of_range,Warriors v Eels,13,away,182,3.033333333333333,stat-specific sanity range,
team,1999,time_in_possession,Time In Possession,time_in_possession_out_of_range,Warriors v Eels,13,home,163,2.716666666666667,stat-specific sanity range,
team,1999,time_in_possession,Time In Possession,time_in_possession_out_of_range,Warriors v Roosters,4,away,172,2.8666666666666667,stat-specific sanity range,
team,1999,time_in_possession,Time In Possession,time_in_possession_out_of_range,Warriors v Roosters,4,home,182,3.033333333333333,stat-specific sanity range,
team,1999,time_in_possession,Time In Possession,time_in_possession_out_of_range,Warriors v Tigers,17,away,175,2.9166666666666665,stat-specific sanity range,
team,1999,time_in_possession,Time In Possession,time_in_possession_out_of_range,Warriors v Tigers,17,home,186,3.1,stat-specific sanity range,
team,2000,all_run_metres,All Run Metres,order_of_magnitude_high,Broncos v Roosters,30,away,"1,607",1607,season median ~ 12,Value is 133.92x the season median
team,2000,all_run_metres,All Run Metres,order_of_magnitude_high,Broncos v Roosters,30,home,"1,750",1750,season median ~ 12,Value is 145.83x the season median
team,2000,time_in_possession,Time In Possession,time_in_possession_out_of_range,Broncos v Dragons,11,away,148,2.466666666666667,stat-specific sanity range,
team,2000,time_in_possession,Time In Possession,time_in_possession_out_of_range,Broncos v Dragons,11,home,173,2.8833333333333333,stat-specific sanity range,
team,2000,time_in_possession,Time In Possession,time_in_possession_out_of_range,Broncos v Knights,5,away,201,3.35,stat-specific sanity range,
team,2000,time_in_possession,Time In Possession,time_in_possession_out_of_range,Broncos v Knights,5,home,184,3.066666666666667,stat-specific sanity range,
team,2000,time_in_possession,Time In Possession,time_in_possession_out_of_range,Broncos v Sharks,17,away,178,2.966666666666667,stat-specific sanity range,
team,2000,time_in_possession,Time In Possession,time_in_possession_out_of_range,Broncos v Sharks,27,away,174,2.9,stat-specific sanity range,
team,2000,time_in_possession,Time In Possession,time_in_possession_out_of_range,Broncos v Sharks,17,home,200,3.3333333333333335,stat-specific sanity range,
team,2000,time_in_possession,Time In Possession,time_in_possession_out_of_range,Broncos v Sharks,27,home,202,3.3666666666666667,stat-specific sanity range,
team,2000,time_in_possession,Time In Possession,time_in_possession_out_of_range,Bulldogs v Eels,5,away,211,3.5166666666666666,stat-specific sanity range,
team,2000,time_in_possession,Time In Possession,time_in_possession_out_of_range,Bulldogs v Eels,5,home,203,3.3833333333333333,stat-specific sanity range,
team,2000,time_in_possession,Time In Possession,time_in_possession_out_of_range,Bulldogs v Panthers,2,away,208,3.466666666666667,stat-specific sanity range,
team,2000,time_in_possession,Time In Possession,time_in_possession_out_of_range,Bulldogs v Panthers,2,home,194,3.2333333333333334,stat-specific sanity range,
team,2000,time_in_possession,Time In Possession,time_in_possession_out_of_range,Bulldogs v Roosters,17,away,210,3.5,stat-specific sanity range,
team,2000,time_in_possession,Time In Possession,time_in_possession_out_of_range,Bulldogs v Roosters,17,home,192,3.2,stat-specific sanity range,
team,2000,time_in_possession,Time In Possession,time_in_possession_out_of_range,Bulldogs v Storm,12,away,191,3.183333333333333,stat-specific sanity range,
team,2000,time_in_possession,Time In Possession,time_in_possession_out_of_range,Bulldogs v Storm,12,home,199,3.316666666666667,stat-specific sanity range,
team,2000,time_in_possession,Time In Possession,time_in_possession_out_of_range,Dragons v Knights,21,away,191,3.183333333333333,stat-specific sanity range,
team,2000,time_in_possession,Time In Possession,time_in_possession_out_of_range,Dragons v Knights,21,home,170,2.8333333333333335,stat-specific sanity range,
team,2000,time_in_possession,Time In Possession,time_in_possession_out_of_range,Dragons v Raiders,9,away,171,2.85,stat-specific sanity range,
team,2000,time_in_possession,Time In Possession,time_in_possession_out_of_range,Dragons v Raiders,9,home,193,3.216666666666667,stat-specific sanity range,
team,2000,time_in_possession,Time In Possession,time_in_possession_out_of_range,Eels v Broncos,2,away,173,2.8833333333333333,stat-specific sanity range,
team,2000,time_in_possession,Time In Possession,time_in_possession_out_of_range,Eels v Broncos,2,home,190,3.1666666666666665,stat-specific sanity range,
team,2000,time_in_possession,Time In Possession,time_in_possession_out_of_range,Eels v Panthers,10,away,183,3.05,stat-specific sanity range,
team,2000,time_in_possession,Time In Possession,time_in_possession_out_of_range,Eels v Panthers,10,home,210,3.5,stat-specific sanity range,
team,2000,time_in_possession,Time In Possession,time_in_possession_out_of_range,Knights v Cowboys,10,away,169,2.816666666666667,stat-specific sanity range,
team,2000,time_in_possession,Time In Possession,time_in_possession_out_of_range,Knights v Cowboys,10,home,191,3.183333333333333,stat-specific sanity range,
team,2000,time_in_possession,Time In Possession,time_in_possession_out_of_range,Knights v Dragons,8,away,199,3.316666666666667,stat-specific sanity range,
team,2000,time_in_possession,Time In Possession,time_in_possession_out_of_range,Knights v Dragons,8,home,180,3,stat-specific sanity range,
team,2000,time_in_possession,Time In Possession,time_in_possession_out_of_range,Knights v Eels,12,away,181,3.0166666666666666,stat-specific sanity range,
team,2000,time_in_possession,Time In Possession,time_in_possession_out_of_range,Knights v Eels,12,home,172,2.8666666666666667,stat-specific sanity range,
team,2000,time_in_possession,Time In Possession,time_in_possession_out_of_range,Knights v Roosters,22,away,147,2.45,stat-specific sanity range,
team,2000,time_in_possession,Time In Possession,time_in_possession_out_of_range,Knights v Roosters,22,home,215,3.5833333333333335,stat-specific sanity range,
team,2000,time_in_possession,Time In Possession,time_in_possession_out_of_range,Knights v Storm,2,away,185,3.0833333333333335,stat-specific sanity range,
team,2000,time_in_possession,Time In Possession,time_in_possession_out_of_range,Knights v Storm,2,home,223,3.716666666666667,stat-specific sanity range,
team,2000,time_in_possession,Time In Possession,time_in_possession_out_of_range,Knights v Warriors,17,away,190,3.1666666666666665,stat-specific sanity range,
team,2000,time_in_possession,Time In Possession,time_in_possession_out_of_range,Knights v Warriors,17,home,181,3.0166666666666666,stat-specific sanity range,
team,2000,time_in_possession,Time In Possession,time_in_possession_out_of_range,Panthers v Bulldogs,13,away,205,3.4166666666666665,stat-specific sanity range,
team,2000,time_in_possession,Time In Possession,time_in_possession_out_of_range,Panthers v Bulldogs,13,home,172,2.8666666666666667,stat-specific sanity range,
team,2000,time_in_possession,Time In Possession,time_in_possession_out_of_range,Panthers v Cowboys,1,away,139,2.316666666666667,stat-specific sanity range,
team,2000,time_in_possession,Time In Possession,time_in_possession_out_of_range,Panthers v Cowboys,1,home,160,2.6666666666666665,stat-specific sanity range,
team,2000,time_in_possession,Time In Possession,time_in_possession_out_of_range,Panthers v Knights,7,away,201,3.35,stat-specific sanity range,
team,2000,time_in_possession,Time In Possession,time_in_possession_out_of_range,Panthers v Knights,7,home,187,3.1166666666666667,stat-specific sanity range,
team,2000,time_in_possession,Time In Possession,time_in_possession_out_of_range,Panthers v Raiders,21,away,160,2.6666666666666665,stat-specific sanity range,
team,2000,time_in_possession,Time In Possession,time_in_possession_out_of_range,Panthers v Raiders,21,home,164,2.7333333333333334,stat-specific sanity range,
team,2000,time_in_possession,Time In Possession,time_in_possession_out_of_range,Raiders v Dragons,22,away,170,2.8333333333333335,stat-specific sanity range,
team,2000,time_in_possession,Time In Possession,time_in_possession_out_of_range,Raiders v Dragons,22,home,164,2.7333333333333334,stat-specific sanity range,
team,2000,time_in_possession,Time In Possession,time_in_possession_out_of_range,Raiders v Eels,11,away,194,3.2333333333333334,stat-specific sanity range,
team,2000,time_in_possession,Time In Possession,time_in_possession_out_of_range,Raiders v Eels,11,home,186,3.1,stat-specific sanity range,
team,2000,time_in_possession,Time In Possession,time_in_possession_out_of_range,Raiders v Sharks,10,away,205,3.4166666666666665,stat-specific sanity range,
team,2000,time_in_possession,Time In Possession,time_in_possession_out_of_range,Raiders v Sharks,10,home,185,3.0833333333333335,stat-specific sanity range,
team,2000,time_in_possession,Time In Possession,time_in_possession_out_of_range,Raiders v Wests Tigers,17,away,163,2.716666666666667,stat-specific sanity range,
team,2000,time_in_possession,Time In Possession,time_in_possession_out_of_range,Raiders v Wests Tigers,17,home,184,3.066666666666667,stat-specific sanity range,
team,2000,time_in_possession,Time In Possession,time_in_possession_out_of_range,Roosters v Bulldogs,4,away,166,2.7666666666666666,stat-specific sanity range,
team,2000,time_in_possession,Time In Possession,time_in_possession_out_of_range,Roosters v Bulldogs,4,home,183,3.05,stat-specific sanity range,
team,2000,time_in_possession,Time In Possession,time_in_possession_out_of_range,Roosters v Raiders,12,away,166,2.7666666666666666,stat-specific sanity range,
team,2000,time_in_possession,Time In Possession,time_in_possession_out_of_range,Roosters v Raiders,12,home,199,3.316666666666667,stat-specific sanity range,
team,2000,time_in_possession,Time In Possession,time_in_possession_out_of_range,Roosters v Sharks,13,away,157,2.6166666666666667,stat-specific sanity range,
team,2000,time_in_possession,Time In Possession,time_in_possession_out_of_range,Roosters v Sharks,13,home,208,3.466666666666667,stat-specific sanity range,
team,2000,time_in_possession,Time In Possession,time_in_possession_out_of_range,Sharks v Dragons,1,away,162,2.7,stat-specific sanity range,
team,2000,time_in_possession,Time In Possession,time_in_possession_out_of_range,Sharks v Dragons,1,home,173,2.8833333333333333,stat-specific sanity range,
team,2000,time_in_possession,Time In Possession,time_in_possession_out_of_range,Sharks v Roosters,2,away,182,3.033333333333333,stat-specific sanity range,
team,2000,time_in_possession,Time In Possession,time_in_possession_out_of_range,Sharks v Roosters,2,home,187,3.1166666666666667,stat-specific sanity range,
team,2000,time_in_possession,Time In Possession,time_in_possession_out_of_range,Storm v Dragons,5,away,144,2.4,stat-specific sanity range,
team,2000,time_in_possession,Time In Possession,time_in_possession_out_of_range,Storm v Dragons,5,home,186,3.1,stat-specific sanity range,
team,2000,time_in_possession,Time In Possession,time_in_possession_out_of_range,Storm v Eels,7,away,163,2.716666666666667,stat-specific sanity range,
team,2000,time_in_possession,Time In Possession,time_in_possession_out_of_range,Storm v Eels,7,home,170,2.8333333333333335,stat-specific sanity range,
team,2000,time_in_possession,Time In Possession,time_in_possession_out_of_range,Storm v Knights,13,away,185,3.0833333333333335,stat-specific sanity range,
team,2000,time_in_possession,Time In Possession,time_in_possession_out_of_range,Storm v Knights,13,home,225,3.75,stat-specific sanity range,
team,2000,time_in_possession,Time In Possession,time_in_possession_out_of_range,Storm v Sharks,21,away,226,3.7666666666666666,stat-specific sanity range,
team,2000,time_in_possession,Time In Possession,time_in_possession_out_of_range,Storm v Sharks,21,home,199,3.316666666666667,stat-specific sanity range,
team,2000,time_in_possession,Time In Possession,time_in_possession_out_of_range,Warriors v Dragons,7,away,194,3.2333333333333334,stat-specific sanity range,
team,2000,time_in_possession,Time In Possession,time_in_possession_out_of_range,Warriors v Dragons,7,home,179,2.9833333333333334,stat-specific sanity range,
team,2000,time_in_possession,Time In Possession,time_in_possession_out_of_range,Warriors v Sharks,12,away,210,3.5,stat-specific sanity range,
team,2000,time_in_possession,Time In Possession,time_in_possession_out_of_range,Warriors v Sharks,12,home,163,2.716666666666667,stat-specific sanity range,
team,2000,time_in_possession,Time In Possession,time_in_possession_out_of_range,Wests Tigers v Eels,8,away,174,2.9,stat-specific sanity range,
team,2000,time_in_possession,Time In Possession,time_in_possession_out_of_range,Wests Tigers v Eels,8,home,206,3.433333333333333,stat-specific sanity range,
team,2000,time_in_possession,Time In Possession,time_in_possession_out_of_range,Wests Tigers v Roosters,14,away,150,2.5,stat-specific sanity range,
team,2000,time_in_possession,Time In Possession,time_in_possession_out_of_range,Wests Tigers v Roosters,14,home,176,2.933333333333333,stat-specific sanity range,
team,2000,time_in_possession,Time In Possession,time_in_possession_out_of_range,Wests Tigers v Warriors,2,away,162,2.7,stat-specific sanity range,
team,2000,time_in_possession,Time In Possession,time_in_possession_out_of_range,Wests Tigers v Warriors,2,home,164,2.7333333333333334,stat-specific sanity range,
team,2001,all_run_metres,All Run Metres,order_of_magnitude_high,Knights v Eels,30,away,"1,711",1711,season median ~ 18,Value is 95.06x the season median
team,2001,all_run_metres,All Run Metres,order_of_magnitude_high,Knights v Eels,30,home,"1,711",1711,season median ~ 18,Value is 95.06x the season median
team,2001,time_in_possession,Time In Possession,time_in_possession_out_of_range,Broncos v Bulldogs,20,away,138,2.3,stat-specific sanity range,
team,2001,time_in_possession,Time In Possession,time_in_possession_out_of_range,Broncos v Bulldogs,20,home,124,2.066666666666667,stat-specific sanity range,
team,2001,time_in_possession,Time In Possession,time_in_possession_out_of_range,Broncos v Cowboys,14,away,161,2.683333333333333,stat-specific sanity range,
team,2001,time_in_possession,Time In Possession,time_in_possession_out_of_range,Broncos v Cowboys,14,home,188,3.1333333333333333,stat-specific sanity range,
team,2001,time_in_possession,Time In Possession,time_in_possession_out_of_range,Broncos v Dragons,10,away,140,2.3333333333333335,stat-specific sanity range,
team,2001,time_in_possession,Time In Possession,time_in_possession_out_of_range,Broncos v Dragons,28,away,152,2.533333333333333,stat-specific sanity range,
team,2001,time_in_possession,Time In Possession,time_in_possession_out_of_range,Broncos v Dragons,10,home,159,2.65,stat-specific sanity range,
team,2001,time_in_possession,Time In Possession,time_in_possession_out_of_range,Broncos v Dragons,28,home,159,2.65,stat-specific sanity range,
team,2001,time_in_possession,Time In Possession,time_in_possession_out_of_range,Broncos v Eels,16,away,192,3.2,stat-specific sanity range,
team,2001,time_in_possession,Time In Possession,time_in_possession_out_of_range,Broncos v Eels,16,home,185,3.0833333333333335,stat-specific sanity range,
team,2001,time_in_possession,Time In Possession,time_in_possession_out_of_range,Broncos v Knights,5,away,144,2.4,stat-specific sanity range,
team,2001,time_in_possession,Time In Possession,time_in_possession_out_of_range,Broncos v Knights,5,home,172,2.8666666666666667,stat-specific sanity range,
team,2001,time_in_possession,Time In Possession,time_in_possession_out_of_range,Broncos v Panthers,2,away,152,2.533333333333333,stat-specific sanity range,
team,2001,time_in_possession,Time In Possession,time_in_possession_out_of_range,Broncos v Panthers,2,home,154,2.566666666666667,stat-specific sanity range,
team,2001,time_in_possession,Time In Possession,time_in_possession_out_of_range,Broncos v Roosters,22,away,193,3.216666666666667,stat-specific sanity range,
team,2001,time_in_possession,Time In Possession,time_in_possession_out_of_range,Broncos v Roosters,22,home,145,2.4166666666666665,stat-specific sanity range,
team,2001,time_in_possession,Time In Possession,time_in_possession_out_of_range,Broncos v Sharks,11,away,162,2.7,stat-specific sanity range,
team,2001,time_in_possession,Time In Possession,time_in_possession_out_of_range,Broncos v Sharks,11,home,178,2.966666666666667,stat-specific sanity range,
team,2001,time_in_possession,Time In Possession,time_in_possession_out_of_range,Broncos v Storm,8,away,184,3.066666666666667,stat-specific sanity range,
team,2001,time_in_possession,Time In Possession,time_in_possession_out_of_range,Broncos v Storm,8,home,201,3.35,stat-specific sanity range,
team,2001,time_in_possession,Time In Possession,time_in_possession_out_of_range,Broncos v Warriors,19,away,144,2.4,stat-specific sanity range,
team,2001,time_in_possession,Time In Possession,time_in_possession_out_of_range,Broncos v Warriors,19,home,157,2.6166666666666667,stat-specific sanity range,
team,2001,time_in_possession,Time In Possession,time_in_possession_out_of_range,Broncos v Wests Tigers,4,away,176,2.933333333333333,stat-specific sanity range,
team,2001,time_in_possession,Time In Possession,time_in_possession_out_of_range,Broncos v Wests Tigers,4,home,184,3.066666666666667,stat-specific sanity range,
team,2001,time_in_possession,Time In Possession,time_in_possession_out_of_range,Bulldogs v Broncos,7,away,195,3.25,stat-specific sanity range,
team,2001,time_in_possession,Time In Possession,time_in_possession_out_of_range,Bulldogs v Broncos,7,home,142,2.3666666666666667,stat-specific sanity range,
team,2001,time_in_possession,Time In Possession,time_in_possession_out_of_range,Bulldogs v Cowboys,24,away,174,2.9,stat-specific sanity range,
team,2001,time_in_possession,Time In Possession,time_in_possession_out_of_range,Bulldogs v Cowboys,24,home,173,2.8833333333333333,stat-specific sanity range,
team,2001,time_in_possession,Time In Possession,time_in_possession_out_of_range,Bulldogs v Dragons,13,away,181,3.0166666666666666,stat-specific sanity range,
team,2001,time_in_possession,Time In Possession,time_in_possession_out_of_range,Bulldogs v Dragons,27,away,181,3.0166666666666666,stat-specific sanity range,
team,2001,time_in_possession,Time In Possession,time_in_possession_out_of_range,Bulldogs v Dragons,13,home,170,2.8333333333333335,stat-specific sanity range,
team,2001,time_in_possession,Time In Possession,time_in_possession_out_of_range,Bulldogs v Dragons,27,home,191,3.183333333333333,stat-specific sanity range,
team,2001,time_in_possession,Time In Possession,time_in_possession_out_of_range,Bulldogs v Eels,23,away,162,2.7,stat-specific sanity range,
team,2001,time_in_possession,Time In Possession,time_in_possession_out_of_range,Bulldogs v Eels,23,home,174,2.9,stat-specific sanity range,
team,2001,time_in_possession,Time In Possession,time_in_possession_out_of_range,Bulldogs v Knights,3,away,205,3.4166666666666665,stat-specific sanity range,
team,2001,time_in_possession,Time In Possession,time_in_possession_out_of_range,Bulldogs v Knights,3,home,146,2.433333333333333,stat-specific sanity range,
team,2001,time_in_possession,Time In Possession,time_in_possession_out_of_range,Bulldogs v Panthers,18,away,170,2.8333333333333335,stat-specific sanity range,
team,2001,time_in_possession,Time In Possession,time_in_possession_out_of_range,Bulldogs v Panthers,18,home,137,2.283333333333333,stat-specific sanity range,
team,2001,time_in_possession,Time In Possession,time_in_possession_out_of_range,Bulldogs v Roosters,19,away,158,2.6333333333333333,stat-specific sanity range,
team,2001,time_in_possession,Time In Possession,time_in_possession_out_of_range,Bulldogs v Roosters,19,home,162,2.7,stat-specific sanity range,
team,2001,time_in_possession,Time In Possession,time_in_possession_out_of_range,Bulldogs v Sharks,25,away,199,3.316666666666667,stat-specific sanity range,
team,2001,time_in_possession,Time In Possession,time_in_possession_out_of_range,Bulldogs v Sharks,25,home,174,2.9,stat-specific sanity range,
team,2001,time_in_possession,Time In Possession,time_in_possession_out_of_range,Bulldogs v Storm,14,away,205,3.4166666666666665,stat-specific sanity range,
team,2001,time_in_possession,Time In Possession,time_in_possession_out_of_range,Bulldogs v Storm,14,home,151,2.5166666666666666,stat-specific sanity range,
team,2001,time_in_possession,Time In Possession,time_in_possession_out_of_range,Bulldogs v Warriors,8,away,175,2.9166666666666665,stat-specific sanity range,
team,2001,time_in_possession,Time In Possession,time_in_possession_out_of_range,Bulldogs v Warriors,8,home,174,2.9,stat-specific sanity range,
team,2001,time_in_possession,Time In Possession,time_in_possession_out_of_range,Bulldogs v Wests Tigers,22,away,194,3.2333333333333334,stat-specific sanity range,
team,2001,time_in_possession,Time In Possession,time_in_possession_out_of_range,Bulldogs v Wests Tigers,22,home,178,2.966666666666667,stat-specific sanity range,
team,2001,time_in_possession,Time In Possession,time_in_possession_out_of_range,Cowboys v Broncos,1,away,172,2.8666666666666667,stat-specific sanity range,
team,2001,time_in_possession,Time In Possession,time_in_possession_out_of_range,Cowboys v Broncos,1,home,140,2.3333333333333335,stat-specific sanity range,
team,2001,time_in_possession,Time In Possession,time_in_possession_out_of_range,Cowboys v Dragons,20,away,183,3.05,stat-specific sanity range,
team,2001,time_in_possession,Time In Possession,time_in_possession_out_of_range,Cowboys v Dragons,20,home,188,3.1333333333333333,stat-specific sanity range,
team,2001,time_in_possession,Time In Possession,time_in_possession_out_of_range,Cowboys v Eels,8,away,180,3,stat-specific sanity range,
team,2001,time_in_possession,Time In Possession,time_in_possession_out_of_range,Cowboys v Eels,8,home,195,3.25,stat-specific sanity range,
team,2001,time_in_possession,Time In Possession,time_in_possession_out_of_range,Cowboys v Knights,25,away,189,3.15,stat-specific sanity range,
team,2001,time_in_possession,Time In Possession,time_in_possession_out_of_range,Cowboys v Knights,25,home,176,2.933333333333333,stat-specific sanity range,
team,2001,time_in_possession,Time In Possession,time_in_possession_out_of_range,Cowboys v Panthers,4,away,174,2.9,stat-specific sanity range,
team,2001,time_in_possession,Time In Possession,time_in_possession_out_of_range,Cowboys v Panthers,4,home,137,2.283333333333333,stat-specific sanity range,
team,2001,time_in_possession,Time In Possession,time_in_possession_out_of_range,Cowboys v Roosters,3,away,185,3.0833333333333335,stat-specific sanity range,
team,2001,time_in_possession,Time In Possession,time_in_possession_out_of_range,Cowboys v Roosters,3,home,140,2.3333333333333335,stat-specific sanity range,
team,2001,time_in_possession,Time In Possession,time_in_possession_out_of_range,Cowboys v Sharks,18,away,147,2.45,stat-specific sanity range,
team,2001,time_in_possession,Time In Possession,time_in_possession_out_of_range,Cowboys v Sharks,18,home,133,2.216666666666667,stat-specific sanity range,
team,2001,time_in_possession,Time In Possession,time_in_possession_out_of_range,Cowboys v Storm,15,away,179,2.9833333333333334,stat-specific sanity range,
team,2001,time_in_possession,Time In Possession,time_in_possession_out_of_range,Cowboys v Storm,15,home,163,2.716666666666667,stat-specific sanity range,
team,2001,time_in_possession,Time In Possession,time_in_possession_out_of_range,Cowboys v Warriors,13,away,166,2.7666666666666666,stat-specific sanity range,
team,2001,time_in_possession,Time In Possession,time_in_possession_out_of_range,Cowboys v Warriors,13,home,169,2.816666666666667,stat-specific sanity range,
team,2001,time_in_possession,Time In Possession,time_in_possession_out_of_range,Cowboys v Wests Tigers,6,away,136,2.2666666666666666,stat-specific sanity range,
team,2001,time_in_possession,Time In Possession,time_in_possession_out_of_range,Cowboys v Wests Tigers,6,home,191,3.183333333333333,stat-specific sanity range,
team,2001,time_in_possession,Time In Possession,time_in_possession_out_of_range,Dragons v Broncos,23,away,189,3.15,stat-specific sanity range,
team,2001,time_in_possession,Time In Possession,time_in_possession_out_of_range,Dragons v Broncos,23,home,201,3.35,stat-specific sanity range,
team,2001,time_in_possession,Time In Possession,time_in_possession_out_of_range,Dragons v Bulldogs,26,away,129,2.15,stat-specific sanity range,
team,2001,time_in_possession,Time In Possession,time_in_possession_out_of_range,Dragons v Bulldogs,26,home,198,3.3,stat-specific sanity range,
team,2001,time_in_possession,Time In Possession,time_in_possession_out_of_range,Dragons v Eels,9,away,187,3.1166666666666667,stat-specific sanity range,
team,2001,time_in_possession,Time In Possession,time_in_possession_out_of_range,Dragons v Eels,9,home,166,2.7666666666666666,stat-specific sanity range,
team,2001,time_in_possession,Time In Possession,time_in_possession_out_of_range,Dragons v Knights,11,away,171,2.85,stat-specific sanity range,
team,2001,time_in_possession,Time In Possession,time_in_possession_out_of_range,Dragons v Knights,11,home,203,3.3833333333333333,stat-specific sanity range,
team,2001,time_in_possession,Time In Possession,time_in_possession_out_of_range,Dragons v Roosters,12,away,162,2.7,stat-specific sanity range,
team,2001,time_in_possession,Time In Possession,time_in_possession_out_of_range,Dragons v Roosters,12,home,164,2.7333333333333334,stat-specific sanity range,
team,2001,time_in_possession,Time In Possession,time_in_possession_out_of_range,Dragons v Sharks,14,away,158,2.6333333333333333,stat-specific sanity range,
team,2001,time_in_possession,Time In Possession,time_in_possession_out_of_range,Dragons v Sharks,14,home,171,2.85,stat-specific sanity range,
team,2001,time_in_possession,Time In Possession,time_in_possession_out_of_range,Dragons v Storm,3,away,176,2.933333333333333,stat-specific sanity range,
team,2001,time_in_possession,Time In Possession,time_in_possession_out_of_range,Dragons v Storm,3,home,202,3.3666666666666667,stat-specific sanity range,
team,2001,time_in_possession,Time In Possession,time_in_possession_out_of_range,Dragons v Wests Tigers,2,away,156,2.6,stat-specific sanity range,
team,2001,time_in_possession,Time In Possession,time_in_possession_out_of_range,Dragons v Wests Tigers,2,home,129,2.15,stat-specific sanity range,
team,2001,time_in_possession,Time In Possession,time_in_possession_out_of_range,Eels v Broncos,3,away,154,2.566666666666667,stat-specific sanity range,
team,2001,time_in_possession,Time In Possession,time_in_possession_out_of_range,Eels v Broncos,29,away,181,3.0166666666666666,stat-specific sanity range,
team,2001,time_in_possession,Time In Possession,time_in_possession_out_of_range,Eels v Broncos,3,home,176,2.933333333333333,stat-specific sanity range,
team,2001,time_in_possession,Time In Possession,time_in_possession_out_of_range,Eels v Broncos,29,home,179,2.9833333333333334,stat-specific sanity range,
team,2001,time_in_possession,Time In Possession,time_in_possession_out_of_range,Eels v Bulldogs,10,away,161,2.683333333333333,stat-specific sanity range,
team,2001,time_in_possession,Time In Possession,time_in_possession_out_of_range,Eels v Bulldogs,10,home,199,3.316666666666667,stat-specific sanity range,
team,2001,time_in_possession,Time In Possession,time_in_possession_out_of_range,Eels v Cowboys,21,away,143,2.3833333333333333,stat-specific sanity range,
team,2001,time_in_possession,Time In Possession,time_in_possession_out_of_range,Eels v Cowboys,21,home,188,3.1333333333333333,stat-specific sanity range,
team,2001,time_in_possession,Time In Possession,time_in_possession_out_of_range,Eels v Dragons,22,away,172,2.8666666666666667,stat-specific sanity range,
team,2001,time_in_possession,Time In Possession,time_in_possession_out_of_range,Eels v Dragons,22,home,176,2.933333333333333,stat-specific sanity range,
team,2001,time_in_possession,Time In Possession,time_in_possession_out_of_range,Eels v Panthers,1,away,139,2.316666666666667,stat-specific sanity range,
team,2001,time_in_possession,Time In Possession,time_in_possession_out_of_range,Eels v Panthers,14,away,134,2.2333333333333334,stat-specific sanity range,
team,2001,time_in_possession,Time In Possession,time_in_possession_out_of_range,Eels v Panthers,1,home,209,3.4833333333333334,stat-specific sanity range,
team,2001,time_in_possession,Time In Possession,time_in_possession_out_of_range,Eels v Panthers,14,home,140,2.3333333333333335,stat-specific sanity range,
team,2001,time_in_possession,Time In Possession,time_in_possession_out_of_range,Eels v Raiders,19,away,135,2.25,stat-specific sanity range,
team,2001,time_in_possession,Time In Possession,time_in_possession_out_of_range,Eels v Raiders,19,home,172,2.8666666666666667,stat-specific sanity range,
team,2001,time_in_possession,Time In Possession,time_in_possession_out_of_range,Eels v Roosters,13,away,144,2.4,stat-specific sanity range,
team,2001,time_in_possession,Time In Possession,time_in_possession_out_of_range,Eels v Roosters,13,home,165,2.75,stat-specific sanity range,
team,2001,time_in_possession,Time In Possession,time_in_possession_out_of_range,Eels v Sharks,2,away,190,3.1666666666666665,stat-specific sanity range,
team,2001,time_in_possession,Time In Possession,time_in_possession_out_of_range,Eels v Sharks,2,home,173,2.8833333333333333,stat-specific sanity range,
team,2001,time_in_possession,Time In Possession,time_in_possession_out_of_range,Eels v Storm,7,away,158,2.6333333333333333,stat-specific sanity range,
team,2001,time_in_possession,Time In Possession,time_in_possession_out_of_range,Eels v Storm,7,home,199,3.316666666666667,stat-specific sanity range,
team,2001,time_in_possession,Time In Possession,time_in_possession_out_of_range,Eels v Warriors,5,away,157,2.6166666666666667,stat-specific sanity range,
team,2001,time_in_possession,Time In Possession,time_in_possession_out_of_range,Eels v Warriors,27,away,126,2.1,stat-specific sanity range,
team,2001,time_in_possession,Time In Possession,time_in_possession_out_of_range,Eels v Warriors,5,home,174,2.9,stat-specific sanity range,
team,2001,time_in_possession,Time In Possession,time_in_possession_out_of_range,Eels v Warriors,27,home,164,2.7333333333333334,stat-specific sanity range,
team,2001,time_in_possession,Time In Possession,time_in_possession_out_of_range,Eels v Wests Tigers,24,away,173,2.8833333333333333,stat-specific sanity range,
team,2001,time_in_possession,Time In Possession,time_in_possession_out_of_range,Eels v Wests Tigers,24,home,203,3.3833333333333333,stat-specific sanity range,
team,2001,time_in_possession,Time In Possession,time_in_possession_out_of_range,Knights v Broncos,18,away,157,2.6166666666666667,stat-specific sanity range,
team,2001,time_in_possession,Time In Possession,time_in_possession_out_of_range,Knights v Broncos,18,home,193,3.216666666666667,stat-specific sanity range,
team,2001,time_in_possession,Time In Possession,time_in_possession_out_of_range,Knights v Bulldogs,16,away,159,2.65,stat-specific sanity range,
team,2001,time_in_possession,Time In Possession,time_in_possession_out_of_range,Knights v Bulldogs,16,home,164,2.7333333333333334,stat-specific sanity range,
team,2001,time_in_possession,Time In Possession,time_in_possession_out_of_range,Knights v Cowboys,12,away,162,2.7,stat-specific sanity range,
team,2001,time_in_possession,Time In Possession,time_in_possession_out_of_range,Knights v Cowboys,12,home,182,3.033333333333333,stat-specific sanity range,
team,2001,time_in_possession,Time In Possession,time_in_possession_out_of_range,Knights v Dragons,24,away,184,3.066666666666667,stat-specific sanity range,
team,2001,time_in_possession,Time In Possession,time_in_possession_out_of_range,Knights v Dragons,24,home,151,2.5166666666666666,stat-specific sanity range,
team,2001,time_in_possession,Time In Possession,time_in_possession_out_of_range,Knights v Eels,4,away,157,2.6166666666666667,stat-specific sanity range,
team,2001,time_in_possession,Time In Possession,time_in_possession_out_of_range,Knights v Eels,4,home,184,3.066666666666667,stat-specific sanity range,
team,2001,time_in_possession,Time In Possession,time_in_possession_out_of_range,Knights v Panthers,26,away,129,2.15,stat-specific sanity range,
team,2001,time_in_possession,Time In Possession,time_in_possession_out_of_range,Knights v Panthers,26,home,193,3.216666666666667,stat-specific sanity range,
team,2001,time_in_possession,Time In Possession,time_in_possession_out_of_range,Knights v Roosters,15,away,218,3.6333333333333333,stat-specific sanity range,
team,2001,time_in_possession,Time In Possession,time_in_possession_out_of_range,Knights v Roosters,27,away,179,2.9833333333333334,stat-specific sanity range,
team,2001,time_in_possession,Time In Possession,time_in_possession_out_of_range,Knights v Roosters,15,home,188,3.1333333333333333,stat-specific sanity range,
team,2001,time_in_possession,Time In Possession,time_in_possession_out_of_range,Knights v Roosters,27,home,200,3.3333333333333335,stat-specific sanity range,
team,2001,time_in_possession,Time In Possession,time_in_possession_out_of_range,Knights v Sharks,9,away,197,3.283333333333333,stat-specific sanity range,
team,2001,time_in_possession,Time In Possession,time_in_possession_out_of_range,Knights v Sharks,29,away,206,3.433333333333333,stat-specific sanity range,
team,2001,time_in_possession,Time In Possession,time_in_possession_out_of_range,Knights v Sharks,9,home,185,3.0833333333333335,stat-specific sanity range,
team,2001,time_in_possession,Time In Possession,time_in_possession_out_of_range,Knights v Sharks,29,home,233,3.8833333333333333,stat-specific sanity range,
team,2001,time_in_possession,Time In Possession,time_in_possession_out_of_range,Knights v Storm,19,away,160,2.6666666666666665,stat-specific sanity range,
team,2001,time_in_possession,Time In Possession,time_in_possession_out_of_range,Knights v Storm,19,home,181,3.0166666666666666,stat-specific sanity range,
team,2001,time_in_possession,Time In Possession,time_in_possession_out_of_range,Knights v Warriors,7,away,154,2.566666666666667,stat-specific sanity range,
team,2001,time_in_possession,Time In Possession,time_in_possession_out_of_range,Knights v Warriors,7,home,175,2.9166666666666665,stat-specific sanity range,
team,2001,time_in_possession,Time In Possession,time_in_possession_out_of_range,Knights v Wests Tigers,10,away,142,2.3666666666666667,stat-specific sanity range,
team,2001,time_in_possession,Time In Possession,time_in_possession_out_of_range,Knights v Wests Tigers,10,home,199,3.316666666666667,stat-specific sanity range,
team,2001,time_in_possession,Time In Possession,time_in_possession_out_of_range,Panthers v Broncos,15,away,182,3.033333333333333,stat-specific sanity range,
team,2001,time_in_possession,Time In Possession,time_in_possession_out_of_range,Panthers v Broncos,15,home,164,2.7333333333333334,stat-specific sanity range,
team,2001,time_in_possession,Time In Possession,time_in_possession_out_of_range,Panthers v Bulldogs,5,away,170,2.8333333333333335,stat-specific sanity range,
team,2001,time_in_possession,Time In Possession,time_in_possession_out_of_range,Panthers v Bulldogs,5,home,192,3.2,stat-specific sanity range,
team,2001,time_in_possession,Time In Possession,time_in_possession_out_of_range,Panthers v Dragons,8,away,193,3.216666666666667,stat-specific sanity range,
team,2001,time_in_possession,Time In Possession,time_in_possession_out_of_range,Panthers v Dragons,8,home,156,2.6,stat-specific sanity range,
team,2001,time_in_possession,Time In Possession,time_in_possession_out_of_range,Panthers v Knights,13,away,190,3.1666666666666665,stat-specific sanity range,
team,2001,time_in_possession,Time In Possession,time_in_possession_out_of_range,Panthers v Knights,13,home,175,2.9166666666666665,stat-specific sanity range,
team,2001,time_in_possession,Time In Possession,time_in_possession_out_of_range,Panthers v Raiders,10,away,154,2.566666666666667,stat-specific sanity range,
team,2001,time_in_possession,Time In Possession,time_in_possession_out_of_range,Panthers v Raiders,10,home,197,3.283333333333333,stat-specific sanity range,
team,2001,time_in_possession,Time In Possession,time_in_possession_out_of_range,Panthers v Roosters,20,away,199,3.316666666666667,stat-specific sanity range,
team,2001,time_in_possession,Time In Possession,time_in_possession_out_of_range,Panthers v Roosters,20,home,194,3.2333333333333334,stat-specific sanity range,
team,2001,time_in_possession,Time In Possession,time_in_possession_out_of_range,Panthers v Sharks,6,away,194,3.2333333333333334,stat-specific sanity range,
team,2001,time_in_possession,Time In Possession,time_in_possession_out_of_range,Panthers v Sharks,6,home,170,2.8333333333333335,stat-specific sanity range,
team,2001,time_in_possession,Time In Possession,time_in_possession_out_of_range,Panthers v Storm,11,away,197,3.283333333333333,stat-specific sanity range,
team,2001,time_in_possession,Time In Possession,time_in_possession_out_of_range,Panthers v Storm,11,home,134,2.2333333333333334,stat-specific sanity range,
team,2001,time_in_possession,Time In Possession,time_in_possession_out_of_range,Panthers v Warriors,22,away,140,2.3333333333333335,stat-specific sanity range,
team,2001,time_in_possession,Time In Possession,time_in_possession_out_of_range,Panthers v Warriors,22,home,136,2.2666666666666666,stat-specific sanity range,
team,2001,time_in_possession,Time In Possession,time_in_possession_out_of_range,Panthers v Wests Tigers,25,away,154,2.566666666666667,stat-specific sanity range,
team,2001,time_in_possession,Time In Possession,time_in_possession_out_of_range,Panthers v Wests Tigers,25,home,182,3.033333333333333,stat-specific sanity range,
team,2001,time_in_possession,Time In Possession,time_in_possession_out_of_range,Raiders v Bulldogs,2,away,151,2.5166666666666666,stat-specific sanity range,
team,2001,time_in_possession,Time In Possession,time_in_possession_out_of_range,Raiders v Bulldogs,2,home,160,2.6666666666666665,stat-specific sanity range,
team,2001,time_in_possession,Time In Possession,time_in_possession_out_of_range,Raiders v Dragons,5,away,174,2.9,stat-specific sanity range,
team,2001,time_in_possession,Time In Possession,time_in_possession_out_of_range,Raiders v Dragons,5,home,165,2.75,stat-specific sanity range,
team,2001,time_in_possession,Time In Possession,time_in_possession_out_of_range,Raiders v Eels,6,away,160,2.6666666666666665,stat-specific sanity range,
team,2001,time_in_possession,Time In Possession,time_in_possession_out_of_range,Raiders v Eels,6,home,180,3,stat-specific sanity range,
team,2001,time_in_possession,Time In Possession,time_in_possession_out_of_range,Raiders v Panthers,23,away,186,3.1,stat-specific sanity range,
team,2001,time_in_possession,Time In Possession,time_in_possession_out_of_range,Raiders v Panthers,23,home,153,2.55,stat-specific sanity range,
team,2001,time_in_possession,Time In Possession,time_in_possession_out_of_range,Raiders v Sharks,16,away,168,2.8,stat-specific sanity range,
team,2001,time_in_possession,Time In Possession,time_in_possession_out_of_range,Raiders v Sharks,16,home,185,3.0833333333333335,stat-specific sanity range,
team,2001,time_in_possession,Time In Possession,time_in_possession_out_of_range,Raiders v Warriors,14,away,167,2.783333333333333,stat-specific sanity range,
team,2001,time_in_possession,Time In Possession,time_in_possession_out_of_range,Raiders v Warriors,14,home,198,3.3,stat-specific sanity range,
team,2001,time_in_possession,Time In Possession,time_in_possession_out_of_range,Roosters v Broncos,9,away,194,3.2333333333333334,stat-specific sanity range,
team,2001,time_in_possession,Time In Possession,time_in_possession_out_of_range,Roosters v Broncos,9,home,168,2.8,stat-specific sanity range,
team,2001,time_in_possession,Time In Possession,time_in_possession_out_of_range,Roosters v Bulldogs,6,away,164,2.7333333333333334,stat-specific sanity range,
team,2001,time_in_possession,Time In Possession,time_in_possession_out_of_range,Roosters v Bulldogs,6,home,197,3.283333333333333,stat-specific sanity range,
team,2001,time_in_possession,Time In Possession,time_in_possession_out_of_range,Roosters v Cowboys,16,away,156,2.6,stat-specific sanity range,
team,2001,time_in_possession,Time In Possession,time_in_possession_out_of_range,Roosters v Cowboys,16,home,180,3,stat-specific sanity range,
team,2001,time_in_possession,Time In Possession,time_in_possession_out_of_range,Roosters v Dragons,25,away,155,2.5833333333333335,stat-specific sanity range,
team,2001,time_in_possession,Time In Possession,time_in_possession_out_of_range,Roosters v Dragons,25,home,186,3.1,stat-specific sanity range,
team,2001,time_in_possession,Time In Possession,time_in_possession_out_of_range,Roosters v Eels,26,away,181,3.0166666666666666,stat-specific sanity range,
team,2001,time_in_possession,Time In Possession,time_in_possession_out_of_range,Roosters v Eels,26,home,181,3.0166666666666666,stat-specific sanity range,
team,2001,time_in_possession,Time In Possession,time_in_possession_out_of_range,Roosters v Knights,2,away,179,2.9833333333333334,stat-specific sanity range,
team,2001,time_in_possession,Time In Possession,time_in_possession_out_of_range,Roosters v Knights,2,home,153,2.55,stat-specific sanity range,
team,2001,time_in_possession,Time In Possession,time_in_possession_out_of_range,Roosters v Panthers,7,away,185,3.0833333333333335,stat-specific sanity range,
team,2001,time_in_possession,Time In Possession,time_in_possession_out_of_range,Roosters v Panthers,7,home,184,3.066666666666667,stat-specific sanity range,
team,2001,time_in_possession,Time In Possession,time_in_possession_out_of_range,Roosters v Sharks,21,away,176,2.933333333333333,stat-specific sanity range,
team,2001,time_in_possession,Time In Possession,time_in_possession_out_of_range,Roosters v Sharks,21,home,184,3.066666666666667,stat-specific sanity range,
team,2001,time_in_possession,Time In Possession,time_in_possession_out_of_range,Roosters v Storm,23,away,151,2.5166666666666666,stat-specific sanity range,
team,2001,time_in_possession,Time In Possession,time_in_possession_out_of_range,Roosters v Storm,23,home,199,3.316666666666667,stat-specific sanity range,
team,2001,time_in_possession,Time In Possession,time_in_possession_out_of_range,Roosters v Warriors,11,away,179,2.9833333333333334,stat-specific sanity range,
team,2001,time_in_possession,Time In Possession,time_in_possession_out_of_range,Roosters v Warriors,11,home,157,2.6166666666666667,stat-specific sanity range,
team,2001,time_in_possession,Time In Possession,time_in_possession_out_of_range,Roosters v Wests Tigers,14,away,164,2.7333333333333334,stat-specific sanity range,
team,2001,time_in_possession,Time In Possession,time_in_possession_out_of_range,Roosters v Wests Tigers,14,home,158,2.6333333333333333,stat-specific sanity range,
team,2001,time_in_possession,Time In Possession,time_in_possession_out_of_range,Sharks v Broncos,24,away,177,2.95,stat-specific sanity range,
team,2001,time_in_possession,Time In Possession,time_in_possession_out_of_range,Sharks v Broncos,27,away,197,3.283333333333333,stat-specific sanity range,
team,2001,time_in_possession,Time In Possession,time_in_possession_out_of_range,Sharks v Broncos,24,home,188,3.1333333333333333,stat-specific sanity range,
team,2001,time_in_possession,Time In Possession,time_in_possession_out_of_range,Sharks v Broncos,27,home,198,3.3,stat-specific sanity range,
team,2001,time_in_possession,Time In Possession,time_in_possession_out_of_range,Sharks v Bulldogs,12,away,180,3,stat-specific sanity range,
team,2001,time_in_possession,Time In Possession,time_in_possession_out_of_range,Sharks v Bulldogs,28,away,146,2.433333333333333,stat-specific sanity range,
team,2001,time_in_possession,Time In Possession,time_in_possession_out_of_range,Sharks v Bulldogs,12,home,199,3.316666666666667,stat-specific sanity range,
team,2001,time_in_possession,Time In Possession,time_in_possession_out_of_range,Sharks v Bulldogs,28,home,202,3.3666666666666667,stat-specific sanity range,
team,2001,time_in_possession,Time In Possession,time_in_possession_out_of_range,Sharks v Dragons,1,away,172,2.8666666666666667,stat-specific sanity range,
team,2001,time_in_possession,Time In Possession,time_in_possession_out_of_range,Sharks v Dragons,1,home,176,2.933333333333333,stat-specific sanity range,
team,2001,time_in_possession,Time In Possession,time_in_possession_out_of_range,Sharks v Eels,15,away,183,3.05,stat-specific sanity range,
team,2001,time_in_possession,Time In Possession,time_in_possession_out_of_range,Sharks v Eels,15,home,168,2.8,stat-specific sanity range,
team,2001,time_in_possession,Time In Possession,time_in_possession_out_of_range,Sharks v Knights,22,away,137,2.283333333333333,stat-specific sanity range,
team,2001,time_in_possession,Time In Possession,time_in_possession_out_of_range,Sharks v Knights,22,home,174,2.9,stat-specific sanity range,
team,2001,time_in_possession,Time In Possession,time_in_possession_out_of_range,Sharks v Panthers,19,away,132,2.2,stat-specific sanity range,
team,2001,time_in_possession,Time In Possession,time_in_possession_out_of_range,Sharks v Panthers,19,home,193,3.216666666666667,stat-specific sanity range,
team,2001,time_in_possession,Time In Possession,time_in_possession_out_of_range,Sharks v Raiders,3,away,189,3.15,stat-specific sanity range,
team,2001,time_in_possession,Time In Possession,time_in_possession_out_of_range,Sharks v Raiders,3,home,193,3.216666666666667,stat-specific sanity range,
team,2001,time_in_possession,Time In Possession,time_in_possession_out_of_range,Sharks v Roosters,8,away,219,3.65,stat-specific sanity range,
team,2001,time_in_possession,Time In Possession,time_in_possession_out_of_range,Sharks v Roosters,8,home,180,3,stat-specific sanity range,
team,2001,time_in_possession,Time In Possession,time_in_possession_out_of_range,Sharks v Warriors,10,away,187,3.1166666666666667,stat-specific sanity range,
team,2001,time_in_possession,Time In Possession,time_in_possession_out_of_range,Sharks v Warriors,10,home,178,2.966666666666667,stat-specific sanity range,
team,2001,time_in_possession,Time In Possession,time_in_possession_out_of_range,Sharks v Wests Tigers,13,away,171,2.85,stat-specific sanity range,
team,2001,time_in_possession,Time In Possession,time_in_possession_out_of_range,Sharks v Wests Tigers,13,home,182,3.033333333333333,stat-specific sanity range,
team,2001,time_in_possession,Time In Possession,time_in_possession_out_of_range,Storm v Broncos,21,away,156,2.6,stat-specific sanity range,
team,2001,time_in_possession,Time In Possession,time_in_possession_out_of_range,Storm v Broncos,21,home,185,3.0833333333333335,stat-specific sanity range,
team,2001,time_in_possession,Time In Possession,time_in_possession_out_of_range,Storm v Bulldogs,1,away,176,2.933333333333333,stat-specific sanity range,
team,2001,time_in_possession,Time In Possession,time_in_possession_out_of_range,Storm v Bulldogs,1,home,179,2.9833333333333334,stat-specific sanity range,
team,2001,time_in_possession,Time In Possession,time_in_possession_out_of_range,Storm v Cowboys,2,away,184,3.066666666666667,stat-specific sanity range,
team,2001,time_in_possession,Time In Possession,time_in_possession_out_of_range,Storm v Cowboys,2,home,136,2.2666666666666666,stat-specific sanity range,
team,2001,time_in_possession,Time In Possession,time_in_possession_out_of_range,Storm v Dragons,16,away,179,2.9833333333333334,stat-specific sanity range,
team,2001,time_in_possession,Time In Possession,time_in_possession_out_of_range,Storm v Dragons,16,home,164,2.7333333333333334,stat-specific sanity range,
team,2001,time_in_possession,Time In Possession,time_in_possession_out_of_range,Storm v Eels,20,away,203,3.3833333333333333,stat-specific sanity range,
team,2001,time_in_possession,Time In Possession,time_in_possession_out_of_range,Storm v Eels,20,home,134,2.2333333333333334,stat-specific sanity range,
team,2001,time_in_possession,Time In Possession,time_in_possession_out_of_range,Storm v Knights,6,away,195,3.25,stat-specific sanity range,
team,2001,time_in_possession,Time In Possession,time_in_possession_out_of_range,Storm v Knights,6,home,179,2.9833333333333334,stat-specific sanity range,
team,2001,time_in_possession,Time In Possession,time_in_possession_out_of_range,Storm v Panthers,24,away,173,2.8833333333333333,stat-specific sanity range,
team,2001,time_in_possession,Time In Possession,time_in_possession_out_of_range,Storm v Panthers,24,home,197,3.283333333333333,stat-specific sanity range,
team,2001,time_in_possession,Time In Possession,time_in_possession_out_of_range,Storm v Raiders,13,away,153,2.55,stat-specific sanity range,
team,2001,time_in_possession,Time In Possession,time_in_possession_out_of_range,Storm v Raiders,13,home,145,2.4166666666666665,stat-specific sanity range,
team,2001,time_in_possession,Time In Possession,time_in_possession_out_of_range,Storm v Roosters,10,away,192,3.2,stat-specific sanity range,
team,2001,time_in_possession,Time In Possession,time_in_possession_out_of_range,Storm v Roosters,10,home,177,2.95,stat-specific sanity range,
team,2001,time_in_possession,Time In Possession,time_in_possession_out_of_range,Storm v Sharks,4,away,218,3.6333333333333333,stat-specific sanity range,
team,2001,time_in_possession,Time In Possession,time_in_possession_out_of_range,Storm v Sharks,4,home,203,3.3833333333333333,stat-specific sanity range,
team,2001,time_in_possession,Time In Possession,time_in_possession_out_of_range,Storm v Warriors,25,away,170,2.8333333333333335,stat-specific sanity range,
team,2001,time_in_possession,Time In Possession,time_in_possession_out_of_range,Storm v Warriors,25,home,161,2.683333333333333,stat-specific sanity range,
team,2001,time_in_possession,Time In Possession,time_in_possession_out_of_range,Storm v Wests Tigers,18,away,147,2.45,stat-specific sanity range,
team,2001,time_in_possession,Time In Possession,time_in_possession_out_of_range,Storm v Wests Tigers,18,home,177,2.95,stat-specific sanity range,
team,2001,time_in_possession,Time In Possession,time_in_possession_out_of_range,Warriors v Broncos,6,away,171,2.85,stat-specific sanity range,
team,2001,time_in_possession,Time In Possession,time_in_possession_out_of_range,Warriors v Broncos,6,home,187,3.1166666666666667,stat-specific sanity range,
team,2001,time_in_possession,Time In Possession,time_in_possession_out_of_range,Warriors v Bulldogs,21,away,138,2.3,stat-specific sanity range,
team,2001,time_in_possession,Time In Possession,time_in_possession_out_of_range,Warriors v Bulldogs,21,home,188,3.1333333333333333,stat-specific sanity range,
team,2001,time_in_possession,Time In Possession,time_in_possession_out_of_range,Warriors v Cowboys,26,away,206,3.433333333333333,stat-specific sanity range,
team,2001,time_in_possession,Time In Possession,time_in_possession_out_of_range,Warriors v Cowboys,26,home,175,2.9166666666666665,stat-specific sanity range,
team,2001,time_in_possession,Time In Possession,time_in_possession_out_of_range,Warriors v Dragons,4,away,171,2.85,stat-specific sanity range,
team,2001,time_in_possession,Time In Possession,time_in_possession_out_of_range,Warriors v Dragons,4,home,206,3.433333333333333,stat-specific sanity range,
team,2001,time_in_possession,Time In Possession,time_in_possession_out_of_range,Warriors v Eels,18,away,162,2.7,stat-specific sanity range,
team,2001,time_in_possession,Time In Possession,time_in_possession_out_of_range,Warriors v Eels,18,home,177,2.95,stat-specific sanity range,
team,2001,time_in_possession,Time In Possession,time_in_possession_out_of_range,Warriors v Knights,20,away,148,2.466666666666667,stat-specific sanity range,
team,2001,time_in_possession,Time In Possession,time_in_possession_out_of_range,Warriors v Knights,20,home,167,2.783333333333333,stat-specific sanity range,
team,2001,time_in_possession,Time In Possession,time_in_possession_out_of_range,Warriors v Panthers,9,away,150,2.5,stat-specific sanity range,
team,2001,time_in_possession,Time In Possession,time_in_possession_out_of_range,Warriors v Panthers,9,home,204,3.4,stat-specific sanity range,
team,2001,time_in_possession,Time In Possession,time_in_possession_out_of_range,Warriors v Raiders,1,away,143,2.3833333333333333,stat-specific sanity range,
team,2001,time_in_possession,Time In Possession,time_in_possession_out_of_range,Warriors v Raiders,1,home,181,3.0166666666666666,stat-specific sanity range,
team,2001,time_in_possession,Time In Possession,time_in_possession_out_of_range,Warriors v Roosters,24,away,170,2.8333333333333335,stat-specific sanity range,
team,2001,time_in_possession,Time In Possession,time_in_possession_out_of_range,Warriors v Roosters,24,home,208,3.466666666666667,stat-specific sanity range,
team,2001,time_in_possession,Time In Possession,time_in_possession_out_of_range,Warriors v Sharks,23,away,156,2.6,stat-specific sanity range,
team,2001,time_in_possession,Time In Possession,time_in_possession_out_of_range,Warriors v Sharks,23,home,212,3.533333333333333,stat-specific sanity range,
team,2001,time_in_possession,Time In Possession,time_in_possession_out_of_range,Warriors v Storm,12,away,153,2.55,stat-specific sanity range,
team,2001,time_in_possession,Time In Possession,time_in_possession_out_of_range,Warriors v Storm,12,home,163,2.716666666666667,stat-specific sanity range,
team,2001,time_in_possession,Time In Possession,time_in_possession_out_of_range,Warriors v Wests Tigers,16,away,184,3.066666666666667,stat-specific sanity range,
team,2001,time_in_possession,Time In Possession,time_in_possession_out_of_range,Warriors v Wests Tigers,16,home,182,3.033333333333333,stat-specific sanity range,
team,2001,time_in_possession,Time In Possession,time_in_possession_out_of_range,Wests Tigers v Bulldogs,9,away,201,3.35,stat-specific sanity range,
team,2001,time_in_possession,Time In Possession,time_in_possession_out_of_range,Wests Tigers v Bulldogs,9,home,204,3.4,stat-specific sanity range,
team,2001,time_in_possession,Time In Possession,time_in_possession_out_of_range,Wests Tigers v Cowboys,19,away,163,2.716666666666667,stat-specific sanity range,
team,2001,time_in_possession,Time In Possession,time_in_possession_out_of_range,Wests Tigers v Cowboys,19,home,174,2.9,stat-specific sanity range,
team,2001,time_in_possession,Time In Possession,time_in_possession_out_of_range,Wests Tigers v Dragons,15,away,137,2.283333333333333,stat-specific sanity range,
team,2001,time_in_possession,Time In Possession,time_in_possession_out_of_range,Wests Tigers v Dragons,15,home,158,2.6333333333333333,stat-specific sanity range,
team,2001,time_in_possession,Time In Possession,time_in_possession_out_of_range,Wests Tigers v Eels,11,away,177,2.95,stat-specific sanity range,
team,2001,time_in_possession,Time In Possession,time_in_possession_out_of_range,Wests Tigers v Eels,11,home,148,2.466666666666667,stat-specific sanity range,
team,2001,time_in_possession,Time In Possession,time_in_possession_out_of_range,Wests Tigers v Knights,23,away,171,2.85,stat-specific sanity range,
team,2001,time_in_possession,Time In Possession,time_in_possession_out_of_range,Wests Tigers v Knights,23,home,188,3.1333333333333333,stat-specific sanity range,
team,2001,time_in_possession,Time In Possession,time_in_possession_out_of_range,Wests Tigers v Panthers,12,away,173,2.8833333333333333,stat-specific sanity range,
team,2001,time_in_possession,Time In Possession,time_in_possession_out_of_range,Wests Tigers v Panthers,12,home,162,2.7,stat-specific sanity range,
team,2001,time_in_possession,Time In Possession,time_in_possession_out_of_range,Wests Tigers v Raiders,7,away,173,2.8833333333333333,stat-specific sanity range,
team,2001,time_in_possession,Time In Possession,time_in_possession_out_of_range,Wests Tigers v Raiders,7,home,179,2.9833333333333334,stat-specific sanity range,
team,2001,time_in_possession,Time In Possession,time_in_possession_out_of_range,Wests Tigers v Roosters,1,away,168,2.8,stat-specific sanity range,
team,2001,time_in_possession,Time In Possession,time_in_possession_out_of_range,Wests Tigers v Roosters,1,home,172,2.8666666666666667,stat-specific sanity range,
team,2001,time_in_possession,Time In Possession,time_in_possession_out_of_range,Wests Tigers v Sharks,26,away,161,2.683333333333333,stat-specific sanity range,
team,2001,time_in_possession,Time In Possession,time_in_possession_out_of_range,Wests Tigers v Sharks,26,home,196,3.2666666666666666,stat-specific sanity range,
team,2001,time_in_possession,Time In Possession,time_in_possession_out_of_range,Wests Tigers v Storm,5,away,153,2.55,stat-specific sanity range,
team,2001,time_in_possession,Time In Possession,time_in_possession_out_of_range,Wests Tigers v Storm,5,home,224,3.7333333333333334,stat-specific sanity range,
team,2001,time_in_possession,Time In Possession,time_in_possession_out_of_range,Wests Tigers v Warriors,3,away,121,2.0166666666666666,stat-specific sanity range,
team,2001,time_in_possession,Time In Possession,time_in_possession_out_of_range,Wests Tigers v Warriors,3,home,181,3.0166666666666666,stat-specific sanity range,
team,2002,all_run_metres,All Run Metres,order_of_magnitude_high,Warriors v Roosters,30,away,"1,685",1685,season median ~ 15,Value is 112.33x the season median
team,2002,all_run_metres,All Run Metres,order_of_magnitude_high,Warriors v Roosters,30,home,"1,266",1266,season median ~ 15,Value is 84.40x the season median
team,2002,time_in_possession,Time In Possession,time_in_possession_out_of_range,Broncos v Cowboys,14,away,134,2.2333333333333334,stat-specific sanity range,
team,2002,time_in_possession,Time In Possession,time_in_possession_out_of_range,Broncos v Cowboys,14,home,192,3.2,stat-specific sanity range,
team,2002,time_in_possession,Time In Possession,time_in_possession_out_of_range,Broncos v Dragons,17,away,146,2.433333333333333,stat-specific sanity range,
team,2002,time_in_possession,Time In Possession,time_in_possession_out_of_range,Broncos v Dragons,17,home,179,2.9833333333333334,stat-specific sanity range,
team,2002,time_in_possession,Time In Possession,time_in_possession_out_of_range,Broncos v Eels,13,away,200,3.3333333333333335,stat-specific sanity range,
team,2002,time_in_possession,Time In Possession,time_in_possession_out_of_range,Broncos v Eels,27,away,195,3.25,stat-specific sanity range,
team,2002,time_in_possession,Time In Possession,time_in_possession_out_of_range,Broncos v Eels,13,home,190,3.1666666666666665,stat-specific sanity range,
team,2002,time_in_possession,Time In Possession,time_in_possession_out_of_range,Broncos v Eels,27,home,217,3.6166666666666667,stat-specific sanity range,
team,2002,time_in_possession,Time In Possession,time_in_possession_out_of_range,Broncos v Knights,7,away,171,2.85,stat-specific sanity range,
team,2002,time_in_possession,Time In Possession,time_in_possession_out_of_range,Broncos v Knights,7,home,195,3.25,stat-specific sanity range,
team,2002,time_in_possession,Time In Possession,time_in_possession_out_of_range,Broncos v Panthers,6,away,196,3.2666666666666666,stat-specific sanity range,
team,2002,time_in_possession,Time In Possession,time_in_possession_out_of_range,Broncos v Panthers,6,home,137,2.283333333333333,stat-specific sanity range,
team,2002,time_in_possession,Time In Possession,time_in_possession_out_of_range,Broncos v Raiders,25,away,164,2.7333333333333334,stat-specific sanity range,
team,2002,time_in_possession,Time In Possession,time_in_possession_out_of_range,Broncos v Raiders,25,home,185,3.0833333333333335,stat-specific sanity range,
team,2002,time_in_possession,Time In Possession,time_in_possession_out_of_range,Broncos v Sharks,4,away,198,3.3,stat-specific sanity range,
team,2002,time_in_possession,Time In Possession,time_in_possession_out_of_range,Broncos v Sharks,4,home,182,3.033333333333333,stat-specific sanity range,
team,2002,time_in_possession,Time In Possession,time_in_possession_out_of_range,Broncos v Warriors,16,away,193,3.216666666666667,stat-specific sanity range,
team,2002,time_in_possession,Time In Possession,time_in_possession_out_of_range,Broncos v Warriors,16,home,160,2.6666666666666665,stat-specific sanity range,
team,2002,time_in_possession,Time In Possession,time_in_possession_out_of_range,Broncos v Wests Tigers,19,away,143,2.3833333333333333,stat-specific sanity range,
team,2002,time_in_possession,Time In Possession,time_in_possession_out_of_range,Broncos v Wests Tigers,19,home,179,2.9833333333333334,stat-specific sanity range,
team,2002,time_in_possession,Time In Possession,time_in_possession_out_of_range,Bulldogs v Broncos,26,away,202,3.3666666666666667,stat-specific sanity range,
team,2002,time_in_possession,Time In Possession,time_in_possession_out_of_range,Bulldogs v Broncos,26,home,176,2.933333333333333,stat-specific sanity range,
team,2002,time_in_possession,Time In Possession,time_in_possession_out_of_range,Bulldogs v Eels,23,away,181,3.0166666666666666,stat-specific sanity range,
team,2002,time_in_possession,Time In Possession,time_in_possession_out_of_range,Bulldogs v Eels,23,home,188,3.1333333333333333,stat-specific sanity range,
team,2002,time_in_possession,Time In Possession,time_in_possession_out_of_range,Bulldogs v Panthers,9,away,163,2.716666666666667,stat-specific sanity range,
team,2002,time_in_possession,Time In Possession,time_in_possession_out_of_range,Bulldogs v Panthers,9,home,195,3.25,stat-specific sanity range,
team,2002,time_in_possession,Time In Possession,time_in_possession_out_of_range,Bulldogs v Rabbitohs,12,away,173,2.8833333333333333,stat-specific sanity range,
team,2002,time_in_possession,Time In Possession,time_in_possession_out_of_range,Bulldogs v Rabbitohs,12,home,165,2.75,stat-specific sanity range,
team,2002,time_in_possession,Time In Possession,time_in_possession_out_of_range,Bulldogs v Raiders,15,away,145,2.4166666666666665,stat-specific sanity range,
team,2002,time_in_possession,Time In Possession,time_in_possession_out_of_range,Bulldogs v Raiders,15,home,184,3.066666666666667,stat-specific sanity range,
team,2002,time_in_possession,Time In Possession,time_in_possession_out_of_range,Bulldogs v Storm,25,away,188,3.1333333333333333,stat-specific sanity range,
team,2002,time_in_possession,Time In Possession,time_in_possession_out_of_range,Bulldogs v Storm,25,home,182,3.033333333333333,stat-specific sanity range,
team,2002,time_in_possession,Time In Possession,time_in_possession_out_of_range,Bulldogs v Warriors,6,away,170,2.8333333333333335,stat-specific sanity range,
team,2002,time_in_possession,Time In Possession,time_in_possession_out_of_range,Bulldogs v Warriors,6,home,153,2.55,stat-specific sanity range,
team,2002,time_in_possession,Time In Possession,time_in_possession_out_of_range,Bulldogs v Wests Tigers,1,away,162,2.7,stat-specific sanity range,
team,2002,time_in_possession,Time In Possession,time_in_possession_out_of_range,Bulldogs v Wests Tigers,1,home,149,2.4833333333333334,stat-specific sanity range,
team,2002,time_in_possession,Time In Possession,time_in_possession_out_of_range,Cowboys v Broncos,1,away,210,3.5,stat-specific sanity range,
team,2002,time_in_possession,Time In Possession,time_in_possession_out_of_range,Cowboys v Broncos,1,home,151,2.5166666666666666,stat-specific sanity range,
team,2002,time_in_possession,Time In Possession,time_in_possession_out_of_range,Cowboys v Bulldogs,21,away,153,2.55,stat-specific sanity range,
team,2002,time_in_possession,Time In Possession,time_in_possession_out_of_range,Cowboys v Bulldogs,21,home,167,2.783333333333333,stat-specific sanity range,
team,2002,time_in_possession,Time In Possession,time_in_possession_out_of_range,Cowboys v Dragons,12,away,166,2.7666666666666666,stat-specific sanity range,
team,2002,time_in_possession,Time In Possession,time_in_possession_out_of_range,Cowboys v Dragons,12,home,166,2.7666666666666666,stat-specific sanity range,
team,2002,time_in_possession,Time In Possession,time_in_possession_out_of_range,Cowboys v Eels,26,away,172,2.8666666666666667,stat-specific sanity range,
team,2002,time_in_possession,Time In Possession,time_in_possession_out_of_range,Cowboys v Eels,26,home,216,3.6,stat-specific sanity range,
team,2002,time_in_possession,Time In Possession,time_in_possession_out_of_range,Cowboys v Panthers,10,away,195,3.25,stat-specific sanity range,
team,2002,time_in_possession,Time In Possession,time_in_possession_out_of_range,Cowboys v Panthers,10,home,196,3.2666666666666666,stat-specific sanity range,
team,2002,time_in_possession,Time In Possession,time_in_possession_out_of_range,Cowboys v Rabbitohs,5,away,171,2.85,stat-specific sanity range,
team,2002,time_in_possession,Time In Possession,time_in_possession_out_of_range,Cowboys v Rabbitohs,5,home,186,3.1,stat-specific sanity range,
team,2002,time_in_possession,Time In Possession,time_in_possession_out_of_range,Cowboys v Raiders,19,away,168,2.8,stat-specific sanity range,
team,2002,time_in_possession,Time In Possession,time_in_possession_out_of_range,Cowboys v Raiders,19,home,170,2.8333333333333335,stat-specific sanity range,
team,2002,time_in_possession,Time In Possession,time_in_possession_out_of_range,Cowboys v Sharks,15,away,192,3.2,stat-specific sanity range,
team,2002,time_in_possession,Time In Possession,time_in_possession_out_of_range,Cowboys v Sharks,15,home,171,2.85,stat-specific sanity range,
team,2002,time_in_possession,Time In Possession,time_in_possession_out_of_range,Cowboys v Storm,22,away,186,3.1,stat-specific sanity range,
team,2002,time_in_possession,Time In Possession,time_in_possession_out_of_range,Cowboys v Storm,22,home,179,2.9833333333333334,stat-specific sanity range,
team,2002,time_in_possession,Time In Possession,time_in_possession_out_of_range,Cowboys v Warriors,4,away,155,2.5833333333333335,stat-specific sanity range,
team,2002,time_in_possession,Time In Possession,time_in_possession_out_of_range,Cowboys v Warriors,4,home,156,2.6,stat-specific sanity range,
team,2002,time_in_possession,Time In Possession,time_in_possession_out_of_range,Cowboys v Wests Tigers,9,away,169,2.816666666666667,stat-specific sanity range,
team,2002,time_in_possession,Time In Possession,time_in_possession_out_of_range,Cowboys v Wests Tigers,9,home,174,2.9,stat-specific sanity range,
team,2002,time_in_possession,Time In Possession,time_in_possession_out_of_range,Dragons v Bulldogs,18,away,172,2.8666666666666667,stat-specific sanity range,
team,2002,time_in_possession,Time In Possession,time_in_possession_out_of_range,Dragons v Bulldogs,18,home,195,3.25,stat-specific sanity range,
team,2002,time_in_possession,Time In Possession,time_in_possession_out_of_range,Dragons v Cowboys,16,away,164,2.7333333333333334,stat-specific sanity range,
team,2002,time_in_possession,Time In Possession,time_in_possession_out_of_range,Dragons v Cowboys,16,home,218,3.6333333333333333,stat-specific sanity range,
team,2002,time_in_possession,Time In Possession,time_in_possession_out_of_range,Dragons v Eels,5,away,162,2.7,stat-specific sanity range,
team,2002,time_in_possession,Time In Possession,time_in_possession_out_of_range,Dragons v Eels,5,home,182,3.033333333333333,stat-specific sanity range,
team,2002,time_in_possession,Time In Possession,time_in_possession_out_of_range,Dragons v Knights,26,away,188,3.1333333333333333,stat-specific sanity range,
team,2002,time_in_possession,Time In Possession,time_in_possession_out_of_range,Dragons v Knights,26,home,162,2.7,stat-specific sanity range,
team,2002,time_in_possession,Time In Possession,time_in_possession_out_of_range,Dragons v Rabbitohs,23,away,153,2.55,stat-specific sanity range,
team,2002,time_in_possession,Time In Possession,time_in_possession_out_of_range,Dragons v Rabbitohs,23,home,182,3.033333333333333,stat-specific sanity range,
team,2002,time_in_possession,Time In Possession,time_in_possession_out_of_range,Dragons v Raiders,9,away,179,2.9833333333333334,stat-specific sanity range,
team,2002,time_in_possession,Time In Possession,time_in_possession_out_of_range,Dragons v Raiders,9,home,184,3.066666666666667,stat-specific sanity range,
team,2002,time_in_possession,Time In Possession,time_in_possession_out_of_range,Dragons v Sharks,1,away,163,2.716666666666667,stat-specific sanity range,
team,2002,time_in_possession,Time In Possession,time_in_possession_out_of_range,Dragons v Sharks,28,away,186,3.1,stat-specific sanity range,
team,2002,time_in_possession,Time In Possession,time_in_possession_out_of_range,Dragons v Sharks,1,home,174,2.9,stat-specific sanity range,
team,2002,time_in_possession,Time In Possession,time_in_possession_out_of_range,Dragons v Sharks,28,home,153,2.55,stat-specific sanity range,
team,2002,time_in_possession,Time In Possession,time_in_possession_out_of_range,Dragons v Wests Tigers,10,away,188,3.1333333333333333,stat-specific sanity range,
team,2002,time_in_possession,Time In Possession,time_in_possession_out_of_range,Dragons v Wests Tigers,10,home,162,2.7,stat-specific sanity range,
team,2002,time_in_possession,Time In Possession,time_in_possession_out_of_range,Eels v Broncos,20,away,180,3,stat-specific sanity range,
team,2002,time_in_possession,Time In Possession,time_in_possession_out_of_range,Eels v Broncos,20,home,194,3.2333333333333334,stat-specific sanity range,
team,2002,time_in_possession,Time In Possession,time_in_possession_out_of_range,Eels v Bulldogs,16,away,170,2.8333333333333335,stat-specific sanity range,
team,2002,time_in_possession,Time In Possession,time_in_possession_out_of_range,Eels v Bulldogs,16,home,166,2.7666666666666666,stat-specific sanity range,
team,2002,time_in_possession,Time In Possession,time_in_possession_out_of_range,Eels v Cowboys,8,away,191,3.183333333333333,stat-specific sanity range,
team,2002,time_in_possession,Time In Possession,time_in_possession_out_of_range,Eels v Cowboys,8,home,175,2.9166666666666665,stat-specific sanity range,
team,2002,time_in_possession,Time In Possession,time_in_possession_out_of_range,Eels v Knights,14,away,199,3.316666666666667,stat-specific sanity range,
team,2002,time_in_possession,Time In Possession,time_in_possession_out_of_range,Eels v Knights,14,home,170,2.8333333333333335,stat-specific sanity range,
team,2002,time_in_possession,Time In Possession,time_in_possession_out_of_range,Eels v Panthers,1,away,131,2.183333333333333,stat-specific sanity range,
team,2002,time_in_possession,Time In Possession,time_in_possession_out_of_range,Eels v Panthers,1,home,188,3.1333333333333333,stat-specific sanity range,
team,2002,time_in_possession,Time In Possession,time_in_possession_out_of_range,Eels v Rabbitohs,22,away,154,2.566666666666667,stat-specific sanity range,
team,2002,time_in_possession,Time In Possession,time_in_possession_out_of_range,Eels v Rabbitohs,22,home,198,3.3,stat-specific sanity range,
team,2002,time_in_possession,Time In Possession,time_in_possession_out_of_range,Eels v Raiders,7,away,169,2.816666666666667,stat-specific sanity range,
team,2002,time_in_possession,Time In Possession,time_in_possession_out_of_range,Eels v Raiders,7,home,198,3.3,stat-specific sanity range,
team,2002,time_in_possession,Time In Possession,time_in_possession_out_of_range,Eels v Sharks,18,away,191,3.183333333333333,stat-specific sanity range,
team,2002,time_in_possession,Time In Possession,time_in_possession_out_of_range,Eels v Sharks,18,home,192,3.2,stat-specific sanity range,
team,2002,time_in_possession,Time In Possession,time_in_possession_out_of_range,Eels v Storm,4,away,165,2.75,stat-specific sanity range,
team,2002,time_in_possession,Time In Possession,time_in_possession_out_of_range,Eels v Storm,4,home,152,2.533333333333333,stat-specific sanity range,
team,2002,time_in_possession,Time In Possession,time_in_possession_out_of_range,Eels v Wests Tigers,25,away,175,2.9166666666666665,stat-specific sanity range,
team,2002,time_in_possession,Time In Possession,time_in_possession_out_of_range,Eels v Wests Tigers,25,home,189,3.15,stat-specific sanity range,
team,2002,time_in_possession,Time In Possession,time_in_possession_out_of_range,Knights v Broncos,24,away,158,2.6333333333333333,stat-specific sanity range,
team,2002,time_in_possession,Time In Possession,time_in_possession_out_of_range,Knights v Broncos,24,home,188,3.1333333333333333,stat-specific sanity range,
team,2002,time_in_possession,Time In Possession,time_in_possession_out_of_range,Knights v Bulldogs,20,away,181,3.0166666666666666,stat-specific sanity range,
team,2002,time_in_possession,Time In Possession,time_in_possession_out_of_range,Knights v Bulldogs,20,home,177,2.95,stat-specific sanity range,
team,2002,time_in_possession,Time In Possession,time_in_possession_out_of_range,Knights v Dragons,21,away,192,3.2,stat-specific sanity range,
team,2002,time_in_possession,Time In Possession,time_in_possession_out_of_range,Knights v Dragons,27,away,161,2.683333333333333,stat-specific sanity range,
team,2002,time_in_possession,Time In Possession,time_in_possession_out_of_range,Knights v Dragons,21,home,183,3.05,stat-specific sanity range,
team,2002,time_in_possession,Time In Possession,time_in_possession_out_of_range,Knights v Dragons,27,home,192,3.2,stat-specific sanity range,
team,2002,time_in_possession,Time In Possession,time_in_possession_out_of_range,Knights v Eels,17,away,158,2.6333333333333333,stat-specific sanity range,
team,2002,time_in_possession,Time In Possession,time_in_possession_out_of_range,Knights v Eels,17,home,195,3.25,stat-specific sanity range,
team,2002,time_in_possession,Time In Possession,time_in_possession_out_of_range,Knights v Panthers,19,away,159,2.65,stat-specific sanity range,
team,2002,time_in_possession,Time In Possession,time_in_possession_out_of_range,Knights v Panthers,19,home,188,3.1333333333333333,stat-specific sanity range,
team,2002,time_in_possession,Time In Possession,time_in_possession_out_of_range,Knights v Rabbitohs,11,away,192,3.2,stat-specific sanity range,
team,2002,time_in_possession,Time In Possession,time_in_possession_out_of_range,Knights v Rabbitohs,11,home,206,3.433333333333333,stat-specific sanity range,
team,2002,time_in_possession,Time In Possession,time_in_possession_out_of_range,Knights v Raiders,4,away,149,2.4833333333333334,stat-specific sanity range,
team,2002,time_in_possession,Time In Possession,time_in_possession_out_of_range,Knights v Raiders,4,home,203,3.3833333333333333,stat-specific sanity range,
team,2002,time_in_possession,Time In Possession,time_in_possession_out_of_range,Knights v Sharks,6,away,147,2.45,stat-specific sanity range,
team,2002,time_in_possession,Time In Possession,time_in_possession_out_of_range,Knights v Sharks,6,home,207,3.45,stat-specific sanity range,
team,2002,time_in_possession,Time In Possession,time_in_possession_out_of_range,Knights v Storm,13,away,147,2.45,stat-specific sanity range,
team,2002,time_in_possession,Time In Possession,time_in_possession_out_of_range,Knights v Storm,13,home,194,3.2333333333333334,stat-specific sanity range,
team,2002,time_in_possession,Time In Possession,time_in_possession_out_of_range,Knights v Warriors,10,away,187,3.1166666666666667,stat-specific sanity range,
team,2002,time_in_possession,Time In Possession,time_in_possession_out_of_range,Knights v Warriors,10,home,161,2.683333333333333,stat-specific sanity range,
team,2002,time_in_possession,Time In Possession,time_in_possession_out_of_range,Panthers v Broncos,18,away,162,2.7,stat-specific sanity range,
team,2002,time_in_possession,Time In Possession,time_in_possession_out_of_range,Panthers v Broncos,18,home,178,2.966666666666667,stat-specific sanity range,
team,2002,time_in_possession,Time In Possession,time_in_possession_out_of_range,Panthers v Bulldogs,13,away,177,2.95,stat-specific sanity range,
team,2002,time_in_possession,Time In Possession,time_in_possession_out_of_range,Panthers v Bulldogs,13,home,188,3.1333333333333333,stat-specific sanity range,
team,2002,time_in_possession,Time In Possession,time_in_possession_out_of_range,Panthers v Cowboys,7,away,162,2.7,stat-specific sanity range,
team,2002,time_in_possession,Time In Possession,time_in_possession_out_of_range,Panthers v Cowboys,7,home,199,3.316666666666667,stat-specific sanity range,
team,2002,time_in_possession,Time In Possession,time_in_possession_out_of_range,Panthers v Knights,25,away,187,3.1166666666666667,stat-specific sanity range,
team,2002,time_in_possession,Time In Possession,time_in_possession_out_of_range,Panthers v Knights,25,home,139,2.316666666666667,stat-specific sanity range,
team,2002,time_in_possession,Time In Possession,time_in_possession_out_of_range,Panthers v Rabbitohs,17,away,206,3.433333333333333,stat-specific sanity range,
team,2002,time_in_possession,Time In Possession,time_in_possession_out_of_range,Panthers v Rabbitohs,17,home,194,3.2333333333333334,stat-specific sanity range,
team,2002,time_in_possession,Time In Possession,time_in_possession_out_of_range,Panthers v Sharks,11,away,176,2.933333333333333,stat-specific sanity range,
team,2002,time_in_possession,Time In Possession,time_in_possession_out_of_range,Panthers v Sharks,11,home,191,3.183333333333333,stat-specific sanity range,
team,2002,time_in_possession,Time In Possession,time_in_possession_out_of_range,Panthers v Storm,20,away,193,3.216666666666667,stat-specific sanity range,
team,2002,time_in_possession,Time In Possession,time_in_possession_out_of_range,Panthers v Storm,20,home,216,3.6,stat-specific sanity range,
team,2002,time_in_possession,Time In Possession,time_in_possession_out_of_range,Panthers v Warriors,21,away,180,3,stat-specific sanity range,
team,2002,time_in_possession,Time In Possession,time_in_possession_out_of_range,Panthers v Warriors,21,home,154,2.566666666666667,stat-specific sanity range,
team,2002,time_in_possession,Time In Possession,time_in_possession_out_of_range,Panthers v Wests Tigers,4,away,184,3.066666666666667,stat-specific sanity range,
team,2002,time_in_possession,Time In Possession,time_in_possession_out_of_range,Panthers v Wests Tigers,4,home,173,2.8833333333333333,stat-specific sanity range,
team,2002,time_in_possession,Time In Possession,time_in_possession_out_of_range,Rabbitohs v Broncos,8,away,170,2.8333333333333335,stat-specific sanity range,
team,2002,time_in_possession,Time In Possession,time_in_possession_out_of_range,Rabbitohs v Broncos,8,home,163,2.716666666666667,stat-specific sanity range,
team,2002,time_in_possession,Time In Possession,time_in_possession_out_of_range,Rabbitohs v Bulldogs,4,away,193,3.216666666666667,stat-specific sanity range,
team,2002,time_in_possession,Time In Possession,time_in_possession_out_of_range,Rabbitohs v Bulldogs,4,home,166,2.7666666666666666,stat-specific sanity range,
team,2002,time_in_possession,Time In Possession,time_in_possession_out_of_range,Rabbitohs v Cowboys,25,away,184,3.066666666666667,stat-specific sanity range,
team,2002,time_in_possession,Time In Possession,time_in_possession_out_of_range,Rabbitohs v Cowboys,25,home,177,2.95,stat-specific sanity range,
team,2002,time_in_possession,Time In Possession,time_in_possession_out_of_range,Rabbitohs v Dragons,19,away,190,3.1666666666666665,stat-specific sanity range,
team,2002,time_in_possession,Time In Possession,time_in_possession_out_of_range,Rabbitohs v Dragons,19,home,163,2.716666666666667,stat-specific sanity range,
team,2002,time_in_possession,Time In Possession,time_in_possession_out_of_range,Rabbitohs v Eels,6,away,177,2.95,stat-specific sanity range,
team,2002,time_in_possession,Time In Possession,time_in_possession_out_of_range,Rabbitohs v Eels,6,home,191,3.183333333333333,stat-specific sanity range,
team,2002,time_in_possession,Time In Possession,time_in_possession_out_of_range,Rabbitohs v Knights,16,away,191,3.183333333333333,stat-specific sanity range,
team,2002,time_in_possession,Time In Possession,time_in_possession_out_of_range,Rabbitohs v Knights,16,home,212,3.533333333333333,stat-specific sanity range,
team,2002,time_in_possession,Time In Possession,time_in_possession_out_of_range,Rabbitohs v Panthers,24,away,178,2.966666666666667,stat-specific sanity range,
team,2002,time_in_possession,Time In Possession,time_in_possession_out_of_range,Rabbitohs v Panthers,24,home,196,3.2666666666666666,stat-specific sanity range,
team,2002,time_in_possession,Time In Possession,time_in_possession_out_of_range,Rabbitohs v Raiders,10,away,169,2.816666666666667,stat-specific sanity range,
team,2002,time_in_possession,Time In Possession,time_in_possession_out_of_range,Rabbitohs v Raiders,10,home,190,3.1666666666666665,stat-specific sanity range,
team,2002,time_in_possession,Time In Possession,time_in_possession_out_of_range,Rabbitohs v Warriors,14,away,174,2.9,stat-specific sanity range,
team,2002,time_in_possession,Time In Possession,time_in_possession_out_of_range,Rabbitohs v Warriors,14,home,183,3.05,stat-specific sanity range,
team,2002,time_in_possession,Time In Possession,time_in_possession_out_of_range,Rabbitohs v Wests Tigers,21,away,193,3.216666666666667,stat-specific sanity range,
team,2002,time_in_possession,Time In Possession,time_in_possession_out_of_range,Rabbitohs v Wests Tigers,21,home,132,2.2,stat-specific sanity range,
team,2002,time_in_possession,Time In Possession,time_in_possession_out_of_range,Raiders v Broncos,5,away,184,3.066666666666667,stat-specific sanity range,
team,2002,time_in_possession,Time In Possession,time_in_possession_out_of_range,Raiders v Broncos,5,home,185,3.0833333333333335,stat-specific sanity range,
team,2002,time_in_possession,Time In Possession,time_in_possession_out_of_range,Raiders v Bulldogs,24,away,131,2.183333333333333,stat-specific sanity range,
team,2002,time_in_possession,Time In Possession,time_in_possession_out_of_range,Raiders v Bulldogs,24,home,172,2.8666666666666667,stat-specific sanity range,
team,2002,time_in_possession,Time In Possession,time_in_possession_out_of_range,Raiders v Cowboys,11,away,173,2.8833333333333333,stat-specific sanity range,
team,2002,time_in_possession,Time In Possession,time_in_possession_out_of_range,Raiders v Cowboys,11,home,175,2.9166666666666665,stat-specific sanity range,
team,2002,time_in_possession,Time In Possession,time_in_possession_out_of_range,Raiders v Knights,18,away,190,3.1666666666666665,stat-specific sanity range,
team,2002,time_in_possession,Time In Possession,time_in_possession_out_of_range,Raiders v Knights,18,home,189,3.15,stat-specific sanity range,
team,2002,time_in_possession,Time In Possession,time_in_possession_out_of_range,Raiders v Sharks,8,away,164,2.7333333333333334,stat-specific sanity range,
team,2002,time_in_possession,Time In Possession,time_in_possession_out_of_range,Raiders v Sharks,8,home,180,3,stat-specific sanity range,
team,2002,time_in_possession,Time In Possession,time_in_possession_out_of_range,Raiders v Storm,26,away,147,2.45,stat-specific sanity range,
team,2002,time_in_possession,Time In Possession,time_in_possession_out_of_range,Raiders v Storm,26,home,194,3.2333333333333334,stat-specific sanity range,
team,2002,time_in_possession,Time In Possession,time_in_possession_out_of_range,Raiders v Warriors,20,away,136,2.2666666666666666,stat-specific sanity range,
team,2002,time_in_possession,Time In Possession,time_in_possession_out_of_range,Raiders v Warriors,20,home,173,2.8833333333333333,stat-specific sanity range,
team,2002,time_in_possession,Time In Possession,time_in_possession_out_of_range,Raiders v Wests Tigers,22,away,187,3.1166666666666667,stat-specific sanity range,
team,2002,time_in_possession,Time In Possession,time_in_possession_out_of_range,Raiders v Wests Tigers,22,home,180,3,stat-specific sanity range,
team,2002,time_in_possession,Time In Possession,time_in_possession_out_of_range,Sharks v Bulldogs,7,away,165,2.75,stat-specific sanity range,
team,2002,time_in_possession,Time In Possession,time_in_possession_out_of_range,Sharks v Bulldogs,7,home,192,3.2,stat-specific sanity range,
team,2002,time_in_possession,Time In Possession,time_in_possession_out_of_range,Sharks v Cowboys,24,away,182,3.033333333333333,stat-specific sanity range,
team,2002,time_in_possession,Time In Possession,time_in_possession_out_of_range,Sharks v Cowboys,24,home,194,3.2333333333333334,stat-specific sanity range,
team,2002,time_in_possession,Time In Possession,time_in_possession_out_of_range,Sharks v Dragons,13,away,181,3.0166666666666666,stat-specific sanity range,
team,2002,time_in_possession,Time In Possession,time_in_possession_out_of_range,Sharks v Dragons,13,home,220,3.6666666666666665,stat-specific sanity range,
team,2002,time_in_possession,Time In Possession,time_in_possession_out_of_range,Sharks v Eels,9,away,196,3.2666666666666666,stat-specific sanity range,
team,2002,time_in_possession,Time In Possession,time_in_possession_out_of_range,Sharks v Eels,9,home,168,2.8,stat-specific sanity range,
team,2002,time_in_possession,Time In Possession,time_in_possession_out_of_range,Sharks v Knights,22,away,168,2.8,stat-specific sanity range,
team,2002,time_in_possession,Time In Possession,time_in_possession_out_of_range,Sharks v Knights,22,home,202,3.3666666666666667,stat-specific sanity range,
team,2002,time_in_possession,Time In Possession,time_in_possession_out_of_range,Sharks v Rabbitohs,20,away,179,2.9833333333333334,stat-specific sanity range,
team,2002,time_in_possession,Time In Possession,time_in_possession_out_of_range,Sharks v Rabbitohs,20,home,210,3.5,stat-specific sanity range,
team,2002,time_in_possession,Time In Possession,time_in_possession_out_of_range,Sharks v Raiders,14,away,223,3.716666666666667,stat-specific sanity range,
team,2002,time_in_possession,Time In Possession,time_in_possession_out_of_range,Sharks v Raiders,14,home,182,3.033333333333333,stat-specific sanity range,
team,2002,time_in_possession,Time In Possession,time_in_possession_out_of_range,Sharks v Warriors,17,away,157,2.6166666666666667,stat-specific sanity range,
team,2002,time_in_possession,Time In Possession,time_in_possession_out_of_range,Sharks v Warriors,17,home,179,2.9833333333333334,stat-specific sanity range,
team,2002,time_in_possession,Time In Possession,time_in_possession_out_of_range,Sharks v Wests Tigers,5,away,168,2.8,stat-specific sanity range,
team,2002,time_in_possession,Time In Possession,time_in_possession_out_of_range,Sharks v Wests Tigers,5,home,174,2.9,stat-specific sanity range,
team,2002,time_in_possession,Time In Possession,time_in_possession_out_of_range,Storm v Broncos,21,away,189,3.15,stat-specific sanity range,
team,2002,time_in_possession,Time In Possession,time_in_possession_out_of_range,Storm v Broncos,21,home,162,2.7,stat-specific sanity range,
team,2002,time_in_possession,Time In Possession,time_in_possession_out_of_range,Storm v Bulldogs,5,away,181,3.0166666666666666,stat-specific sanity range,
team,2002,time_in_possession,Time In Possession,time_in_possession_out_of_range,Storm v Bulldogs,5,home,217,3.6166666666666667,stat-specific sanity range,
team,2002,time_in_possession,Time In Possession,time_in_possession_out_of_range,Storm v Dragons,6,away,202,3.3666666666666667,stat-specific sanity range,
team,2002,time_in_possession,Time In Possession,time_in_possession_out_of_range,Storm v Dragons,6,home,254,4.233333333333333,stat-specific sanity range,
team,2002,time_in_possession,Time In Possession,time_in_possession_out_of_range,Storm v Eels,10,away,220,3.6666666666666665,stat-specific sanity range,
team,2002,time_in_possession,Time In Possession,time_in_possession_out_of_range,Storm v Eels,10,home,201,3.35,stat-specific sanity range,
team,2002,time_in_possession,Time In Possession,time_in_possession_out_of_range,Storm v Knights,8,away,209,3.4833333333333334,stat-specific sanity range,
team,2002,time_in_possession,Time In Possession,time_in_possession_out_of_range,Storm v Knights,8,home,208,3.466666666666667,stat-specific sanity range,
team,2002,time_in_possession,Time In Possession,time_in_possession_out_of_range,Storm v Panthers,23,away,164,2.7333333333333334,stat-specific sanity range,
team,2002,time_in_possession,Time In Possession,time_in_possession_out_of_range,Storm v Panthers,23,home,217,3.6166666666666667,stat-specific sanity range,
team,2002,time_in_possession,Time In Possession,time_in_possession_out_of_range,Storm v Rabbitohs,15,away,182,3.033333333333333,stat-specific sanity range,
team,2002,time_in_possession,Time In Possession,time_in_possession_out_of_range,Storm v Rabbitohs,15,home,208,3.466666666666667,stat-specific sanity range,
team,2002,time_in_possession,Time In Possession,time_in_possession_out_of_range,Storm v Raiders,1,away,179,2.9833333333333334,stat-specific sanity range,
team,2002,time_in_possession,Time In Possession,time_in_possession_out_of_range,Storm v Raiders,1,home,181,3.0166666666666666,stat-specific sanity range,
team,2002,time_in_possession,Time In Possession,time_in_possession_out_of_range,Storm v Warriors,11,away,210,3.5,stat-specific sanity range,
team,2002,time_in_possession,Time In Possession,time_in_possession_out_of_range,Storm v Warriors,11,home,188,3.1333333333333333,stat-specific sanity range,
team,2002,time_in_possession,Time In Possession,time_in_possession_out_of_range,Storm v Wests Tigers,17,away,183,3.05,stat-specific sanity range,
team,2002,time_in_possession,Time In Possession,time_in_possession_out_of_range,Storm v Wests Tigers,17,home,204,3.4,stat-specific sanity range,
team,2002,time_in_possession,Time In Possession,time_in_possession_out_of_range,Warriors v Broncos,23,away,176,2.933333333333333,stat-specific sanity range,
team,2002,time_in_possession,Time In Possession,time_in_possession_out_of_range,Warriors v Broncos,23,home,208,3.466666666666667,stat-specific sanity range,
team,2002,time_in_possession,Time In Possession,time_in_possession_out_of_range,Warriors v Bulldogs,22,away,171,2.85,stat-specific sanity range,
team,2002,time_in_possession,Time In Possession,time_in_possession_out_of_range,Warriors v Bulldogs,22,home,192,3.2,stat-specific sanity range,
team,2002,time_in_possession,Time In Possession,time_in_possession_out_of_range,Warriors v Cowboys,13,away,180,3,stat-specific sanity range,
team,2002,time_in_possession,Time In Possession,time_in_possession_out_of_range,Warriors v Cowboys,13,home,185,3.0833333333333335,stat-specific sanity range,
team,2002,time_in_possession,Time In Possession,time_in_possession_out_of_range,Warriors v Dragons,15,away,168,2.8,stat-specific sanity range,
team,2002,time_in_possession,Time In Possession,time_in_possession_out_of_range,Warriors v Dragons,15,home,156,2.6,stat-specific sanity range,
team,2002,time_in_possession,Time In Possession,time_in_possession_out_of_range,Warriors v Eels,19,away,168,2.8,stat-specific sanity range,
team,2002,time_in_possession,Time In Possession,time_in_possession_out_of_range,Warriors v Eels,19,home,230,3.8333333333333335,stat-specific sanity range,
team,2002,time_in_possession,Time In Possession,time_in_possession_out_of_range,Warriors v Rabbitohs,9,away,161,2.683333333333333,stat-specific sanity range,
team,2002,time_in_possession,Time In Possession,time_in_possession_out_of_range,Warriors v Rabbitohs,9,home,184,3.066666666666667,stat-specific sanity range,
team,2002,time_in_possession,Time In Possession,time_in_possession_out_of_range,Warriors v Raiders,27,away,156,2.6,stat-specific sanity range,
team,2002,time_in_possession,Time In Possession,time_in_possession_out_of_range,Warriors v Raiders,27,home,182,3.033333333333333,stat-specific sanity range,
team,2002,time_in_possession,Time In Possession,time_in_possession_out_of_range,Warriors v Sharks,12,away,177,2.95,stat-specific sanity range,
team,2002,time_in_possession,Time In Possession,time_in_possession_out_of_range,Warriors v Sharks,29,away,172,2.8666666666666667,stat-specific sanity range,
team,2002,time_in_possession,Time In Possession,time_in_possession_out_of_range,Warriors v Sharks,12,home,169,2.816666666666667,stat-specific sanity range,
team,2002,time_in_possession,Time In Possession,time_in_possession_out_of_range,Warriors v Sharks,29,home,211,3.5166666666666666,stat-specific sanity range,
team,2002,time_in_possession,Time In Possession,time_in_possession_out_of_range,Warriors v Storm,7,away,181,3.0166666666666666,stat-specific sanity range,
team,2002,time_in_possession,Time In Possession,time_in_possession_out_of_range,Warriors v Storm,7,home,190,3.1666666666666665,stat-specific sanity range,
team,2002,time_in_possession,Time In Possession,time_in_possession_out_of_range,Warriors v Wests Tigers,26,away,151,2.5166666666666666,stat-specific sanity range,
team,2002,time_in_possession,Time In Possession,time_in_possession_out_of_range,Warriors v Wests Tigers,26,home,172,2.8666666666666667,stat-specific sanity range,
team,2002,time_in_possession,Time In Possession,time_in_possession_out_of_range,Wests Tigers v Dragons,20,away,188,3.1333333333333333,stat-specific sanity range,
team,2002,time_in_possession,Time In Possession,time_in_possession_out_of_range,Wests Tigers v Dragons,20,home,179,2.9833333333333334,stat-specific sanity range,
team,2002,time_in_possession,Time In Possession,time_in_possession_out_of_range,Wests Tigers v Knights,15,away,179,2.9833333333333334,stat-specific sanity range,
team,2002,time_in_possession,Time In Possession,time_in_possession_out_of_range,Wests Tigers v Knights,15,home,186,3.1,stat-specific sanity range,
team,2002,time_in_possession,Time In Possession,time_in_possession_out_of_range,Wests Tigers v Panthers,14,away,189,3.15,stat-specific sanity range,
team,2002,time_in_possession,Time In Possession,time_in_possession_out_of_range,Wests Tigers v Panthers,14,home,198,3.3,stat-specific sanity range,
team,2002,time_in_possession,Time In Possession,time_in_possession_out_of_range,Wests Tigers v Rabbitohs,18,away,181,3.0166666666666666,stat-specific sanity range,
team,2002,time_in_possession,Time In Possession,time_in_possession_out_of_range,Wests Tigers v Rabbitohs,18,home,157,2.6166666666666667,stat-specific sanity range,
team,2002,time_in_possession,Time In Possession,time_in_possession_out_of_range,Wests Tigers v Sharks,23,away,206,3.433333333333333,stat-specific sanity range,
team,2002,time_in_possession,Time In Possession,time_in_possession_out_of_range,Wests Tigers v Sharks,23,home,168,2.8,stat-specific sanity range,
team,2002,time_in_possession,Time In Possession,time_in_possession_out_of_range,Wests Tigers v Storm,24,away,197,3.283333333333333,stat-specific sanity range,
team,2002,time_in_possession,Time In Possession,time_in_possession_out_of_range,Wests Tigers v Storm,24,home,213,3.55,stat-specific sanity range,
team,2002,time_in_possession,Time In Possession,time_in_possession_out_of_range,Wests Tigers v Warriors,8,away,161,2.683333333333333,stat-specific sanity range,
team,2002,time_in_possession,Time In Possession,time_in_possession_out_of_range,Wests Tigers v Warriors,8,home,187,3.1166666666666667,stat-specific sanity range,
team,2003,line_breaks,Line Breaks,order_of_magnitude_high,Cowboys v Knights,22,away,626,626,season median ~ 14,Value is 44.71x the season median
team,2003,line_breaks,Line Breaks,order_of_magnitude_high,Cowboys v Knights,22,home,591,591,season median ~ 14,Value is 42.21x the season median
team,2003,line_breaks,Line Breaks,order_of_magnitude_high,Dragons v Warriors,22,away,400,400,season median ~ 14,Value is 28.57x the season median
team,2003,line_breaks,Line Breaks,order_of_magnitude_high,Dragons v Warriors,22,home,506,506,season median ~ 14,Value is 36.14x the season median
team,2003,offloads,Offloads,order_of_magnitude_high,Broncos v Cowboys,9,away,321,321,season median ~ 34,Value is 9.44x the season median
team,2003,offloads,Offloads,order_of_magnitude_high,Broncos v Cowboys,9,home,269,269,season median ~ 34,Value is 7.91x the season median
team,2003,offloads,Offloads,order_of_magnitude_high,Broncos v Eels,25,away,302,302,season median ~ 34,Value is 8.88x the season median
team,2003,offloads,Offloads,order_of_magnitude_high,Broncos v Eels,25,home,362,362,season median ~ 34,Value is 10.65x the season median
team,2003,offloads,Offloads,order_of_magnitude_high,Bulldogs v Broncos,11,away,299,299,season median ~ 34,Value is 8.79x the season median
team,2003,offloads,Offloads,order_of_magnitude_high,Bulldogs v Broncos,11,home,299,299,season median ~ 34,Value is 8.79x the season median
team,2003,offloads,Offloads,order_of_magnitude_high,Bulldogs v Dragons,6,away,323,323,season median ~ 34,Value is 9.50x the season median
team,2003,offloads,Offloads,order_of_magnitude_high,Bulldogs v Dragons,6,home,324,324,season median ~ 34,Value is 9.53x the season median
team,2003,offloads,Offloads,order_of_magnitude_high,Bulldogs v Eels,4,away,343,343,season median ~ 34,Value is 10.09x the season median
team,2003,offloads,Offloads,order_of_magnitude_high,Bulldogs v Eels,4,home,226,226,season median ~ 34,Value is 6.65x the season median
team,2003,offloads,Offloads,order_of_magnitude_high,Cowboys v Dragons,19,away,270,270,season median ~ 34,Value is 7.94x the season median
team,2003,offloads,Offloads,order_of_magnitude_high,Cowboys v Dragons,19,home,300,300,season median ~ 34,Value is 8.82x the season median
team,2003,offloads,Offloads,order_of_magnitude_high,Cowboys v Panthers,13,away,306,306,season median ~ 34,Value is 9.00x the season median
team,2003,offloads,Offloads,order_of_magnitude_high,Cowboys v Panthers,13,home,357,357,season median ~ 34,Value is 10.50x the season median
team,2003,offloads,Offloads,order_of_magnitude_high,Dragons v Bulldogs,10,away,401,401,season median ~ 34,Value is 11.79x the season median
team,2003,offloads,Offloads,order_of_magnitude_high,Dragons v Bulldogs,10,home,311,311,season median ~ 34,Value is 9.15x the season median
team,2003,offloads,Offloads,order_of_magnitude_high,Dragons v Panthers,21,away,297,297,season median ~ 34,Value is 8.74x the season median
team,2003,offloads,Offloads,order_of_magnitude_high,Dragons v Panthers,21,home,284,284,season median ~ 34,Value is 8.35x the season median
team,2003,offloads,Offloads,order_of_magnitude_high,Eels v Dragons,20,away,347,347,season median ~ 34,Value is 10.21x the season median
team,2003,offloads,Offloads,order_of_magnitude_high,Eels v Dragons,20,home,265,265,season median ~ 34,Value is 7.79x the season median
team,2003,offloads,Offloads,order_of_magnitude_high,Eels v Sea Eagles,17,away,291,291,season median ~ 34,Value is 8.56x the season median
team,2003,offloads,Offloads,order_of_magnitude_high,Eels v Sea Eagles,17,home,276,276,season median ~ 34,Value is 8.12x the season median
team,2003,offloads,Offloads,order_of_magnitude_high,Eels v Storm,11,away,341,341,season median ~ 34,Value is 10.03x the season median
team,2003,offloads,Offloads,order_of_magnitude_high,Eels v Storm,11,home,354,354,season median ~ 34,Value is 10.41x the season median
team,2003,offloads,Offloads,order_of_magnitude_high,Eels v Wests Tigers,21,away,337,337,season median ~ 34,Value is 9.91x the season median
team,2003,offloads,Offloads,order_of_magnitude_high,Eels v Wests Tigers,21,home,304,304,season median ~ 34,Value is 8.94x the season median
team,2003,offloads,Offloads,order_of_magnitude_high,Knights v Panthers,19,away,253,253,season median ~ 34,Value is 7.44x the season median
team,2003,offloads,Offloads,order_of_magnitude_high,Knights v Panthers,19,home,293,293,season median ~ 34,Value is 8.62x the season median
team,2003,offloads,Offloads,order_of_magnitude_high,Panthers v Broncos,27,away,318,318,season median ~ 34,Value is 9.35x the season median
team,2003,offloads,Offloads,order_of_magnitude_high,Panthers v Broncos,27,home,292,292,season median ~ 34,Value is 8.59x the season median
team,2003,offloads,Offloads,order_of_magnitude_high,Panthers v Bulldogs,16,away,302,302,season median ~ 34,Value is 8.88x the season median
team,2003,offloads,Offloads,order_of_magnitude_high,Panthers v Bulldogs,16,home,225,225,season median ~ 34,Value is 6.62x the season median
team,2003,offloads,Offloads,order_of_magnitude_high,Panthers v Roosters,20,away,305,305,season median ~ 34,Value is 8.97x the season median
team,2003,offloads,Offloads,order_of_magnitude_high,Panthers v Roosters,20,home,291,291,season median ~ 34,Value is 8.56x the season median
team,2003,offloads,Offloads,order_of_magnitude_high,Rabbitohs v Cowboys,3,away,276,276,season median ~ 34,Value is 8.12x the season median
team,2003,offloads,Offloads,order_of_magnitude_high,Rabbitohs v Cowboys,3,home,255,255,season median ~ 34,Value is 7.50x the season median
team,2003,offloads,Offloads,order_of_magnitude_high,Rabbitohs v Wests Tigers,5,away,269,269,season median ~ 34,Value is 7.91x the season median
team,2003,offloads,Offloads,order_of_magnitude_high,Rabbitohs v Wests Tigers,5,home,282,282,season median ~ 34,Value is 8.29x the season median
team,2003,offloads,Offloads,order_of_magnitude_high,Raiders v Dragons,3,away,316,316,season median ~ 34,Value is 9.29x the season median
team,2003,offloads,Offloads,order_of_magnitude_high,Raiders v Dragons,3,home,295,295,season median ~ 34,Value is 8.68x the season median
team,2003,offloads,Offloads,order_of_magnitude_high,Roosters v Bulldogs,29,away,287,287,season median ~ 34,Value is 8.44x the season median
team,2003,offloads,Offloads,order_of_magnitude_high,Roosters v Bulldogs,29,home,315,315,season median ~ 34,Value is 9.26x the season median
team,2003,offloads,Offloads,order_of_magnitude_high,Roosters v Cowboys,14,away,327,327,season median ~ 34,Value is 9.62x the season median
team,2003,offloads,Offloads,order_of_magnitude_high,Roosters v Cowboys,14,home,323,323,season median ~ 34,Value is 9.50x the season median
team,2003,offloads,Offloads,order_of_magnitude_high,Roosters v Dragons,7,away,317,317,season median ~ 34,Value is 9.32x the season median
team,2003,offloads,Offloads,order_of_magnitude_high,Roosters v Dragons,7,home,342,342,season median ~ 34,Value is 10.06x the season median
team,2003,offloads,Offloads,order_of_magnitude_high,Roosters v Knights,10,away,326,326,season median ~ 34,Value is 9.59x the season median
team,2003,offloads,Offloads,order_of_magnitude_high,Roosters v Knights,27,away,308,308,season median ~ 34,Value is 9.06x the season median
team,2003,offloads,Offloads,order_of_magnitude_high,Roosters v Knights,10,home,273,273,season median ~ 34,Value is 8.03x the season median
team,2003,offloads,Offloads,order_of_magnitude_high,Roosters v Knights,27,home,345,345,season median ~ 34,Value is 10.15x the season median
team,2003,offloads,Offloads,order_of_magnitude_high,Roosters v Sea Eagles,24,away,290,290,season median ~ 34,Value is 8.53x the season median
team,2003,offloads,Offloads,order_of_magnitude_high,Roosters v Sea Eagles,24,home,234,234,season median ~ 34,Value is 6.88x the season median
team,2003,offloads,Offloads,order_of_magnitude_high,Roosters v Sharks,22,away,328,328,season median ~ 34,Value is 9.65x the season median
team,2003,offloads,Offloads,order_of_magnitude_high,Roosters v Sharks,22,home,264,264,season median ~ 34,Value is 7.76x the season median
team,2003,offloads,Offloads,order_of_magnitude_high,Sea Eagles v Roosters,19,away,263,263,season median ~ 34,Value is 7.74x the season median
team,2003,offloads,Offloads,order_of_magnitude_high,Sea Eagles v Roosters,19,home,265,265,season median ~ 34,Value is 7.79x the season median
team,2003,offloads,Offloads,order_of_magnitude_high,Sea Eagles v Warriors,3,away,273,273,season median ~ 34,Value is 8.03x the season median
team,2003,offloads,Offloads,order_of_magnitude_high,Sea Eagles v Warriors,3,home,236,236,season median ~ 34,Value is 6.94x the season median
team,2003,offloads,Offloads,order_of_magnitude_high,Sharks v Roosters,4,away,273,273,season median ~ 34,Value is 8.03x the season median
team,2003,offloads,Offloads,order_of_magnitude_high,Sharks v Roosters,4,home,288,288,season median ~ 34,Value is 8.47x the season median
team,2003,offloads,Offloads,order_of_magnitude_high,Storm v Bulldogs,15,away,279,279,season median ~ 34,Value is 8.21x the season median
team,2003,offloads,Offloads,order_of_magnitude_high,Storm v Bulldogs,15,home,353,353,season median ~ 34,Value is 10.38x the season median
team,2003,offloads,Offloads,order_of_magnitude_high,Storm v Sharks,5,away,313,313,season median ~ 34,Value is 9.21x the season median
team,2003,offloads,Offloads,order_of_magnitude_high,Storm v Sharks,5,home,369,369,season median ~ 34,Value is 10.85x the season median
team,2003,offloads,Offloads,order_of_magnitude_high,Warriors v Bulldogs,2,away,279,279,season median ~ 34,Value is 8.21x the season median
team,2003,offloads,Offloads,order_of_magnitude_high,Warriors v Bulldogs,2,home,265,265,season median ~ 34,Value is 7.79x the season median
team,2003,offloads,Offloads,order_of_magnitude_high,Warriors v Sharks,13,away,312,312,season median ~ 34,Value is 9.18x the season median
team,2003,offloads,Offloads,order_of_magnitude_high,Warriors v Sharks,13,home,277,277,season median ~ 34,Value is 8.15x the season median
team,2003,offloads,Offloads,order_of_magnitude_high,Wests Tigers v Sea Eagles,13,away,290,290,season median ~ 34,Value is 8.53x the season median
team,2003,offloads,Offloads,order_of_magnitude_high,Wests Tigers v Sea Eagles,13,home,271,271,season median ~ 34,Value is 7.97x the season median
team,2003,tackle_breaks,Tackle Breaks,order_of_magnitude_high,Cowboys v Knights,22,away,219,219,season median ~ 20,Value is 10.95x the season median
team,2003,tackle_breaks,Tackle Breaks,order_of_magnitude_high,Cowboys v Knights,22,home,296,296,season median ~ 20,Value is 14.80x the season median
team,2003,tackle_breaks,Tackle Breaks,order_of_magnitude_high,Dragons v Warriors,22,away,260,260,season median ~ 20,Value is 13.00x the season median
team,2003,tackle_breaks,Tackle Breaks,order_of_magnitude_high,Dragons v Warriors,22,home,291,291,season median ~ 20,Value is 14.55x the season median
team,2003,time_in_possession,Time In Possession,time_in_possession_out_of_range,Cowboys v Knights,22,away,195,3.25,stat-specific sanity range,
team,2003,time_in_possession,Time In Possession,time_in_possession_out_of_range,Cowboys v Knights,22,home,149,2.4833333333333334,stat-specific sanity range,
team,2003,time_in_possession,Time In Possession,time_in_possession_out_of_range,Dragons v Warriors,22,away,171,2.85,stat-specific sanity range,
team,2003,time_in_possession,Time In Possession,time_in_possession_out_of_range,Dragons v Warriors,22,home,165,2.75,stat-specific sanity range,
team,2004,all_run_metres,All Run Metres,order_of_magnitude_high,Roosters v Bulldogs,30,away,"1,585",1585,season median ~ 22.5,Value is 70.44x the season median
team,2004,all_run_metres,All Run Metres,order_of_magnitude_high,Roosters v Bulldogs,30,home,"1,413",1413,season median ~ 22.5,Value is 62.80x the season median
team,2004,offloads,Offloads,order_of_magnitude_high,Broncos v Panthers,7,away,294,294,season median ~ 36,Value is 8.17x the season median
team,2004,offloads,Offloads,order_of_magnitude_high,Broncos v Panthers,7,home,291,291,season median ~ 36,Value is 8.08x the season median
team,2004,offloads,Offloads,order_of_magnitude_high,Broncos v Sharks,13,away,302,302,season median ~ 36,Value is 8.39x the season median
team,2004,offloads,Offloads,order_of_magnitude_high,Broncos v Sharks,13,home,296,296,season median ~ 36,Value is 8.22x the season median
team,2004,offloads,Offloads,order_of_magnitude_high,Bulldogs v Knights,25,away,324,324,season median ~ 36,Value is 9.00x the season median
team,2004,offloads,Offloads,order_of_magnitude_high,Bulldogs v Knights,25,home,211,211,season median ~ 36,Value is 5.86x the season median
team,2004,offloads,Offloads,order_of_magnitude_high,Bulldogs v Panthers,21,away,298,298,season median ~ 36,Value is 8.28x the season median
team,2004,offloads,Offloads,order_of_magnitude_high,Bulldogs v Panthers,21,home,259,259,season median ~ 36,Value is 7.19x the season median
team,2004,offloads,Offloads,order_of_magnitude_high,Bulldogs v Roosters,13,away,305,305,season median ~ 36,Value is 8.47x the season median
team,2004,offloads,Offloads,order_of_magnitude_high,Bulldogs v Roosters,13,home,279,279,season median ~ 36,Value is 7.75x the season median
team,2004,offloads,Offloads,order_of_magnitude_high,Bulldogs v Wests Tigers,11,away,310,310,season median ~ 36,Value is 8.61x the season median
team,2004,offloads,Offloads,order_of_magnitude_high,Bulldogs v Wests Tigers,11,home,282,282,season median ~ 36,Value is 7.83x the season median
team,2004,offloads,Offloads,order_of_magnitude_high,Dragons v Knights,4,away,271,271,season median ~ 36,Value is 7.53x the season median
team,2004,offloads,Offloads,order_of_magnitude_high,Dragons v Knights,4,home,291,291,season median ~ 36,Value is 8.08x the season median
team,2004,offloads,Offloads,order_of_magnitude_high,Dragons v Panthers,6,away,299,299,season median ~ 36,Value is 8.31x the season median
team,2004,offloads,Offloads,order_of_magnitude_high,Dragons v Panthers,6,home,253,253,season median ~ 36,Value is 7.03x the season median
team,2004,offloads,Offloads,order_of_magnitude_high,Dragons v Sea Eagles,25,away,271,271,season median ~ 36,Value is 7.53x the season median
team,2004,offloads,Offloads,order_of_magnitude_high,Dragons v Sea Eagles,25,home,255,255,season median ~ 36,Value is 7.08x the season median
team,2004,offloads,Offloads,order_of_magnitude_high,Dragons v Storm,22,away,323,323,season median ~ 36,Value is 8.97x the season median
team,2004,offloads,Offloads,order_of_magnitude_high,Dragons v Storm,22,home,293,293,season median ~ 36,Value is 8.14x the season median
team,2004,offloads,Offloads,order_of_magnitude_high,Dragons v Wests Tigers,15,away,321,321,season median ~ 36,Value is 8.92x the season median
team,2004,offloads,Offloads,order_of_magnitude_high,Dragons v Wests Tigers,15,home,261,261,season median ~ 36,Value is 7.25x the season median
team,2004,offloads,Offloads,order_of_magnitude_high,Eels v Storm,10,away,281,281,season median ~ 36,Value is 7.81x the season median
team,2004,offloads,Offloads,order_of_magnitude_high,Eels v Storm,10,home,329,329,season median ~ 36,Value is 9.14x the season median
team,2004,offloads,Offloads,order_of_magnitude_high,Knights v Broncos,19,away,347,347,season median ~ 36,Value is 9.64x the season median
team,2004,offloads,Offloads,order_of_magnitude_high,Knights v Broncos,19,home,371,371,season median ~ 36,Value is 10.31x the season median
team,2004,offloads,Offloads,order_of_magnitude_high,Knights v Bulldogs,9,away,287,287,season median ~ 36,Value is 7.97x the season median
team,2004,offloads,Offloads,order_of_magnitude_high,Knights v Bulldogs,9,home,370,370,season median ~ 36,Value is 10.28x the season median
team,2004,offloads,Offloads,order_of_magnitude_high,Knights v Roosters,6,away,318,318,season median ~ 36,Value is 8.83x the season median
team,2004,offloads,Offloads,order_of_magnitude_high,Knights v Roosters,6,home,301,301,season median ~ 36,Value is 8.36x the season median
team,2004,offloads,Offloads,order_of_magnitude_high,Panthers v Bulldogs,29,away,255,255,season median ~ 36,Value is 7.08x the season median
team,2004,offloads,Offloads,order_of_magnitude_high,Panthers v Bulldogs,29,home,295,295,season median ~ 36,Value is 8.19x the season median
team,2004,offloads,Offloads,order_of_magnitude_high,Panthers v Cowboys,24,away,358,358,season median ~ 36,Value is 9.94x the season median
team,2004,offloads,Offloads,order_of_magnitude_high,Panthers v Cowboys,24,home,237,237,season median ~ 36,Value is 6.58x the season median
team,2004,offloads,Offloads,order_of_magnitude_high,Panthers v Eels,16,away,337,337,season median ~ 36,Value is 9.36x the season median
team,2004,offloads,Offloads,order_of_magnitude_high,Panthers v Eels,16,home,277,277,season median ~ 36,Value is 7.69x the season median
team,2004,offloads,Offloads,order_of_magnitude_high,Panthers v Storm,5,away,290,290,season median ~ 36,Value is 8.06x the season median
team,2004,offloads,Offloads,order_of_magnitude_high,Panthers v Storm,5,home,243,243,season median ~ 36,Value is 6.75x the season median
team,2004,offloads,Offloads,order_of_magnitude_high,Rabbitohs v Panthers,18,away,359,359,season median ~ 36,Value is 9.97x the season median
team,2004,offloads,Offloads,order_of_magnitude_high,Rabbitohs v Panthers,18,home,285,285,season median ~ 36,Value is 7.92x the season median
team,2004,offloads,Offloads,order_of_magnitude_high,Raiders v Panthers,2,away,273,273,season median ~ 36,Value is 7.58x the season median
team,2004,offloads,Offloads,order_of_magnitude_high,Raiders v Panthers,2,home,272,272,season median ~ 36,Value is 7.56x the season median
team,2004,offloads,Offloads,order_of_magnitude_high,Raiders v Rabbitohs,26,away,281,281,season median ~ 36,Value is 7.81x the season median
team,2004,offloads,Offloads,order_of_magnitude_high,Raiders v Rabbitohs,26,home,227,227,season median ~ 36,Value is 6.31x the season median
team,2004,offloads,Offloads,order_of_magnitude_high,Roosters v Bulldogs,3,away,294,294,season median ~ 36,Value is 8.17x the season median
team,2004,offloads,Offloads,order_of_magnitude_high,Roosters v Bulldogs,30,away,389,389,season median ~ 36,Value is 10.81x the season median
team,2004,offloads,Offloads,order_of_magnitude_high,Roosters v Bulldogs,3,home,291,291,season median ~ 36,Value is 8.08x the season median
team,2004,offloads,Offloads,order_of_magnitude_high,Roosters v Bulldogs,30,home,337,337,season median ~ 36,Value is 9.36x the season median
team,2004,offloads,Offloads,order_of_magnitude_high,Roosters v Cowboys,17,away,309,309,season median ~ 36,Value is 8.58x the season median
team,2004,offloads,Offloads,order_of_magnitude_high,Roosters v Cowboys,17,home,283,283,season median ~ 36,Value is 7.86x the season median
team,2004,offloads,Offloads,order_of_magnitude_high,Roosters v Sharks,22,away,232,232,season median ~ 36,Value is 6.44x the season median
team,2004,offloads,Offloads,order_of_magnitude_high,Roosters v Sharks,22,home,343,343,season median ~ 36,Value is 9.53x the season median
team,2004,offloads,Offloads,order_of_magnitude_high,Sea Eagles v Bulldogs,17,away,224,224,season median ~ 36,Value is 6.22x the season median
team,2004,offloads,Offloads,order_of_magnitude_high,Sea Eagles v Bulldogs,17,home,214,214,season median ~ 36,Value is 5.94x the season median
team,2004,offloads,Offloads,order_of_magnitude_high,Sea Eagles v Knights,23,away,330,330,season median ~ 36,Value is 9.17x the season median
team,2004,offloads,Offloads,order_of_magnitude_high,Sea Eagles v Knights,23,home,292,292,season median ~ 36,Value is 8.11x the season median
team,2004,offloads,Offloads,order_of_magnitude_high,Sea Eagles v Warriors,4,away,258,258,season median ~ 36,Value is 7.17x the season median
team,2004,offloads,Offloads,order_of_magnitude_high,Sea Eagles v Warriors,4,home,298,298,season median ~ 36,Value is 8.28x the season median
team,2004,offloads,Offloads,order_of_magnitude_high,Storm v Knights,2,away,287,287,season median ~ 36,Value is 7.97x the season median
team,2004,offloads,Offloads,order_of_magnitude_high,Storm v Knights,2,home,281,281,season median ~ 36,Value is 7.81x the season median
team,2004,offloads,Offloads,order_of_magnitude_high,Storm v Sharks,9,away,310,310,season median ~ 36,Value is 8.61x the season median
team,2004,offloads,Offloads,order_of_magnitude_high,Storm v Sharks,9,home,327,327,season median ~ 36,Value is 9.08x the season median
team,2004,offloads,Offloads,order_of_magnitude_high,Warriors v Knights,5,away,322,322,season median ~ 36,Value is 8.94x the season median
team,2004,offloads,Offloads,order_of_magnitude_high,Warriors v Knights,5,home,311,311,season median ~ 36,Value is 8.64x the season median
team,2004,offloads,Offloads,order_of_magnitude_high,Warriors v Roosters,25,away,304,304,season median ~ 36,Value is 8.44x the season median
team,2004,offloads,Offloads,order_of_magnitude_high,Warriors v Roosters,25,home,250,250,season median ~ 36,Value is 6.94x the season median
team,2005,all_run_metres,All Run Metres,order_of_magnitude_high,Wests Tigers v Cowboys,30,away,"1,667",1667,season median ~ 25,Value is 66.68x the season median
team,2005,all_run_metres,All Run Metres,order_of_magnitude_high,Wests Tigers v Cowboys,30,home,"1,557",1557,season median ~ 25,Value is 62.28x the season median
team,2005,line_breaks,Line Breaks,order_of_magnitude_high,Broncos v Rabbitohs,12,away,413,413,season median ~ 14.5,Value is 28.48x the season median
team,2005,line_breaks,Line Breaks,order_of_magnitude_high,Broncos v Rabbitohs,12,home,545,545,season median ~ 14.5,Value is 37.59x the season median
team,2005,line_breaks,Line Breaks,order_of_magnitude_high,Broncos v Sharks,17,away,450,450,season median ~ 14.5,Value is 31.03x the season median
team,2005,line_breaks,Line Breaks,order_of_magnitude_high,Broncos v Sharks,17,home,774,774,season median ~ 14.5,Value is 53.38x the season median
team,2005,line_breaks,Line Breaks,order_of_magnitude_high,Dragons v Knights,26,away,467,467,season median ~ 14.5,Value is 32.21x the season median
team,2005,line_breaks,Line Breaks,order_of_magnitude_high,Dragons v Knights,26,home,550,550,season median ~ 14.5,Value is 37.93x the season median
team,2005,line_breaks,Line Breaks,order_of_magnitude_high,Eels v Raiders,25,away,511,511,season median ~ 14.5,Value is 35.24x the season median
team,2005,line_breaks,Line Breaks,order_of_magnitude_high,Eels v Raiders,25,home,540,540,season median ~ 14.5,Value is 37.24x the season median
team,2005,line_breaks,Line Breaks,order_of_magnitude_high,Eels v Warriors,15,away,530,530,season median ~ 14.5,Value is 36.55x the season median
team,2005,line_breaks,Line Breaks,order_of_magnitude_high,Eels v Warriors,15,home,539,539,season median ~ 14.5,Value is 37.17x the season median
team,2005,line_breaks,Line Breaks,order_of_magnitude_high,Panthers v Bulldogs,19,away,939,939,season median ~ 14.5,Value is 64.76x the season median
team,2005,line_breaks,Line Breaks,order_of_magnitude_high,Panthers v Bulldogs,19,home,674,674,season median ~ 14.5,Value is 46.48x the season median
team,2005,line_breaks,Line Breaks,order_of_magnitude_high,Rabbitohs v Cowboys,25,away,666,666,season median ~ 14.5,Value is 45.93x the season median
team,2005,line_breaks,Line Breaks,order_of_magnitude_high,Rabbitohs v Cowboys,25,home,455,455,season median ~ 14.5,Value is 31.38x the season median
team,2005,line_breaks,Line Breaks,order_of_magnitude_high,Rabbitohs v Sharks,18,away,508,508,season median ~ 14.5,Value is 35.03x the season median
team,2005,line_breaks,Line Breaks,order_of_magnitude_high,Rabbitohs v Sharks,18,home,520,520,season median ~ 14.5,Value is 35.86x the season median
team,2005,line_breaks,Line Breaks,order_of_magnitude_high,Sharks v Knights,19,away,650,650,season median ~ 14.5,Value is 44.83x the season median
team,2005,line_breaks,Line Breaks,order_of_magnitude_high,Sharks v Knights,19,home,609,609,season median ~ 14.5,Value is 42.00x the season median
team,2005,line_breaks,Line Breaks,order_of_magnitude_high,Wests Tigers v Panthers,26,away,678,678,season median ~ 14.5,Value is 46.76x the season median
team,2005,line_breaks,Line Breaks,order_of_magnitude_high,Wests Tigers v Panthers,26,home,633,633,season median ~ 14.5,Value is 43.66x the season median
team,2005,offloads,Offloads,order_of_magnitude_high,Broncos v Bulldogs,9,away,267,267,season median ~ 39,Value is 6.85x the season median
team,2005,offloads,Offloads,order_of_magnitude_high,Broncos v Bulldogs,9,home,297,297,season median ~ 39,Value is 7.62x the season median
team,2005,offloads,Offloads,order_of_magnitude_high,Bulldogs v Panthers,25,away,276,276,season median ~ 39,Value is 7.08x the season median
team,2005,offloads,Offloads,order_of_magnitude_high,Bulldogs v Panthers,25,home,319,319,season median ~ 39,Value is 8.18x the season median
team,2005,offloads,Offloads,order_of_magnitude_high,Bulldogs v Roosters,6,away,279,279,season median ~ 39,Value is 7.15x the season median
team,2005,offloads,Offloads,order_of_magnitude_high,Bulldogs v Roosters,6,home,280,280,season median ~ 39,Value is 7.18x the season median
team,2005,offloads,Offloads,order_of_magnitude_high,Cowboys v Broncos,10,away,318,318,season median ~ 39,Value is 8.15x the season median
team,2005,offloads,Offloads,order_of_magnitude_high,Cowboys v Broncos,10,home,355,355,season median ~ 39,Value is 9.10x the season median
team,2005,offloads,Offloads,order_of_magnitude_high,Cowboys v Knights,4,away,312,312,season median ~ 39,Value is 8.00x the season median
team,2005,offloads,Offloads,order_of_magnitude_high,Cowboys v Knights,4,home,235,235,season median ~ 39,Value is 6.03x the season median
team,2005,offloads,Offloads,order_of_magnitude_high,Dragons v Panthers,10,away,294,294,season median ~ 39,Value is 7.54x the season median
team,2005,offloads,Offloads,order_of_magnitude_high,Dragons v Panthers,10,home,266,266,season median ~ 39,Value is 6.82x the season median
team,2005,offloads,Offloads,order_of_magnitude_high,Dragons v Sharks,27,away,295,295,season median ~ 39,Value is 7.56x the season median
team,2005,offloads,Offloads,order_of_magnitude_high,Dragons v Sharks,27,home,317,317,season median ~ 39,Value is 8.13x the season median
team,2005,offloads,Offloads,order_of_magnitude_high,Eels v Sharks,3,away,331,331,season median ~ 39,Value is 8.49x the season median
team,2005,offloads,Offloads,order_of_magnitude_high,Eels v Sharks,3,home,330,330,season median ~ 39,Value is 8.46x the season median
team,2005,offloads,Offloads,order_of_magnitude_high,Eels v Wests Tigers,7,away,328,328,season median ~ 39,Value is 8.41x the season median
team,2005,offloads,Offloads,order_of_magnitude_high,Eels v Wests Tigers,7,home,251,251,season median ~ 39,Value is 6.44x the season median
team,2005,offloads,Offloads,order_of_magnitude_high,Knights v Broncos,13,away,314,314,season median ~ 39,Value is 8.05x the season median
team,2005,offloads,Offloads,order_of_magnitude_high,Knights v Broncos,13,home,335,335,season median ~ 39,Value is 8.59x the season median
team,2005,offloads,Offloads,order_of_magnitude_high,Knights v Bulldogs,7,away,312,312,season median ~ 39,Value is 8.00x the season median
team,2005,offloads,Offloads,order_of_magnitude_high,Knights v Bulldogs,7,home,328,328,season median ~ 39,Value is 8.41x the season median
team,2005,offloads,Offloads,order_of_magnitude_high,Knights v Wests Tigers,10,away,334,334,season median ~ 39,Value is 8.56x the season median
team,2005,offloads,Offloads,order_of_magnitude_high,Knights v Wests Tigers,10,home,323,323,season median ~ 39,Value is 8.28x the season median
team,2005,offloads,Offloads,order_of_magnitude_high,Panthers v Broncos,24,away,290,290,season median ~ 39,Value is 7.44x the season median
team,2005,offloads,Offloads,order_of_magnitude_high,Panthers v Broncos,24,home,287,287,season median ~ 39,Value is 7.36x the season median
team,2005,offloads,Offloads,order_of_magnitude_high,Panthers v Dragons,3,away,316,316,season median ~ 39,Value is 8.10x the season median
team,2005,offloads,Offloads,order_of_magnitude_high,Panthers v Dragons,3,home,269,269,season median ~ 39,Value is 6.90x the season median
team,2005,offloads,Offloads,order_of_magnitude_high,Panthers v Roosters,2,away,317,317,season median ~ 39,Value is 8.13x the season median
team,2005,offloads,Offloads,order_of_magnitude_high,Panthers v Roosters,2,home,244,244,season median ~ 39,Value is 6.26x the season median
team,2005,offloads,Offloads,order_of_magnitude_high,Panthers v Sharks,11,away,253,253,season median ~ 39,Value is 6.49x the season median
team,2005,offloads,Offloads,order_of_magnitude_high,Panthers v Sharks,11,home,266,266,season median ~ 39,Value is 6.82x the season median
team,2005,offloads,Offloads,order_of_magnitude_high,Panthers v Storm,5,away,295,295,season median ~ 39,Value is 7.56x the season median
team,2005,offloads,Offloads,order_of_magnitude_high,Panthers v Storm,5,home,213,213,season median ~ 39,Value is 5.46x the season median
team,2005,offloads,Offloads,order_of_magnitude_high,Rabbitohs v Knights,5,away,321,321,season median ~ 39,Value is 8.23x the season median
team,2005,offloads,Offloads,order_of_magnitude_high,Rabbitohs v Knights,5,home,262,262,season median ~ 39,Value is 6.72x the season median
team,2005,offloads,Offloads,order_of_magnitude_high,Rabbitohs v Sea Eagles,14,away,378,378,season median ~ 39,Value is 9.69x the season median
team,2005,offloads,Offloads,order_of_magnitude_high,Rabbitohs v Sea Eagles,14,home,223,223,season median ~ 39,Value is 5.72x the season median
team,2005,offloads,Offloads,order_of_magnitude_high,Raiders v Broncos,14,away,315,315,season median ~ 39,Value is 8.08x the season median
team,2005,offloads,Offloads,order_of_magnitude_high,Raiders v Broncos,14,home,352,352,season median ~ 39,Value is 9.03x the season median
team,2005,offloads,Offloads,order_of_magnitude_high,Raiders v Sharks,10,away,247,247,season median ~ 39,Value is 6.33x the season median
team,2005,offloads,Offloads,order_of_magnitude_high,Raiders v Sharks,10,home,299,299,season median ~ 39,Value is 7.67x the season median
team,2005,offloads,Offloads,order_of_magnitude_high,Raiders v Wests Tigers,22,away,274,274,season median ~ 39,Value is 7.03x the season median
team,2005,offloads,Offloads,order_of_magnitude_high,Raiders v Wests Tigers,22,home,338,338,season median ~ 39,Value is 8.67x the season median
team,2005,offloads,Offloads,order_of_magnitude_high,Roosters v Wests Tigers,4,away,271,271,season median ~ 39,Value is 6.95x the season median
team,2005,offloads,Offloads,order_of_magnitude_high,Roosters v Wests Tigers,4,home,277,277,season median ~ 39,Value is 7.10x the season median
team,2005,offloads,Offloads,order_of_magnitude_high,Sea Eagles v Bulldogs,16,away,263,263,season median ~ 39,Value is 6.74x the season median
team,2005,offloads,Offloads,order_of_magnitude_high,Sea Eagles v Bulldogs,16,home,282,282,season median ~ 39,Value is 7.23x the season median
team,2005,offloads,Offloads,order_of_magnitude_high,Sea Eagles v Raiders,6,away,295,295,season median ~ 39,Value is 7.56x the season median
team,2005,offloads,Offloads,order_of_magnitude_high,Sea Eagles v Raiders,6,home,252,252,season median ~ 39,Value is 6.46x the season median
team,2005,offloads,Offloads,order_of_magnitude_high,Sea Eagles v Wests Tigers,9,away,265,265,season median ~ 39,Value is 6.79x the season median
team,2005,offloads,Offloads,order_of_magnitude_high,Sea Eagles v Wests Tigers,9,home,259,259,season median ~ 39,Value is 6.64x the season median
team,2005,offloads,Offloads,order_of_magnitude_high,Sharks v Rabbitohs,26,away,256,256,season median ~ 39,Value is 6.56x the season median
team,2005,offloads,Offloads,order_of_magnitude_high,Sharks v Rabbitohs,26,home,314,314,season median ~ 39,Value is 8.05x the season median
team,2005,offloads,Offloads,order_of_magnitude_high,Storm v Broncos,4,away,280,280,season median ~ 39,Value is 7.18x the season median
team,2005,offloads,Offloads,order_of_magnitude_high,Storm v Broncos,4,home,233,233,season median ~ 39,Value is 5.97x the season median
team,2005,offloads,Offloads,order_of_magnitude_high,Storm v Eels,6,away,304,304,season median ~ 39,Value is 7.79x the season median
team,2005,offloads,Offloads,order_of_magnitude_high,Storm v Eels,6,home,323,323,season median ~ 39,Value is 8.28x the season median
team,2005,offloads,Offloads,order_of_magnitude_high,Storm v Knights,1,away,316,316,season median ~ 39,Value is 8.10x the season median
team,2005,offloads,Offloads,order_of_magnitude_high,Storm v Knights,1,home,276,276,season median ~ 39,Value is 7.08x the season median
team,2005,offloads,Offloads,order_of_magnitude_high,Storm v Sharks,8,away,263,263,season median ~ 39,Value is 6.74x the season median
team,2005,offloads,Offloads,order_of_magnitude_high,Storm v Sharks,8,home,326,326,season median ~ 39,Value is 8.36x the season median
team,2005,offloads,Offloads,order_of_magnitude_high,Warriors v Knights,24,away,352,352,season median ~ 39,Value is 9.03x the season median
team,2005,offloads,Offloads,order_of_magnitude_high,Warriors v Knights,24,home,329,329,season median ~ 39,Value is 8.44x the season median
team,2005,offloads,Offloads,order_of_magnitude_high,Warriors v Sea Eagles,1,away,327,327,season median ~ 39,Value is 8.38x the season median
team,2005,offloads,Offloads,order_of_magnitude_high,Warriors v Sea Eagles,1,home,300,300,season median ~ 39,Value is 7.69x the season median
team,2005,offloads,Offloads,order_of_magnitude_high,Warriors v Storm,14,away,352,352,season median ~ 39,Value is 9.03x the season median
team,2005,offloads,Offloads,order_of_magnitude_high,Warriors v Storm,14,home,283,283,season median ~ 39,Value is 7.26x the season median
team,2005,offloads,Offloads,order_of_magnitude_high,Wests Tigers v Cowboys,30,away,446,446,season median ~ 39,Value is 11.44x the season median
team,2005,offloads,Offloads,order_of_magnitude_high,Wests Tigers v Cowboys,30,home,388,388,season median ~ 39,Value is 9.95x the season median
team,2005,offloads,Offloads,order_of_magnitude_high,Wests Tigers v Warriors,5,away,287,287,season median ~ 39,Value is 7.36x the season median
team,2005,offloads,Offloads,order_of_magnitude_high,Wests Tigers v Warriors,5,home,358,358,season median ~ 39,Value is 9.18x the season median
team,2005,tackle_breaks,Tackle Breaks,order_of_magnitude_high,Broncos v Rabbitohs,12,away,271,271,season median ~ 19,Value is 14.26x the season median
team,2005,tackle_breaks,Tackle Breaks,order_of_magnitude_high,Broncos v Rabbitohs,12,home,310,310,season median ~ 19,Value is 16.32x the season median
team,2005,tackle_breaks,Tackle Breaks,order_of_magnitude_high,Broncos v Sharks,17,away,298,298,season median ~ 19,Value is 15.68x the season median
team,2005,tackle_breaks,Tackle Breaks,order_of_magnitude_high,Broncos v Sharks,17,home,302,302,season median ~ 19,Value is 15.89x the season median
team,2005,tackle_breaks,Tackle Breaks,order_of_magnitude_high,Dragons v Knights,26,away,295,295,season median ~ 19,Value is 15.53x the season median
team,2005,tackle_breaks,Tackle Breaks,order_of_magnitude_high,Dragons v Knights,26,home,277,277,season median ~ 19,Value is 14.58x the season median
team,2005,tackle_breaks,Tackle Breaks,order_of_magnitude_high,Eels v Raiders,25,away,372,372,season median ~ 19,Value is 19.58x the season median
team,2005,tackle_breaks,Tackle Breaks,order_of_magnitude_high,Eels v Raiders,25,home,251,251,season median ~ 19,Value is 13.21x the season median
team,2005,tackle_breaks,Tackle Breaks,order_of_magnitude_high,Eels v Warriors,15,away,327,327,season median ~ 19,Value is 17.21x the season median
team,2005,tackle_breaks,Tackle Breaks,order_of_magnitude_high,Eels v Warriors,15,home,351,351,season median ~ 19,Value is 18.47x the season median
team,2005,tackle_breaks,Tackle Breaks,order_of_magnitude_high,Panthers v Bulldogs,19,away,308,308,season median ~ 19,Value is 16.21x the season median
team,2005,tackle_breaks,Tackle Breaks,order_of_magnitude_high,Panthers v Bulldogs,19,home,317,317,season median ~ 19,Value is 16.68x the season median
team,2005,tackle_breaks,Tackle Breaks,order_of_magnitude_high,Rabbitohs v Cowboys,25,away,273,273,season median ~ 19,Value is 14.37x the season median
team,2005,tackle_breaks,Tackle Breaks,order_of_magnitude_high,Rabbitohs v Cowboys,25,home,282,282,season median ~ 19,Value is 14.84x the season median
team,2005,tackle_breaks,Tackle Breaks,order_of_magnitude_high,Rabbitohs v Sharks,18,away,327,327,season median ~ 19,Value is 17.21x the season median
team,2005,tackle_breaks,Tackle Breaks,order_of_magnitude_high,Rabbitohs v Sharks,18,home,287,287,season median ~ 19,Value is 15.11x the season median
team,2005,tackle_breaks,Tackle Breaks,order_of_magnitude_high,Sharks v Knights,19,away,346,346,season median ~ 19,Value is 18.21x the season median
team,2005,tackle_breaks,Tackle Breaks,order_of_magnitude_high,Sharks v Knights,19,home,325,325,season median ~ 19,Value is 17.11x the season median
team,2005,tackle_breaks,Tackle Breaks,order_of_magnitude_high,Wests Tigers v Panthers,26,away,227,227,season median ~ 19,Value is 11.95x the season median
team,2005,tackle_breaks,Tackle Breaks,order_of_magnitude_high,Wests Tigers v Panthers,26,home,342,342,season median ~ 19,Value is 18.00x the season median
team,2005,time_in_possession,Time In Possession,time_in_possession_out_of_range,Broncos v Rabbitohs,12,away,189,3.15,stat-specific sanity range,
team,2005,time_in_possession,Time In Possession,time_in_possession_out_of_range,Broncos v Rabbitohs,12,home,164,2.7333333333333334,stat-specific sanity range,
team,2005,time_in_possession,Time In Possession,time_in_possession_out_of_range,Broncos v Sharks,17,away,209,3.4833333333333334,stat-specific sanity range,
team,2005,time_in_possession,Time In Possession,time_in_possession_out_of_range,Broncos v Sharks,17,home,191,3.183333333333333,stat-specific sanity range,
team,2005,time_in_possession,Time In Possession,time_in_possession_out_of_range,Dragons v Knights,26,away,175,2.9166666666666665,stat-specific sanity range,
team,2005,time_in_possession,Time In Possession,time_in_possession_out_of_range,Dragons v Knights,26,home,167,2.783333333333333,stat-specific sanity range,
team,2005,time_in_possession,Time In Possession,time_in_possession_out_of_range,Eels v Raiders,25,away,139,2.316666666666667,stat-specific sanity range,
team,2005,time_in_possession,Time In Possession,time_in_possession_out_of_range,Eels v Raiders,25,home,201,3.35,stat-specific sanity range,
team,2005,time_in_possession,Time In Possession,time_in_possession_out_of_range,Eels v Warriors,15,away,177,2.95,stat-specific sanity range,
team,2005,time_in_possession,Time In Possession,time_in_possession_out_of_range,Eels v Warriors,15,home,173,2.8833333333333333,stat-specific sanity range,
team,2005,time_in_possession,Time In Possession,time_in_possession_out_of_range,Panthers v Bulldogs,19,away,185,3.0833333333333335,stat-specific sanity range,
team,2005,time_in_possession,Time In Possession,time_in_possession_out_of_range,Panthers v Bulldogs,19,home,190,3.1666666666666665,stat-specific sanity range,
team,2005,time_in_possession,Time In Possession,time_in_possession_out_of_range,Rabbitohs v Cowboys,25,away,187,3.1166666666666667,stat-specific sanity range,
team,2005,time_in_possession,Time In Possession,time_in_possession_out_of_range,Rabbitohs v Cowboys,25,home,160,2.6666666666666665,stat-specific sanity range,
team,2005,time_in_possession,Time In Possession,time_in_possession_out_of_range,Rabbitohs v Sharks,18,away,183,3.05,stat-specific sanity range,
team,2005,time_in_possession,Time In Possession,time_in_possession_out_of_range,Rabbitohs v Sharks,18,home,194,3.2333333333333334,stat-specific sanity range,
team,2005,time_in_possession,Time In Possession,time_in_possession_out_of_range,Sharks v Knights,19,away,203,3.3833333333333333,stat-specific sanity range,
team,2005,time_in_possession,Time In Possession,time_in_possession_out_of_range,Sharks v Knights,19,home,214,3.566666666666667,stat-specific sanity range,
team,2005,time_in_possession,Time In Possession,time_in_possession_out_of_range,Wests Tigers v Panthers,26,away,207,3.45,stat-specific sanity range,
team,2005,time_in_possession,Time In Possession,time_in_possession_out_of_range,Wests Tigers v Panthers,26,home,166,2.7666666666666666,stat-specific sanity range,
team,2006,all_run_metres,All Run Metres,order_of_magnitude_high,Storm v Broncos,30,away,"1,616",1616,season median ~ 16,Value is 101.00x the season median
team,2006,all_run_metres,All Run Metres,order_of_magnitude_high,Storm v Broncos,30,home,"1,604",1604,season median ~ 16,Value is 100.25x the season median
team,2006,offloads,Offloads,order_of_magnitude_high,Cowboys v Sea Eagles,2,away,312,312,season median ~ 32,Value is 9.75x the season median
team,2006,offloads,Offloads,order_of_magnitude_high,Cowboys v Sea Eagles,2,home,233,233,season median ~ 32,Value is 7.28x the season median
team,2006,offloads,Offloads,order_of_magnitude_high,Raiders v Broncos,22,away,273,273,season median ~ 32,Value is 8.53x the season median
team,2006,offloads,Offloads,order_of_magnitude_high,Raiders v Broncos,22,home,330,330,season median ~ 32,Value is 10.31x the season median
team,2006,offloads,Offloads,order_of_magnitude_high,Raiders v Roosters,16,away,316,316,season median ~ 32,Value is 9.88x the season median
team,2006,offloads,Offloads,order_of_magnitude_high,Raiders v Roosters,16,home,285,285,season median ~ 32,Value is 8.91x the season median
team,2006,offloads,Offloads,order_of_magnitude_high,Roosters v Cowboys,21,away,251,251,season median ~ 32,Value is 7.84x the season median
team,2006,offloads,Offloads,order_of_magnitude_high,Roosters v Cowboys,21,home,259,259,season median ~ 32,Value is 8.09x the season median
team,2006,offloads,Offloads,order_of_magnitude_high,Roosters v Eels,24,away,256,256,season median ~ 32,Value is 8.00x the season median
team,2006,offloads,Offloads,order_of_magnitude_high,Roosters v Eels,24,home,307,307,season median ~ 32,Value is 9.59x the season median
team,2006,offloads,Offloads,order_of_magnitude_high,Roosters v Knights,22,away,246,246,season median ~ 32,Value is 7.69x the season median
team,2006,offloads,Offloads,order_of_magnitude_high,Roosters v Knights,22,home,345,345,season median ~ 32,Value is 10.78x the season median
team,2006,offloads,Offloads,order_of_magnitude_high,Sharks v Warriors,12,away,316,316,season median ~ 32,Value is 9.88x the season median
team,2006,offloads,Offloads,order_of_magnitude_high,Sharks v Warriors,12,home,253,253,season median ~ 32,Value is 7.91x the season median
team,2006,offloads,Offloads,order_of_magnitude_high,Storm v Broncos,30,away,392,392,season median ~ 32,Value is 12.25x the season median
team,2006,offloads,Offloads,order_of_magnitude_high,Storm v Broncos,30,home,409,409,season median ~ 32,Value is 12.78x the season median
team,2006,offloads,Offloads,order_of_magnitude_high,Warriors v Sea Eagles,5,away,281,281,season median ~ 32,Value is 8.78x the season median
team,2006,offloads,Offloads,order_of_magnitude_high,Warriors v Sea Eagles,5,home,279,279,season median ~ 32,Value is 8.72x the season median
team,2006,offloads,Offloads,order_of_magnitude_high,Warriors v Wests Tigers,11,away,324,324,season median ~ 32,Value is 10.13x the season median
team,2006,offloads,Offloads,order_of_magnitude_high,Warriors v Wests Tigers,11,home,317,317,season median ~ 32,Value is 9.91x the season median
team,2006,time_in_possession,Time In Possession,time_in_possession_out_of_range,Broncos v Bulldogs,12,away,208,3.466666666666667,stat-specific sanity range,
team,2006,time_in_possession,Time In Possession,time_in_possession_out_of_range,Broncos v Bulldogs,12,home,191,3.183333333333333,stat-specific sanity range,
team,2006,time_in_possession,Time In Possession,time_in_possession_out_of_range,Broncos v Cowboys,1,away,195,3.25,stat-specific sanity range,
team,2006,time_in_possession,Time In Possession,time_in_possession_out_of_range,Broncos v Cowboys,1,home,152,2.533333333333333,stat-specific sanity range,
team,2006,time_in_possession,Time In Possession,time_in_possession_out_of_range,Broncos v Dragons,15,away,159,2.65,stat-specific sanity range,
team,2006,time_in_possession,Time In Possession,time_in_possession_out_of_range,Broncos v Dragons,15,home,176,2.933333333333333,stat-specific sanity range,
team,2006,time_in_possession,Time In Possession,time_in_possession_out_of_range,Broncos v Eels,3,away,194,3.2333333333333334,stat-specific sanity range,
team,2006,time_in_possession,Time In Possession,time_in_possession_out_of_range,Broncos v Eels,3,home,189,3.15,stat-specific sanity range,
team,2006,time_in_possession,Time In Possession,time_in_possession_out_of_range,Broncos v Panthers,7,away,179,2.9833333333333334,stat-specific sanity range,
team,2006,time_in_possession,Time In Possession,time_in_possession_out_of_range,Broncos v Panthers,7,home,193,3.216666666666667,stat-specific sanity range,
team,2006,time_in_possession,Time In Possession,time_in_possession_out_of_range,Broncos v Rabbitohs,5,away,153,2.55,stat-specific sanity range,
team,2006,time_in_possession,Time In Possession,time_in_possession_out_of_range,Broncos v Rabbitohs,5,home,183,3.05,stat-specific sanity range,
team,2006,time_in_possession,Time In Possession,time_in_possession_out_of_range,Broncos v Sea Eagles,10,away,151,2.5166666666666666,stat-specific sanity range,
team,2006,time_in_possession,Time In Possession,time_in_possession_out_of_range,Broncos v Sea Eagles,10,home,197,3.283333333333333,stat-specific sanity range,
team,2006,time_in_possession,Time In Possession,time_in_possession_out_of_range,Broncos v Sharks,17,away,150,2.5,stat-specific sanity range,
team,2006,time_in_possession,Time In Possession,time_in_possession_out_of_range,Broncos v Sharks,17,home,193,3.216666666666667,stat-specific sanity range,
team,2006,time_in_possession,Time In Possession,time_in_possession_out_of_range,Bulldogs v Broncos,24,away,197,3.283333333333333,stat-specific sanity range,
team,2006,time_in_possession,Time In Possession,time_in_possession_out_of_range,Bulldogs v Broncos,29,away,166,2.7666666666666666,stat-specific sanity range,
team,2006,time_in_possession,Time In Possession,time_in_possession_out_of_range,Bulldogs v Broncos,24,home,190,3.1666666666666665,stat-specific sanity range,
team,2006,time_in_possession,Time In Possession,time_in_possession_out_of_range,Bulldogs v Broncos,29,home,173,2.8833333333333333,stat-specific sanity range,
team,2006,time_in_possession,Time In Possession,time_in_possession_out_of_range,Bulldogs v Cowboys,15,away,204,3.4,stat-specific sanity range,
team,2006,time_in_possession,Time In Possession,time_in_possession_out_of_range,Bulldogs v Cowboys,15,home,199,3.316666666666667,stat-specific sanity range,
team,2006,time_in_possession,Time In Possession,time_in_possession_out_of_range,Bulldogs v Dragons,23,away,168,2.8,stat-specific sanity range,
team,2006,time_in_possession,Time In Possession,time_in_possession_out_of_range,Bulldogs v Dragons,23,home,195,3.25,stat-specific sanity range,
team,2006,time_in_possession,Time In Possession,time_in_possession_out_of_range,Bulldogs v Eels,10,away,187,3.1166666666666667,stat-specific sanity range,
team,2006,time_in_possession,Time In Possession,time_in_possession_out_of_range,Bulldogs v Eels,10,home,184,3.066666666666667,stat-specific sanity range,
team,2006,time_in_possession,Time In Possession,time_in_possession_out_of_range,Bulldogs v Knights,13,away,157,2.6166666666666667,stat-specific sanity range,
team,2006,time_in_possession,Time In Possession,time_in_possession_out_of_range,Bulldogs v Knights,13,home,189,3.15,stat-specific sanity range,
team,2006,time_in_possession,Time In Possession,time_in_possession_out_of_range,Bulldogs v Raiders,14,away,176,2.933333333333333,stat-specific sanity range,
team,2006,time_in_possession,Time In Possession,time_in_possession_out_of_range,Bulldogs v Raiders,27,away,147,2.45,stat-specific sanity range,
team,2006,time_in_possession,Time In Possession,time_in_possession_out_of_range,Bulldogs v Raiders,14,home,190,3.1666666666666665,stat-specific sanity range,
team,2006,time_in_possession,Time In Possession,time_in_possession_out_of_range,Bulldogs v Raiders,27,home,191,3.183333333333333,stat-specific sanity range,
team,2006,time_in_possession,Time In Possession,time_in_possession_out_of_range,Bulldogs v Sharks,11,away,175,2.9166666666666665,stat-specific sanity range,
team,2006,time_in_possession,Time In Possession,time_in_possession_out_of_range,Bulldogs v Sharks,11,home,160,2.6666666666666665,stat-specific sanity range,
team,2006,time_in_possession,Time In Possession,time_in_possession_out_of_range,Bulldogs v Wests Tigers,2,away,119,1.9833333333333334,stat-specific sanity range,
team,2006,time_in_possession,Time In Possession,time_in_possession_out_of_range,Bulldogs v Wests Tigers,2,home,184,3.066666666666667,stat-specific sanity range,
team,2006,time_in_possession,Time In Possession,time_in_possession_out_of_range,Cowboys v Broncos,20,away,163,2.716666666666667,stat-specific sanity range,
team,2006,time_in_possession,Time In Possession,time_in_possession_out_of_range,Cowboys v Broncos,20,home,203,3.3833333333333333,stat-specific sanity range,
team,2006,time_in_possession,Time In Possession,time_in_possession_out_of_range,Cowboys v Eels,26,away,180,3,stat-specific sanity range,
team,2006,time_in_possession,Time In Possession,time_in_possession_out_of_range,Cowboys v Eels,26,home,183,3.05,stat-specific sanity range,
team,2006,time_in_possession,Time In Possession,time_in_possession_out_of_range,Cowboys v Knights,24,away,184,3.066666666666667,stat-specific sanity range,
team,2006,time_in_possession,Time In Possession,time_in_possession_out_of_range,Cowboys v Knights,24,home,201,3.35,stat-specific sanity range,
team,2006,time_in_possession,Time In Possession,time_in_possession_out_of_range,Cowboys v Panthers,9,away,184,3.066666666666667,stat-specific sanity range,
team,2006,time_in_possession,Time In Possession,time_in_possession_out_of_range,Cowboys v Panthers,9,home,207,3.45,stat-specific sanity range,
team,2006,time_in_possession,Time In Possession,time_in_possession_out_of_range,Cowboys v Rabbitohs,17,away,152,2.533333333333333,stat-specific sanity range,
team,2006,time_in_possession,Time In Possession,time_in_possession_out_of_range,Cowboys v Rabbitohs,17,home,202,3.3666666666666667,stat-specific sanity range,
team,2006,time_in_possession,Time In Possession,time_in_possession_out_of_range,Cowboys v Raiders,12,away,189,3.15,stat-specific sanity range,
team,2006,time_in_possession,Time In Possession,time_in_possession_out_of_range,Cowboys v Raiders,12,home,226,3.7666666666666666,stat-specific sanity range,
team,2006,time_in_possession,Time In Possession,time_in_possession_out_of_range,Cowboys v Sharks,14,away,184,3.066666666666667,stat-specific sanity range,
team,2006,time_in_possession,Time In Possession,time_in_possession_out_of_range,Cowboys v Sharks,14,home,176,2.933333333333333,stat-specific sanity range,
team,2006,time_in_possession,Time In Possession,time_in_possession_out_of_range,Cowboys v Wests Tigers,5,away,144,2.4,stat-specific sanity range,
team,2006,time_in_possession,Time In Possession,time_in_possession_out_of_range,Cowboys v Wests Tigers,5,home,158,2.6333333333333333,stat-specific sanity range,
team,2006,time_in_possession,Time In Possession,time_in_possession_out_of_range,Dragons v Bulldogs,19,away,183,3.05,stat-specific sanity range,
team,2006,time_in_possession,Time In Possession,time_in_possession_out_of_range,Dragons v Bulldogs,19,home,165,2.75,stat-specific sanity range,
team,2006,time_in_possession,Time In Possession,time_in_possession_out_of_range,Dragons v Cowboys,16,away,157,2.6166666666666667,stat-specific sanity range,
team,2006,time_in_possession,Time In Possession,time_in_possession_out_of_range,Dragons v Cowboys,16,home,167,2.783333333333333,stat-specific sanity range,
team,2006,time_in_possession,Time In Possession,time_in_possession_out_of_range,Dragons v Eels,13,away,215,3.5833333333333335,stat-specific sanity range,
team,2006,time_in_possession,Time In Possession,time_in_possession_out_of_range,Dragons v Eels,13,home,225,3.75,stat-specific sanity range,
team,2006,time_in_possession,Time In Possession,time_in_possession_out_of_range,Dragons v Knights,5,away,201,3.35,stat-specific sanity range,
team,2006,time_in_possession,Time In Possession,time_in_possession_out_of_range,Dragons v Knights,5,home,121,2.0166666666666666,stat-specific sanity range,
team,2006,time_in_possession,Time In Possession,time_in_possession_out_of_range,Dragons v Panthers,2,away,186,3.1,stat-specific sanity range,
team,2006,time_in_possession,Time In Possession,time_in_possession_out_of_range,Dragons v Panthers,2,home,151,2.5166666666666666,stat-specific sanity range,
team,2006,time_in_possession,Time In Possession,time_in_possession_out_of_range,Dragons v Rabbitohs,18,away,166,2.7666666666666666,stat-specific sanity range,
team,2006,time_in_possession,Time In Possession,time_in_possession_out_of_range,Dragons v Rabbitohs,18,home,165,2.75,stat-specific sanity range,
team,2006,time_in_possession,Time In Possession,time_in_possession_out_of_range,Dragons v Sea Eagles,28,away,163,2.716666666666667,stat-specific sanity range,
team,2006,time_in_possession,Time In Possession,time_in_possession_out_of_range,Dragons v Sea Eagles,28,home,214,3.566666666666667,stat-specific sanity range,
team,2006,time_in_possession,Time In Possession,time_in_possession_out_of_range,Dragons v Sharks,25,away,173,2.8833333333333333,stat-specific sanity range,
team,2006,time_in_possession,Time In Possession,time_in_possession_out_of_range,Dragons v Sharks,25,home,178,2.966666666666667,stat-specific sanity range,
team,2006,time_in_possession,Time In Possession,time_in_possession_out_of_range,Dragons v Storm,21,away,154,2.566666666666667,stat-specific sanity range,
team,2006,time_in_possession,Time In Possession,time_in_possession_out_of_range,Dragons v Storm,21,home,178,2.966666666666667,stat-specific sanity range,
team,2006,time_in_possession,Time In Possession,time_in_possession_out_of_range,Dragons v Warriors,10,away,191,3.183333333333333,stat-specific sanity range,
team,2006,time_in_possession,Time In Possession,time_in_possession_out_of_range,Dragons v Warriors,10,home,179,2.9833333333333334,stat-specific sanity range,
team,2006,time_in_possession,Time In Possession,time_in_possession_out_of_range,Dragons v Wests Tigers,24,away,145,2.4166666666666665,stat-specific sanity range,
team,2006,time_in_possession,Time In Possession,time_in_possession_out_of_range,Dragons v Wests Tigers,24,home,183,3.05,stat-specific sanity range,
team,2006,time_in_possession,Time In Possession,time_in_possession_out_of_range,Eels v Broncos,25,away,208,3.466666666666667,stat-specific sanity range,
team,2006,time_in_possession,Time In Possession,time_in_possession_out_of_range,Eels v Broncos,25,home,191,3.183333333333333,stat-specific sanity range,
team,2006,time_in_possession,Time In Possession,time_in_possession_out_of_range,Eels v Cowboys,4,away,175,2.9166666666666665,stat-specific sanity range,
team,2006,time_in_possession,Time In Possession,time_in_possession_out_of_range,Eels v Cowboys,4,home,142,2.3666666666666667,stat-specific sanity range,
team,2006,time_in_possession,Time In Possession,time_in_possession_out_of_range,Eels v Knights,18,away,141,2.35,stat-specific sanity range,
team,2006,time_in_possession,Time In Possession,time_in_possession_out_of_range,Eels v Knights,18,home,187,3.1166666666666667,stat-specific sanity range,
team,2006,time_in_possession,Time In Possession,time_in_possession_out_of_range,Eels v Panthers,5,away,182,3.033333333333333,stat-specific sanity range,
team,2006,time_in_possession,Time In Possession,time_in_possession_out_of_range,Eels v Panthers,5,home,166,2.7666666666666666,stat-specific sanity range,
team,2006,time_in_possession,Time In Possession,time_in_possession_out_of_range,Eels v Rabbitohs,15,away,153,2.55,stat-specific sanity range,
team,2006,time_in_possession,Time In Possession,time_in_possession_out_of_range,Eels v Rabbitohs,15,home,194,3.2333333333333334,stat-specific sanity range,
team,2006,time_in_possession,Time In Possession,time_in_possession_out_of_range,Eels v Raiders,9,away,148,2.466666666666667,stat-specific sanity range,
team,2006,time_in_possession,Time In Possession,time_in_possession_out_of_range,Eels v Raiders,9,home,192,3.2,stat-specific sanity range,
team,2006,time_in_possession,Time In Possession,time_in_possession_out_of_range,Eels v Sea Eagles,21,away,190,3.1666666666666665,stat-specific sanity range,
team,2006,time_in_possession,Time In Possession,time_in_possession_out_of_range,Eels v Sea Eagles,21,home,154,2.566666666666667,stat-specific sanity range,
team,2006,time_in_possession,Time In Possession,time_in_possession_out_of_range,Eels v Storm,14,away,181,3.0166666666666666,stat-specific sanity range,
team,2006,time_in_possession,Time In Possession,time_in_possession_out_of_range,Eels v Storm,14,home,170,2.8333333333333335,stat-specific sanity range,
team,2006,time_in_possession,Time In Possession,time_in_possession_out_of_range,Eels v Wests Tigers,7,away,163,2.716666666666667,stat-specific sanity range,
team,2006,time_in_possession,Time In Possession,time_in_possession_out_of_range,Eels v Wests Tigers,7,home,170,2.8333333333333335,stat-specific sanity range,
team,2006,time_in_possession,Time In Possession,time_in_possession_out_of_range,Knights v Broncos,9,away,177,2.95,stat-specific sanity range,
team,2006,time_in_possession,Time In Possession,time_in_possession_out_of_range,Knights v Broncos,28,away,173,2.8833333333333333,stat-specific sanity range,
team,2006,time_in_possession,Time In Possession,time_in_possession_out_of_range,Knights v Broncos,9,home,167,2.783333333333333,stat-specific sanity range,
team,2006,time_in_possession,Time In Possession,time_in_possession_out_of_range,Knights v Broncos,28,home,170,2.8333333333333335,stat-specific sanity range,
team,2006,time_in_possession,Time In Possession,time_in_possession_out_of_range,Knights v Bulldogs,3,away,150,2.5,stat-specific sanity range,
team,2006,time_in_possession,Time In Possession,time_in_possession_out_of_range,Knights v Bulldogs,3,home,168,2.8,stat-specific sanity range,
team,2006,time_in_possession,Time In Possession,time_in_possession_out_of_range,Knights v Cowboys,6,away,203,3.3833333333333333,stat-specific sanity range,
team,2006,time_in_possession,Time In Possession,time_in_possession_out_of_range,Knights v Cowboys,6,home,186,3.1,stat-specific sanity range,
team,2006,time_in_possession,Time In Possession,time_in_possession_out_of_range,Knights v Dragons,12,away,194,3.2333333333333334,stat-specific sanity range,
team,2006,time_in_possession,Time In Possession,time_in_possession_out_of_range,Knights v Dragons,12,home,172,2.8666666666666667,stat-specific sanity range,
team,2006,time_in_possession,Time In Possession,time_in_possession_out_of_range,Knights v Eels,1,away,195,3.25,stat-specific sanity range,
team,2006,time_in_possession,Time In Possession,time_in_possession_out_of_range,Knights v Eels,1,home,180,3,stat-specific sanity range,
team,2006,time_in_possession,Time In Possession,time_in_possession_out_of_range,Knights v Panthers,25,away,157,2.6166666666666667,stat-specific sanity range,
team,2006,time_in_possession,Time In Possession,time_in_possession_out_of_range,Knights v Panthers,25,home,187,3.1166666666666667,stat-specific sanity range,
team,2006,time_in_possession,Time In Possession,time_in_possession_out_of_range,Knights v Rabbitohs,20,away,181,3.0166666666666666,stat-specific sanity range,
team,2006,time_in_possession,Time In Possession,time_in_possession_out_of_range,Knights v Rabbitohs,20,home,172,2.8666666666666667,stat-specific sanity range,
team,2006,time_in_possession,Time In Possession,time_in_possession_out_of_range,Knights v Sea Eagles,23,away,178,2.966666666666667,stat-specific sanity range,
team,2006,time_in_possession,Time In Possession,time_in_possession_out_of_range,Knights v Sea Eagles,23,home,189,3.15,stat-specific sanity range,
team,2006,time_in_possession,Time In Possession,time_in_possession_out_of_range,Knights v Sharks,16,away,194,3.2333333333333334,stat-specific sanity range,
team,2006,time_in_possession,Time In Possession,time_in_possession_out_of_range,Knights v Sharks,16,home,188,3.1333333333333333,stat-specific sanity range,
team,2006,time_in_possession,Time In Possession,time_in_possession_out_of_range,Panthers v Bulldogs,26,away,166,2.7666666666666666,stat-specific sanity range,
team,2006,time_in_possession,Time In Possession,time_in_possession_out_of_range,Panthers v Bulldogs,26,home,190,3.1666666666666665,stat-specific sanity range,
team,2006,time_in_possession,Time In Possession,time_in_possession_out_of_range,Panthers v Cowboys,19,away,187,3.1166666666666667,stat-specific sanity range,
team,2006,time_in_possession,Time In Possession,time_in_possession_out_of_range,Panthers v Cowboys,19,home,202,3.3666666666666667,stat-specific sanity range,
team,2006,time_in_possession,Time In Possession,time_in_possession_out_of_range,Panthers v Dragons,14,away,186,3.1,stat-specific sanity range,
team,2006,time_in_possession,Time In Possession,time_in_possession_out_of_range,Panthers v Dragons,14,home,186,3.1,stat-specific sanity range,
team,2006,time_in_possession,Time In Possession,time_in_possession_out_of_range,Panthers v Eels,11,away,165,2.75,stat-specific sanity range,
team,2006,time_in_possession,Time In Possession,time_in_possession_out_of_range,Panthers v Eels,11,home,181,3.0166666666666666,stat-specific sanity range,
team,2006,time_in_possession,Time In Possession,time_in_possession_out_of_range,Panthers v Rabbitohs,10,away,154,2.566666666666667,stat-specific sanity range,
team,2006,time_in_possession,Time In Possession,time_in_possession_out_of_range,Panthers v Rabbitohs,10,home,176,2.933333333333333,stat-specific sanity range,
team,2006,time_in_possession,Time In Possession,time_in_possession_out_of_range,Panthers v Raiders,18,away,172,2.8666666666666667,stat-specific sanity range,
team,2006,time_in_possession,Time In Possession,time_in_possession_out_of_range,Panthers v Raiders,18,home,192,3.2,stat-specific sanity range,
team,2006,time_in_possession,Time In Possession,time_in_possession_out_of_range,Panthers v Storm,6,away,171,2.85,stat-specific sanity range,
team,2006,time_in_possession,Time In Possession,time_in_possession_out_of_range,Panthers v Storm,6,home,172,2.8666666666666667,stat-specific sanity range,
team,2006,time_in_possession,Time In Possession,time_in_possession_out_of_range,Panthers v Wests Tigers,16,away,171,2.85,stat-specific sanity range,
team,2006,time_in_possession,Time In Possession,time_in_possession_out_of_range,Panthers v Wests Tigers,16,home,180,3,stat-specific sanity range,
team,2006,time_in_possession,Time In Possession,time_in_possession_out_of_range,Rabbitohs v Broncos,14,away,182,3.033333333333333,stat-specific sanity range,
team,2006,time_in_possession,Time In Possession,time_in_possession_out_of_range,Rabbitohs v Broncos,14,home,166,2.7666666666666666,stat-specific sanity range,
team,2006,time_in_possession,Time In Possession,time_in_possession_out_of_range,Rabbitohs v Bulldogs,6,away,152,2.533333333333333,stat-specific sanity range,
team,2006,time_in_possession,Time In Possession,time_in_possession_out_of_range,Rabbitohs v Bulldogs,6,home,159,2.65,stat-specific sanity range,
team,2006,time_in_possession,Time In Possession,time_in_possession_out_of_range,Rabbitohs v Cowboys,25,away,192,3.2,stat-specific sanity range,
team,2006,time_in_possession,Time In Possession,time_in_possession_out_of_range,Rabbitohs v Cowboys,25,home,172,2.8666666666666667,stat-specific sanity range,
team,2006,time_in_possession,Time In Possession,time_in_possession_out_of_range,Rabbitohs v Dragons,3,away,154,2.566666666666667,stat-specific sanity range,
team,2006,time_in_possession,Time In Possession,time_in_possession_out_of_range,Rabbitohs v Dragons,3,home,163,2.716666666666667,stat-specific sanity range,
team,2006,time_in_possession,Time In Possession,time_in_possession_out_of_range,Rabbitohs v Knights,8,away,179,2.9833333333333334,stat-specific sanity range,
team,2006,time_in_possession,Time In Possession,time_in_possession_out_of_range,Rabbitohs v Knights,8,home,188,3.1333333333333333,stat-specific sanity range,
team,2006,time_in_possession,Time In Possession,time_in_possession_out_of_range,Rabbitohs v Raiders,21,away,191,3.183333333333333,stat-specific sanity range,
team,2006,time_in_possession,Time In Possession,time_in_possession_out_of_range,Rabbitohs v Raiders,21,home,189,3.15,stat-specific sanity range,
team,2006,time_in_possession,Time In Possession,time_in_possession_out_of_range,Rabbitohs v Warriors,16,away,197,3.283333333333333,stat-specific sanity range,
team,2006,time_in_possession,Time In Possession,time_in_possession_out_of_range,Rabbitohs v Warriors,16,home,104,1.7333333333333334,stat-specific sanity range,
team,2006,time_in_possession,Time In Possession,time_in_possession_out_of_range,Rabbitohs v Wests Tigers,12,away,197,3.283333333333333,stat-specific sanity range,
team,2006,time_in_possession,Time In Possession,time_in_possession_out_of_range,Rabbitohs v Wests Tigers,12,home,131,2.183333333333333,stat-specific sanity range,
team,2006,time_in_possession,Time In Possession,time_in_possession_out_of_range,Raiders v Bulldogs,5,away,191,3.183333333333333,stat-specific sanity range,
team,2006,time_in_possession,Time In Possession,time_in_possession_out_of_range,Raiders v Bulldogs,5,home,172,2.8666666666666667,stat-specific sanity range,
team,2006,time_in_possession,Time In Possession,time_in_possession_out_of_range,Raiders v Dragons,20,away,148,2.466666666666667,stat-specific sanity range,
team,2006,time_in_possession,Time In Possession,time_in_possession_out_of_range,Raiders v Dragons,20,home,165,2.75,stat-specific sanity range,
team,2006,time_in_possession,Time In Possession,time_in_possession_out_of_range,Raiders v Eels,17,away,166,2.7666666666666666,stat-specific sanity range,
team,2006,time_in_possession,Time In Possession,time_in_possession_out_of_range,Raiders v Eels,17,home,157,2.6166666666666667,stat-specific sanity range,
team,2006,time_in_possession,Time In Possession,time_in_possession_out_of_range,Raiders v Knights,2,away,166,2.7666666666666666,stat-specific sanity range,
team,2006,time_in_possession,Time In Possession,time_in_possession_out_of_range,Raiders v Knights,2,home,146,2.433333333333333,stat-specific sanity range,
team,2006,time_in_possession,Time In Possession,time_in_possession_out_of_range,Raiders v Panthers,4,away,214,3.566666666666667,stat-specific sanity range,
team,2006,time_in_possession,Time In Possession,time_in_possession_out_of_range,Raiders v Panthers,4,home,195,3.25,stat-specific sanity range,
team,2006,time_in_possession,Time In Possession,time_in_possession_out_of_range,Raiders v Rabbitohs,13,away,156,2.6,stat-specific sanity range,
team,2006,time_in_possession,Time In Possession,time_in_possession_out_of_range,Raiders v Rabbitohs,13,home,152,2.533333333333333,stat-specific sanity range,
team,2006,time_in_possession,Time In Possession,time_in_possession_out_of_range,Raiders v Sharks,10,away,181,3.0166666666666666,stat-specific sanity range,
team,2006,time_in_possession,Time In Possession,time_in_possession_out_of_range,Raiders v Sharks,10,home,151,2.5166666666666666,stat-specific sanity range,
team,2006,time_in_possession,Time In Possession,time_in_possession_out_of_range,Raiders v Storm,25,away,176,2.933333333333333,stat-specific sanity range,
team,2006,time_in_possession,Time In Possession,time_in_possession_out_of_range,Raiders v Storm,25,home,197,3.283333333333333,stat-specific sanity range,
team,2006,time_in_possession,Time In Possession,time_in_possession_out_of_range,Raiders v Wests Tigers,19,away,181,3.0166666666666666,stat-specific sanity range,
team,2006,time_in_possession,Time In Possession,time_in_possession_out_of_range,Raiders v Wests Tigers,19,home,189,3.15,stat-specific sanity range,
team,2006,time_in_possession,Time In Possession,time_in_possession_out_of_range,Sea Eagles v Broncos,16,away,215,3.5833333333333335,stat-specific sanity range,
team,2006,time_in_possession,Time In Possession,time_in_possession_out_of_range,Sea Eagles v Broncos,16,home,199,3.316666666666667,stat-specific sanity range,
team,2006,time_in_possession,Time In Possession,time_in_possession_out_of_range,Sea Eagles v Bulldogs,25,away,160,2.6666666666666665,stat-specific sanity range,
team,2006,time_in_possession,Time In Possession,time_in_possession_out_of_range,Sea Eagles v Bulldogs,25,home,185,3.0833333333333335,stat-specific sanity range,
team,2006,time_in_possession,Time In Possession,time_in_possession_out_of_range,Sea Eagles v Eels,8,away,161,2.683333333333333,stat-specific sanity range,
team,2006,time_in_possession,Time In Possession,time_in_possession_out_of_range,Sea Eagles v Eels,8,home,187,3.1166666666666667,stat-specific sanity range,
team,2006,time_in_possession,Time In Possession,time_in_possession_out_of_range,Sea Eagles v Panthers,20,away,159,2.65,stat-specific sanity range,
team,2006,time_in_possession,Time In Possession,time_in_possession_out_of_range,Sea Eagles v Panthers,20,home,198,3.3,stat-specific sanity range,
team,2006,time_in_possession,Time In Possession,time_in_possession_out_of_range,Sea Eagles v Rabbitohs,24,away,148,2.466666666666667,stat-specific sanity range,
team,2006,time_in_possession,Time In Possession,time_in_possession_out_of_range,Sea Eagles v Rabbitohs,24,home,180,3,stat-specific sanity range,
team,2006,time_in_possession,Time In Possession,time_in_possession_out_of_range,Sharks v Broncos,2,away,184,3.066666666666667,stat-specific sanity range,
team,2006,time_in_possession,Time In Possession,time_in_possession_out_of_range,Sharks v Broncos,2,home,157,2.6166666666666667,stat-specific sanity range,
team,2006,time_in_possession,Time In Possession,time_in_possession_out_of_range,Sharks v Cowboys,7,away,194,3.2333333333333334,stat-specific sanity range,
team,2006,time_in_possession,Time In Possession,time_in_possession_out_of_range,Sharks v Cowboys,7,home,186,3.1,stat-specific sanity range,
team,2006,time_in_possession,Time In Possession,time_in_possession_out_of_range,Sharks v Dragons,9,away,185,3.0833333333333335,stat-specific sanity range,
team,2006,time_in_possession,Time In Possession,time_in_possession_out_of_range,Sharks v Dragons,9,home,184,3.066666666666667,stat-specific sanity range,
team,2006,time_in_possession,Time In Possession,time_in_possession_out_of_range,Sharks v Eels,23,away,185,3.0833333333333335,stat-specific sanity range,
team,2006,time_in_possession,Time In Possession,time_in_possession_out_of_range,Sharks v Eels,23,home,158,2.6333333333333333,stat-specific sanity range,
team,2006,time_in_possession,Time In Possession,time_in_possession_out_of_range,Sharks v Knights,21,away,174,2.9,stat-specific sanity range,
team,2006,time_in_possession,Time In Possession,time_in_possession_out_of_range,Sharks v Knights,21,home,182,3.033333333333333,stat-specific sanity range,
team,2006,time_in_possession,Time In Possession,time_in_possession_out_of_range,Sharks v Panthers,24,away,171,2.85,stat-specific sanity range,
team,2006,time_in_possession,Time In Possession,time_in_possession_out_of_range,Sharks v Panthers,24,home,163,2.716666666666667,stat-specific sanity range,
team,2006,time_in_possession,Time In Possession,time_in_possession_out_of_range,Sharks v Rabbitohs,4,away,169,2.816666666666667,stat-specific sanity range,
team,2006,time_in_possession,Time In Possession,time_in_possession_out_of_range,Sharks v Rabbitohs,4,home,174,2.9,stat-specific sanity range,
team,2006,time_in_possession,Time In Possession,time_in_possession_out_of_range,Sharks v Raiders,26,away,182,3.033333333333333,stat-specific sanity range,
team,2006,time_in_possession,Time In Possession,time_in_possession_out_of_range,Sharks v Raiders,26,home,166,2.7666666666666666,stat-specific sanity range,
team,2006,time_in_possession,Time In Possession,time_in_possession_out_of_range,Sharks v Wests Tigers,18,away,186,3.1,stat-specific sanity range,
team,2006,time_in_possession,Time In Possession,time_in_possession_out_of_range,Sharks v Wests Tigers,18,home,151,2.5166666666666666,stat-specific sanity range,
team,2006,time_in_possession,Time In Possession,time_in_possession_out_of_range,Storm v Bulldogs,16,away,196,3.2666666666666666,stat-specific sanity range,
team,2006,time_in_possession,Time In Possession,time_in_possession_out_of_range,Storm v Bulldogs,16,home,198,3.3,stat-specific sanity range,
team,2006,time_in_possession,Time In Possession,time_in_possession_out_of_range,Storm v Cowboys,10,away,191,3.183333333333333,stat-specific sanity range,
team,2006,time_in_possession,Time In Possession,time_in_possession_out_of_range,Storm v Cowboys,10,home,195,3.25,stat-specific sanity range,
team,2006,time_in_possession,Time In Possession,time_in_possession_out_of_range,Storm v Dragons,8,away,183,3.05,stat-specific sanity range,
team,2006,time_in_possession,Time In Possession,time_in_possession_out_of_range,Storm v Dragons,8,home,195,3.25,stat-specific sanity range,
team,2006,time_in_possession,Time In Possession,time_in_possession_out_of_range,Storm v Panthers,12,away,241,4.016666666666667,stat-specific sanity range,
team,2006,time_in_possession,Time In Possession,time_in_possession_out_of_range,Storm v Panthers,12,home,208,3.466666666666667,stat-specific sanity range,
team,2006,time_in_possession,Time In Possession,time_in_possession_out_of_range,Storm v Raiders,15,away,154,2.566666666666667,stat-specific sanity range,
team,2006,time_in_possession,Time In Possession,time_in_possession_out_of_range,Storm v Raiders,15,home,175,2.9166666666666665,stat-specific sanity range,
team,2006,time_in_possession,Time In Possession,time_in_possession_out_of_range,Storm v Sea Eagles,26,away,166,2.7666666666666666,stat-specific sanity range,
team,2006,time_in_possession,Time In Possession,time_in_possession_out_of_range,Storm v Sea Eagles,26,home,168,2.8,stat-specific sanity range,
team,2006,time_in_possession,Time In Possession,time_in_possession_out_of_range,Storm v Sharks,20,away,203,3.3833333333333333,stat-specific sanity range,
team,2006,time_in_possession,Time In Possession,time_in_possession_out_of_range,Storm v Sharks,20,home,175,2.9166666666666665,stat-specific sanity range,
team,2006,time_in_possession,Time In Possession,time_in_possession_out_of_range,Storm v Warriors,24,away,173,2.8833333333333333,stat-specific sanity range,
team,2006,time_in_possession,Time In Possession,time_in_possession_out_of_range,Storm v Warriors,24,home,170,2.8333333333333335,stat-specific sanity range,
team,2006,time_in_possession,Time In Possession,time_in_possession_out_of_range,Warriors v Broncos,13,away,184,3.066666666666667,stat-specific sanity range,
team,2006,time_in_possession,Time In Possession,time_in_possession_out_of_range,Warriors v Broncos,13,home,191,3.183333333333333,stat-specific sanity range,
team,2006,time_in_possession,Time In Possession,time_in_possession_out_of_range,Warriors v Eels,19,away,164,2.7333333333333334,stat-specific sanity range,
team,2006,time_in_possession,Time In Possession,time_in_possession_out_of_range,Warriors v Eels,19,home,190,3.1666666666666665,stat-specific sanity range,
team,2006,time_in_possession,Time In Possession,time_in_possession_out_of_range,Warriors v Knights,15,away,172,2.8666666666666667,stat-specific sanity range,
team,2006,time_in_possession,Time In Possession,time_in_possession_out_of_range,Warriors v Knights,15,home,161,2.683333333333333,stat-specific sanity range,
team,2006,time_in_possession,Time In Possession,time_in_possession_out_of_range,Wests Tigers v Bulldogs,17,away,177,2.95,stat-specific sanity range,
team,2006,time_in_possession,Time In Possession,time_in_possession_out_of_range,Wests Tigers v Bulldogs,17,home,163,2.716666666666667,stat-specific sanity range,
team,2006,time_in_possession,Time In Possession,time_in_possession_out_of_range,Wests Tigers v Cowboys,13,away,191,3.183333333333333,stat-specific sanity range,
team,2006,time_in_possession,Time In Possession,time_in_possession_out_of_range,Wests Tigers v Cowboys,13,home,165,2.75,stat-specific sanity range,
team,2006,time_in_possession,Time In Possession,time_in_possession_out_of_range,Wests Tigers v Dragons,1,away,163,2.716666666666667,stat-specific sanity range,
team,2006,time_in_possession,Time In Possession,time_in_possession_out_of_range,Wests Tigers v Dragons,1,home,163,2.716666666666667,stat-specific sanity range,
team,2006,time_in_possession,Time In Possession,time_in_possession_out_of_range,Wests Tigers v Eels,20,away,184,3.066666666666667,stat-specific sanity range,
team,2006,time_in_possession,Time In Possession,time_in_possession_out_of_range,Wests Tigers v Eels,20,home,196,3.2666666666666666,stat-specific sanity range,
team,2006,time_in_possession,Time In Possession,time_in_possession_out_of_range,Wests Tigers v Knights,10,away,186,3.1,stat-specific sanity range,
team,2006,time_in_possession,Time In Possession,time_in_possession_out_of_range,Wests Tigers v Knights,10,home,186,3.1,stat-specific sanity range,
team,2006,time_in_possession,Time In Possession,time_in_possession_out_of_range,Wests Tigers v Rabbitohs,26,away,144,2.4,stat-specific sanity range,
team,2006,time_in_possession,Time In Possession,time_in_possession_out_of_range,Wests Tigers v Rabbitohs,26,home,150,2.5,stat-specific sanity range,
team,2006,time_in_possession,Time In Possession,time_in_possession_out_of_range,Wests Tigers v Sharks,6,away,155,2.5833333333333335,stat-specific sanity range,
team,2006,time_in_possession,Time In Possession,time_in_possession_out_of_range,Wests Tigers v Sharks,6,home,176,2.933333333333333,stat-specific sanity range,
team,2007,all_run_metres,All Run Metres,order_of_magnitude_high,Storm v Sea Eagles,29,away,"1,295",1295,season median ~ 32,Value is 40.47x the season median
team,2007,all_run_metres,All Run Metres,order_of_magnitude_high,Storm v Sea Eagles,29,home,"1,981",1981,season median ~ 32,Value is 61.91x the season median
team,2007,line_breaks,Line Breaks,order_of_magnitude_high,Broncos v Bulldogs,23,away,413,413,season median ~ 12,Value is 34.42x the season median
team,2007,line_breaks,Line Breaks,order_of_magnitude_high,Broncos v Bulldogs,23,home,476,476,season median ~ 12,Value is 39.67x the season median
team,2007,line_breaks,Line Breaks,order_of_magnitude_high,Broncos v Raiders,24,away,428,428,season median ~ 12,Value is 35.67x the season median
team,2007,line_breaks,Line Breaks,order_of_magnitude_high,Broncos v Raiders,24,home,680,680,season median ~ 12,Value is 56.67x the season median
team,2007,line_breaks,Line Breaks,order_of_magnitude_high,Bulldogs v Raiders,22,away,457,457,season median ~ 12,Value is 38.08x the season median
team,2007,line_breaks,Line Breaks,order_of_magnitude_high,Bulldogs v Raiders,22,home,588,588,season median ~ 12,Value is 49.00x the season median
team,2007,line_breaks,Line Breaks,order_of_magnitude_high,Cowboys v Bulldogs,25,away,412,412,season median ~ 12,Value is 34.33x the season median
team,2007,line_breaks,Line Breaks,order_of_magnitude_high,Cowboys v Bulldogs,26,away,550,550,season median ~ 12,Value is 45.83x the season median
team,2007,line_breaks,Line Breaks,order_of_magnitude_high,Cowboys v Bulldogs,25,home,459,459,season median ~ 12,Value is 38.25x the season median
team,2007,line_breaks,Line Breaks,order_of_magnitude_high,Cowboys v Bulldogs,26,home,652,652,season median ~ 12,Value is 54.33x the season median
team,2007,line_breaks,Line Breaks,order_of_magnitude_high,Cowboys v Dragons,23,away,498,498,season median ~ 12,Value is 41.50x the season median
team,2007,line_breaks,Line Breaks,order_of_magnitude_high,Cowboys v Dragons,23,home,389,389,season median ~ 12,Value is 32.42x the season median
team,2007,line_breaks,Line Breaks,order_of_magnitude_high,Cowboys v Raiders,21,away,701,701,season median ~ 12,Value is 58.42x the season median
team,2007,line_breaks,Line Breaks,order_of_magnitude_high,Cowboys v Raiders,21,home,641,641,season median ~ 12,Value is 53.42x the season median
team,2007,line_breaks,Line Breaks,order_of_magnitude_high,Dragons v Eels,24,away,619,619,season median ~ 12,Value is 51.58x the season median
team,2007,line_breaks,Line Breaks,order_of_magnitude_high,Dragons v Eels,24,home,831,831,season median ~ 12,Value is 69.25x the season median
team,2007,line_breaks,Line Breaks,order_of_magnitude_high,Dragons v Rabbitohs,22,away,608,608,season median ~ 12,Value is 50.67x the season median
team,2007,line_breaks,Line Breaks,order_of_magnitude_high,Dragons v Rabbitohs,22,home,536,536,season median ~ 12,Value is 44.67x the season median
team,2007,line_breaks,Line Breaks,order_of_magnitude_high,Eels v Broncos,25,away,344,344,season median ~ 12,Value is 28.67x the season median
team,2007,line_breaks,Line Breaks,order_of_magnitude_high,Eels v Broncos,25,home,444,444,season median ~ 12,Value is 37.00x the season median
team,2007,line_breaks,Line Breaks,order_of_magnitude_high,Eels v Dragons,14,away,647,647,season median ~ 12,Value is 53.92x the season median
team,2007,line_breaks,Line Breaks,order_of_magnitude_high,Eels v Dragons,14,home,567,567,season median ~ 12,Value is 47.25x the season median
team,2007,line_breaks,Line Breaks,order_of_magnitude_high,Knights v Cowboys,24,away,620,620,season median ~ 12,Value is 51.67x the season median
team,2007,line_breaks,Line Breaks,order_of_magnitude_high,Knights v Cowboys,24,home,382,382,season median ~ 12,Value is 31.83x the season median
team,2007,line_breaks,Line Breaks,order_of_magnitude_high,Knights v Panthers,23,away,326,326,season median ~ 12,Value is 27.17x the season median
team,2007,line_breaks,Line Breaks,order_of_magnitude_high,Knights v Panthers,23,home,437,437,season median ~ 12,Value is 36.42x the season median
team,2007,line_breaks,Line Breaks,order_of_magnitude_high,Panthers v Cowboys,22,away,779,779,season median ~ 12,Value is 64.92x the season median
team,2007,line_breaks,Line Breaks,order_of_magnitude_high,Panthers v Cowboys,22,home,482,482,season median ~ 12,Value is 40.17x the season median
team,2007,line_breaks,Line Breaks,order_of_magnitude_high,Panthers v Warriors,25,away,600,600,season median ~ 12,Value is 50.00x the season median
team,2007,line_breaks,Line Breaks,order_of_magnitude_high,Panthers v Warriors,25,home,492,492,season median ~ 12,Value is 41.00x the season median
team,2007,line_breaks,Line Breaks,order_of_magnitude_high,Rabbitohs v Sea Eagles,23,away,500,500,season median ~ 12,Value is 41.67x the season median
team,2007,line_breaks,Line Breaks,order_of_magnitude_high,Rabbitohs v Sea Eagles,23,home,724,724,season median ~ 12,Value is 60.33x the season median
team,2007,line_breaks,Line Breaks,order_of_magnitude_high,Raiders v Dragons,11,away,546,546,season median ~ 12,Value is 45.50x the season median
team,2007,line_breaks,Line Breaks,order_of_magnitude_high,Raiders v Dragons,11,home,528,528,season median ~ 12,Value is 44.00x the season median
team,2007,line_breaks,Line Breaks,order_of_magnitude_high,Raiders v Warriors,23,away,558,558,season median ~ 12,Value is 46.50x the season median
team,2007,line_breaks,Line Breaks,order_of_magnitude_high,Raiders v Warriors,23,home,489,489,season median ~ 12,Value is 40.75x the season median
team,2007,line_breaks,Line Breaks,order_of_magnitude_high,Sea Eagles v Cowboys,28,away,449,449,season median ~ 12,Value is 37.42x the season median
team,2007,line_breaks,Line Breaks,order_of_magnitude_high,Sea Eagles v Cowboys,28,home,558,558,season median ~ 12,Value is 46.50x the season median
team,2007,line_breaks,Line Breaks,order_of_magnitude_high,Sea Eagles v Dragons,25,away,415,415,season median ~ 12,Value is 34.58x the season median
team,2007,line_breaks,Line Breaks,order_of_magnitude_high,Sea Eagles v Dragons,25,home,416,416,season median ~ 12,Value is 34.67x the season median
team,2007,line_breaks,Line Breaks,order_of_magnitude_high,Sea Eagles v Rabbitohs,26,away,292,292,season median ~ 12,Value is 24.33x the season median
team,2007,line_breaks,Line Breaks,order_of_magnitude_high,Sea Eagles v Rabbitohs,26,home,588,588,season median ~ 12,Value is 49.00x the season median
team,2007,line_breaks,Line Breaks,order_of_magnitude_high,Storm v Broncos,22,away,621,621,season median ~ 12,Value is 51.75x the season median
team,2007,line_breaks,Line Breaks,order_of_magnitude_high,Storm v Broncos,26,away,446,446,season median ~ 12,Value is 37.17x the season median
team,2007,line_breaks,Line Breaks,order_of_magnitude_high,Storm v Broncos,22,home,772,772,season median ~ 12,Value is 64.33x the season median
team,2007,line_breaks,Line Breaks,order_of_magnitude_high,Storm v Broncos,26,home,630,630,season median ~ 12,Value is 52.50x the season median
team,2007,line_breaks,Line Breaks,order_of_magnitude_high,Storm v Bulldogs,9,away,506,506,season median ~ 12,Value is 42.17x the season median
team,2007,line_breaks,Line Breaks,order_of_magnitude_high,Storm v Bulldogs,9,home,668,668,season median ~ 12,Value is 55.67x the season median
team,2007,line_breaks,Line Breaks,order_of_magnitude_high,Storm v Eels,23,away,823,823,season median ~ 12,Value is 68.58x the season median
team,2007,line_breaks,Line Breaks,order_of_magnitude_high,Storm v Eels,23,home,682,682,season median ~ 12,Value is 56.83x the season median
team,2007,line_breaks,Line Breaks,order_of_magnitude_high,Storm v Titans,25,away,514,514,season median ~ 12,Value is 42.83x the season median
team,2007,line_breaks,Line Breaks,order_of_magnitude_high,Storm v Titans,25,home,629,629,season median ~ 12,Value is 52.42x the season median
team,2007,line_breaks,Line Breaks,order_of_magnitude_high,Warriors v Eels,26,away,597,597,season median ~ 12,Value is 49.75x the season median
team,2007,line_breaks,Line Breaks,order_of_magnitude_high,Warriors v Eels,26,home,571,571,season median ~ 12,Value is 47.58x the season median
team,2007,line_breaks,Line Breaks,order_of_magnitude_high,Warriors v Sea Eagles,24,away,429,429,season median ~ 12,Value is 35.75x the season median
team,2007,line_breaks,Line Breaks,order_of_magnitude_high,Warriors v Sea Eagles,24,home,451,451,season median ~ 12,Value is 37.58x the season median
team,2007,line_breaks,Line Breaks,order_of_magnitude_high,Wests Tigers v Knights,25,away,445,445,season median ~ 12,Value is 37.08x the season median
team,2007,line_breaks,Line Breaks,order_of_magnitude_high,Wests Tigers v Knights,25,home,443,443,season median ~ 12,Value is 36.92x the season median
team,2007,line_breaks,Line Breaks,order_of_magnitude_high,Wests Tigers v Rabbitohs,24,away,541,541,season median ~ 12,Value is 45.08x the season median
team,2007,line_breaks,Line Breaks,order_of_magnitude_high,Wests Tigers v Rabbitohs,24,home,265,265,season median ~ 12,Value is 22.08x the season median
team,2007,line_breaks,Line Breaks,order_of_magnitude_high,Wests Tigers v Titans,14,away,669,669,season median ~ 12,Value is 55.75x the season median
team,2007,line_breaks,Line Breaks,order_of_magnitude_high,Wests Tigers v Titans,14,home,595,595,season median ~ 12,Value is 49.58x the season median
team,2007,line_breaks,Line Breaks,order_of_magnitude_high,Wests Tigers v Warriors,19,away,578,578,season median ~ 12,Value is 48.17x the season median
team,2007,line_breaks,Line Breaks,order_of_magnitude_high,Wests Tigers v Warriors,19,home,566,566,season median ~ 12,Value is 47.17x the season median
team,2007,offloads,Offloads,order_of_magnitude_high,Broncos v Knights,11,away,322,322,season median ~ 39,Value is 8.26x the season median
team,2007,offloads,Offloads,order_of_magnitude_high,Broncos v Knights,11,home,201,201,season median ~ 39,Value is 5.15x the season median
team,2007,offloads,Offloads,order_of_magnitude_high,Broncos v Rabbitohs,8,away,355,355,season median ~ 39,Value is 9.10x the season median
team,2007,offloads,Offloads,order_of_magnitude_high,Broncos v Rabbitohs,8,home,341,341,season median ~ 39,Value is 8.74x the season median
team,2007,offloads,Offloads,order_of_magnitude_high,Broncos v Storm,7,away,340,340,season median ~ 39,Value is 8.72x the season median
team,2007,offloads,Offloads,order_of_magnitude_high,Broncos v Storm,7,home,333,333,season median ~ 39,Value is 8.54x the season median
team,2007,offloads,Offloads,order_of_magnitude_high,Broncos v Wests Tigers,15,away,303,303,season median ~ 39,Value is 7.77x the season median
team,2007,offloads,Offloads,order_of_magnitude_high,Broncos v Wests Tigers,15,home,296,296,season median ~ 39,Value is 7.59x the season median
team,2007,offloads,Offloads,order_of_magnitude_high,Bulldogs v Wests Tigers,7,away,260,260,season median ~ 39,Value is 6.67x the season median
team,2007,offloads,Offloads,order_of_magnitude_high,Bulldogs v Wests Tigers,7,home,269,269,season median ~ 39,Value is 6.90x the season median
team,2007,offloads,Offloads,order_of_magnitude_high,Cowboys v Rabbitohs,6,away,342,342,season median ~ 39,Value is 8.77x the season median
team,2007,offloads,Offloads,order_of_magnitude_high,Cowboys v Rabbitohs,6,home,338,338,season median ~ 39,Value is 8.67x the season median
team,2007,offloads,Offloads,order_of_magnitude_high,Cowboys v Roosters,2,away,358,358,season median ~ 39,Value is 9.18x the season median
team,2007,offloads,Offloads,order_of_magnitude_high,Cowboys v Roosters,2,home,241,241,season median ~ 39,Value is 6.18x the season median
team,2007,offloads,Offloads,order_of_magnitude_high,Dragons v Bulldogs,20,away,281,281,season median ~ 39,Value is 7.21x the season median
team,2007,offloads,Offloads,order_of_magnitude_high,Dragons v Bulldogs,20,home,245,245,season median ~ 39,Value is 6.28x the season median
team,2007,offloads,Offloads,order_of_magnitude_high,Dragons v Cowboys,3,away,280,280,season median ~ 39,Value is 7.18x the season median
team,2007,offloads,Offloads,order_of_magnitude_high,Dragons v Cowboys,3,home,298,298,season median ~ 39,Value is 7.64x the season median
team,2007,offloads,Offloads,order_of_magnitude_high,Dragons v Titans,10,away,334,334,season median ~ 39,Value is 8.56x the season median
team,2007,offloads,Offloads,order_of_magnitude_high,Dragons v Titans,10,home,264,264,season median ~ 39,Value is 6.77x the season median
team,2007,offloads,Offloads,order_of_magnitude_high,Eels v Roosters,8,away,320,320,season median ~ 39,Value is 8.21x the season median
team,2007,offloads,Offloads,order_of_magnitude_high,Eels v Roosters,8,home,354,354,season median ~ 39,Value is 9.08x the season median
team,2007,offloads,Offloads,order_of_magnitude_high,Knights v Broncos,6,away,304,304,season median ~ 39,Value is 7.79x the season median
team,2007,offloads,Offloads,order_of_magnitude_high,Knights v Broncos,6,home,331,331,season median ~ 39,Value is 8.49x the season median
team,2007,offloads,Offloads,order_of_magnitude_high,Knights v Raiders,14,away,343,343,season median ~ 39,Value is 8.79x the season median
team,2007,offloads,Offloads,order_of_magnitude_high,Knights v Raiders,14,home,293,293,season median ~ 39,Value is 7.51x the season median
team,2007,offloads,Offloads,order_of_magnitude_high,Panthers v Bulldogs,2,away,276,276,season median ~ 39,Value is 7.08x the season median
team,2007,offloads,Offloads,order_of_magnitude_high,Panthers v Bulldogs,2,home,226,226,season median ~ 39,Value is 5.79x the season median
team,2007,offloads,Offloads,order_of_magnitude_high,Panthers v Sea Eagles,12,away,284,284,season median ~ 39,Value is 7.28x the season median
team,2007,offloads,Offloads,order_of_magnitude_high,Panthers v Sea Eagles,12,home,295,295,season median ~ 39,Value is 7.56x the season median
team,2007,offloads,Offloads,order_of_magnitude_high,Rabbitohs v Eels,2,away,330,330,season median ~ 39,Value is 8.46x the season median
team,2007,offloads,Offloads,order_of_magnitude_high,Rabbitohs v Eels,2,home,250,250,season median ~ 39,Value is 6.41x the season median
team,2007,offloads,Offloads,order_of_magnitude_high,Rabbitohs v Knights,5,away,308,308,season median ~ 39,Value is 7.90x the season median
team,2007,offloads,Offloads,order_of_magnitude_high,Rabbitohs v Knights,5,home,309,309,season median ~ 39,Value is 7.92x the season median
team,2007,offloads,Offloads,order_of_magnitude_high,Rabbitohs v Raiders,9,away,341,341,season median ~ 39,Value is 8.74x the season median
team,2007,offloads,Offloads,order_of_magnitude_high,Rabbitohs v Raiders,9,home,342,342,season median ~ 39,Value is 8.77x the season median
team,2007,offloads,Offloads,order_of_magnitude_high,Raiders v Cowboys,15,away,323,323,season median ~ 39,Value is 8.28x the season median
team,2007,offloads,Offloads,order_of_magnitude_high,Raiders v Cowboys,15,home,309,309,season median ~ 39,Value is 7.92x the season median
team,2007,offloads,Offloads,order_of_magnitude_high,Raiders v Knights,3,away,285,285,season median ~ 39,Value is 7.31x the season median
team,2007,offloads,Offloads,order_of_magnitude_high,Raiders v Knights,3,home,265,265,season median ~ 39,Value is 6.79x the season median
team,2007,offloads,Offloads,order_of_magnitude_high,Raiders v Panthers,20,away,250,250,season median ~ 39,Value is 6.41x the season median
team,2007,offloads,Offloads,order_of_magnitude_high,Raiders v Panthers,20,home,274,274,season median ~ 39,Value is 7.03x the season median
team,2007,offloads,Offloads,order_of_magnitude_high,Raiders v Sharks,25,away,301,301,season median ~ 39,Value is 7.72x the season median
team,2007,offloads,Offloads,order_of_magnitude_high,Raiders v Sharks,25,home,370,370,season median ~ 39,Value is 9.49x the season median
team,2007,offloads,Offloads,order_of_magnitude_high,Raiders v Storm,2,away,324,324,season median ~ 39,Value is 8.31x the season median
team,2007,offloads,Offloads,order_of_magnitude_high,Raiders v Storm,2,home,284,284,season median ~ 39,Value is 7.28x the season median
team,2007,offloads,Offloads,order_of_magnitude_high,Raiders v Wests Tigers,16,away,317,317,season median ~ 39,Value is 8.13x the season median
team,2007,offloads,Offloads,order_of_magnitude_high,Raiders v Wests Tigers,16,home,269,269,season median ~ 39,Value is 6.90x the season median
team,2007,offloads,Offloads,order_of_magnitude_high,Roosters v Broncos,4,away,258,258,season median ~ 39,Value is 6.62x the season median
team,2007,offloads,Offloads,order_of_magnitude_high,Roosters v Broncos,4,home,384,384,season median ~ 39,Value is 9.85x the season median
team,2007,offloads,Offloads,order_of_magnitude_high,Roosters v Rabbitohs,1,away,305,305,season median ~ 39,Value is 7.82x the season median
team,2007,offloads,Offloads,order_of_magnitude_high,Roosters v Rabbitohs,1,home,315,315,season median ~ 39,Value is 8.08x the season median
team,2007,offloads,Offloads,order_of_magnitude_high,Sea Eagles v Raiders,1,away,359,359,season median ~ 39,Value is 9.21x the season median
team,2007,offloads,Offloads,order_of_magnitude_high,Sea Eagles v Raiders,1,home,247,247,season median ~ 39,Value is 6.33x the season median
team,2007,offloads,Offloads,order_of_magnitude_high,Sea Eagles v Wests Tigers,18,away,351,351,season median ~ 39,Value is 9.00x the season median
team,2007,offloads,Offloads,order_of_magnitude_high,Sea Eagles v Wests Tigers,18,home,248,248,season median ~ 39,Value is 6.36x the season median
team,2007,offloads,Offloads,order_of_magnitude_high,Storm v Panthers,6,away,290,290,season median ~ 39,Value is 7.44x the season median
team,2007,offloads,Offloads,order_of_magnitude_high,Storm v Panthers,6,home,315,315,season median ~ 39,Value is 8.08x the season median
team,2007,offloads,Offloads,order_of_magnitude_high,Storm v Roosters,10,away,381,381,season median ~ 39,Value is 9.77x the season median
team,2007,offloads,Offloads,order_of_magnitude_high,Storm v Roosters,10,home,311,311,season median ~ 39,Value is 7.97x the season median
team,2007,offloads,Offloads,order_of_magnitude_high,Titans v Cowboys,8,away,281,281,season median ~ 39,Value is 7.21x the season median
team,2007,offloads,Offloads,order_of_magnitude_high,Titans v Cowboys,8,home,349,349,season median ~ 39,Value is 8.95x the season median
team,2007,offloads,Offloads,order_of_magnitude_high,Titans v Knights,15,away,321,321,season median ~ 39,Value is 8.23x the season median
team,2007,offloads,Offloads,order_of_magnitude_high,Titans v Knights,15,home,269,269,season median ~ 39,Value is 6.90x the season median
team,2007,offloads,Offloads,order_of_magnitude_high,Titans v Warriors,16,away,269,269,season median ~ 39,Value is 6.90x the season median
team,2007,offloads,Offloads,order_of_magnitude_high,Titans v Warriors,16,home,341,341,season median ~ 39,Value is 8.74x the season median
team,2007,offloads,Offloads,order_of_magnitude_high,Wests Tigers v Sea Eagles,2,away,315,315,season median ~ 39,Value is 8.08x the season median
team,2007,offloads,Offloads,order_of_magnitude_high,Wests Tigers v Sea Eagles,2,home,331,331,season median ~ 39,Value is 8.49x the season median
team,2007,offloads,Offloads,order_of_magnitude_high,Wests Tigers v Sharks,5,away,332,332,season median ~ 39,Value is 8.51x the season median
team,2007,offloads,Offloads,order_of_magnitude_high,Wests Tigers v Sharks,5,home,324,324,season median ~ 39,Value is 8.31x the season median
team,2007,offloads,Offloads,order_of_magnitude_high,Wests Tigers v Storm,8,away,340,340,season median ~ 39,Value is 8.72x the season median
team,2007,offloads,Offloads,order_of_magnitude_high,Wests Tigers v Storm,8,home,268,268,season median ~ 39,Value is 6.87x the season median
team,2007,tackle_breaks,Tackle Breaks,order_of_magnitude_high,Broncos v Bulldogs,23,away,271,271,season median ~ 21,Value is 12.90x the season median
team,2007,tackle_breaks,Tackle Breaks,order_of_magnitude_high,Broncos v Bulldogs,23,home,282,282,season median ~ 21,Value is 13.43x the season median
team,2007,tackle_breaks,Tackle Breaks,order_of_magnitude_high,Broncos v Raiders,24,away,364,364,season median ~ 21,Value is 17.33x the season median
team,2007,tackle_breaks,Tackle Breaks,order_of_magnitude_high,Broncos v Raiders,24,home,240,240,season median ~ 21,Value is 11.43x the season median
team,2007,tackle_breaks,Tackle Breaks,order_of_magnitude_high,Bulldogs v Raiders,22,away,314,314,season median ~ 21,Value is 14.95x the season median
team,2007,tackle_breaks,Tackle Breaks,order_of_magnitude_high,Bulldogs v Raiders,22,home,227,227,season median ~ 21,Value is 10.81x the season median
team,2007,tackle_breaks,Tackle Breaks,order_of_magnitude_high,Cowboys v Bulldogs,25,away,231,231,season median ~ 21,Value is 11.00x the season median
team,2007,tackle_breaks,Tackle Breaks,order_of_magnitude_high,Cowboys v Bulldogs,26,away,289,289,season median ~ 21,Value is 13.76x the season median
team,2007,tackle_breaks,Tackle Breaks,order_of_magnitude_high,Cowboys v Bulldogs,25,home,253,253,season median ~ 21,Value is 12.05x the season median
team,2007,tackle_breaks,Tackle Breaks,order_of_magnitude_high,Cowboys v Bulldogs,26,home,267,267,season median ~ 21,Value is 12.71x the season median
team,2007,tackle_breaks,Tackle Breaks,order_of_magnitude_high,Cowboys v Dragons,23,away,312,312,season median ~ 21,Value is 14.86x the season median
team,2007,tackle_breaks,Tackle Breaks,order_of_magnitude_high,Cowboys v Dragons,23,home,243,243,season median ~ 21,Value is 11.57x the season median
team,2007,tackle_breaks,Tackle Breaks,order_of_magnitude_high,Cowboys v Raiders,21,away,294,294,season median ~ 21,Value is 14.00x the season median
team,2007,tackle_breaks,Tackle Breaks,order_of_magnitude_high,Cowboys v Raiders,21,home,278,278,season median ~ 21,Value is 13.24x the season median
team,2007,tackle_breaks,Tackle Breaks,order_of_magnitude_high,Dragons v Eels,24,away,425,425,season median ~ 21,Value is 20.24x the season median
team,2007,tackle_breaks,Tackle Breaks,order_of_magnitude_high,Dragons v Eels,24,home,328,328,season median ~ 21,Value is 15.62x the season median
team,2007,tackle_breaks,Tackle Breaks,order_of_magnitude_high,Dragons v Rabbitohs,22,away,283,283,season median ~ 21,Value is 13.48x the season median
team,2007,tackle_breaks,Tackle Breaks,order_of_magnitude_high,Dragons v Rabbitohs,22,home,311,311,season median ~ 21,Value is 14.81x the season median
team,2007,tackle_breaks,Tackle Breaks,order_of_magnitude_high,Eels v Broncos,25,away,249,249,season median ~ 21,Value is 11.86x the season median
team,2007,tackle_breaks,Tackle Breaks,order_of_magnitude_high,Eels v Broncos,25,home,246,246,season median ~ 21,Value is 11.71x the season median
team,2007,tackle_breaks,Tackle Breaks,order_of_magnitude_high,Eels v Dragons,14,away,392,392,season median ~ 21,Value is 18.67x the season median
team,2007,tackle_breaks,Tackle Breaks,order_of_magnitude_high,Eels v Dragons,14,home,335,335,season median ~ 21,Value is 15.95x the season median
team,2007,tackle_breaks,Tackle Breaks,order_of_magnitude_high,Knights v Cowboys,24,away,287,287,season median ~ 21,Value is 13.67x the season median
team,2007,tackle_breaks,Tackle Breaks,order_of_magnitude_high,Knights v Cowboys,24,home,289,289,season median ~ 21,Value is 13.76x the season median
team,2007,tackle_breaks,Tackle Breaks,order_of_magnitude_high,Knights v Panthers,23,away,218,218,season median ~ 21,Value is 10.38x the season median
team,2007,tackle_breaks,Tackle Breaks,order_of_magnitude_high,Knights v Panthers,23,home,293,293,season median ~ 21,Value is 13.95x the season median
team,2007,tackle_breaks,Tackle Breaks,order_of_magnitude_high,Panthers v Cowboys,22,away,340,340,season median ~ 21,Value is 16.19x the season median
team,2007,tackle_breaks,Tackle Breaks,order_of_magnitude_high,Panthers v Cowboys,22,home,300,300,season median ~ 21,Value is 14.29x the season median
team,2007,tackle_breaks,Tackle Breaks,order_of_magnitude_high,Panthers v Warriors,25,away,317,317,season median ~ 21,Value is 15.10x the season median
team,2007,tackle_breaks,Tackle Breaks,order_of_magnitude_high,Panthers v Warriors,25,home,281,281,season median ~ 21,Value is 13.38x the season median
team,2007,tackle_breaks,Tackle Breaks,order_of_magnitude_high,Rabbitohs v Sea Eagles,23,away,370,370,season median ~ 21,Value is 17.62x the season median
team,2007,tackle_breaks,Tackle Breaks,order_of_magnitude_high,Rabbitohs v Sea Eagles,23,home,268,268,season median ~ 21,Value is 12.76x the season median
team,2007,tackle_breaks,Tackle Breaks,order_of_magnitude_high,Raiders v Dragons,11,away,334,334,season median ~ 21,Value is 15.90x the season median
team,2007,tackle_breaks,Tackle Breaks,order_of_magnitude_high,Raiders v Dragons,11,home,311,311,season median ~ 21,Value is 14.81x the season median
team,2007,tackle_breaks,Tackle Breaks,order_of_magnitude_high,Raiders v Warriors,23,away,338,338,season median ~ 21,Value is 16.10x the season median
team,2007,tackle_breaks,Tackle Breaks,order_of_magnitude_high,Raiders v Warriors,23,home,278,278,season median ~ 21,Value is 13.24x the season median
team,2007,tackle_breaks,Tackle Breaks,order_of_magnitude_high,Sea Eagles v Cowboys,28,away,297,297,season median ~ 21,Value is 14.14x the season median
team,2007,tackle_breaks,Tackle Breaks,order_of_magnitude_high,Sea Eagles v Cowboys,28,home,261,261,season median ~ 21,Value is 12.43x the season median
team,2007,tackle_breaks,Tackle Breaks,order_of_magnitude_high,Sea Eagles v Dragons,25,away,276,276,season median ~ 21,Value is 13.14x the season median
team,2007,tackle_breaks,Tackle Breaks,order_of_magnitude_high,Sea Eagles v Dragons,25,home,248,248,season median ~ 21,Value is 11.81x the season median
team,2007,tackle_breaks,Tackle Breaks,order_of_magnitude_high,Sea Eagles v Rabbitohs,26,away,343,343,season median ~ 21,Value is 16.33x the season median
team,2007,tackle_breaks,Tackle Breaks,order_of_magnitude_high,Sea Eagles v Rabbitohs,26,home,257,257,season median ~ 21,Value is 12.24x the season median
team,2007,tackle_breaks,Tackle Breaks,order_of_magnitude_high,Storm v Broncos,22,away,348,348,season median ~ 21,Value is 16.57x the season median
team,2007,tackle_breaks,Tackle Breaks,order_of_magnitude_high,Storm v Broncos,26,away,384,384,season median ~ 21,Value is 18.29x the season median
team,2007,tackle_breaks,Tackle Breaks,order_of_magnitude_high,Storm v Broncos,22,home,395,395,season median ~ 21,Value is 18.81x the season median
team,2007,tackle_breaks,Tackle Breaks,order_of_magnitude_high,Storm v Broncos,26,home,297,297,season median ~ 21,Value is 14.14x the season median
team,2007,tackle_breaks,Tackle Breaks,order_of_magnitude_high,Storm v Bulldogs,9,away,320,320,season median ~ 21,Value is 15.24x the season median
team,2007,tackle_breaks,Tackle Breaks,order_of_magnitude_high,Storm v Bulldogs,9,home,287,287,season median ~ 21,Value is 13.67x the season median
team,2007,tackle_breaks,Tackle Breaks,order_of_magnitude_high,Storm v Eels,23,away,437,437,season median ~ 21,Value is 20.81x the season median
team,2007,tackle_breaks,Tackle Breaks,order_of_magnitude_high,Storm v Eels,23,home,376,376,season median ~ 21,Value is 17.90x the season median
team,2007,tackle_breaks,Tackle Breaks,order_of_magnitude_high,Storm v Titans,25,away,355,355,season median ~ 21,Value is 16.90x the season median
team,2007,tackle_breaks,Tackle Breaks,order_of_magnitude_high,Storm v Titans,25,home,289,289,season median ~ 21,Value is 13.76x the season median
team,2007,tackle_breaks,Tackle Breaks,order_of_magnitude_high,Warriors v Eels,26,away,335,335,season median ~ 21,Value is 15.95x the season median
team,2007,tackle_breaks,Tackle Breaks,order_of_magnitude_high,Warriors v Eels,26,home,383,383,season median ~ 21,Value is 18.24x the season median
team,2007,tackle_breaks,Tackle Breaks,order_of_magnitude_high,Warriors v Sea Eagles,24,away,304,304,season median ~ 21,Value is 14.48x the season median
team,2007,tackle_breaks,Tackle Breaks,order_of_magnitude_high,Warriors v Sea Eagles,24,home,299,299,season median ~ 21,Value is 14.24x the season median
team,2007,tackle_breaks,Tackle Breaks,order_of_magnitude_high,Wests Tigers v Knights,25,away,308,308,season median ~ 21,Value is 14.67x the season median
team,2007,tackle_breaks,Tackle Breaks,order_of_magnitude_high,Wests Tigers v Knights,25,home,299,299,season median ~ 21,Value is 14.24x the season median
team,2007,tackle_breaks,Tackle Breaks,order_of_magnitude_high,Wests Tigers v Rabbitohs,24,away,250,250,season median ~ 21,Value is 11.90x the season median
team,2007,tackle_breaks,Tackle Breaks,order_of_magnitude_high,Wests Tigers v Rabbitohs,24,home,349,349,season median ~ 21,Value is 16.62x the season median
team,2007,tackle_breaks,Tackle Breaks,order_of_magnitude_high,Wests Tigers v Titans,14,away,357,357,season median ~ 21,Value is 17.00x the season median
team,2007,tackle_breaks,Tackle Breaks,order_of_magnitude_high,Wests Tigers v Titans,14,home,319,319,season median ~ 21,Value is 15.19x the season median
team,2007,tackle_breaks,Tackle Breaks,order_of_magnitude_high,Wests Tigers v Warriors,19,away,329,329,season median ~ 21,Value is 15.67x the season median
team,2007,tackle_breaks,Tackle Breaks,order_of_magnitude_high,Wests Tigers v Warriors,19,home,270,270,season median ~ 21,Value is 12.86x the season median
team,2007,time_in_possession,Time In Possession,time_in_possession_out_of_range,Broncos v Bulldogs,23,away,174,2.9,stat-specific sanity range,
team,2007,time_in_possession,Time In Possession,time_in_possession_out_of_range,Broncos v Bulldogs,23,home,153,2.55,stat-specific sanity range,
team,2007,time_in_possession,Time In Possession,time_in_possession_out_of_range,Broncos v Raiders,24,away,149,2.4833333333333334,stat-specific sanity range,
team,2007,time_in_possession,Time In Possession,time_in_possession_out_of_range,Broncos v Raiders,24,home,210,3.5,stat-specific sanity range,
team,2007,time_in_possession,Time In Possession,time_in_possession_out_of_range,Bulldogs v Raiders,22,away,150,2.5,stat-specific sanity range,
team,2007,time_in_possession,Time In Possession,time_in_possession_out_of_range,Bulldogs v Raiders,22,home,192,3.2,stat-specific sanity range,
team,2007,time_in_possession,Time In Possession,time_in_possession_out_of_range,Cowboys v Bulldogs,25,away,166,2.7666666666666666,stat-specific sanity range,
team,2007,time_in_possession,Time In Possession,time_in_possession_out_of_range,Cowboys v Bulldogs,26,away,166,2.7666666666666666,stat-specific sanity range,
team,2007,time_in_possession,Time In Possession,time_in_possession_out_of_range,Cowboys v Bulldogs,25,home,154,2.566666666666667,stat-specific sanity range,
team,2007,time_in_possession,Time In Possession,time_in_possession_out_of_range,Cowboys v Bulldogs,26,home,182,3.033333333333333,stat-specific sanity range,
team,2007,time_in_possession,Time In Possession,time_in_possession_out_of_range,Cowboys v Dragons,23,away,147,2.45,stat-specific sanity range,
team,2007,time_in_possession,Time In Possession,time_in_possession_out_of_range,Cowboys v Dragons,23,home,180,3,stat-specific sanity range,
team,2007,time_in_possession,Time In Possession,time_in_possession_out_of_range,Cowboys v Raiders,21,away,169,2.816666666666667,stat-specific sanity range,
team,2007,time_in_possession,Time In Possession,time_in_possession_out_of_range,Cowboys v Raiders,21,home,178,2.966666666666667,stat-specific sanity range,
team,2007,time_in_possession,Time In Possession,time_in_possession_out_of_range,Dragons v Eels,24,away,174,2.9,stat-specific sanity range,
team,2007,time_in_possession,Time In Possession,time_in_possession_out_of_range,Dragons v Eels,24,home,206,3.433333333333333,stat-specific sanity range,
team,2007,time_in_possession,Time In Possession,time_in_possession_out_of_range,Dragons v Rabbitohs,22,away,174,2.9,stat-specific sanity range,
team,2007,time_in_possession,Time In Possession,time_in_possession_out_of_range,Dragons v Rabbitohs,22,home,167,2.783333333333333,stat-specific sanity range,
team,2007,time_in_possession,Time In Possession,time_in_possession_out_of_range,Eels v Broncos,25,away,128,2.1333333333333333,stat-specific sanity range,
team,2007,time_in_possession,Time In Possession,time_in_possession_out_of_range,Eels v Broncos,25,home,173,2.8833333333333333,stat-specific sanity range,
team,2007,time_in_possession,Time In Possession,time_in_possession_out_of_range,Eels v Dragons,14,away,172,2.8666666666666667,stat-specific sanity range,
team,2007,time_in_possession,Time In Possession,time_in_possession_out_of_range,Eels v Dragons,14,home,205,3.4166666666666665,stat-specific sanity range,
team,2007,time_in_possession,Time In Possession,time_in_possession_out_of_range,Knights v Cowboys,24,away,167,2.783333333333333,stat-specific sanity range,
team,2007,time_in_possession,Time In Possession,time_in_possession_out_of_range,Knights v Cowboys,24,home,181,3.0166666666666666,stat-specific sanity range,
team,2007,time_in_possession,Time In Possession,time_in_possession_out_of_range,Knights v Panthers,23,away,166,2.7666666666666666,stat-specific sanity range,
team,2007,time_in_possession,Time In Possession,time_in_possession_out_of_range,Knights v Panthers,23,home,137,2.283333333333333,stat-specific sanity range,
team,2007,time_in_possession,Time In Possession,time_in_possession_out_of_range,Panthers v Cowboys,22,away,178,2.966666666666667,stat-specific sanity range,
team,2007,time_in_possession,Time In Possession,time_in_possession_out_of_range,Panthers v Cowboys,22,home,202,3.3666666666666667,stat-specific sanity range,
team,2007,time_in_possession,Time In Possession,time_in_possession_out_of_range,Panthers v Warriors,25,away,179,2.9833333333333334,stat-specific sanity range,
team,2007,time_in_possession,Time In Possession,time_in_possession_out_of_range,Panthers v Warriors,25,home,174,2.9,stat-specific sanity range,
team,2007,time_in_possession,Time In Possession,time_in_possession_out_of_range,Rabbitohs v Sea Eagles,23,away,140,2.3333333333333335,stat-specific sanity range,
team,2007,time_in_possession,Time In Possession,time_in_possession_out_of_range,Rabbitohs v Sea Eagles,23,home,197,3.283333333333333,stat-specific sanity range,
team,2007,time_in_possession,Time In Possession,time_in_possession_out_of_range,Raiders v Dragons,11,away,158,2.6333333333333333,stat-specific sanity range,
team,2007,time_in_possession,Time In Possession,time_in_possession_out_of_range,Raiders v Dragons,11,home,191,3.183333333333333,stat-specific sanity range,
team,2007,time_in_possession,Time In Possession,time_in_possession_out_of_range,Raiders v Warriors,23,away,150,2.5,stat-specific sanity range,
team,2007,time_in_possession,Time In Possession,time_in_possession_out_of_range,Raiders v Warriors,23,home,182,3.033333333333333,stat-specific sanity range,
team,2007,time_in_possession,Time In Possession,time_in_possession_out_of_range,Sea Eagles v Cowboys,28,away,151,2.5166666666666666,stat-specific sanity range,
team,2007,time_in_possession,Time In Possession,time_in_possession_out_of_range,Sea Eagles v Cowboys,28,home,191,3.183333333333333,stat-specific sanity range,
team,2007,time_in_possession,Time In Possession,time_in_possession_out_of_range,Sea Eagles v Dragons,25,away,164,2.7333333333333334,stat-specific sanity range,
team,2007,time_in_possession,Time In Possession,time_in_possession_out_of_range,Sea Eagles v Dragons,25,home,156,2.6,stat-specific sanity range,
team,2007,time_in_possession,Time In Possession,time_in_possession_out_of_range,Sea Eagles v Rabbitohs,26,away,147,2.45,stat-specific sanity range,
team,2007,time_in_possession,Time In Possession,time_in_possession_out_of_range,Sea Eagles v Rabbitohs,26,home,185,3.0833333333333335,stat-specific sanity range,
team,2007,time_in_possession,Time In Possession,time_in_possession_out_of_range,Storm v Broncos,22,away,186,3.1,stat-specific sanity range,
team,2007,time_in_possession,Time In Possession,time_in_possession_out_of_range,Storm v Broncos,26,away,151,2.5166666666666666,stat-specific sanity range,
team,2007,time_in_possession,Time In Possession,time_in_possession_out_of_range,Storm v Broncos,22,home,207,3.45,stat-specific sanity range,
team,2007,time_in_possession,Time In Possession,time_in_possession_out_of_range,Storm v Broncos,26,home,199,3.316666666666667,stat-specific sanity range,
team,2007,time_in_possession,Time In Possession,time_in_possession_out_of_range,Storm v Bulldogs,9,away,155,2.5833333333333335,stat-specific sanity range,
team,2007,time_in_possession,Time In Possession,time_in_possession_out_of_range,Storm v Bulldogs,9,home,159,2.65,stat-specific sanity range,
team,2007,time_in_possession,Time In Possession,time_in_possession_out_of_range,Storm v Eels,23,away,187,3.1166666666666667,stat-specific sanity range,
team,2007,time_in_possession,Time In Possession,time_in_possession_out_of_range,Storm v Eels,23,home,195,3.25,stat-specific sanity range,
team,2007,time_in_possession,Time In Possession,time_in_possession_out_of_range,Storm v Titans,25,away,147,2.45,stat-specific sanity range,
team,2007,time_in_possession,Time In Possession,time_in_possession_out_of_range,Storm v Titans,25,home,185,3.0833333333333335,stat-specific sanity range,
team,2007,time_in_possession,Time In Possession,time_in_possession_out_of_range,Warriors v Eels,26,away,190,3.1666666666666665,stat-specific sanity range,
team,2007,time_in_possession,Time In Possession,time_in_possession_out_of_range,Warriors v Eels,26,home,183,3.05,stat-specific sanity range,
team,2007,time_in_possession,Time In Possession,time_in_possession_out_of_range,Warriors v Sea Eagles,24,away,156,2.6,stat-specific sanity range,
team,2007,time_in_possession,Time In Possession,time_in_possession_out_of_range,Warriors v Sea Eagles,24,home,165,2.75,stat-specific sanity range,
team,2007,time_in_possession,Time In Possession,time_in_possession_out_of_range,Wests Tigers v Knights,25,away,185,3.0833333333333335,stat-specific sanity range,
team,2007,time_in_possession,Time In Possession,time_in_possession_out_of_range,Wests Tigers v Knights,25,home,169,2.816666666666667,stat-specific sanity range,
team,2007,time_in_possession,Time In Possession,time_in_possession_out_of_range,Wests Tigers v Rabbitohs,24,away,197,3.283333333333333,stat-specific sanity range,
team,2007,time_in_possession,Time In Possession,time_in_possession_out_of_range,Wests Tigers v Rabbitohs,24,home,143,2.3833333333333333,stat-specific sanity range,
team,2007,time_in_possession,Time In Possession,time_in_possession_out_of_range,Wests Tigers v Titans,14,away,177,2.95,stat-specific sanity range,
team,2007,time_in_possession,Time In Possession,time_in_possession_out_of_range,Wests Tigers v Titans,14,home,185,3.0833333333333335,stat-specific sanity range,
team,2007,time_in_possession,Time In Possession,time_in_possession_out_of_range,Wests Tigers v Warriors,19,away,163,2.716666666666667,stat-specific sanity range,
team,2007,time_in_possession,Time In Possession,time_in_possession_out_of_range,Wests Tigers v Warriors,19,home,176,2.933333333333333,stat-specific sanity range,
team,2008,all_run_metres,All Run Metres,order_of_magnitude_high,Sea Eagles v Storm,30,away,"1,390",1390,season median ~ 35,Value is 39.71x the season median
team,2008,all_run_metres,All Run Metres,order_of_magnitude_high,Sea Eagles v Storm,30,home,"1,982",1982,season median ~ 35,Value is 56.63x the season median
team,2008,kicks,Kicks,order_of_magnitude_high,Sea Eagles v Storm,30,away,628,628,season median ~ 10.5,Value is 59.81x the season median
team,2008,kicks,Kicks,order_of_magnitude_high,Sea Eagles v Storm,30,home,706,706,season median ~ 10.5,Value is 67.24x the season median
team,2008,line_breaks,Line Breaks,order_of_magnitude_high,Broncos v Panthers,1,away,321,321,season median ~ 11,Value is 29.18x the season median
team,2008,line_breaks,Line Breaks,order_of_magnitude_high,Broncos v Panthers,1,home,496,496,season median ~ 11,Value is 45.09x the season median
team,2008,line_breaks,Line Breaks,order_of_magnitude_high,Bulldogs v Rabbitohs,17,away,621,621,season median ~ 11,Value is 56.45x the season median
team,2008,line_breaks,Line Breaks,order_of_magnitude_high,Bulldogs v Rabbitohs,17,home,406,406,season median ~ 11,Value is 36.91x the season median
team,2008,line_breaks,Line Breaks,order_of_magnitude_high,Wests Tigers v Sea Eagles,24,away,666,666,season median ~ 11,Value is 60.55x the season median
team,2008,line_breaks,Line Breaks,order_of_magnitude_high,Wests Tigers v Sea Eagles,24,home,364,364,season median ~ 11,Value is 33.09x the season median
team,2008,offloads,Offloads,order_of_magnitude_high,Bulldogs v Raiders,15,away,213,213,season median ~ 37,Value is 5.76x the season median
team,2008,offloads,Offloads,order_of_magnitude_high,Bulldogs v Raiders,15,home,312,312,season median ~ 37,Value is 8.43x the season median
team,2008,offloads,Offloads,order_of_magnitude_high,Cowboys v Wests Tigers,2,away,226,226,season median ~ 37,Value is 6.11x the season median
team,2008,offloads,Offloads,order_of_magnitude_high,Cowboys v Wests Tigers,2,home,275,275,season median ~ 37,Value is 7.43x the season median
team,2008,offloads,Offloads,order_of_magnitude_high,Eels v Dragons,9,away,372,372,season median ~ 37,Value is 10.05x the season median
team,2008,offloads,Offloads,order_of_magnitude_high,Eels v Dragons,9,home,352,352,season median ~ 37,Value is 9.51x the season median
team,2008,offloads,Offloads,order_of_magnitude_high,Eels v Roosters,10,away,275,275,season median ~ 37,Value is 7.43x the season median
team,2008,offloads,Offloads,order_of_magnitude_high,Eels v Roosters,10,home,362,362,season median ~ 37,Value is 9.78x the season median
team,2008,offloads,Offloads,order_of_magnitude_high,Eels v Titans,5,away,330,330,season median ~ 37,Value is 8.92x the season median
team,2008,offloads,Offloads,order_of_magnitude_high,Eels v Titans,5,home,357,357,season median ~ 37,Value is 9.65x the season median
team,2008,offloads,Offloads,order_of_magnitude_high,Knights v Eels,21,away,332,332,season median ~ 37,Value is 8.97x the season median
team,2008,offloads,Offloads,order_of_magnitude_high,Knights v Eels,21,home,278,278,season median ~ 37,Value is 7.51x the season median
team,2008,offloads,Offloads,order_of_magnitude_high,Knights v Rabbitohs,20,away,308,308,season median ~ 37,Value is 8.32x the season median
team,2008,offloads,Offloads,order_of_magnitude_high,Knights v Rabbitohs,20,home,226,226,season median ~ 37,Value is 6.11x the season median
team,2008,offloads,Offloads,order_of_magnitude_high,Knights v Sea Eagles,2,away,352,352,season median ~ 37,Value is 9.51x the season median
team,2008,offloads,Offloads,order_of_magnitude_high,Knights v Sea Eagles,2,home,310,310,season median ~ 37,Value is 8.38x the season median
team,2008,offloads,Offloads,order_of_magnitude_high,Knights v Storm,25,away,328,328,season median ~ 37,Value is 8.86x the season median
team,2008,offloads,Offloads,order_of_magnitude_high,Knights v Storm,25,home,300,300,season median ~ 37,Value is 8.11x the season median
team,2008,offloads,Offloads,order_of_magnitude_high,Knights v Titans,8,away,344,344,season median ~ 37,Value is 9.30x the season median
team,2008,offloads,Offloads,order_of_magnitude_high,Knights v Titans,8,home,371,371,season median ~ 37,Value is 10.03x the season median
team,2008,offloads,Offloads,order_of_magnitude_high,Knights v Warriors,12,away,389,389,season median ~ 37,Value is 10.51x the season median
team,2008,offloads,Offloads,order_of_magnitude_high,Knights v Warriors,12,home,364,364,season median ~ 37,Value is 9.84x the season median
team,2008,offloads,Offloads,order_of_magnitude_high,Knights v Wests Tigers,10,away,259,259,season median ~ 37,Value is 7.00x the season median
team,2008,offloads,Offloads,order_of_magnitude_high,Knights v Wests Tigers,10,home,290,290,season median ~ 37,Value is 7.84x the season median
team,2008,offloads,Offloads,order_of_magnitude_high,Panthers v Eels,8,away,293,293,season median ~ 37,Value is 7.92x the season median
team,2008,offloads,Offloads,order_of_magnitude_high,Panthers v Eels,8,home,279,279,season median ~ 37,Value is 7.54x the season median
team,2008,offloads,Offloads,order_of_magnitude_high,Panthers v Raiders,2,away,317,317,season median ~ 37,Value is 8.57x the season median
team,2008,offloads,Offloads,order_of_magnitude_high,Panthers v Raiders,2,home,334,334,season median ~ 37,Value is 9.03x the season median
team,2008,offloads,Offloads,order_of_magnitude_high,Panthers v Sea Eagles,26,away,306,306,season median ~ 37,Value is 8.27x the season median
team,2008,offloads,Offloads,order_of_magnitude_high,Panthers v Sea Eagles,26,home,287,287,season median ~ 37,Value is 7.76x the season median
team,2008,offloads,Offloads,order_of_magnitude_high,Rabbitohs v Warriors,21,away,319,319,season median ~ 37,Value is 8.62x the season median
team,2008,offloads,Offloads,order_of_magnitude_high,Rabbitohs v Warriors,21,home,298,298,season median ~ 37,Value is 8.05x the season median
team,2008,offloads,Offloads,order_of_magnitude_high,Raiders v Dragons,3,away,356,356,season median ~ 37,Value is 9.62x the season median
team,2008,offloads,Offloads,order_of_magnitude_high,Raiders v Dragons,3,home,292,292,season median ~ 37,Value is 7.89x the season median
team,2008,offloads,Offloads,order_of_magnitude_high,Raiders v Rabbitohs,10,away,357,357,season median ~ 37,Value is 9.65x the season median
team,2008,offloads,Offloads,order_of_magnitude_high,Raiders v Rabbitohs,10,home,246,246,season median ~ 37,Value is 6.65x the season median
team,2008,offloads,Offloads,order_of_magnitude_high,Raiders v Roosters,19,away,283,283,season median ~ 37,Value is 7.65x the season median
team,2008,offloads,Offloads,order_of_magnitude_high,Raiders v Roosters,19,home,344,344,season median ~ 37,Value is 9.30x the season median
team,2008,offloads,Offloads,order_of_magnitude_high,Raiders v Sea Eagles,12,away,265,265,season median ~ 37,Value is 7.16x the season median
team,2008,offloads,Offloads,order_of_magnitude_high,Raiders v Sea Eagles,12,home,336,336,season median ~ 37,Value is 9.08x the season median
team,2008,offloads,Offloads,order_of_magnitude_high,Raiders v Sharks,16,away,311,311,season median ~ 37,Value is 8.41x the season median
team,2008,offloads,Offloads,order_of_magnitude_high,Raiders v Sharks,16,home,301,301,season median ~ 37,Value is 8.14x the season median
team,2008,offloads,Offloads,order_of_magnitude_high,Raiders v Storm,6,away,321,321,season median ~ 37,Value is 8.68x the season median
team,2008,offloads,Offloads,order_of_magnitude_high,Raiders v Storm,6,home,348,348,season median ~ 37,Value is 9.41x the season median
team,2008,offloads,Offloads,order_of_magnitude_high,Roosters v Broncos,27,away,293,293,season median ~ 37,Value is 7.92x the season median
team,2008,offloads,Offloads,order_of_magnitude_high,Roosters v Broncos,27,home,283,283,season median ~ 37,Value is 7.65x the season median
team,2008,offloads,Offloads,order_of_magnitude_high,Roosters v Wests Tigers,12,away,360,360,season median ~ 37,Value is 9.73x the season median
team,2008,offloads,Offloads,order_of_magnitude_high,Roosters v Wests Tigers,12,home,278,278,season median ~ 37,Value is 7.51x the season median
team,2008,offloads,Offloads,order_of_magnitude_high,Sea Eagles v Storm,30,away,352,352,season median ~ 37,Value is 9.51x the season median
team,2008,offloads,Offloads,order_of_magnitude_high,Sea Eagles v Storm,30,home,441,441,season median ~ 37,Value is 11.92x the season median
team,2008,offloads,Offloads,order_of_magnitude_high,Sharks v Dragons,21,away,356,356,season median ~ 37,Value is 9.62x the season median
team,2008,offloads,Offloads,order_of_magnitude_high,Sharks v Dragons,21,home,301,301,season median ~ 37,Value is 8.14x the season median
team,2008,offloads,Offloads,order_of_magnitude_high,Sharks v Knights,19,away,292,292,season median ~ 37,Value is 7.89x the season median
team,2008,offloads,Offloads,order_of_magnitude_high,Sharks v Knights,19,home,283,283,season median ~ 37,Value is 7.65x the season median
team,2008,offloads,Offloads,order_of_magnitude_high,Sharks v Rabbitohs,22,away,294,294,season median ~ 37,Value is 7.95x the season median
team,2008,offloads,Offloads,order_of_magnitude_high,Sharks v Rabbitohs,22,home,323,323,season median ~ 37,Value is 8.73x the season median
team,2008,offloads,Offloads,order_of_magnitude_high,Storm v Raiders,17,away,339,339,season median ~ 37,Value is 9.16x the season median
team,2008,offloads,Offloads,order_of_magnitude_high,Storm v Raiders,17,home,297,297,season median ~ 37,Value is 8.03x the season median
team,2008,offloads,Offloads,order_of_magnitude_high,Storm v Warriors,27,away,292,292,season median ~ 37,Value is 7.89x the season median
team,2008,offloads,Offloads,order_of_magnitude_high,Storm v Warriors,27,home,337,337,season median ~ 37,Value is 9.11x the season median
team,2008,offloads,Offloads,order_of_magnitude_high,Warriors v Knights,4,away,280,280,season median ~ 37,Value is 7.57x the season median
team,2008,offloads,Offloads,order_of_magnitude_high,Warriors v Knights,4,home,266,266,season median ~ 37,Value is 7.19x the season median
team,2008,offloads,Offloads,order_of_magnitude_high,Warriors v Rabbitohs,13,away,283,283,season median ~ 37,Value is 7.65x the season median
team,2008,offloads,Offloads,order_of_magnitude_high,Warriors v Rabbitohs,13,home,318,318,season median ~ 37,Value is 8.59x the season median
team,2008,offloads,Offloads,order_of_magnitude_high,Warriors v Roosters,28,away,299,299,season median ~ 37,Value is 8.08x the season median
team,2008,offloads,Offloads,order_of_magnitude_high,Warriors v Roosters,28,home,273,273,season median ~ 37,Value is 7.38x the season median
team,2008,offloads,Offloads,order_of_magnitude_high,Wests Tigers v Titans,11,away,301,301,season median ~ 37,Value is 8.14x the season median
team,2008,offloads,Offloads,order_of_magnitude_high,Wests Tigers v Titans,11,home,283,283,season median ~ 37,Value is 7.65x the season median
team,2008,tackle_breaks,Tackle Breaks,order_of_magnitude_high,Broncos v Panthers,1,away,308,308,season median ~ 19,Value is 16.21x the season median
team,2008,tackle_breaks,Tackle Breaks,order_of_magnitude_high,Broncos v Panthers,1,home,236,236,season median ~ 19,Value is 12.42x the season median
team,2008,tackle_breaks,Tackle Breaks,order_of_magnitude_high,Bulldogs v Rabbitohs,17,away,299,299,season median ~ 19,Value is 15.74x the season median
team,2008,tackle_breaks,Tackle Breaks,order_of_magnitude_high,Bulldogs v Rabbitohs,17,home,341,341,season median ~ 19,Value is 17.95x the season median
team,2008,tackle_breaks,Tackle Breaks,order_of_magnitude_high,Wests Tigers v Sea Eagles,24,away,256,256,season median ~ 19,Value is 13.47x the season median
team,2008,tackle_breaks,Tackle Breaks,order_of_magnitude_high,Wests Tigers v Sea Eagles,24,home,284,284,season median ~ 19,Value is 14.95x the season median
team,2008,time_in_possession,Time In Possession,time_in_possession_out_of_range,Broncos v Panthers,1,away,131,2.183333333333333,stat-specific sanity range,
team,2008,time_in_possession,Time In Possession,time_in_possession_out_of_range,Broncos v Panthers,1,home,155,2.5833333333333335,stat-specific sanity range,
team,2008,time_in_possession,Time In Possession,time_in_possession_out_of_range,Bulldogs v Rabbitohs,17,away,183,3.05,stat-specific sanity range,
team,2008,time_in_possession,Time In Possession,time_in_possession_out_of_range,Bulldogs v Rabbitohs,17,home,160,2.6666666666666665,stat-specific sanity range,
team,2008,time_in_possession,Time In Possession,time_in_possession_out_of_range,Wests Tigers v Sea Eagles,24,away,191,3.183333333333333,stat-specific sanity range,
team,2008,time_in_possession,Time In Possession,time_in_possession_out_of_range,Wests Tigers v Sea Eagles,24,home,160,2.6666666666666665,stat-specific sanity range,
team,2009,all_run_metres,All Run Metres,order_of_magnitude_high,Storm v Eels,30,away,"1,685",1685,season median ~ 34,Value is 49.56x the season median
team,2009,all_run_metres,All Run Metres,order_of_magnitude_high,Storm v Eels,30,home,"1,609",1609,season median ~ 34,Value is 47.32x the season median
team,2009,line_breaks,Line Breaks,order_of_magnitude_high,Dragons v Eels,26,away,499,499,season median ~ 12,Value is 41.58x the season median
team,2009,line_breaks,Line Breaks,order_of_magnitude_high,Dragons v Eels,26,home,921,921,season median ~ 12,Value is 76.75x the season median
team,2009,line_breaks,Line Breaks,order_of_magnitude_high,Eels v Broncos,16,away,745,745,season median ~ 12,Value is 62.08x the season median
team,2009,line_breaks,Line Breaks,order_of_magnitude_high,Eels v Broncos,16,home,597,597,season median ~ 12,Value is 49.75x the season median
team,2009,line_breaks,Line Breaks,order_of_magnitude_high,Panthers v Broncos,6,away,635,635,season median ~ 12,Value is 52.92x the season median
team,2009,line_breaks,Line Breaks,order_of_magnitude_high,Panthers v Broncos,6,home,355,355,season median ~ 12,Value is 29.58x the season median
team,2009,line_breaks,Line Breaks,order_of_magnitude_high,Rabbitohs v Eels,2,away,656,656,season median ~ 12,Value is 54.67x the season median
team,2009,line_breaks,Line Breaks,order_of_magnitude_high,Rabbitohs v Eels,2,home,753,753,season median ~ 12,Value is 62.75x the season median
team,2009,line_breaks,Line Breaks,order_of_magnitude_high,Raiders v Storm,16,away,733,733,season median ~ 12,Value is 61.08x the season median
team,2009,line_breaks,Line Breaks,order_of_magnitude_high,Raiders v Storm,16,home,739,739,season median ~ 12,Value is 61.58x the season median
team,2009,offloads,Offloads,order_of_magnitude_high,Broncos v Panthers,23,away,316,316,season median ~ 38,Value is 8.32x the season median
team,2009,offloads,Offloads,order_of_magnitude_high,Broncos v Panthers,23,home,252,252,season median ~ 38,Value is 6.63x the season median
team,2009,offloads,Offloads,order_of_magnitude_high,Bulldogs v Eels,29,away,287,287,season median ~ 38,Value is 7.55x the season median
team,2009,offloads,Offloads,order_of_magnitude_high,Bulldogs v Eels,29,home,338,338,season median ~ 38,Value is 8.89x the season median
team,2009,offloads,Offloads,order_of_magnitude_high,Bulldogs v Rabbitohs,5,away,329,329,season median ~ 38,Value is 8.66x the season median
team,2009,offloads,Offloads,order_of_magnitude_high,Bulldogs v Rabbitohs,5,home,364,364,season median ~ 38,Value is 9.58x the season median
team,2009,offloads,Offloads,order_of_magnitude_high,Bulldogs v Roosters,24,away,292,292,season median ~ 38,Value is 7.68x the season median
team,2009,offloads,Offloads,order_of_magnitude_high,Bulldogs v Roosters,24,home,292,292,season median ~ 38,Value is 7.68x the season median
team,2009,offloads,Offloads,order_of_magnitude_high,Cowboys v Bulldogs,23,away,306,306,season median ~ 38,Value is 8.05x the season median
team,2009,offloads,Offloads,order_of_magnitude_high,Cowboys v Bulldogs,23,home,275,275,season median ~ 38,Value is 7.24x the season median
team,2009,offloads,Offloads,order_of_magnitude_high,Cowboys v Wests Tigers,2,away,304,304,season median ~ 38,Value is 8.00x the season median
team,2009,offloads,Offloads,order_of_magnitude_high,Cowboys v Wests Tigers,2,home,236,236,season median ~ 38,Value is 6.21x the season median
team,2009,offloads,Offloads,order_of_magnitude_high,Dragons v Broncos,24,away,296,296,season median ~ 38,Value is 7.79x the season median
team,2009,offloads,Offloads,order_of_magnitude_high,Dragons v Broncos,24,home,371,371,season median ~ 38,Value is 9.76x the season median
team,2009,offloads,Offloads,order_of_magnitude_high,Dragons v Roosters,17,away,324,324,season median ~ 38,Value is 8.53x the season median
team,2009,offloads,Offloads,order_of_magnitude_high,Dragons v Roosters,17,home,323,323,season median ~ 38,Value is 8.50x the season median
team,2009,offloads,Offloads,order_of_magnitude_high,Eels v Panthers,25,away,347,347,season median ~ 38,Value is 9.13x the season median
team,2009,offloads,Offloads,order_of_magnitude_high,Eels v Panthers,25,home,303,303,season median ~ 38,Value is 7.97x the season median
team,2009,offloads,Offloads,order_of_magnitude_high,Eels v Raiders,3,away,308,308,season median ~ 38,Value is 8.11x the season median
team,2009,offloads,Offloads,order_of_magnitude_high,Eels v Raiders,3,home,362,362,season median ~ 38,Value is 9.53x the season median
team,2009,offloads,Offloads,order_of_magnitude_high,Eels v Titans,28,away,329,329,season median ~ 38,Value is 8.66x the season median
team,2009,offloads,Offloads,order_of_magnitude_high,Eels v Titans,28,home,294,294,season median ~ 38,Value is 7.74x the season median
team,2009,offloads,Offloads,order_of_magnitude_high,Knights v Broncos,8,away,315,315,season median ~ 38,Value is 8.29x the season median
team,2009,offloads,Offloads,order_of_magnitude_high,Knights v Broncos,8,home,289,289,season median ~ 38,Value is 7.61x the season median
team,2009,offloads,Offloads,order_of_magnitude_high,Knights v Eels,13,away,329,329,season median ~ 38,Value is 8.66x the season median
team,2009,offloads,Offloads,order_of_magnitude_high,Knights v Eels,13,home,324,324,season median ~ 38,Value is 8.53x the season median
team,2009,offloads,Offloads,order_of_magnitude_high,Knights v Panthers,26,away,285,285,season median ~ 38,Value is 7.50x the season median
team,2009,offloads,Offloads,order_of_magnitude_high,Knights v Panthers,26,home,269,269,season median ~ 38,Value is 7.08x the season median
team,2009,offloads,Offloads,order_of_magnitude_high,Knights v Storm,23,away,337,337,season median ~ 38,Value is 8.87x the season median
team,2009,offloads,Offloads,order_of_magnitude_high,Knights v Storm,23,home,293,293,season median ~ 38,Value is 7.71x the season median
team,2009,offloads,Offloads,order_of_magnitude_high,Panthers v Eels,17,away,301,301,season median ~ 38,Value is 7.92x the season median
team,2009,offloads,Offloads,order_of_magnitude_high,Panthers v Eels,17,home,265,265,season median ~ 38,Value is 6.97x the season median
team,2009,offloads,Offloads,order_of_magnitude_high,Panthers v Raiders,19,away,345,345,season median ~ 38,Value is 9.08x the season median
team,2009,offloads,Offloads,order_of_magnitude_high,Panthers v Raiders,19,home,315,315,season median ~ 38,Value is 8.29x the season median
team,2009,offloads,Offloads,order_of_magnitude_high,Panthers v Roosters,11,away,308,308,season median ~ 38,Value is 8.11x the season median
team,2009,offloads,Offloads,order_of_magnitude_high,Panthers v Roosters,11,home,281,281,season median ~ 38,Value is 7.39x the season median
team,2009,offloads,Offloads,order_of_magnitude_high,Panthers v Sharks,10,away,316,316,season median ~ 38,Value is 8.32x the season median
team,2009,offloads,Offloads,order_of_magnitude_high,Panthers v Sharks,10,home,310,310,season median ~ 38,Value is 8.16x the season median
team,2009,offloads,Offloads,order_of_magnitude_high,Rabbitohs v Dragons,25,away,379,379,season median ~ 38,Value is 9.97x the season median
team,2009,offloads,Offloads,order_of_magnitude_high,Rabbitohs v Dragons,25,home,231,231,season median ~ 38,Value is 6.08x the season median
team,2009,offloads,Offloads,order_of_magnitude_high,Rabbitohs v Raiders,12,away,296,296,season median ~ 38,Value is 7.79x the season median
team,2009,offloads,Offloads,order_of_magnitude_high,Rabbitohs v Raiders,12,home,371,371,season median ~ 38,Value is 9.76x the season median
team,2009,offloads,Offloads,order_of_magnitude_high,Rabbitohs v Storm,14,away,345,345,season median ~ 38,Value is 9.08x the season median
team,2009,offloads,Offloads,order_of_magnitude_high,Rabbitohs v Storm,14,home,291,291,season median ~ 38,Value is 7.66x the season median
team,2009,offloads,Offloads,order_of_magnitude_high,Rabbitohs v Titans,23,away,311,311,season median ~ 38,Value is 8.18x the season median
team,2009,offloads,Offloads,order_of_magnitude_high,Rabbitohs v Titans,23,home,389,389,season median ~ 38,Value is 10.24x the season median
team,2009,offloads,Offloads,order_of_magnitude_high,Raiders v Bulldogs,7,away,302,302,season median ~ 38,Value is 7.95x the season median
team,2009,offloads,Offloads,order_of_magnitude_high,Raiders v Bulldogs,7,home,328,328,season median ~ 38,Value is 8.63x the season median
team,2009,offloads,Offloads,order_of_magnitude_high,Raiders v Roosters,2,away,298,298,season median ~ 38,Value is 7.84x the season median
team,2009,offloads,Offloads,order_of_magnitude_high,Raiders v Roosters,2,home,296,296,season median ~ 38,Value is 7.79x the season median
team,2009,offloads,Offloads,order_of_magnitude_high,Raiders v Sharks,14,away,306,306,season median ~ 38,Value is 8.05x the season median
team,2009,offloads,Offloads,order_of_magnitude_high,Raiders v Sharks,14,home,275,275,season median ~ 38,Value is 7.24x the season median
team,2009,offloads,Offloads,order_of_magnitude_high,Roosters v Cowboys,26,away,201,201,season median ~ 38,Value is 5.29x the season median
team,2009,offloads,Offloads,order_of_magnitude_high,Roosters v Cowboys,26,home,300,300,season median ~ 38,Value is 7.89x the season median
team,2009,offloads,Offloads,order_of_magnitude_high,Roosters v Wests Tigers,22,away,244,244,season median ~ 38,Value is 6.42x the season median
team,2009,offloads,Offloads,order_of_magnitude_high,Roosters v Wests Tigers,22,home,353,353,season median ~ 38,Value is 9.29x the season median
team,2009,offloads,Offloads,order_of_magnitude_high,Sea Eagles v Knights,20,away,304,304,season median ~ 38,Value is 8.00x the season median
team,2009,offloads,Offloads,order_of_magnitude_high,Sea Eagles v Knights,20,home,246,246,season median ~ 38,Value is 6.47x the season median
team,2009,offloads,Offloads,order_of_magnitude_high,Sharks v Broncos,15,away,330,330,season median ~ 38,Value is 8.68x the season median
team,2009,offloads,Offloads,order_of_magnitude_high,Sharks v Broncos,15,home,290,290,season median ~ 38,Value is 7.63x the season median
team,2009,offloads,Offloads,order_of_magnitude_high,Sharks v Cowboys,6,away,255,255,season median ~ 38,Value is 6.71x the season median
team,2009,offloads,Offloads,order_of_magnitude_high,Sharks v Cowboys,6,home,351,351,season median ~ 38,Value is 9.24x the season median
team,2009,offloads,Offloads,order_of_magnitude_high,Sharks v Eels,21,away,294,294,season median ~ 38,Value is 7.74x the season median
team,2009,offloads,Offloads,order_of_magnitude_high,Sharks v Eels,21,home,388,388,season median ~ 38,Value is 10.21x the season median
team,2009,offloads,Offloads,order_of_magnitude_high,Sharks v Knights,2,away,331,331,season median ~ 38,Value is 8.71x the season median
team,2009,offloads,Offloads,order_of_magnitude_high,Sharks v Knights,2,home,302,302,season median ~ 38,Value is 7.95x the season median
team,2009,offloads,Offloads,order_of_magnitude_high,Sharks v Panthers,1,away,286,286,season median ~ 38,Value is 7.53x the season median
team,2009,offloads,Offloads,order_of_magnitude_high,Sharks v Panthers,1,home,302,302,season median ~ 38,Value is 7.95x the season median
team,2009,offloads,Offloads,order_of_magnitude_high,Sharks v Rabbitohs,26,away,316,316,season median ~ 38,Value is 8.32x the season median
team,2009,offloads,Offloads,order_of_magnitude_high,Sharks v Rabbitohs,26,home,297,297,season median ~ 38,Value is 7.82x the season median
team,2009,offloads,Offloads,order_of_magnitude_high,Sharks v Warriors,13,away,322,322,season median ~ 38,Value is 8.47x the season median
team,2009,offloads,Offloads,order_of_magnitude_high,Sharks v Warriors,13,home,355,355,season median ~ 38,Value is 9.34x the season median
team,2009,offloads,Offloads,order_of_magnitude_high,Storm v Eels,30,away,422,422,season median ~ 38,Value is 11.11x the season median
team,2009,offloads,Offloads,order_of_magnitude_high,Storm v Eels,30,home,370,370,season median ~ 38,Value is 9.74x the season median
team,2009,offloads,Offloads,order_of_magnitude_high,Storm v Panthers,5,away,312,312,season median ~ 38,Value is 8.21x the season median
team,2009,offloads,Offloads,order_of_magnitude_high,Storm v Panthers,5,home,314,314,season median ~ 38,Value is 8.26x the season median
team,2009,offloads,Offloads,order_of_magnitude_high,Storm v Roosters,25,away,314,314,season median ~ 38,Value is 8.26x the season median
team,2009,offloads,Offloads,order_of_magnitude_high,Storm v Roosters,25,home,288,288,season median ~ 38,Value is 7.58x the season median
team,2009,offloads,Offloads,order_of_magnitude_high,Storm v Sea Eagles,24,away,325,325,season median ~ 38,Value is 8.55x the season median
team,2009,offloads,Offloads,order_of_magnitude_high,Storm v Sea Eagles,24,home,318,318,season median ~ 38,Value is 8.37x the season median
team,2009,offloads,Offloads,order_of_magnitude_high,Storm v Sharks,20,away,301,301,season median ~ 38,Value is 7.92x the season median
team,2009,offloads,Offloads,order_of_magnitude_high,Storm v Sharks,20,home,303,303,season median ~ 38,Value is 7.97x the season median
team,2009,offloads,Offloads,order_of_magnitude_high,Storm v Titans,4,away,340,340,season median ~ 38,Value is 8.95x the season median
team,2009,offloads,Offloads,order_of_magnitude_high,Storm v Titans,4,home,414,414,season median ~ 38,Value is 10.89x the season median
team,2009,offloads,Offloads,order_of_magnitude_high,Titans v Broncos,27,away,245,245,season median ~ 38,Value is 6.45x the season median
team,2009,offloads,Offloads,order_of_magnitude_high,Titans v Broncos,27,home,291,291,season median ~ 38,Value is 7.66x the season median
team,2009,offloads,Offloads,order_of_magnitude_high,Warriors v Rabbitohs,4,away,343,343,season median ~ 38,Value is 9.03x the season median
team,2009,offloads,Offloads,order_of_magnitude_high,Warriors v Rabbitohs,4,home,281,281,season median ~ 38,Value is 7.39x the season median
team,2009,offloads,Offloads,order_of_magnitude_high,Wests Tigers v Eels,24,away,329,329,season median ~ 38,Value is 8.66x the season median
team,2009,offloads,Offloads,order_of_magnitude_high,Wests Tigers v Eels,24,home,299,299,season median ~ 38,Value is 7.87x the season median
team,2009,offloads,Offloads,order_of_magnitude_high,Wests Tigers v Rabbitohs,10,away,336,336,season median ~ 38,Value is 8.84x the season median
team,2009,offloads,Offloads,order_of_magnitude_high,Wests Tigers v Rabbitohs,10,home,287,287,season median ~ 38,Value is 7.55x the season median
team,2009,offloads,Offloads,order_of_magnitude_high,Wests Tigers v Roosters,3,away,306,306,season median ~ 38,Value is 8.05x the season median
team,2009,offloads,Offloads,order_of_magnitude_high,Wests Tigers v Roosters,3,home,245,245,season median ~ 38,Value is 6.45x the season median
team,2009,offloads,Offloads,order_of_magnitude_high,Wests Tigers v Sea Eagles,21,away,351,351,season median ~ 38,Value is 9.24x the season median
team,2009,offloads,Offloads,order_of_magnitude_high,Wests Tigers v Sea Eagles,21,home,274,274,season median ~ 38,Value is 7.21x the season median
team,2009,tackle_breaks,Tackle Breaks,order_of_magnitude_high,Dragons v Eels,26,away,343,343,season median ~ 20,Value is 17.15x the season median
team,2009,tackle_breaks,Tackle Breaks,order_of_magnitude_high,Dragons v Eels,26,home,276,276,season median ~ 20,Value is 13.80x the season median
team,2009,tackle_breaks,Tackle Breaks,order_of_magnitude_high,Eels v Broncos,16,away,324,324,season median ~ 20,Value is 16.20x the season median
team,2009,tackle_breaks,Tackle Breaks,order_of_magnitude_high,Eels v Broncos,16,home,341,341,season median ~ 20,Value is 17.05x the season median
team,2009,tackle_breaks,Tackle Breaks,order_of_magnitude_high,Panthers v Broncos,6,away,281,281,season median ~ 20,Value is 14.05x the season median
team,2009,tackle_breaks,Tackle Breaks,order_of_magnitude_high,Panthers v Broncos,6,home,331,331,season median ~ 20,Value is 16.55x the season median
team,2009,tackle_breaks,Tackle Breaks,order_of_magnitude_high,Rabbitohs v Eels,2,away,380,380,season median ~ 20,Value is 19.00x the season median
team,2009,tackle_breaks,Tackle Breaks,order_of_magnitude_high,Rabbitohs v Eels,2,home,348,348,season median ~ 20,Value is 17.40x the season median
team,2009,tackle_breaks,Tackle Breaks,order_of_magnitude_high,Raiders v Storm,16,away,363,363,season median ~ 20,Value is 18.15x the season median
team,2009,tackle_breaks,Tackle Breaks,order_of_magnitude_high,Raiders v Storm,16,home,304,304,season median ~ 20,Value is 15.20x the season median
team,2009,time_in_possession,Time In Possession,time_in_possession_out_of_range,Dragons v Eels,26,away,174,2.9,stat-specific sanity range,
team,2009,time_in_possession,Time In Possession,time_in_possession_out_of_range,Dragons v Eels,26,home,179,2.9833333333333334,stat-specific sanity range,
team,2009,time_in_possession,Time In Possession,time_in_possession_out_of_range,Eels v Broncos,16,away,187,3.1166666666666667,stat-specific sanity range,
team,2009,time_in_possession,Time In Possession,time_in_possession_out_of_range,Eels v Broncos,16,home,212,3.533333333333333,stat-specific sanity range,
team,2009,time_in_possession,Time In Possession,time_in_possession_out_of_range,Panthers v Broncos,6,away,151,2.5166666666666666,stat-specific sanity range,
team,2009,time_in_possession,Time In Possession,time_in_possession_out_of_range,Panthers v Broncos,6,home,171,2.85,stat-specific sanity range,
team,2009,time_in_possession,Time In Possession,time_in_possession_out_of_range,Rabbitohs v Eels,2,away,169,2.816666666666667,stat-specific sanity range,
team,2009,time_in_possession,Time In Possession,time_in_possession_out_of_range,Rabbitohs v Eels,2,home,186,3.1,stat-specific sanity range,
team,2009,time_in_possession,Time In Possession,time_in_possession_out_of_range,Raiders v Storm,16,away,167,2.783333333333333,stat-specific sanity range,
team,2009,time_in_possession,Time In Possession,time_in_possession_out_of_range,Raiders v Storm,16,home,197,3.283333333333333,stat-specific sanity range,
team,2010,all_run_metres,All Run Metres,order_of_magnitude_high,Dragons v Roosters,30,away,"1,232",1232,season median ~ 34.5,Value is 35.71x the season median
team,2010,all_run_metres,All Run Metres,order_of_magnitude_high,Dragons v Roosters,30,home,"1,472",1472,season median ~ 34.5,Value is 42.67x the season median
team,2010,kicks,Kicks,order_of_magnitude_high,Dragons v Roosters,30,away,570,570,season median ~ 11,Value is 51.82x the season median
team,2010,kicks,Kicks,order_of_magnitude_high,Dragons v Roosters,30,home,696,696,season median ~ 11,Value is 63.27x the season median
team,2010,line_breaks,Line Breaks,order_of_magnitude_high,Dragons v Raiders,11,away,591,591,season median ~ 12,Value is 49.25x the season median
team,2010,line_breaks,Line Breaks,order_of_magnitude_high,Dragons v Raiders,11,home,647,647,season median ~ 12,Value is 53.92x the season median
team,2010,line_breaks,Line Breaks,order_of_magnitude_high,Eels v Roosters,21,away,411,411,season median ~ 12,Value is 34.25x the season median
team,2010,line_breaks,Line Breaks,order_of_magnitude_high,Eels v Roosters,21,home,262,262,season median ~ 12,Value is 21.83x the season median
team,2010,line_breaks,Line Breaks,order_of_magnitude_high,Knights v Cowboys,6,away,549,549,season median ~ 12,Value is 45.75x the season median
team,2010,line_breaks,Line Breaks,order_of_magnitude_high,Knights v Cowboys,6,home,554,554,season median ~ 12,Value is 46.17x the season median
team,2010,line_breaks,Line Breaks,order_of_magnitude_high,Rabbitohs v Dragons,19,away,653,653,season median ~ 12,Value is 54.42x the season median
team,2010,line_breaks,Line Breaks,order_of_magnitude_high,Rabbitohs v Dragons,19,home,608,608,season median ~ 12,Value is 50.67x the season median
team,2010,line_breaks,Line Breaks,order_of_magnitude_high,Titans v Cowboys,23,away,637,637,season median ~ 12,Value is 53.08x the season median
team,2010,line_breaks,Line Breaks,order_of_magnitude_high,Titans v Cowboys,23,home,568,568,season median ~ 12,Value is 47.33x the season median
team,2010,line_breaks,Line Breaks,order_of_magnitude_high,Warriors v Cowboys,10,away,389,389,season median ~ 12,Value is 32.42x the season median
team,2010,line_breaks,Line Breaks,order_of_magnitude_high,Warriors v Cowboys,10,home,673,673,season median ~ 12,Value is 56.08x the season median
team,2010,line_breaks,Line Breaks,order_of_magnitude_high,Wests Tigers v Roosters,27,away,514,514,season median ~ 12,Value is 42.83x the season median
team,2010,line_breaks,Line Breaks,order_of_magnitude_high,Wests Tigers v Roosters,27,home,750,750,season median ~ 12,Value is 62.50x the season median
team,2010,offloads,Offloads,order_of_magnitude_high,Bulldogs v Rabbitohs,21,away,283,283,season median ~ 38,Value is 7.45x the season median
team,2010,offloads,Offloads,order_of_magnitude_high,Bulldogs v Rabbitohs,21,home,358,358,season median ~ 38,Value is 9.42x the season median
team,2010,offloads,Offloads,order_of_magnitude_high,Bulldogs v Raiders,23,away,328,328,season median ~ 38,Value is 8.63x the season median
team,2010,offloads,Offloads,order_of_magnitude_high,Bulldogs v Raiders,23,home,323,323,season median ~ 38,Value is 8.50x the season median
team,2010,offloads,Offloads,order_of_magnitude_high,Cowboys v Raiders,14,away,375,375,season median ~ 38,Value is 9.87x the season median
team,2010,offloads,Offloads,order_of_magnitude_high,Cowboys v Raiders,14,home,305,305,season median ~ 38,Value is 8.03x the season median
team,2010,offloads,Offloads,order_of_magnitude_high,Cowboys v Storm,8,away,306,306,season median ~ 38,Value is 8.05x the season median
team,2010,offloads,Offloads,order_of_magnitude_high,Cowboys v Storm,8,home,300,300,season median ~ 38,Value is 7.89x the season median
team,2010,offloads,Offloads,order_of_magnitude_high,Dragons v Roosters,30,away,357,357,season median ~ 38,Value is 9.39x the season median
team,2010,offloads,Offloads,order_of_magnitude_high,Dragons v Roosters,30,home,356,356,season median ~ 38,Value is 9.37x the season median
team,2010,offloads,Offloads,order_of_magnitude_high,Eels v Bulldogs,8,away,321,321,season median ~ 38,Value is 8.45x the season median
team,2010,offloads,Offloads,order_of_magnitude_high,Eels v Bulldogs,8,home,348,348,season median ~ 38,Value is 9.16x the season median
team,2010,offloads,Offloads,order_of_magnitude_high,Knights v Panthers,4,away,259,259,season median ~ 38,Value is 6.82x the season median
team,2010,offloads,Offloads,order_of_magnitude_high,Knights v Panthers,4,home,276,276,season median ~ 38,Value is 7.26x the season median
team,2010,offloads,Offloads,order_of_magnitude_high,Knights v Titans,9,away,227,227,season median ~ 38,Value is 5.97x the season median
team,2010,offloads,Offloads,order_of_magnitude_high,Knights v Titans,9,home,255,255,season median ~ 38,Value is 6.71x the season median
team,2010,offloads,Offloads,order_of_magnitude_high,Knights v Wests Tigers,11,away,268,268,season median ~ 38,Value is 7.05x the season median
team,2010,offloads,Offloads,order_of_magnitude_high,Knights v Wests Tigers,11,home,341,341,season median ~ 38,Value is 8.97x the season median
team,2010,offloads,Offloads,order_of_magnitude_high,Panthers v Storm,3,away,265,265,season median ~ 38,Value is 6.97x the season median
team,2010,offloads,Offloads,order_of_magnitude_high,Panthers v Storm,3,home,258,258,season median ~ 38,Value is 6.79x the season median
team,2010,offloads,Offloads,order_of_magnitude_high,Rabbitohs v Roosters,1,away,276,276,season median ~ 38,Value is 7.26x the season median
team,2010,offloads,Offloads,order_of_magnitude_high,Rabbitohs v Roosters,1,home,267,267,season median ~ 38,Value is 7.03x the season median
team,2010,offloads,Offloads,order_of_magnitude_high,Raiders v Sharks,20,away,334,334,season median ~ 38,Value is 8.79x the season median
team,2010,offloads,Offloads,order_of_magnitude_high,Raiders v Sharks,20,home,285,285,season median ~ 38,Value is 7.50x the season median
team,2010,offloads,Offloads,order_of_magnitude_high,Raiders v Titans,13,away,305,305,season median ~ 38,Value is 8.03x the season median
team,2010,offloads,Offloads,order_of_magnitude_high,Raiders v Titans,13,home,336,336,season median ~ 38,Value is 8.84x the season median
team,2010,offloads,Offloads,order_of_magnitude_high,Roosters v Raiders,6,away,329,329,season median ~ 38,Value is 8.66x the season median
team,2010,offloads,Offloads,order_of_magnitude_high,Roosters v Raiders,6,home,284,284,season median ~ 38,Value is 7.47x the season median
team,2010,offloads,Offloads,order_of_magnitude_high,Roosters v Sharks,13,away,251,251,season median ~ 38,Value is 6.61x the season median
team,2010,offloads,Offloads,order_of_magnitude_high,Roosters v Sharks,13,home,293,293,season median ~ 38,Value is 7.71x the season median
team,2010,offloads,Offloads,order_of_magnitude_high,Sea Eagles v Bulldogs,26,away,306,306,season median ~ 38,Value is 8.05x the season median
team,2010,offloads,Offloads,order_of_magnitude_high,Sea Eagles v Bulldogs,26,home,256,256,season median ~ 38,Value is 6.74x the season median
team,2010,offloads,Offloads,order_of_magnitude_high,Sea Eagles v Knights,3,away,303,303,season median ~ 38,Value is 7.97x the season median
team,2010,offloads,Offloads,order_of_magnitude_high,Sea Eagles v Knights,3,home,251,251,season median ~ 38,Value is 6.61x the season median
team,2010,offloads,Offloads,order_of_magnitude_high,Sea Eagles v Raiders,18,away,323,323,season median ~ 38,Value is 8.50x the season median
team,2010,offloads,Offloads,order_of_magnitude_high,Sea Eagles v Raiders,18,home,298,298,season median ~ 38,Value is 7.84x the season median
team,2010,offloads,Offloads,order_of_magnitude_high,Sharks v Bulldogs,17,away,306,306,season median ~ 38,Value is 8.05x the season median
team,2010,offloads,Offloads,order_of_magnitude_high,Sharks v Bulldogs,17,home,320,320,season median ~ 38,Value is 8.42x the season median
team,2010,offloads,Offloads,order_of_magnitude_high,Sharks v Panthers,10,away,293,293,season median ~ 38,Value is 7.71x the season median
team,2010,offloads,Offloads,order_of_magnitude_high,Sharks v Panthers,10,home,320,320,season median ~ 38,Value is 8.42x the season median
team,2010,offloads,Offloads,order_of_magnitude_high,Sharks v Roosters,23,away,293,293,season median ~ 38,Value is 7.71x the season median
team,2010,offloads,Offloads,order_of_magnitude_high,Sharks v Roosters,23,home,291,291,season median ~ 38,Value is 7.66x the season median
team,2010,offloads,Offloads,order_of_magnitude_high,Storm v Broncos,9,away,307,307,season median ~ 38,Value is 8.08x the season median
team,2010,offloads,Offloads,order_of_magnitude_high,Storm v Broncos,9,home,320,320,season median ~ 38,Value is 8.42x the season median
team,2010,offloads,Offloads,order_of_magnitude_high,Storm v Dragons,4,away,319,319,season median ~ 38,Value is 8.39x the season median
team,2010,offloads,Offloads,order_of_magnitude_high,Storm v Dragons,4,home,318,318,season median ~ 38,Value is 8.37x the season median
team,2010,offloads,Offloads,order_of_magnitude_high,Storm v Panthers,20,away,350,350,season median ~ 38,Value is 9.21x the season median
team,2010,offloads,Offloads,order_of_magnitude_high,Storm v Panthers,20,home,300,300,season median ~ 38,Value is 7.89x the season median
team,2010,offloads,Offloads,order_of_magnitude_high,Storm v Roosters,14,away,258,258,season median ~ 38,Value is 6.79x the season median
team,2010,offloads,Offloads,order_of_magnitude_high,Storm v Roosters,14,home,297,297,season median ~ 38,Value is 7.82x the season median
team,2010,offloads,Offloads,order_of_magnitude_high,Titans v Eels,22,away,383,383,season median ~ 38,Value is 10.08x the season median
team,2010,offloads,Offloads,order_of_magnitude_high,Titans v Eels,22,home,274,274,season median ~ 38,Value is 7.21x the season median
team,2010,offloads,Offloads,order_of_magnitude_high,Titans v Knights,16,away,317,317,season median ~ 38,Value is 8.34x the season median
team,2010,offloads,Offloads,order_of_magnitude_high,Titans v Knights,16,home,276,276,season median ~ 38,Value is 7.26x the season median
team,2010,offloads,Offloads,order_of_magnitude_high,Titans v Raiders,3,away,319,319,season median ~ 38,Value is 8.39x the season median
team,2010,offloads,Offloads,order_of_magnitude_high,Titans v Raiders,3,home,277,277,season median ~ 38,Value is 7.29x the season median
team,2010,offloads,Offloads,order_of_magnitude_high,Warriors v Broncos,25,away,347,347,season median ~ 38,Value is 9.13x the season median
team,2010,offloads,Offloads,order_of_magnitude_high,Warriors v Broncos,25,home,245,245,season median ~ 38,Value is 6.45x the season median
team,2010,offloads,Offloads,order_of_magnitude_high,Warriors v Dragons,13,away,285,285,season median ~ 38,Value is 7.50x the season median
team,2010,offloads,Offloads,order_of_magnitude_high,Warriors v Dragons,13,home,324,324,season median ~ 38,Value is 8.53x the season median
team,2010,offloads,Offloads,order_of_magnitude_high,Warriors v Knights,23,away,311,311,season median ~ 38,Value is 8.18x the season median
team,2010,offloads,Offloads,order_of_magnitude_high,Warriors v Knights,23,home,295,295,season median ~ 38,Value is 7.76x the season median
team,2010,offloads,Offloads,order_of_magnitude_high,Warriors v Raiders,8,away,310,310,season median ~ 38,Value is 8.16x the season median
team,2010,offloads,Offloads,order_of_magnitude_high,Warriors v Raiders,8,home,379,379,season median ~ 38,Value is 9.97x the season median
team,2010,offloads,Offloads,order_of_magnitude_high,Warriors v Titans,21,away,311,311,season median ~ 38,Value is 8.18x the season median
team,2010,offloads,Offloads,order_of_magnitude_high,Warriors v Titans,21,home,314,314,season median ~ 38,Value is 8.26x the season median
team,2010,offloads,Offloads,order_of_magnitude_high,Wests Tigers v Bulldogs,6,away,293,293,season median ~ 38,Value is 7.71x the season median
team,2010,offloads,Offloads,order_of_magnitude_high,Wests Tigers v Bulldogs,6,home,358,358,season median ~ 38,Value is 9.42x the season median
team,2010,offloads,Offloads,order_of_magnitude_high,Wests Tigers v Panthers,23,away,297,297,season median ~ 38,Value is 7.82x the season median
team,2010,offloads,Offloads,order_of_magnitude_high,Wests Tigers v Panthers,23,home,288,288,season median ~ 38,Value is 7.58x the season median
team,2010,offloads,Offloads,order_of_magnitude_high,Wests Tigers v Rabbitohs,10,away,253,253,season median ~ 38,Value is 6.66x the season median
team,2010,offloads,Offloads,order_of_magnitude_high,Wests Tigers v Rabbitohs,10,home,324,324,season median ~ 38,Value is 8.53x the season median
team,2010,offloads,Offloads,order_of_magnitude_high,Wests Tigers v Roosters,8,away,317,317,season median ~ 38,Value is 8.34x the season median
team,2010,offloads,Offloads,order_of_magnitude_high,Wests Tigers v Roosters,8,home,334,334,season median ~ 38,Value is 8.79x the season median
team,2010,tackle_breaks,Tackle Breaks,order_of_magnitude_high,Dragons v Raiders,11,away,341,341,season median ~ 19,Value is 17.95x the season median
team,2010,tackle_breaks,Tackle Breaks,order_of_magnitude_high,Dragons v Raiders,11,home,291,291,season median ~ 19,Value is 15.32x the season median
team,2010,tackle_breaks,Tackle Breaks,order_of_magnitude_high,Eels v Roosters,21,away,259,259,season median ~ 19,Value is 13.63x the season median
team,2010,tackle_breaks,Tackle Breaks,order_of_magnitude_high,Eels v Roosters,21,home,280,280,season median ~ 19,Value is 14.74x the season median
team,2010,tackle_breaks,Tackle Breaks,order_of_magnitude_high,Knights v Cowboys,6,away,274,274,season median ~ 19,Value is 14.42x the season median
team,2010,tackle_breaks,Tackle Breaks,order_of_magnitude_high,Knights v Cowboys,6,home,257,257,season median ~ 19,Value is 13.53x the season median
team,2010,tackle_breaks,Tackle Breaks,order_of_magnitude_high,Rabbitohs v Dragons,19,away,313,313,season median ~ 19,Value is 16.47x the season median
team,2010,tackle_breaks,Tackle Breaks,order_of_magnitude_high,Rabbitohs v Dragons,19,home,321,321,season median ~ 19,Value is 16.89x the season median
team,2010,tackle_breaks,Tackle Breaks,order_of_magnitude_high,Titans v Cowboys,23,away,290,290,season median ~ 19,Value is 15.26x the season median
team,2010,tackle_breaks,Tackle Breaks,order_of_magnitude_high,Titans v Cowboys,23,home,266,266,season median ~ 19,Value is 14.00x the season median
team,2010,tackle_breaks,Tackle Breaks,order_of_magnitude_high,Warriors v Cowboys,10,away,326,326,season median ~ 19,Value is 17.16x the season median
team,2010,tackle_breaks,Tackle Breaks,order_of_magnitude_high,Warriors v Cowboys,10,home,307,307,season median ~ 19,Value is 16.16x the season median
team,2010,tackle_breaks,Tackle Breaks,order_of_magnitude_high,Wests Tigers v Roosters,27,away,361,361,season median ~ 19,Value is 19.00x the season median
team,2010,tackle_breaks,Tackle Breaks,order_of_magnitude_high,Wests Tigers v Roosters,27,home,327,327,season median ~ 19,Value is 17.21x the season median
team,2010,time_in_possession,Time In Possession,time_in_possession_out_of_range,Dragons v Raiders,11,away,168,2.8,stat-specific sanity range,
team,2010,time_in_possession,Time In Possession,time_in_possession_out_of_range,Dragons v Raiders,11,home,191,3.183333333333333,stat-specific sanity range,
team,2010,time_in_possession,Time In Possession,time_in_possession_out_of_range,Eels v Roosters,21,away,144,2.4,stat-specific sanity range,
team,2010,time_in_possession,Time In Possession,time_in_possession_out_of_range,Eels v Roosters,21,home,145,2.4166666666666665,stat-specific sanity range,
team,2010,time_in_possession,Time In Possession,time_in_possession_out_of_range,Knights v Cowboys,6,away,159,2.65,stat-specific sanity range,
team,2010,time_in_possession,Time In Possession,time_in_possession_out_of_range,Knights v Cowboys,6,home,161,2.683333333333333,stat-specific sanity range,
team,2010,time_in_possession,Time In Possession,time_in_possession_out_of_range,Rabbitohs v Dragons,19,away,174,2.9,stat-specific sanity range,
team,2010,time_in_possession,Time In Possession,time_in_possession_out_of_range,Rabbitohs v Dragons,19,home,184,3.066666666666667,stat-specific sanity range,
team,2010,time_in_possession,Time In Possession,time_in_possession_out_of_range,Titans v Cowboys,23,away,143,2.3833333333333333,stat-specific sanity range,
team,2010,time_in_possession,Time In Possession,time_in_possession_out_of_range,Titans v Cowboys,23,home,182,3.033333333333333,stat-specific sanity range,
team,2010,time_in_possession,Time In Possession,time_in_possession_out_of_range,Warriors v Cowboys,10,away,163,2.716666666666667,stat-specific sanity range,
team,2010,time_in_possession,Time In Possession,time_in_possession_out_of_range,Warriors v Cowboys,10,home,177,2.95,stat-specific sanity range,
team,2010,time_in_possession,Time In Possession,time_in_possession_out_of_range,Wests Tigers v Roosters,27,away,226,3.7666666666666666,stat-specific sanity range,
team,2010,time_in_possession,Time In Possession,time_in_possession_out_of_range,Wests Tigers v Roosters,27,home,220,3.6666666666666665,stat-specific sanity range,
team,2011,all_run_metres,All Run Metres,order_of_magnitude_high,Sea Eagles v Warriors,30,away,"1,559",1559,season median ~ 34,Value is 45.85x the season median
team,2011,all_run_metres,All Run Metres,order_of_magnitude_high,Sea Eagles v Warriors,30,home,"1,661",1661,season median ~ 34,Value is 48.85x the season median
team,2011,line_breaks,Line Breaks,order_of_magnitude_high,Rabbitohs v Dragons,6,away,635,635,season median ~ 11,Value is 57.73x the season median
team,2011,line_breaks,Line Breaks,order_of_magnitude_high,Rabbitohs v Dragons,6,home,446,446,season median ~ 11,Value is 40.55x the season median
team,2011,line_breaks,Line Breaks,order_of_magnitude_high,Raiders v Broncos,2,away,630,630,season median ~ 11,Value is 57.27x the season median
team,2011,line_breaks,Line Breaks,order_of_magnitude_high,Raiders v Broncos,2,home,534,534,season median ~ 11,Value is 48.55x the season median
team,2011,line_breaks,Line Breaks,order_of_magnitude_high,Wests Tigers v Knights,13,away,708,708,season median ~ 11,Value is 64.36x the season median
team,2011,line_breaks,Line Breaks,order_of_magnitude_high,Wests Tigers v Knights,13,home,507,507,season median ~ 11,Value is 46.09x the season median
team,2011,offloads,Offloads,order_of_magnitude_high,Broncos v Dragons,15,away,332,332,season median ~ 37,Value is 8.97x the season median
team,2011,offloads,Offloads,order_of_magnitude_high,Broncos v Dragons,15,home,325,325,season median ~ 37,Value is 8.78x the season median
team,2011,offloads,Offloads,order_of_magnitude_high,Broncos v Rabbitohs,25,away,349,349,season median ~ 37,Value is 9.43x the season median
team,2011,offloads,Offloads,order_of_magnitude_high,Broncos v Rabbitohs,25,home,340,340,season median ~ 37,Value is 9.19x the season median
team,2011,offloads,Offloads,order_of_magnitude_high,Broncos v Raiders,14,away,377,377,season median ~ 37,Value is 10.19x the season median
team,2011,offloads,Offloads,order_of_magnitude_high,Broncos v Raiders,14,home,320,320,season median ~ 37,Value is 8.65x the season median
team,2011,offloads,Offloads,order_of_magnitude_high,Bulldogs v Eels,20,away,376,376,season median ~ 37,Value is 10.16x the season median
team,2011,offloads,Offloads,order_of_magnitude_high,Bulldogs v Eels,20,home,403,403,season median ~ 37,Value is 10.89x the season median
team,2011,offloads,Offloads,order_of_magnitude_high,Bulldogs v Rabbitohs,7,away,278,278,season median ~ 37,Value is 7.51x the season median
team,2011,offloads,Offloads,order_of_magnitude_high,Bulldogs v Rabbitohs,7,home,319,319,season median ~ 37,Value is 8.62x the season median
team,2011,offloads,Offloads,order_of_magnitude_high,Cowboys v Knights,2,away,236,236,season median ~ 37,Value is 6.38x the season median
team,2011,offloads,Offloads,order_of_magnitude_high,Cowboys v Knights,2,home,312,312,season median ~ 37,Value is 8.43x the season median
team,2011,offloads,Offloads,order_of_magnitude_high,Cowboys v Sea Eagles,8,away,309,309,season median ~ 37,Value is 8.35x the season median
team,2011,offloads,Offloads,order_of_magnitude_high,Cowboys v Sea Eagles,8,home,319,319,season median ~ 37,Value is 8.62x the season median
team,2011,offloads,Offloads,order_of_magnitude_high,Cowboys v Storm,3,away,362,362,season median ~ 37,Value is 9.78x the season median
team,2011,offloads,Offloads,order_of_magnitude_high,Cowboys v Storm,3,home,298,298,season median ~ 37,Value is 8.05x the season median
team,2011,offloads,Offloads,order_of_magnitude_high,Eels v Panthers,2,away,331,331,season median ~ 37,Value is 8.95x the season median
team,2011,offloads,Offloads,order_of_magnitude_high,Eels v Panthers,2,home,358,358,season median ~ 37,Value is 9.68x the season median
team,2011,offloads,Offloads,order_of_magnitude_high,Knights v Cowboys,18,away,293,293,season median ~ 37,Value is 7.92x the season median
team,2011,offloads,Offloads,order_of_magnitude_high,Knights v Cowboys,18,home,370,370,season median ~ 37,Value is 10.00x the season median
team,2011,offloads,Offloads,order_of_magnitude_high,Knights v Raiders,22,away,301,301,season median ~ 37,Value is 8.14x the season median
team,2011,offloads,Offloads,order_of_magnitude_high,Knights v Raiders,22,home,273,273,season median ~ 37,Value is 7.38x the season median
team,2011,offloads,Offloads,order_of_magnitude_high,Panthers v Warriors,24,away,331,331,season median ~ 37,Value is 8.95x the season median
team,2011,offloads,Offloads,order_of_magnitude_high,Panthers v Warriors,24,home,314,314,season median ~ 37,Value is 8.49x the season median
team,2011,offloads,Offloads,order_of_magnitude_high,Rabbitohs v Sharks,8,away,318,318,season median ~ 37,Value is 8.59x the season median
team,2011,offloads,Offloads,order_of_magnitude_high,Rabbitohs v Sharks,8,home,323,323,season median ~ 37,Value is 8.73x the season median
team,2011,offloads,Offloads,order_of_magnitude_high,Rabbitohs v Wests Tigers,10,away,288,288,season median ~ 37,Value is 7.78x the season median
team,2011,offloads,Offloads,order_of_magnitude_high,Rabbitohs v Wests Tigers,10,home,285,285,season median ~ 37,Value is 7.70x the season median
team,2011,offloads,Offloads,order_of_magnitude_high,Raiders v Knights,7,away,298,298,season median ~ 37,Value is 8.05x the season median
team,2011,offloads,Offloads,order_of_magnitude_high,Raiders v Knights,7,home,332,332,season median ~ 37,Value is 8.97x the season median
team,2011,offloads,Offloads,order_of_magnitude_high,Raiders v Sharks,1,away,290,290,season median ~ 37,Value is 7.84x the season median
team,2011,offloads,Offloads,order_of_magnitude_high,Raiders v Sharks,1,home,236,236,season median ~ 37,Value is 6.38x the season median
team,2011,offloads,Offloads,order_of_magnitude_high,Roosters v Panthers,18,away,240,240,season median ~ 37,Value is 6.49x the season median
team,2011,offloads,Offloads,order_of_magnitude_high,Roosters v Panthers,18,home,290,290,season median ~ 37,Value is 7.84x the season median
team,2011,offloads,Offloads,order_of_magnitude_high,Sea Eagles v Eels,15,away,283,283,season median ~ 37,Value is 7.65x the season median
team,2011,offloads,Offloads,order_of_magnitude_high,Sea Eagles v Eels,15,home,309,309,season median ~ 37,Value is 8.35x the season median
team,2011,offloads,Offloads,order_of_magnitude_high,Sea Eagles v Warriors,30,away,378,378,season median ~ 37,Value is 10.22x the season median
team,2011,offloads,Offloads,order_of_magnitude_high,Sea Eagles v Warriors,30,home,484,484,season median ~ 37,Value is 13.08x the season median
team,2011,offloads,Offloads,order_of_magnitude_high,Sharks v Dragons,2,away,366,366,season median ~ 37,Value is 9.89x the season median
team,2011,offloads,Offloads,order_of_magnitude_high,Sharks v Dragons,2,home,324,324,season median ~ 37,Value is 8.76x the season median
team,2011,offloads,Offloads,order_of_magnitude_high,Storm v Sharks,12,away,297,297,season median ~ 37,Value is 8.03x the season median
team,2011,offloads,Offloads,order_of_magnitude_high,Storm v Sharks,12,home,354,354,season median ~ 37,Value is 9.57x the season median
team,2011,offloads,Offloads,order_of_magnitude_high,Titans v Warriors,9,away,298,298,season median ~ 37,Value is 8.05x the season median
team,2011,offloads,Offloads,order_of_magnitude_high,Titans v Warriors,9,home,298,298,season median ~ 37,Value is 8.05x the season median
team,2011,offloads,Offloads,order_of_magnitude_high,Warriors v Rabbitohs,11,away,345,345,season median ~ 37,Value is 9.32x the season median
team,2011,offloads,Offloads,order_of_magnitude_high,Warriors v Rabbitohs,11,home,347,347,season median ~ 37,Value is 9.38x the season median
team,2011,offloads,Offloads,order_of_magnitude_high,Warriors v Wests Tigers,14,away,290,290,season median ~ 37,Value is 7.84x the season median
team,2011,offloads,Offloads,order_of_magnitude_high,Warriors v Wests Tigers,14,home,289,289,season median ~ 37,Value is 7.81x the season median
team,2011,offloads,Offloads,order_of_magnitude_high,Wests Tigers v Raiders,3,away,278,278,season median ~ 37,Value is 7.51x the season median
team,2011,offloads,Offloads,order_of_magnitude_high,Wests Tigers v Raiders,3,home,219,219,season median ~ 37,Value is 5.92x the season median
team,2011,offloads,Offloads,order_of_magnitude_high,Wests Tigers v Storm,15,away,358,358,season median ~ 37,Value is 9.68x the season median
team,2011,offloads,Offloads,order_of_magnitude_high,Wests Tigers v Storm,15,home,303,303,season median ~ 37,Value is 8.19x the season median
team,2011,tackle_breaks,Tackle Breaks,order_of_magnitude_high,Rabbitohs v Dragons,6,away,284,284,season median ~ 20,Value is 14.20x the season median
team,2011,tackle_breaks,Tackle Breaks,order_of_magnitude_high,Rabbitohs v Dragons,6,home,345,345,season median ~ 20,Value is 17.25x the season median
team,2011,tackle_breaks,Tackle Breaks,order_of_magnitude_high,Raiders v Broncos,2,away,311,311,season median ~ 20,Value is 15.55x the season median
team,2011,tackle_breaks,Tackle Breaks,order_of_magnitude_high,Raiders v Broncos,2,home,330,330,season median ~ 20,Value is 16.50x the season median
team,2011,tackle_breaks,Tackle Breaks,order_of_magnitude_high,Wests Tigers v Knights,13,away,360,360,season median ~ 20,Value is 18.00x the season median
team,2011,tackle_breaks,Tackle Breaks,order_of_magnitude_high,Wests Tigers v Knights,13,home,357,357,season median ~ 20,Value is 17.85x the season median
team,2011,time_in_possession,Time In Possession,time_in_possession_out_of_range,Rabbitohs v Dragons,6,away,219,3.65,stat-specific sanity range,
team,2011,time_in_possession,Time In Possession,time_in_possession_out_of_range,Rabbitohs v Dragons,6,home,171,2.85,stat-specific sanity range,
team,2011,time_in_possession,Time In Possession,time_in_possession_out_of_range,Raiders v Broncos,2,away,168,2.8,stat-specific sanity range,
team,2011,time_in_possession,Time In Possession,time_in_possession_out_of_range,Raiders v Broncos,2,home,162,2.7,stat-specific sanity range,
team,2011,time_in_possession,Time In Possession,time_in_possession_out_of_range,Wests Tigers v Knights,13,away,187,3.1166666666666667,stat-specific sanity range,
team,2011,time_in_possession,Time In Possession,time_in_possession_out_of_range,Wests Tigers v Knights,13,home,220,3.6666666666666665,stat-specific sanity range,
team,2012,all_run_metres,All Run Metres,order_of_magnitude_high,Bulldogs v Storm,30,away,"1,542",1542,season median ~ 32,Value is 48.19x the season median
team,2012,all_run_metres,All Run Metres,order_of_magnitude_high,Bulldogs v Storm,30,home,"1,558",1558,season median ~ 32,Value is 48.69x the season median
team,2012,line_breaks,Line Breaks,order_of_magnitude_high,Cowboys v Broncos,27,away,538,538,season median ~ 10,Value is 53.80x the season median
team,2012,line_breaks,Line Breaks,order_of_magnitude_high,Cowboys v Broncos,27,home,671,671,season median ~ 10,Value is 67.10x the season median
team,2012,line_breaks,Line Breaks,order_of_magnitude_high,Cowboys v Titans,1,away,689,689,season median ~ 10,Value is 68.90x the season median
team,2012,line_breaks,Line Breaks,order_of_magnitude_high,Cowboys v Titans,1,home,250,250,season median ~ 10,Value is 25.00x the season median
team,2012,line_breaks,Line Breaks,order_of_magnitude_high,Titans v Warriors,18,away,598,598,season median ~ 10,Value is 59.80x the season median
team,2012,line_breaks,Line Breaks,order_of_magnitude_high,Titans v Warriors,18,home,355,355,season median ~ 10,Value is 35.50x the season median
team,2012,offloads,Offloads,order_of_magnitude_high,Broncos v Dragons,5,away,328,328,season median ~ 35,Value is 9.37x the season median
team,2012,offloads,Offloads,order_of_magnitude_high,Broncos v Dragons,5,home,290,290,season median ~ 35,Value is 8.29x the season median
team,2012,offloads,Offloads,order_of_magnitude_high,Broncos v Panthers,26,away,391,391,season median ~ 35,Value is 11.17x the season median
team,2012,offloads,Offloads,order_of_magnitude_high,Broncos v Panthers,26,home,303,303,season median ~ 35,Value is 8.66x the season median
team,2012,offloads,Offloads,order_of_magnitude_high,Broncos v Storm,24,away,342,342,season median ~ 35,Value is 9.77x the season median
team,2012,offloads,Offloads,order_of_magnitude_high,Broncos v Storm,24,home,339,339,season median ~ 35,Value is 9.69x the season median
team,2012,offloads,Offloads,order_of_magnitude_high,Broncos v Warriors,19,away,330,330,season median ~ 35,Value is 9.43x the season median
team,2012,offloads,Offloads,order_of_magnitude_high,Broncos v Warriors,19,home,384,384,season median ~ 35,Value is 10.97x the season median
team,2012,offloads,Offloads,order_of_magnitude_high,Bulldogs v Sea Eagles,8,away,301,301,season median ~ 35,Value is 8.60x the season median
team,2012,offloads,Offloads,order_of_magnitude_high,Bulldogs v Sea Eagles,8,home,301,301,season median ~ 35,Value is 8.60x the season median
team,2012,offloads,Offloads,order_of_magnitude_high,Bulldogs v Storm,30,away,377,377,season median ~ 35,Value is 10.77x the season median
team,2012,offloads,Offloads,order_of_magnitude_high,Bulldogs v Storm,30,home,401,401,season median ~ 35,Value is 11.46x the season median
team,2012,offloads,Offloads,order_of_magnitude_high,Cowboys v Eels,3,away,351,351,season median ~ 35,Value is 10.03x the season median
team,2012,offloads,Offloads,order_of_magnitude_high,Cowboys v Eels,3,home,276,276,season median ~ 35,Value is 7.89x the season median
team,2012,offloads,Offloads,order_of_magnitude_high,Eels v Dragons,26,away,261,261,season median ~ 35,Value is 7.46x the season median
team,2012,offloads,Offloads,order_of_magnitude_high,Eels v Dragons,26,home,301,301,season median ~ 35,Value is 8.60x the season median
team,2012,offloads,Offloads,order_of_magnitude_high,Eels v Roosters,23,away,269,269,season median ~ 35,Value is 7.69x the season median
team,2012,offloads,Offloads,order_of_magnitude_high,Eels v Roosters,23,home,243,243,season median ~ 35,Value is 6.94x the season median
team,2012,offloads,Offloads,order_of_magnitude_high,Knights v Eels,6,away,329,329,season median ~ 35,Value is 9.40x the season median
team,2012,offloads,Offloads,order_of_magnitude_high,Knights v Eels,6,home,336,336,season median ~ 35,Value is 9.60x the season median
team,2012,offloads,Offloads,order_of_magnitude_high,Knights v Sea Eagles,19,away,339,339,season median ~ 35,Value is 9.69x the season median
team,2012,offloads,Offloads,order_of_magnitude_high,Knights v Sea Eagles,19,home,300,300,season median ~ 35,Value is 8.57x the season median
team,2012,offloads,Offloads,order_of_magnitude_high,Panthers v Rabbitohs,3,away,253,253,season median ~ 35,Value is 7.23x the season median
team,2012,offloads,Offloads,order_of_magnitude_high,Panthers v Rabbitohs,3,home,279,279,season median ~ 35,Value is 7.97x the season median
team,2012,offloads,Offloads,order_of_magnitude_high,Panthers v Storm,9,away,284,284,season median ~ 35,Value is 8.11x the season median
team,2012,offloads,Offloads,order_of_magnitude_high,Panthers v Storm,9,home,314,314,season median ~ 35,Value is 8.97x the season median
team,2012,offloads,Offloads,order_of_magnitude_high,Raiders v Cowboys,5,away,340,340,season median ~ 35,Value is 9.71x the season median
team,2012,offloads,Offloads,order_of_magnitude_high,Raiders v Cowboys,5,home,321,321,season median ~ 35,Value is 9.17x the season median
team,2012,offloads,Offloads,order_of_magnitude_high,Raiders v Dragons,17,away,373,373,season median ~ 35,Value is 10.66x the season median
team,2012,offloads,Offloads,order_of_magnitude_high,Raiders v Dragons,17,home,291,291,season median ~ 35,Value is 8.31x the season median
team,2012,offloads,Offloads,order_of_magnitude_high,Raiders v Knights,21,away,259,259,season median ~ 35,Value is 7.40x the season median
team,2012,offloads,Offloads,order_of_magnitude_high,Raiders v Knights,21,home,361,361,season median ~ 35,Value is 10.31x the season median
team,2012,offloads,Offloads,order_of_magnitude_high,Raiders v Sharks,27,away,288,288,season median ~ 35,Value is 8.23x the season median
team,2012,offloads,Offloads,order_of_magnitude_high,Raiders v Sharks,27,home,230,230,season median ~ 35,Value is 6.57x the season median
team,2012,offloads,Offloads,order_of_magnitude_high,Raiders v Titans,19,away,235,235,season median ~ 35,Value is 6.71x the season median
team,2012,offloads,Offloads,order_of_magnitude_high,Raiders v Titans,19,home,320,320,season median ~ 35,Value is 9.14x the season median
team,2012,offloads,Offloads,order_of_magnitude_high,Roosters v Broncos,14,away,295,295,season median ~ 35,Value is 8.43x the season median
team,2012,offloads,Offloads,order_of_magnitude_high,Roosters v Broncos,14,home,318,318,season median ~ 35,Value is 9.09x the season median
team,2012,offloads,Offloads,order_of_magnitude_high,Roosters v Dragons,22,away,301,301,season median ~ 35,Value is 8.60x the season median
team,2012,offloads,Offloads,order_of_magnitude_high,Roosters v Dragons,22,home,312,312,season median ~ 35,Value is 8.91x the season median
team,2012,offloads,Offloads,order_of_magnitude_high,Sea Eagles v Broncos,25,away,347,347,season median ~ 35,Value is 9.91x the season median
team,2012,offloads,Offloads,order_of_magnitude_high,Sea Eagles v Broncos,25,home,294,294,season median ~ 35,Value is 8.40x the season median
team,2012,offloads,Offloads,order_of_magnitude_high,Sea Eagles v Panthers,6,away,348,348,season median ~ 35,Value is 9.94x the season median
team,2012,offloads,Offloads,order_of_magnitude_high,Sea Eagles v Panthers,6,home,276,276,season median ~ 35,Value is 7.89x the season median
team,2012,offloads,Offloads,order_of_magnitude_high,Sea Eagles v Titans,7,away,308,308,season median ~ 35,Value is 8.80x the season median
team,2012,offloads,Offloads,order_of_magnitude_high,Sea Eagles v Titans,7,home,332,332,season median ~ 35,Value is 9.49x the season median
team,2012,offloads,Offloads,order_of_magnitude_high,Sharks v Dragons,6,away,331,331,season median ~ 35,Value is 9.46x the season median
team,2012,offloads,Offloads,order_of_magnitude_high,Sharks v Dragons,6,home,389,389,season median ~ 35,Value is 11.11x the season median
team,2012,offloads,Offloads,order_of_magnitude_high,Sharks v Knights,2,away,315,315,season median ~ 35,Value is 9.00x the season median
team,2012,offloads,Offloads,order_of_magnitude_high,Sharks v Knights,2,home,298,298,season median ~ 35,Value is 8.51x the season median
team,2012,offloads,Offloads,order_of_magnitude_high,Sharks v Roosters,18,away,392,392,season median ~ 35,Value is 11.20x the season median
team,2012,offloads,Offloads,order_of_magnitude_high,Sharks v Roosters,18,home,309,309,season median ~ 35,Value is 8.83x the season median
team,2012,offloads,Offloads,order_of_magnitude_high,Sharks v Warriors,15,away,336,336,season median ~ 35,Value is 9.60x the season median
team,2012,offloads,Offloads,order_of_magnitude_high,Sharks v Warriors,15,home,317,317,season median ~ 35,Value is 9.06x the season median
team,2012,offloads,Offloads,order_of_magnitude_high,Storm v Knights,5,away,289,289,season median ~ 35,Value is 8.26x the season median
team,2012,offloads,Offloads,order_of_magnitude_high,Storm v Knights,5,home,269,269,season median ~ 35,Value is 7.69x the season median
team,2012,offloads,Offloads,order_of_magnitude_high,Storm v Panthers,22,away,317,317,season median ~ 35,Value is 9.06x the season median
team,2012,offloads,Offloads,order_of_magnitude_high,Storm v Panthers,22,home,286,286,season median ~ 35,Value is 8.17x the season median
team,2012,offloads,Offloads,order_of_magnitude_high,Storm v Raiders,18,away,253,253,season median ~ 35,Value is 7.23x the season median
team,2012,offloads,Offloads,order_of_magnitude_high,Storm v Raiders,18,home,335,335,season median ~ 35,Value is 9.57x the season median
team,2012,offloads,Offloads,order_of_magnitude_high,Storm v Titans,23,away,311,311,season median ~ 35,Value is 8.89x the season median
team,2012,offloads,Offloads,order_of_magnitude_high,Storm v Titans,23,home,286,286,season median ~ 35,Value is 8.17x the season median
team,2012,offloads,Offloads,order_of_magnitude_high,Storm v Wests Tigers,14,away,351,351,season median ~ 35,Value is 10.03x the season median
team,2012,offloads,Offloads,order_of_magnitude_high,Storm v Wests Tigers,14,home,339,339,season median ~ 35,Value is 9.69x the season median
team,2012,offloads,Offloads,order_of_magnitude_high,Titans v Raiders,2,away,292,292,season median ~ 35,Value is 8.34x the season median
team,2012,offloads,Offloads,order_of_magnitude_high,Titans v Raiders,2,home,317,317,season median ~ 35,Value is 9.06x the season median
team,2012,offloads,Offloads,order_of_magnitude_high,Warriors v Broncos,9,away,330,330,season median ~ 35,Value is 9.43x the season median
team,2012,offloads,Offloads,order_of_magnitude_high,Warriors v Broncos,9,home,352,352,season median ~ 35,Value is 10.06x the season median
team,2012,offloads,Offloads,order_of_magnitude_high,Warriors v Titans,4,away,314,314,season median ~ 35,Value is 8.97x the season median
team,2012,offloads,Offloads,order_of_magnitude_high,Warriors v Titans,4,home,290,290,season median ~ 35,Value is 8.29x the season median
team,2012,offloads,Offloads,order_of_magnitude_high,Wests Tigers v Cowboys,12,away,334,334,season median ~ 35,Value is 9.54x the season median
team,2012,offloads,Offloads,order_of_magnitude_high,Wests Tigers v Cowboys,12,home,298,298,season median ~ 35,Value is 8.51x the season median
team,2012,offloads,Offloads,order_of_magnitude_high,Wests Tigers v Eels,22,away,273,273,season median ~ 35,Value is 7.80x the season median
team,2012,offloads,Offloads,order_of_magnitude_high,Wests Tigers v Eels,22,home,268,268,season median ~ 35,Value is 7.66x the season median
team,2012,offloads,Offloads,order_of_magnitude_high,Wests Tigers v Rabbitohs,5,away,319,319,season median ~ 35,Value is 9.11x the season median
team,2012,offloads,Offloads,order_of_magnitude_high,Wests Tigers v Rabbitohs,5,home,317,317,season median ~ 35,Value is 9.06x the season median
team,2012,tackle_breaks,Tackle Breaks,order_of_magnitude_high,Cowboys v Broncos,27,away,347,347,season median ~ 20,Value is 17.35x the season median
team,2012,tackle_breaks,Tackle Breaks,order_of_magnitude_high,Cowboys v Broncos,27,home,279,279,season median ~ 20,Value is 13.95x the season median
team,2012,tackle_breaks,Tackle Breaks,order_of_magnitude_high,Cowboys v Titans,1,away,267,267,season median ~ 20,Value is 13.35x the season median
team,2012,tackle_breaks,Tackle Breaks,order_of_magnitude_high,Cowboys v Titans,1,home,347,347,season median ~ 20,Value is 17.35x the season median
team,2012,tackle_breaks,Tackle Breaks,order_of_magnitude_high,Titans v Warriors,18,away,267,267,season median ~ 20,Value is 13.35x the season median
team,2012,tackle_breaks,Tackle Breaks,order_of_magnitude_high,Titans v Warriors,18,home,352,352,season median ~ 20,Value is 17.60x the season median
team,2012,time_in_possession,Time In Possession,time_in_possession_out_of_range,Cowboys v Broncos,27,away,150,2.5,stat-specific sanity range,
team,2012,time_in_possession,Time In Possession,time_in_possession_out_of_range,Cowboys v Broncos,27,home,194,3.2333333333333334,stat-specific sanity range,
team,2012,time_in_possession,Time In Possession,time_in_possession_out_of_range,Cowboys v Titans,1,away,182,3.033333333333333,stat-specific sanity range,
team,2012,time_in_possession,Time In Possession,time_in_possession_out_of_range,Cowboys v Titans,1,home,147,2.45,stat-specific sanity range,
team,2012,time_in_possession,Time In Possession,time_in_possession_out_of_range,Titans v Warriors,18,away,169,2.816666666666667,stat-specific sanity range,
team,2012,time_in_possession,Time In Possession,time_in_possession_out_of_range,Titans v Warriors,18,home,137,2.283333333333333,stat-specific sanity range,
team,2013,missed_tackles,Missed Tackles,order_of_magnitude_high,Broncos v Bulldogs,26,away,307,307,season median ~ 16,Value is 19.19x the season median
team,2013,missed_tackles,Missed Tackles,order_of_magnitude_high,Broncos v Bulldogs,26,home,304,304,season median ~ 16,Value is 19.00x the season median
team,2013,missed_tackles,Missed Tackles,order_of_magnitude_high,Bulldogs v Storm,18,away,330,330,season median ~ 16,Value is 20.63x the season median
team,2013,missed_tackles,Missed Tackles,order_of_magnitude_high,Bulldogs v Storm,18,home,287,287,season median ~ 16,Value is 17.94x the season median
team,2013,missed_tackles,Missed Tackles,order_of_magnitude_high,Dragons v Broncos,2,away,359,359,season median ~ 16,Value is 22.44x the season median
team,2013,missed_tackles,Missed Tackles,order_of_magnitude_high,Dragons v Broncos,2,home,323,323,season median ~ 16,Value is 20.19x the season median
team,2013,missed_tackles,Missed Tackles,order_of_magnitude_high,Knights v Raiders,4,away,362,362,season median ~ 16,Value is 22.63x the season median
team,2013,missed_tackles,Missed Tackles,order_of_magnitude_high,Knights v Raiders,4,home,302,302,season median ~ 16,Value is 18.88x the season median
team,2013,missed_tackles,Missed Tackles,order_of_magnitude_high,Knights v Wests Tigers,1,away,381,381,season median ~ 16,Value is 23.81x the season median
team,2013,missed_tackles,Missed Tackles,order_of_magnitude_high,Knights v Wests Tigers,1,home,228,228,season median ~ 16,Value is 14.25x the season median
team,2013,missed_tackles,Missed Tackles,order_of_magnitude_high,Raiders v Sea Eagles,24,away,261,261,season median ~ 16,Value is 16.31x the season median
team,2013,missed_tackles,Missed Tackles,order_of_magnitude_high,Raiders v Sea Eagles,24,home,278,278,season median ~ 16,Value is 17.38x the season median
team,2013,missed_tackles,Missed Tackles,order_of_magnitude_high,Raiders v Storm,21,away,250,250,season median ~ 16,Value is 15.63x the season median
team,2013,missed_tackles,Missed Tackles,order_of_magnitude_high,Raiders v Storm,21,home,350,350,season median ~ 16,Value is 21.88x the season median
team,2013,missed_tackles,Missed Tackles,order_of_magnitude_high,Sea Eagles v Panthers,26,away,274,274,season median ~ 16,Value is 17.13x the season median
team,2013,missed_tackles,Missed Tackles,order_of_magnitude_high,Sea Eagles v Panthers,26,home,244,244,season median ~ 16,Value is 15.25x the season median
team,2013,missed_tackles,Missed Tackles,order_of_magnitude_high,Sea Eagles v Titans,19,away,287,287,season median ~ 16,Value is 17.94x the season median
team,2013,missed_tackles,Missed Tackles,order_of_magnitude_high,Sea Eagles v Titans,19,home,252,252,season median ~ 16,Value is 15.75x the season median
team,2013,missed_tackles,Missed Tackles,order_of_magnitude_high,Sea Eagles v Warriors,22,away,324,324,season median ~ 16,Value is 20.25x the season median
team,2013,missed_tackles,Missed Tackles,order_of_magnitude_high,Sea Eagles v Warriors,22,home,284,284,season median ~ 16,Value is 17.75x the season median
team,2013,missed_tackles,Missed Tackles,order_of_magnitude_high,Storm v Sharks,13,away,353,353,season median ~ 16,Value is 22.06x the season median
team,2013,missed_tackles,Missed Tackles,order_of_magnitude_high,Storm v Sharks,13,home,280,280,season median ~ 16,Value is 17.50x the season median
team,2013,missed_tackles,Missed Tackles,order_of_magnitude_high,Titans v Dragons,9,away,370,370,season median ~ 16,Value is 23.13x the season median
team,2013,missed_tackles,Missed Tackles,order_of_magnitude_high,Titans v Dragons,9,home,328,328,season median ~ 16,Value is 20.50x the season median
team,2013,missed_tackles,Missed Tackles,order_of_magnitude_high,Titans v Panthers,17,away,257,257,season median ~ 16,Value is 16.06x the season median
team,2013,missed_tackles,Missed Tackles,order_of_magnitude_high,Titans v Panthers,17,home,286,286,season median ~ 16,Value is 17.88x the season median
team,2013,missed_tackles,Missed Tackles,order_of_magnitude_high,Titans v Sea Eagles,3,away,359,359,season median ~ 16,Value is 22.44x the season median
team,2013,missed_tackles,Missed Tackles,order_of_magnitude_high,Titans v Sea Eagles,3,home,275,275,season median ~ 16,Value is 17.19x the season median
team,2013,missed_tackles,Missed Tackles,order_of_magnitude_high,Warriors v Cowboys,4,away,320,320,season median ~ 16,Value is 20.00x the season median
team,2013,missed_tackles,Missed Tackles,order_of_magnitude_high,Warriors v Cowboys,4,home,310,310,season median ~ 16,Value is 19.38x the season median
team,2013,missed_tackles,Missed Tackles,order_of_magnitude_high,Warriors v Raiders,25,away,269,269,season median ~ 16,Value is 16.81x the season median
team,2013,missed_tackles,Missed Tackles,order_of_magnitude_high,Warriors v Raiders,25,home,245,245,season median ~ 16,Value is 15.31x the season median
team,2013,missed_tackles,Missed Tackles,order_of_magnitude_high,Warriors v Titans,8,away,307,307,season median ~ 16,Value is 19.19x the season median
team,2013,missed_tackles,Missed Tackles,order_of_magnitude_high,Warriors v Titans,8,home,306,306,season median ~ 16,Value is 19.13x the season median
team,2013,penalty_goals,Penalty Goals,scoring_count_implausibly_high,Panthers v Rabbitohs,3,away,34,34,stat-specific sanity range,
team,2013,penalty_goals,Penalty Goals,scoring_count_implausibly_high,Rabbitohs v Wests Tigers,10,home,38,38,stat-specific sanity range,
team,2013,penalty_goals,Penalty Goals,scoring_count_implausibly_high,Raiders v Storm,21,away,32,32,stat-specific sanity range,
team,2013,penalty_goals,Penalty Goals,scoring_count_implausibly_high,Roosters v Sharks,19,home,28,28,stat-specific sanity range,
team,2013,penalty_goals,Penalty Goals,scoring_count_implausibly_high,Storm v Sharks,13,home,28,28,stat-specific sanity range,
team,2013,tackles_made,Tackles Made,order_of_magnitude_high,Broncos v Cowboys,6,away,391,391,season median ~ 34,Value is 11.50x the season median
team,2013,tackles_made,Tackles Made,order_of_magnitude_high,Broncos v Cowboys,6,home,382,382,season median ~ 34,Value is 11.24x the season median
team,2013,tackles_made,Tackles Made,order_of_magnitude_high,Broncos v Dragons,22,away,310,310,season median ~ 34,Value is 9.12x the season median
team,2013,tackles_made,Tackles Made,order_of_magnitude_high,Broncos v Dragons,22,home,335,335,season median ~ 34,Value is 9.85x the season median
team,2013,tackles_made,Tackles Made,order_of_magnitude_high,Broncos v Knights,25,away,274,274,season median ~ 34,Value is 8.06x the season median
team,2013,tackles_made,Tackles Made,order_of_magnitude_high,Broncos v Knights,25,home,322,322,season median ~ 34,Value is 9.47x the season median
team,2013,tackles_made,Tackles Made,order_of_magnitude_high,Broncos v Sea Eagles,1,away,337,337,season median ~ 34,Value is 9.91x the season median
team,2013,tackles_made,Tackles Made,order_of_magnitude_high,Broncos v Sea Eagles,1,home,337,337,season median ~ 34,Value is 9.91x the season median
team,2013,tackles_made,Tackles Made,order_of_magnitude_high,Bulldogs v Roosters,15,away,340,340,season median ~ 34,Value is 10.00x the season median
team,2013,tackles_made,Tackles Made,order_of_magnitude_high,Bulldogs v Roosters,15,home,317,317,season median ~ 34,Value is 9.32x the season median
team,2013,tackles_made,Tackles Made,order_of_magnitude_high,Bulldogs v Sea Eagles,5,away,326,326,season median ~ 34,Value is 9.59x the season median
team,2013,tackles_made,Tackles Made,order_of_magnitude_high,Bulldogs v Sea Eagles,5,home,323,323,season median ~ 34,Value is 9.50x the season median
team,2013,tackles_made,Tackles Made,order_of_magnitude_high,Bulldogs v Titans,22,away,311,311,season median ~ 34,Value is 9.15x the season median
team,2013,tackles_made,Tackles Made,order_of_magnitude_high,Bulldogs v Titans,22,home,349,349,season median ~ 34,Value is 10.26x the season median
team,2013,tackles_made,Tackles Made,order_of_magnitude_high,Cowboys v Broncos,20,away,371,371,season median ~ 34,Value is 10.91x the season median
team,2013,tackles_made,Tackles Made,order_of_magnitude_high,Cowboys v Broncos,20,home,324,324,season median ~ 34,Value is 9.53x the season median
team,2013,tackles_made,Tackles Made,order_of_magnitude_high,Cowboys v Bulldogs,13,away,272,272,season median ~ 34,Value is 8.00x the season median
team,2013,tackles_made,Tackles Made,order_of_magnitude_high,Cowboys v Bulldogs,13,home,308,308,season median ~ 34,Value is 9.06x the season median
team,2013,tackles_made,Tackles Made,order_of_magnitude_high,Cowboys v Knights,24,away,369,369,season median ~ 34,Value is 10.85x the season median
team,2013,tackles_made,Tackles Made,order_of_magnitude_high,Cowboys v Knights,24,home,316,316,season median ~ 34,Value is 9.29x the season median
team,2013,tackles_made,Tackles Made,order_of_magnitude_high,Cowboys v Panthers,5,away,353,353,season median ~ 34,Value is 10.38x the season median
team,2013,tackles_made,Tackles Made,order_of_magnitude_high,Cowboys v Panthers,5,home,259,259,season median ~ 34,Value is 7.62x the season median
team,2013,tackles_made,Tackles Made,order_of_magnitude_high,Cowboys v Rabbitohs,21,away,338,338,season median ~ 34,Value is 9.94x the season median
team,2013,tackles_made,Tackles Made,order_of_magnitude_high,Cowboys v Rabbitohs,21,home,299,299,season median ~ 34,Value is 8.79x the season median
team,2013,tackles_made,Tackles Made,order_of_magnitude_high,Cowboys v Raiders,7,away,326,326,season median ~ 34,Value is 9.59x the season median
team,2013,tackles_made,Tackles Made,order_of_magnitude_high,Cowboys v Raiders,7,home,290,290,season median ~ 34,Value is 8.53x the season median
team,2013,tackles_made,Tackles Made,order_of_magnitude_high,Cowboys v Sea Eagles,18,away,325,325,season median ~ 34,Value is 9.56x the season median
team,2013,tackles_made,Tackles Made,order_of_magnitude_high,Cowboys v Sea Eagles,18,home,317,317,season median ~ 34,Value is 9.32x the season median
team,2013,tackles_made,Tackles Made,order_of_magnitude_high,Cowboys v Titans,23,away,312,312,season median ~ 34,Value is 9.18x the season median
team,2013,tackles_made,Tackles Made,order_of_magnitude_high,Cowboys v Titans,23,home,356,356,season median ~ 34,Value is 10.47x the season median
team,2013,tackles_made,Tackles Made,order_of_magnitude_high,Cowboys v Wests Tigers,26,away,294,294,season median ~ 34,Value is 8.65x the season median
team,2013,tackles_made,Tackles Made,order_of_magnitude_high,Cowboys v Wests Tigers,26,home,239,239,season median ~ 34,Value is 7.03x the season median
team,2013,tackles_made,Tackles Made,order_of_magnitude_high,Dragons v Cowboys,14,away,371,371,season median ~ 34,Value is 10.91x the season median
team,2013,tackles_made,Tackles Made,order_of_magnitude_high,Dragons v Cowboys,14,home,344,344,season median ~ 34,Value is 10.12x the season median
team,2013,tackles_made,Tackles Made,order_of_magnitude_high,Dragons v Knights,5,away,356,356,season median ~ 34,Value is 10.47x the season median
team,2013,tackles_made,Tackles Made,order_of_magnitude_high,Dragons v Knights,5,home,320,320,season median ~ 34,Value is 9.41x the season median
team,2013,tackles_made,Tackles Made,order_of_magnitude_high,Dragons v Panthers,11,away,339,339,season median ~ 34,Value is 9.97x the season median
team,2013,tackles_made,Tackles Made,order_of_magnitude_high,Dragons v Panthers,11,home,382,382,season median ~ 34,Value is 11.24x the season median
team,2013,tackles_made,Tackles Made,order_of_magnitude_high,Dragons v Raiders,20,away,373,373,season median ~ 34,Value is 10.97x the season median
team,2013,tackles_made,Tackles Made,order_of_magnitude_high,Dragons v Raiders,20,home,328,328,season median ~ 34,Value is 9.65x the season median
team,2013,tackles_made,Tackles Made,order_of_magnitude_high,Dragons v Sea Eagles,8,away,363,363,season median ~ 34,Value is 10.68x the season median
team,2013,tackles_made,Tackles Made,order_of_magnitude_high,Dragons v Sea Eagles,8,home,271,271,season median ~ 34,Value is 7.97x the season median
team,2013,tackles_made,Tackles Made,order_of_magnitude_high,Dragons v Sharks,23,away,331,331,season median ~ 34,Value is 9.74x the season median
team,2013,tackles_made,Tackles Made,order_of_magnitude_high,Dragons v Sharks,23,home,332,332,season median ~ 34,Value is 9.76x the season median
team,2013,tackles_made,Tackles Made,order_of_magnitude_high,Dragons v Warriors,26,away,347,347,season median ~ 34,Value is 10.21x the season median
team,2013,tackles_made,Tackles Made,order_of_magnitude_high,Dragons v Warriors,26,home,320,320,season median ~ 34,Value is 9.41x the season median
team,2013,tackles_made,Tackles Made,order_of_magnitude_high,Dragons v Wests Tigers,24,away,301,301,season median ~ 34,Value is 8.85x the season median
team,2013,tackles_made,Tackles Made,order_of_magnitude_high,Dragons v Wests Tigers,24,home,287,287,season median ~ 34,Value is 8.44x the season median
team,2013,tackles_made,Tackles Made,order_of_magnitude_high,Eels v Cowboys,8,away,282,282,season median ~ 34,Value is 8.29x the season median
team,2013,tackles_made,Tackles Made,order_of_magnitude_high,Eels v Cowboys,8,home,361,361,season median ~ 34,Value is 10.62x the season median
team,2013,tackles_made,Tackles Made,order_of_magnitude_high,Eels v Dragons,25,away,285,285,season median ~ 34,Value is 8.38x the season median
team,2013,tackles_made,Tackles Made,order_of_magnitude_high,Eels v Dragons,25,home,306,306,season median ~ 34,Value is 9.00x the season median
team,2013,tackles_made,Tackles Made,order_of_magnitude_high,Eels v Panthers,18,away,366,366,season median ~ 34,Value is 10.76x the season median
team,2013,tackles_made,Tackles Made,order_of_magnitude_high,Eels v Panthers,18,home,334,334,season median ~ 34,Value is 9.82x the season median
team,2013,tackles_made,Tackles Made,order_of_magnitude_high,Knights v Broncos,21,away,476,476,season median ~ 34,Value is 14.00x the season median
team,2013,tackles_made,Tackles Made,order_of_magnitude_high,Knights v Broncos,21,home,419,419,season median ~ 34,Value is 12.32x the season median
team,2013,tackles_made,Tackles Made,order_of_magnitude_high,Knights v Bulldogs,10,away,361,361,season median ~ 34,Value is 10.62x the season median
team,2013,tackles_made,Tackles Made,order_of_magnitude_high,Knights v Bulldogs,27,away,325,325,season median ~ 34,Value is 9.56x the season median
team,2013,tackles_made,Tackles Made,order_of_magnitude_high,Knights v Bulldogs,10,home,260,260,season median ~ 34,Value is 7.65x the season median
team,2013,tackles_made,Tackles Made,order_of_magnitude_high,Knights v Bulldogs,27,home,282,282,season median ~ 34,Value is 8.29x the season median
team,2013,tackles_made,Tackles Made,order_of_magnitude_high,Knights v Cowboys,3,away,393,393,season median ~ 34,Value is 11.56x the season median
team,2013,tackles_made,Tackles Made,order_of_magnitude_high,Knights v Cowboys,3,home,321,321,season median ~ 34,Value is 9.44x the season median
team,2013,tackles_made,Tackles Made,order_of_magnitude_high,Knights v Dragons,13,away,324,324,season median ~ 34,Value is 9.53x the season median
team,2013,tackles_made,Tackles Made,order_of_magnitude_high,Knights v Dragons,13,home,332,332,season median ~ 34,Value is 9.76x the season median
team,2013,tackles_made,Tackles Made,order_of_magnitude_high,Knights v Eels,26,away,272,272,season median ~ 34,Value is 8.00x the season median
team,2013,tackles_made,Tackles Made,order_of_magnitude_high,Knights v Eels,26,home,268,268,season median ~ 34,Value is 7.88x the season median
team,2013,tackles_made,Tackles Made,order_of_magnitude_high,Knights v Titans,16,away,345,345,season median ~ 34,Value is 10.15x the season median
team,2013,tackles_made,Tackles Made,order_of_magnitude_high,Knights v Titans,16,home,263,263,season median ~ 34,Value is 7.74x the season median
team,2013,tackles_made,Tackles Made,order_of_magnitude_high,Panthers v Cowboys,22,away,355,355,season median ~ 34,Value is 10.44x the season median
team,2013,tackles_made,Tackles Made,order_of_magnitude_high,Panthers v Cowboys,22,home,377,377,season median ~ 34,Value is 11.09x the season median
team,2013,tackles_made,Tackles Made,order_of_magnitude_high,Panthers v Dragons,16,away,381,381,season median ~ 34,Value is 11.21x the season median
team,2013,tackles_made,Tackles Made,order_of_magnitude_high,Panthers v Dragons,16,home,355,355,season median ~ 34,Value is 10.44x the season median
team,2013,tackles_made,Tackles Made,order_of_magnitude_high,Panthers v Titans,4,away,315,315,season median ~ 34,Value is 9.26x the season median
team,2013,tackles_made,Tackles Made,order_of_magnitude_high,Panthers v Titans,4,home,297,297,season median ~ 34,Value is 8.74x the season median
team,2013,tackles_made,Tackles Made,order_of_magnitude_high,Rabbitohs v Bulldogs,24,away,303,303,season median ~ 34,Value is 8.91x the season median
team,2013,tackles_made,Tackles Made,order_of_magnitude_high,Rabbitohs v Bulldogs,24,home,312,312,season median ~ 34,Value is 9.18x the season median
team,2013,tackles_made,Tackles Made,order_of_magnitude_high,Rabbitohs v Knights,12,away,348,348,season median ~ 34,Value is 10.24x the season median
team,2013,tackles_made,Tackles Made,order_of_magnitude_high,Rabbitohs v Knights,12,home,321,321,season median ~ 34,Value is 9.44x the season median
team,2013,tackles_made,Tackles Made,order_of_magnitude_high,Rabbitohs v Sharks,2,away,342,342,season median ~ 34,Value is 10.06x the season median
team,2013,tackles_made,Tackles Made,order_of_magnitude_high,Rabbitohs v Sharks,2,home,333,333,season median ~ 34,Value is 9.79x the season median
team,2013,tackles_made,Tackles Made,order_of_magnitude_high,Rabbitohs v Storm,27,away,348,348,season median ~ 34,Value is 10.24x the season median
team,2013,tackles_made,Tackles Made,order_of_magnitude_high,Rabbitohs v Storm,27,home,361,361,season median ~ 34,Value is 10.62x the season median
team,2013,tackles_made,Tackles Made,order_of_magnitude_high,Raiders v Broncos,13,away,338,338,season median ~ 34,Value is 9.94x the season median
team,2013,tackles_made,Tackles Made,order_of_magnitude_high,Raiders v Broncos,13,home,360,360,season median ~ 34,Value is 10.59x the season median
team,2013,tackles_made,Tackles Made,order_of_magnitude_high,Raiders v Cowboys,17,away,296,296,season median ~ 34,Value is 8.71x the season median
team,2013,tackles_made,Tackles Made,order_of_magnitude_high,Raiders v Cowboys,17,home,347,347,season median ~ 34,Value is 10.21x the season median
team,2013,tackles_made,Tackles Made,order_of_magnitude_high,Raiders v Dragons,3,away,327,327,season median ~ 34,Value is 9.62x the season median
team,2013,tackles_made,Tackles Made,order_of_magnitude_high,Raiders v Dragons,3,home,263,263,season median ~ 34,Value is 7.74x the season median
team,2013,tackles_made,Tackles Made,order_of_magnitude_high,Raiders v Knights,9,away,313,313,season median ~ 34,Value is 9.21x the season median
team,2013,tackles_made,Tackles Made,order_of_magnitude_high,Raiders v Knights,9,home,245,245,season median ~ 34,Value is 7.21x the season median
team,2013,tackles_made,Tackles Made,order_of_magnitude_high,Raiders v Warriors,6,away,364,364,season median ~ 34,Value is 10.71x the season median
team,2013,tackles_made,Tackles Made,order_of_magnitude_high,Raiders v Warriors,6,home,288,288,season median ~ 34,Value is 8.47x the season median
team,2013,tackles_made,Tackles Made,order_of_magnitude_high,Roosters v Knights,29,away,298,298,season median ~ 34,Value is 8.76x the season median
team,2013,tackles_made,Tackles Made,order_of_magnitude_high,Roosters v Knights,29,home,290,290,season median ~ 34,Value is 8.53x the season median
team,2013,tackles_made,Tackles Made,order_of_magnitude_high,Roosters v Panthers,8,away,338,338,season median ~ 34,Value is 9.94x the season median
team,2013,tackles_made,Tackles Made,order_of_magnitude_high,Roosters v Panthers,8,home,313,313,season median ~ 34,Value is 9.21x the season median
team,2013,tackles_made,Tackles Made,order_of_magnitude_high,Sea Eagles v Knights,2,away,346,346,season median ~ 34,Value is 10.18x the season median
team,2013,tackles_made,Tackles Made,order_of_magnitude_high,Sea Eagles v Knights,2,home,310,310,season median ~ 34,Value is 9.12x the season median
team,2013,tackles_made,Tackles Made,order_of_magnitude_high,Sea Eagles v Raiders,11,away,306,306,season median ~ 34,Value is 9.00x the season median
team,2013,tackles_made,Tackles Made,order_of_magnitude_high,Sea Eagles v Raiders,11,home,324,324,season median ~ 34,Value is 9.53x the season median
team,2013,tackles_made,Tackles Made,order_of_magnitude_high,Sea Eagles v Sharks,28,away,343,343,season median ~ 34,Value is 10.09x the season median
team,2013,tackles_made,Tackles Made,order_of_magnitude_high,Sea Eagles v Sharks,28,home,341,341,season median ~ 34,Value is 10.03x the season median
team,2013,tackles_made,Tackles Made,order_of_magnitude_high,Sea Eagles v Wests Tigers,4,away,310,310,season median ~ 34,Value is 9.12x the season median
team,2013,tackles_made,Tackles Made,order_of_magnitude_high,Sea Eagles v Wests Tigers,4,home,309,309,season median ~ 34,Value is 9.09x the season median
team,2013,tackles_made,Tackles Made,order_of_magnitude_high,Sharks v Cowboys,25,away,294,294,season median ~ 34,Value is 8.65x the season median
team,2013,tackles_made,Tackles Made,order_of_magnitude_high,Sharks v Cowboys,27,away,330,330,season median ~ 34,Value is 9.71x the season median
team,2013,tackles_made,Tackles Made,order_of_magnitude_high,Sharks v Cowboys,25,home,349,349,season median ~ 34,Value is 10.26x the season median
team,2013,tackles_made,Tackles Made,order_of_magnitude_high,Sharks v Cowboys,27,home,320,320,season median ~ 34,Value is 9.41x the season median
team,2013,tackles_made,Tackles Made,order_of_magnitude_high,Sharks v Roosters,24,away,329,329,season median ~ 34,Value is 9.68x the season median
team,2013,tackles_made,Tackles Made,order_of_magnitude_high,Sharks v Roosters,24,home,320,320,season median ~ 34,Value is 9.41x the season median
team,2013,tackles_made,Tackles Made,order_of_magnitude_high,Sharks v Titans,1,away,365,365,season median ~ 34,Value is 10.74x the season median
team,2013,tackles_made,Tackles Made,order_of_magnitude_high,Sharks v Titans,1,home,326,326,season median ~ 34,Value is 9.59x the season median
team,2013,tackles_made,Tackles Made,order_of_magnitude_high,Sharks v Warriors,3,away,349,349,season median ~ 34,Value is 10.26x the season median
team,2013,tackles_made,Tackles Made,order_of_magnitude_high,Sharks v Warriors,3,home,258,258,season median ~ 34,Value is 7.59x the season median
team,2013,tackles_made,Tackles Made,order_of_magnitude_high,Sharks v Wests Tigers,17,away,306,306,season median ~ 34,Value is 9.00x the season median
team,2013,tackles_made,Tackles Made,order_of_magnitude_high,Sharks v Wests Tigers,17,home,234,234,season median ~ 34,Value is 6.88x the season median
team,2013,tackles_made,Tackles Made,order_of_magnitude_high,Storm v Dragons,1,away,304,304,season median ~ 34,Value is 8.94x the season median
team,2013,tackles_made,Tackles Made,order_of_magnitude_high,Storm v Dragons,1,home,304,304,season median ~ 34,Value is 8.94x the season median
team,2013,tackles_made,Tackles Made,order_of_magnitude_high,Storm v Raiders,8,away,314,314,season median ~ 34,Value is 9.24x the season median
team,2013,tackles_made,Tackles Made,order_of_magnitude_high,Storm v Raiders,8,home,344,344,season median ~ 34,Value is 10.12x the season median
team,2013,tackles_made,Tackles Made,order_of_magnitude_high,Storm v Sea Eagles,10,away,416,416,season median ~ 34,Value is 12.24x the season median
team,2013,tackles_made,Tackles Made,order_of_magnitude_high,Storm v Sea Eagles,10,home,367,367,season median ~ 34,Value is 10.79x the season median
team,2013,tackles_made,Tackles Made,order_of_magnitude_high,Titans v Broncos,5,away,354,354,season median ~ 34,Value is 10.41x the season median
team,2013,tackles_made,Tackles Made,order_of_magnitude_high,Titans v Broncos,5,home,381,381,season median ~ 34,Value is 11.21x the season median
team,2013,tackles_made,Tackles Made,order_of_magnitude_high,Titans v Cowboys,12,away,281,281,season median ~ 34,Value is 8.26x the season median
team,2013,tackles_made,Tackles Made,order_of_magnitude_high,Titans v Cowboys,12,home,367,367,season median ~ 34,Value is 10.79x the season median
team,2013,tackles_made,Tackles Made,order_of_magnitude_high,Titans v Knights,7,away,321,321,season median ~ 34,Value is 9.44x the season median
team,2013,tackles_made,Tackles Made,order_of_magnitude_high,Titans v Knights,7,home,346,346,season median ~ 34,Value is 10.18x the season median
team,2013,tackles_made,Tackles Made,order_of_magnitude_high,Titans v Raiders,2,away,300,300,season median ~ 34,Value is 8.82x the season median
team,2013,tackles_made,Tackles Made,order_of_magnitude_high,Titans v Raiders,2,home,274,274,season median ~ 34,Value is 8.06x the season median
team,2013,tackles_made,Tackles Made,order_of_magnitude_high,Titans v Warriors,24,away,334,334,season median ~ 34,Value is 9.82x the season median
team,2013,tackles_made,Tackles Made,order_of_magnitude_high,Titans v Warriors,24,home,358,358,season median ~ 34,Value is 10.53x the season median
team,2013,tackles_made,Tackles Made,order_of_magnitude_high,Titans v Wests Tigers,21,away,344,344,season median ~ 34,Value is 10.12x the season median
team,2013,tackles_made,Tackles Made,order_of_magnitude_high,Titans v Wests Tigers,21,home,263,263,season median ~ 34,Value is 7.74x the season median
team,2013,tackles_made,Tackles Made,order_of_magnitude_high,Warriors v Broncos,16,away,388,388,season median ~ 34,Value is 11.41x the season median
team,2013,tackles_made,Tackles Made,order_of_magnitude_high,Warriors v Broncos,16,home,357,357,season median ~ 34,Value is 10.50x the season median
team,2013,tackles_made,Tackles Made,order_of_magnitude_high,Warriors v Bulldogs,9,away,279,279,season median ~ 34,Value is 8.21x the season median
team,2013,tackles_made,Tackles Made,order_of_magnitude_high,Warriors v Bulldogs,9,home,339,339,season median ~ 34,Value is 9.97x the season median
team,2013,tackles_made,Tackles Made,order_of_magnitude_high,Warriors v Knights,11,away,345,345,season median ~ 34,Value is 10.15x the season median
team,2013,tackles_made,Tackles Made,order_of_magnitude_high,Warriors v Knights,11,home,339,339,season median ~ 34,Value is 9.97x the season median
team,2013,tackles_made,Tackles Made,order_of_magnitude_high,Warriors v Panthers,23,away,307,307,season median ~ 34,Value is 9.03x the season median
team,2013,tackles_made,Tackles Made,order_of_magnitude_high,Warriors v Panthers,23,home,356,356,season median ~ 34,Value is 10.47x the season median
team,2013,tackles_made,Tackles Made,order_of_magnitude_high,Warriors v Roosters,2,away,340,340,season median ~ 34,Value is 10.00x the season median
team,2013,tackles_made,Tackles Made,order_of_magnitude_high,Warriors v Roosters,2,home,315,315,season median ~ 34,Value is 9.26x the season median
team,2013,tackles_made,Tackles Made,order_of_magnitude_high,Warriors v Sea Eagles,13,away,340,340,season median ~ 34,Value is 10.00x the season median
team,2013,tackles_made,Tackles Made,order_of_magnitude_high,Warriors v Sea Eagles,13,home,314,314,season median ~ 34,Value is 9.24x the season median
team,2013,tackles_made,Tackles Made,order_of_magnitude_high,Warriors v Sharks,21,away,326,326,season median ~ 34,Value is 9.59x the season median
team,2013,tackles_made,Tackles Made,order_of_magnitude_high,Warriors v Sharks,21,home,333,333,season median ~ 34,Value is 9.79x the season median
team,2013,tackles_made,Tackles Made,order_of_magnitude_high,Warriors v Storm,20,away,340,340,season median ~ 34,Value is 10.00x the season median
team,2013,tackles_made,Tackles Made,order_of_magnitude_high,Warriors v Storm,20,home,255,255,season median ~ 34,Value is 7.50x the season median
team,2013,tackles_made,Tackles Made,order_of_magnitude_high,Wests Tigers v Broncos,7,away,319,319,season median ~ 34,Value is 9.38x the season median
team,2013,tackles_made,Tackles Made,order_of_magnitude_high,Wests Tigers v Broncos,7,home,381,381,season median ~ 34,Value is 11.21x the season median
team,2013,tackles_made,Tackles Made,order_of_magnitude_high,Wests Tigers v Cowboys,11,away,265,265,season median ~ 34,Value is 7.79x the season median
team,2013,tackles_made,Tackles Made,order_of_magnitude_high,Wests Tigers v Cowboys,11,home,368,368,season median ~ 34,Value is 10.82x the season median
team,2013,tackles_made,Tackles Made,order_of_magnitude_high,Wests Tigers v Dragons,6,away,345,345,season median ~ 34,Value is 10.15x the season median
team,2013,tackles_made,Tackles Made,order_of_magnitude_high,Wests Tigers v Dragons,6,home,362,362,season median ~ 34,Value is 10.65x the season median
team,2013,tackles_made,Tackles Made,order_of_magnitude_high,Wests Tigers v Eels,3,away,323,323,season median ~ 34,Value is 9.50x the season median
team,2013,tackles_made,Tackles Made,order_of_magnitude_high,Wests Tigers v Eels,3,home,273,273,season median ~ 34,Value is 8.03x the season median
team,2013,tackles_made,Tackles Made,order_of_magnitude_high,Wests Tigers v Panthers,2,away,331,331,season median ~ 34,Value is 9.74x the season median
team,2013,tackles_made,Tackles Made,order_of_magnitude_high,Wests Tigers v Panthers,2,home,274,274,season median ~ 34,Value is 8.06x the season median
team,2013,tackles_made,Tackles Made,order_of_magnitude_high,Wests Tigers v Raiders,15,away,344,344,season median ~ 34,Value is 10.12x the season median
team,2013,tackles_made,Tackles Made,order_of_magnitude_high,Wests Tigers v Raiders,15,home,352,352,season median ~ 34,Value is 10.35x the season median
team,2013,tackles_made,Tackles Made,order_of_magnitude_high,Wests Tigers v Sea Eagles,20,away,292,292,season median ~ 34,Value is 8.59x the season median
team,2013,tackles_made,Tackles Made,order_of_magnitude_high,Wests Tigers v Sea Eagles,20,home,292,292,season median ~ 34,Value is 8.59x the season median
team,2013,tackles_made,Tackles Made,order_of_magnitude_high,Wests Tigers v Storm,16,away,369,369,season median ~ 34,Value is 10.85x the season median
team,2013,tackles_made,Tackles Made,order_of_magnitude_high,Wests Tigers v Storm,16,home,336,336,season median ~ 34,Value is 9.88x the season median
team,2013,tackles_made,Tackles Made,order_of_magnitude_high,Wests Tigers v Warriors,19,away,323,323,season median ~ 34,Value is 9.50x the season median
team,2013,tackles_made,Tackles Made,order_of_magnitude_high,Wests Tigers v Warriors,19,home,343,343,season median ~ 34,Value is 10.09x the season median
team,2013,total_passes,Total Passes,order_of_magnitude_high,Broncos v Bulldogs,26,away,201,201,season median ~ 22,Value is 9.14x the season median
team,2013,total_passes,Total Passes,order_of_magnitude_high,Broncos v Bulldogs,26,home,225,225,season median ~ 22,Value is 10.23x the season median
team,2013,total_passes,Total Passes,order_of_magnitude_high,Broncos v Cowboys,6,away,203,203,season median ~ 22,Value is 9.23x the season median
team,2013,total_passes,Total Passes,order_of_magnitude_high,Broncos v Cowboys,6,home,212,212,season median ~ 22,Value is 9.64x the season median
team,2013,total_passes,Total Passes,order_of_magnitude_high,Broncos v Dragons,22,away,206,206,season median ~ 22,Value is 9.36x the season median
team,2013,total_passes,Total Passes,order_of_magnitude_high,Broncos v Dragons,22,home,172,172,season median ~ 22,Value is 7.82x the season median
team,2013,total_passes,Total Passes,order_of_magnitude_high,Broncos v Knights,25,away,206,206,season median ~ 22,Value is 9.36x the season median
team,2013,total_passes,Total Passes,order_of_magnitude_high,Broncos v Knights,25,home,189,189,season median ~ 22,Value is 8.59x the season median
team,2013,total_passes,Total Passes,order_of_magnitude_high,Broncos v Sea Eagles,1,away,194,194,season median ~ 22,Value is 8.82x the season median
team,2013,total_passes,Total Passes,order_of_magnitude_high,Broncos v Sea Eagles,1,home,209,209,season median ~ 22,Value is 9.50x the season median
team,2013,total_passes,Total Passes,order_of_magnitude_high,Broncos v Titans,10,away,167,167,season median ~ 22,Value is 7.59x the season median
team,2013,total_passes,Total Passes,order_of_magnitude_high,Broncos v Titans,10,home,209,209,season median ~ 22,Value is 9.50x the season median
team,2013,total_passes,Total Passes,order_of_magnitude_high,Broncos v Warriors,12,away,218,218,season median ~ 22,Value is 9.91x the season median
team,2013,total_passes,Total Passes,order_of_magnitude_high,Broncos v Warriors,12,home,160,160,season median ~ 22,Value is 7.27x the season median
team,2013,total_passes,Total Passes,order_of_magnitude_high,Broncos v Wests Tigers,14,away,205,205,season median ~ 22,Value is 9.32x the season median
team,2013,total_passes,Total Passes,order_of_magnitude_high,Broncos v Wests Tigers,14,home,216,216,season median ~ 22,Value is 9.82x the season median
team,2013,total_passes,Total Passes,order_of_magnitude_high,Bulldogs v Sea Eagles,5,away,216,216,season median ~ 22,Value is 9.82x the season median
team,2013,total_passes,Total Passes,order_of_magnitude_high,Bulldogs v Sea Eagles,5,home,224,224,season median ~ 22,Value is 10.18x the season median
team,2013,total_passes,Total Passes,order_of_magnitude_high,Bulldogs v Storm,18,away,179,179,season median ~ 22,Value is 8.14x the season median
team,2013,total_passes,Total Passes,order_of_magnitude_high,Bulldogs v Storm,18,home,259,259,season median ~ 22,Value is 11.77x the season median
team,2013,total_passes,Total Passes,order_of_magnitude_high,Bulldogs v Titans,22,away,198,198,season median ~ 22,Value is 9.00x the season median
team,2013,total_passes,Total Passes,order_of_magnitude_high,Bulldogs v Titans,22,home,198,198,season median ~ 22,Value is 9.00x the season median
team,2013,total_passes,Total Passes,order_of_magnitude_high,Cowboys v Broncos,20,away,195,195,season median ~ 22,Value is 8.86x the season median
team,2013,total_passes,Total Passes,order_of_magnitude_high,Cowboys v Broncos,20,home,233,233,season median ~ 22,Value is 10.59x the season median
team,2013,total_passes,Total Passes,order_of_magnitude_high,Cowboys v Bulldogs,13,away,190,190,season median ~ 22,Value is 8.64x the season median
team,2013,total_passes,Total Passes,order_of_magnitude_high,Cowboys v Bulldogs,13,home,159,159,season median ~ 22,Value is 7.23x the season median
team,2013,total_passes,Total Passes,order_of_magnitude_high,Cowboys v Knights,24,away,231,231,season median ~ 22,Value is 10.50x the season median
team,2013,total_passes,Total Passes,order_of_magnitude_high,Cowboys v Knights,24,home,260,260,season median ~ 22,Value is 11.82x the season median
team,2013,total_passes,Total Passes,order_of_magnitude_high,Cowboys v Panthers,5,away,175,175,season median ~ 22,Value is 7.95x the season median
team,2013,total_passes,Total Passes,order_of_magnitude_high,Cowboys v Panthers,5,home,210,210,season median ~ 22,Value is 9.55x the season median
team,2013,total_passes,Total Passes,order_of_magnitude_high,Cowboys v Raiders,7,away,200,200,season median ~ 22,Value is 9.09x the season median
team,2013,total_passes,Total Passes,order_of_magnitude_high,Cowboys v Raiders,7,home,202,202,season median ~ 22,Value is 9.18x the season median
team,2013,total_passes,Total Passes,order_of_magnitude_high,Cowboys v Sea Eagles,18,away,220,220,season median ~ 22,Value is 10.00x the season median
team,2013,total_passes,Total Passes,order_of_magnitude_high,Cowboys v Sea Eagles,18,home,175,175,season median ~ 22,Value is 7.95x the season median
team,2013,total_passes,Total Passes,order_of_magnitude_high,Cowboys v Titans,23,away,236,236,season median ~ 22,Value is 10.73x the season median
team,2013,total_passes,Total Passes,order_of_magnitude_high,Cowboys v Titans,23,home,182,182,season median ~ 22,Value is 8.27x the season median
team,2013,total_passes,Total Passes,order_of_magnitude_high,Cowboys v Wests Tigers,26,away,153,153,season median ~ 22,Value is 6.95x the season median
team,2013,total_passes,Total Passes,order_of_magnitude_high,Cowboys v Wests Tigers,26,home,215,215,season median ~ 22,Value is 9.77x the season median
team,2013,total_passes,Total Passes,order_of_magnitude_high,Dragons v Broncos,2,away,207,207,season median ~ 22,Value is 9.41x the season median
team,2013,total_passes,Total Passes,order_of_magnitude_high,Dragons v Broncos,2,home,221,221,season median ~ 22,Value is 10.05x the season median
team,2013,total_passes,Total Passes,order_of_magnitude_high,Dragons v Cowboys,14,away,195,195,season median ~ 22,Value is 8.86x the season median
team,2013,total_passes,Total Passes,order_of_magnitude_high,Dragons v Cowboys,14,home,236,236,season median ~ 22,Value is 10.73x the season median
team,2013,total_passes,Total Passes,order_of_magnitude_high,Dragons v Knights,5,away,211,211,season median ~ 22,Value is 9.59x the season median
team,2013,total_passes,Total Passes,order_of_magnitude_high,Dragons v Knights,5,home,207,207,season median ~ 22,Value is 9.41x the season median
team,2013,total_passes,Total Passes,order_of_magnitude_high,Dragons v Panthers,11,away,236,236,season median ~ 22,Value is 10.73x the season median
team,2013,total_passes,Total Passes,order_of_magnitude_high,Dragons v Panthers,11,home,225,225,season median ~ 22,Value is 10.23x the season median
team,2013,total_passes,Total Passes,order_of_magnitude_high,Dragons v Raiders,20,away,189,189,season median ~ 22,Value is 8.59x the season median
team,2013,total_passes,Total Passes,order_of_magnitude_high,Dragons v Raiders,20,home,218,218,season median ~ 22,Value is 9.91x the season median
team,2013,total_passes,Total Passes,order_of_magnitude_high,Dragons v Sea Eagles,8,away,164,164,season median ~ 22,Value is 7.45x the season median
team,2013,total_passes,Total Passes,order_of_magnitude_high,Dragons v Sea Eagles,8,home,267,267,season median ~ 22,Value is 12.14x the season median
team,2013,total_passes,Total Passes,order_of_magnitude_high,Dragons v Sharks,23,away,194,194,season median ~ 22,Value is 8.82x the season median
team,2013,total_passes,Total Passes,order_of_magnitude_high,Dragons v Sharks,23,home,229,229,season median ~ 22,Value is 10.41x the season median
team,2013,total_passes,Total Passes,order_of_magnitude_high,Dragons v Warriors,26,away,231,231,season median ~ 22,Value is 10.50x the season median
team,2013,total_passes,Total Passes,order_of_magnitude_high,Dragons v Warriors,26,home,206,206,season median ~ 22,Value is 9.36x the season median
team,2013,total_passes,Total Passes,order_of_magnitude_high,Dragons v Wests Tigers,24,away,202,202,season median ~ 22,Value is 9.18x the season median
team,2013,total_passes,Total Passes,order_of_magnitude_high,Dragons v Wests Tigers,24,home,206,206,season median ~ 22,Value is 9.36x the season median
team,2013,total_passes,Total Passes,order_of_magnitude_high,Knights v Broncos,21,away,233,233,season median ~ 22,Value is 10.59x the season median
team,2013,total_passes,Total Passes,order_of_magnitude_high,Knights v Broncos,21,home,287,287,season median ~ 22,Value is 13.05x the season median
team,2013,total_passes,Total Passes,order_of_magnitude_high,Knights v Bulldogs,10,away,156,156,season median ~ 22,Value is 7.09x the season median
team,2013,total_passes,Total Passes,order_of_magnitude_high,Knights v Bulldogs,27,away,229,229,season median ~ 22,Value is 10.41x the season median
team,2013,total_passes,Total Passes,order_of_magnitude_high,Knights v Bulldogs,10,home,196,196,season median ~ 22,Value is 8.91x the season median
team,2013,total_passes,Total Passes,order_of_magnitude_high,Knights v Bulldogs,27,home,183,183,season median ~ 22,Value is 8.32x the season median
team,2013,total_passes,Total Passes,order_of_magnitude_high,Knights v Cowboys,3,away,190,190,season median ~ 22,Value is 8.64x the season median
team,2013,total_passes,Total Passes,order_of_magnitude_high,Knights v Cowboys,3,home,213,213,season median ~ 22,Value is 9.68x the season median
team,2013,total_passes,Total Passes,order_of_magnitude_high,Knights v Dragons,13,away,204,204,season median ~ 22,Value is 9.27x the season median
team,2013,total_passes,Total Passes,order_of_magnitude_high,Knights v Dragons,13,home,181,181,season median ~ 22,Value is 8.23x the season median
team,2013,total_passes,Total Passes,order_of_magnitude_high,Knights v Raiders,4,away,181,181,season median ~ 22,Value is 8.23x the season median
team,2013,total_passes,Total Passes,order_of_magnitude_high,Knights v Raiders,4,home,211,211,season median ~ 22,Value is 9.59x the season median
team,2013,total_passes,Total Passes,order_of_magnitude_high,Knights v Titans,16,away,161,161,season median ~ 22,Value is 7.32x the season median
team,2013,total_passes,Total Passes,order_of_magnitude_high,Knights v Titans,16,home,192,192,season median ~ 22,Value is 8.73x the season median
team,2013,total_passes,Total Passes,order_of_magnitude_high,Knights v Wests Tigers,1,away,125,125,season median ~ 22,Value is 5.68x the season median
team,2013,total_passes,Total Passes,order_of_magnitude_high,Knights v Wests Tigers,1,home,243,243,season median ~ 22,Value is 11.05x the season median
team,2013,total_passes,Total Passes,order_of_magnitude_high,Panthers v Cowboys,22,away,255,255,season median ~ 22,Value is 11.59x the season median
team,2013,total_passes,Total Passes,order_of_magnitude_high,Panthers v Cowboys,22,home,211,211,season median ~ 22,Value is 9.59x the season median
team,2013,total_passes,Total Passes,order_of_magnitude_high,Panthers v Dragons,16,away,213,213,season median ~ 22,Value is 9.68x the season median
team,2013,total_passes,Total Passes,order_of_magnitude_high,Panthers v Dragons,16,home,243,243,season median ~ 22,Value is 11.05x the season median
team,2013,total_passes,Total Passes,order_of_magnitude_high,Panthers v Titans,4,away,179,179,season median ~ 22,Value is 8.14x the season median
team,2013,total_passes,Total Passes,order_of_magnitude_high,Panthers v Titans,4,home,242,242,season median ~ 22,Value is 11.00x the season median
team,2013,total_passes,Total Passes,order_of_magnitude_high,Raiders v Broncos,13,away,215,215,season median ~ 22,Value is 9.77x the season median
team,2013,total_passes,Total Passes,order_of_magnitude_high,Raiders v Broncos,13,home,204,204,season median ~ 22,Value is 9.27x the season median
team,2013,total_passes,Total Passes,order_of_magnitude_high,Raiders v Cowboys,17,away,259,259,season median ~ 22,Value is 11.77x the season median
team,2013,total_passes,Total Passes,order_of_magnitude_high,Raiders v Cowboys,17,home,172,172,season median ~ 22,Value is 7.82x the season median
team,2013,total_passes,Total Passes,order_of_magnitude_high,Raiders v Dragons,3,away,156,156,season median ~ 22,Value is 7.09x the season median
team,2013,total_passes,Total Passes,order_of_magnitude_high,Raiders v Dragons,3,home,215,215,season median ~ 22,Value is 9.77x the season median
team,2013,total_passes,Total Passes,order_of_magnitude_high,Raiders v Knights,9,away,136,136,season median ~ 22,Value is 6.18x the season median
team,2013,total_passes,Total Passes,order_of_magnitude_high,Raiders v Knights,9,home,206,206,season median ~ 22,Value is 9.36x the season median
team,2013,total_passes,Total Passes,order_of_magnitude_high,Raiders v Sea Eagles,24,away,203,203,season median ~ 22,Value is 9.23x the season median
team,2013,total_passes,Total Passes,order_of_magnitude_high,Raiders v Sea Eagles,24,home,173,173,season median ~ 22,Value is 7.86x the season median
team,2013,total_passes,Total Passes,order_of_magnitude_high,Raiders v Storm,21,away,228,228,season median ~ 22,Value is 10.36x the season median
team,2013,total_passes,Total Passes,order_of_magnitude_high,Raiders v Storm,21,home,161,161,season median ~ 22,Value is 7.32x the season median
team,2013,total_passes,Total Passes,order_of_magnitude_high,Raiders v Warriors,6,away,192,192,season median ~ 22,Value is 8.73x the season median
team,2013,total_passes,Total Passes,order_of_magnitude_high,Raiders v Warriors,6,home,263,263,season median ~ 22,Value is 11.95x the season median
team,2013,total_passes,Total Passes,order_of_magnitude_high,Sea Eagles v Knights,2,away,202,202,season median ~ 22,Value is 9.18x the season median
team,2013,total_passes,Total Passes,order_of_magnitude_high,Sea Eagles v Knights,2,home,218,218,season median ~ 22,Value is 9.91x the season median
team,2013,total_passes,Total Passes,order_of_magnitude_high,Sea Eagles v Panthers,26,away,213,213,season median ~ 22,Value is 9.68x the season median
team,2013,total_passes,Total Passes,order_of_magnitude_high,Sea Eagles v Panthers,26,home,220,220,season median ~ 22,Value is 10.00x the season median
team,2013,total_passes,Total Passes,order_of_magnitude_high,Sea Eagles v Raiders,11,away,232,232,season median ~ 22,Value is 10.55x the season median
team,2013,total_passes,Total Passes,order_of_magnitude_high,Sea Eagles v Raiders,11,home,207,207,season median ~ 22,Value is 9.41x the season median
team,2013,total_passes,Total Passes,order_of_magnitude_high,Sea Eagles v Sharks,28,away,218,218,season median ~ 22,Value is 9.91x the season median
team,2013,total_passes,Total Passes,order_of_magnitude_high,Sea Eagles v Sharks,28,home,240,240,season median ~ 22,Value is 10.91x the season median
team,2013,total_passes,Total Passes,order_of_magnitude_high,Sea Eagles v Titans,19,away,167,167,season median ~ 22,Value is 7.59x the season median
team,2013,total_passes,Total Passes,order_of_magnitude_high,Sea Eagles v Titans,19,home,225,225,season median ~ 22,Value is 10.23x the season median
team,2013,total_passes,Total Passes,order_of_magnitude_high,Sea Eagles v Warriors,22,away,215,215,season median ~ 22,Value is 9.77x the season median
team,2013,total_passes,Total Passes,order_of_magnitude_high,Sea Eagles v Warriors,22,home,234,234,season median ~ 22,Value is 10.64x the season median
team,2013,total_passes,Total Passes,order_of_magnitude_high,Sea Eagles v Wests Tigers,4,away,178,178,season median ~ 22,Value is 8.09x the season median
team,2013,total_passes,Total Passes,order_of_magnitude_high,Sea Eagles v Wests Tigers,4,home,198,198,season median ~ 22,Value is 9.00x the season median
team,2013,total_passes,Total Passes,order_of_magnitude_high,Sharks v Cowboys,25,away,217,217,season median ~ 22,Value is 9.86x the season median
team,2013,total_passes,Total Passes,order_of_magnitude_high,Sharks v Cowboys,27,away,206,206,season median ~ 22,Value is 9.36x the season median
team,2013,total_passes,Total Passes,order_of_magnitude_high,Sharks v Cowboys,25,home,170,170,season median ~ 22,Value is 7.73x the season median
team,2013,total_passes,Total Passes,order_of_magnitude_high,Sharks v Cowboys,27,home,210,210,season median ~ 22,Value is 9.55x the season median
team,2013,total_passes,Total Passes,order_of_magnitude_high,Storm v Raiders,8,away,212,212,season median ~ 22,Value is 9.64x the season median
team,2013,total_passes,Total Passes,order_of_magnitude_high,Storm v Raiders,8,home,179,179,season median ~ 22,Value is 8.14x the season median
team,2013,total_passes,Total Passes,order_of_magnitude_high,Storm v Sharks,13,away,219,219,season median ~ 22,Value is 9.95x the season median
team,2013,total_passes,Total Passes,order_of_magnitude_high,Storm v Sharks,13,home,231,231,season median ~ 22,Value is 10.50x the season median
team,2013,total_passes,Total Passes,order_of_magnitude_high,Titans v Broncos,5,away,224,224,season median ~ 22,Value is 10.18x the season median
team,2013,total_passes,Total Passes,order_of_magnitude_high,Titans v Broncos,5,home,162,162,season median ~ 22,Value is 7.36x the season median
team,2013,total_passes,Total Passes,order_of_magnitude_high,Titans v Cowboys,12,away,213,213,season median ~ 22,Value is 9.68x the season median
team,2013,total_passes,Total Passes,order_of_magnitude_high,Titans v Cowboys,12,home,176,176,season median ~ 22,Value is 8.00x the season median
team,2013,total_passes,Total Passes,order_of_magnitude_high,Titans v Dragons,9,away,180,180,season median ~ 22,Value is 8.18x the season median
team,2013,total_passes,Total Passes,order_of_magnitude_high,Titans v Dragons,9,home,221,221,season median ~ 22,Value is 10.05x the season median
team,2013,total_passes,Total Passes,order_of_magnitude_high,Titans v Knights,7,away,210,210,season median ~ 22,Value is 9.55x the season median
team,2013,total_passes,Total Passes,order_of_magnitude_high,Titans v Knights,7,home,163,163,season median ~ 22,Value is 7.41x the season median
team,2013,total_passes,Total Passes,order_of_magnitude_high,Titans v Panthers,17,away,231,231,season median ~ 22,Value is 10.50x the season median
team,2013,total_passes,Total Passes,order_of_magnitude_high,Titans v Panthers,17,home,166,166,season median ~ 22,Value is 7.55x the season median
team,2013,total_passes,Total Passes,order_of_magnitude_high,Titans v Raiders,2,away,169,169,season median ~ 22,Value is 7.68x the season median
team,2013,total_passes,Total Passes,order_of_magnitude_high,Titans v Raiders,2,home,196,196,season median ~ 22,Value is 8.91x the season median
team,2013,total_passes,Total Passes,order_of_magnitude_high,Titans v Sea Eagles,3,away,184,184,season median ~ 22,Value is 8.36x the season median
team,2013,total_passes,Total Passes,order_of_magnitude_high,Titans v Sea Eagles,3,home,193,193,season median ~ 22,Value is 8.77x the season median
team,2013,total_passes,Total Passes,order_of_magnitude_high,Titans v Warriors,24,away,240,240,season median ~ 22,Value is 10.91x the season median
team,2013,total_passes,Total Passes,order_of_magnitude_high,Titans v Warriors,24,home,202,202,season median ~ 22,Value is 9.18x the season median
team,2013,total_passes,Total Passes,order_of_magnitude_high,Titans v Wests Tigers,21,away,177,177,season median ~ 22,Value is 8.05x the season median
team,2013,total_passes,Total Passes,order_of_magnitude_high,Titans v Wests Tigers,21,home,218,218,season median ~ 22,Value is 9.91x the season median
team,2013,total_passes,Total Passes,order_of_magnitude_high,Warriors v Broncos,16,away,213,213,season median ~ 22,Value is 9.68x the season median
team,2013,total_passes,Total Passes,order_of_magnitude_high,Warriors v Broncos,16,home,218,218,season median ~ 22,Value is 9.91x the season median
team,2013,total_passes,Total Passes,order_of_magnitude_high,Warriors v Bulldogs,9,away,257,257,season median ~ 22,Value is 11.68x the season median
team,2013,total_passes,Total Passes,order_of_magnitude_high,Warriors v Bulldogs,9,home,175,175,season median ~ 22,Value is 7.95x the season median
team,2013,total_passes,Total Passes,order_of_magnitude_high,Warriors v Cowboys,4,away,189,189,season median ~ 22,Value is 8.59x the season median
team,2013,total_passes,Total Passes,order_of_magnitude_high,Warriors v Cowboys,4,home,213,213,season median ~ 22,Value is 9.68x the season median
team,2013,total_passes,Total Passes,order_of_magnitude_high,Warriors v Knights,11,away,218,218,season median ~ 22,Value is 9.91x the season median
team,2013,total_passes,Total Passes,order_of_magnitude_high,Warriors v Knights,11,home,219,219,season median ~ 22,Value is 9.95x the season median
team,2013,total_passes,Total Passes,order_of_magnitude_high,Warriors v Panthers,23,away,248,248,season median ~ 22,Value is 11.27x the season median
team,2013,total_passes,Total Passes,order_of_magnitude_high,Warriors v Panthers,23,home,225,225,season median ~ 22,Value is 10.23x the season median
team,2013,total_passes,Total Passes,order_of_magnitude_high,Warriors v Raiders,25,away,170,170,season median ~ 22,Value is 7.73x the season median
team,2013,total_passes,Total Passes,order_of_magnitude_high,Warriors v Raiders,25,home,191,191,season median ~ 22,Value is 8.68x the season median
team,2013,total_passes,Total Passes,order_of_magnitude_high,Warriors v Sea Eagles,13,away,228,228,season median ~ 22,Value is 10.36x the season median
team,2013,total_passes,Total Passes,order_of_magnitude_high,Warriors v Sea Eagles,13,home,233,233,season median ~ 22,Value is 10.59x the season median
team,2013,total_passes,Total Passes,order_of_magnitude_high,Warriors v Sharks,21,away,206,206,season median ~ 22,Value is 9.36x the season median
team,2013,total_passes,Total Passes,order_of_magnitude_high,Warriors v Sharks,21,home,224,224,season median ~ 22,Value is 10.18x the season median
team,2013,total_passes,Total Passes,order_of_magnitude_high,Warriors v Storm,20,away,186,186,season median ~ 22,Value is 8.45x the season median
team,2013,total_passes,Total Passes,order_of_magnitude_high,Warriors v Storm,20,home,213,213,season median ~ 22,Value is 9.68x the season median
team,2013,total_passes,Total Passes,order_of_magnitude_high,Warriors v Titans,8,away,168,168,season median ~ 22,Value is 7.64x the season median
team,2013,total_passes,Total Passes,order_of_magnitude_high,Warriors v Titans,8,home,204,204,season median ~ 22,Value is 9.27x the season median
team,2013,total_passes,Total Passes,order_of_magnitude_high,Wests Tigers v Broncos,7,away,200,200,season median ~ 22,Value is 9.09x the season median
team,2013,total_passes,Total Passes,order_of_magnitude_high,Wests Tigers v Broncos,7,home,158,158,season median ~ 22,Value is 7.18x the season median
team,2013,total_passes,Total Passes,order_of_magnitude_high,Wests Tigers v Cowboys,11,away,224,224,season median ~ 22,Value is 10.18x the season median
team,2013,total_passes,Total Passes,order_of_magnitude_high,Wests Tigers v Cowboys,11,home,130,130,season median ~ 22,Value is 5.91x the season median
team,2013,total_passes,Total Passes,order_of_magnitude_high,Wests Tigers v Dragons,6,away,188,188,season median ~ 22,Value is 8.55x the season median
team,2013,total_passes,Total Passes,order_of_magnitude_high,Wests Tigers v Dragons,6,home,203,203,season median ~ 22,Value is 9.23x the season median
team,2013,total_passes,Total Passes,order_of_magnitude_high,Wests Tigers v Panthers,2,away,168,168,season median ~ 22,Value is 7.64x the season median
team,2013,total_passes,Total Passes,order_of_magnitude_high,Wests Tigers v Panthers,2,home,213,213,season median ~ 22,Value is 9.68x the season median
team,2013,total_passes,Total Passes,order_of_magnitude_high,Wests Tigers v Raiders,15,away,195,195,season median ~ 22,Value is 8.86x the season median
team,2013,total_passes,Total Passes,order_of_magnitude_high,Wests Tigers v Raiders,15,home,207,207,season median ~ 22,Value is 9.41x the season median
team,2013,total_passes,Total Passes,order_of_magnitude_high,Wests Tigers v Sea Eagles,20,away,192,192,season median ~ 22,Value is 8.73x the season median
team,2013,total_passes,Total Passes,order_of_magnitude_high,Wests Tigers v Sea Eagles,20,home,193,193,season median ~ 22,Value is 8.77x the season median
team,2013,total_passes,Total Passes,order_of_magnitude_high,Wests Tigers v Storm,16,away,208,208,season median ~ 22,Value is 9.45x the season median
team,2013,total_passes,Total Passes,order_of_magnitude_high,Wests Tigers v Storm,16,home,185,185,season median ~ 22,Value is 8.41x the season median
team,2013,total_passes,Total Passes,order_of_magnitude_high,Wests Tigers v Warriors,19,away,210,210,season median ~ 22,Value is 9.55x the season median
team,2013,total_passes,Total Passes,order_of_magnitude_high,Wests Tigers v Warriors,19,home,211,211,season median ~ 22,Value is 9.59x the season median
team,2014,grubbers,Grubbers,order_of_magnitude_high,Broncos v Bulldogs,22,away,321,321,season median ~ 25.5,Value is 12.59x the season median
team,2014,grubbers,Grubbers,order_of_magnitude_high,Broncos v Bulldogs,22,home,277,277,season median ~ 25.5,Value is 10.86x the season median
team,2014,grubbers,Grubbers,order_of_magnitude_high,Broncos v Dragons,25,away,332,332,season median ~ 25.5,Value is 13.02x the season median
team,2014,grubbers,Grubbers,order_of_magnitude_high,Broncos v Dragons,25,home,310,310,season median ~ 25.5,Value is 12.16x the season median
team,2014,grubbers,Grubbers,order_of_magnitude_high,Broncos v Knights,24,away,374,374,season median ~ 25.5,Value is 14.67x the season median
team,2014,grubbers,Grubbers,order_of_magnitude_high,Broncos v Knights,24,home,302,302,season median ~ 25.5,Value is 11.84x the season median
team,2014,grubbers,Grubbers,order_of_magnitude_high,Broncos v Rabbitohs,8,away,333,333,season median ~ 25.5,Value is 13.06x the season median
team,2014,grubbers,Grubbers,order_of_magnitude_high,Broncos v Rabbitohs,8,home,306,306,season median ~ 25.5,Value is 12.00x the season median
team,2014,grubbers,Grubbers,order_of_magnitude_high,Broncos v Roosters,3,away,309,309,season median ~ 25.5,Value is 12.12x the season median
team,2014,grubbers,Grubbers,order_of_magnitude_high,Broncos v Roosters,3,home,244,244,season median ~ 25.5,Value is 9.57x the season median
team,2014,grubbers,Grubbers,order_of_magnitude_high,Broncos v Sea Eagles,12,away,315,315,season median ~ 25.5,Value is 12.35x the season median
team,2014,grubbers,Grubbers,order_of_magnitude_high,Broncos v Sea Eagles,12,home,296,296,season median ~ 25.5,Value is 11.61x the season median
team,2014,grubbers,Grubbers,order_of_magnitude_high,Broncos v Storm,20,away,312,312,season median ~ 25.5,Value is 12.24x the season median
team,2014,grubbers,Grubbers,order_of_magnitude_high,Broncos v Storm,20,home,353,353,season median ~ 25.5,Value is 13.84x the season median
team,2014,grubbers,Grubbers,order_of_magnitude_high,Bulldogs v Broncos,1,away,310,310,season median ~ 25.5,Value is 12.16x the season median
team,2014,grubbers,Grubbers,order_of_magnitude_high,Bulldogs v Broncos,1,home,303,303,season median ~ 25.5,Value is 11.88x the season median
team,2014,grubbers,Grubbers,order_of_magnitude_high,Bulldogs v Cowboys,20,away,347,347,season median ~ 25.5,Value is 13.61x the season median
team,2014,grubbers,Grubbers,order_of_magnitude_high,Bulldogs v Cowboys,20,home,303,303,season median ~ 25.5,Value is 11.88x the season median
team,2014,grubbers,Grubbers,order_of_magnitude_high,Bulldogs v Eels,14,away,319,319,season median ~ 25.5,Value is 12.51x the season median
team,2014,grubbers,Grubbers,order_of_magnitude_high,Bulldogs v Eels,14,home,267,267,season median ~ 25.5,Value is 10.47x the season median
team,2014,grubbers,Grubbers,order_of_magnitude_high,Bulldogs v Panthers,21,away,319,319,season median ~ 25.5,Value is 12.51x the season median
team,2014,grubbers,Grubbers,order_of_magnitude_high,Bulldogs v Panthers,21,home,322,322,season median ~ 25.5,Value is 12.63x the season median
team,2014,grubbers,Grubbers,order_of_magnitude_high,Bulldogs v Rabbitohs,25,away,347,347,season median ~ 25.5,Value is 13.61x the season median
team,2014,grubbers,Grubbers,order_of_magnitude_high,Bulldogs v Rabbitohs,25,home,374,374,season median ~ 25.5,Value is 14.67x the season median
team,2014,grubbers,Grubbers,order_of_magnitude_high,Bulldogs v Storm,4,away,360,360,season median ~ 25.5,Value is 14.12x the season median
team,2014,grubbers,Grubbers,order_of_magnitude_high,Bulldogs v Storm,4,home,269,269,season median ~ 25.5,Value is 10.55x the season median
team,2014,grubbers,Grubbers,order_of_magnitude_high,Cowboys v Broncos,27,away,335,335,season median ~ 25.5,Value is 13.14x the season median
team,2014,grubbers,Grubbers,order_of_magnitude_high,Cowboys v Broncos,27,home,281,281,season median ~ 25.5,Value is 11.02x the season median
team,2014,grubbers,Grubbers,order_of_magnitude_high,Cowboys v Eels,8,away,300,300,season median ~ 25.5,Value is 11.76x the season median
team,2014,grubbers,Grubbers,order_of_magnitude_high,Cowboys v Eels,8,home,274,274,season median ~ 25.5,Value is 10.75x the season median
team,2014,grubbers,Grubbers,order_of_magnitude_high,Cowboys v Rabbitohs,16,away,375,375,season median ~ 25.5,Value is 14.71x the season median
team,2014,grubbers,Grubbers,order_of_magnitude_high,Cowboys v Rabbitohs,16,home,372,372,season median ~ 25.5,Value is 14.59x the season median
team,2014,grubbers,Grubbers,order_of_magnitude_high,Cowboys v Raiders,1,away,335,335,season median ~ 25.5,Value is 13.14x the season median
team,2014,grubbers,Grubbers,order_of_magnitude_high,Cowboys v Raiders,1,home,289,289,season median ~ 25.5,Value is 11.33x the season median
team,2014,grubbers,Grubbers,order_of_magnitude_high,Cowboys v Storm,12,away,472,472,season median ~ 25.5,Value is 18.51x the season median
team,2014,grubbers,Grubbers,order_of_magnitude_high,Cowboys v Storm,12,home,338,338,season median ~ 25.5,Value is 13.25x the season median
team,2014,grubbers,Grubbers,order_of_magnitude_high,Dragons v Panthers,22,away,308,308,season median ~ 25.5,Value is 12.08x the season median
team,2014,grubbers,Grubbers,order_of_magnitude_high,Dragons v Panthers,22,home,367,367,season median ~ 25.5,Value is 14.39x the season median
team,2014,grubbers,Grubbers,order_of_magnitude_high,Dragons v Rabbitohs,5,away,301,301,season median ~ 25.5,Value is 11.80x the season median
team,2014,grubbers,Grubbers,order_of_magnitude_high,Dragons v Rabbitohs,5,home,341,341,season median ~ 25.5,Value is 13.37x the season median
team,2014,grubbers,Grubbers,order_of_magnitude_high,Dragons v Wests Tigers,1,away,301,301,season median ~ 25.5,Value is 11.80x the season median
team,2014,grubbers,Grubbers,order_of_magnitude_high,Dragons v Wests Tigers,1,home,271,271,season median ~ 25.5,Value is 10.63x the season median
team,2014,grubbers,Grubbers,order_of_magnitude_high,Eels v Cowboys,13,away,365,365,season median ~ 25.5,Value is 14.31x the season median
team,2014,grubbers,Grubbers,order_of_magnitude_high,Eels v Cowboys,13,home,312,312,season median ~ 25.5,Value is 12.24x the season median
team,2014,grubbers,Grubbers,order_of_magnitude_high,Eels v Dragons,10,away,353,353,season median ~ 25.5,Value is 13.84x the season median
team,2014,grubbers,Grubbers,order_of_magnitude_high,Eels v Dragons,10,home,237,237,season median ~ 25.5,Value is 9.29x the season median
team,2014,grubbers,Grubbers,order_of_magnitude_high,Eels v Knights,16,away,346,346,season median ~ 25.5,Value is 13.57x the season median
team,2014,grubbers,Grubbers,order_of_magnitude_high,Eels v Knights,16,home,325,325,season median ~ 25.5,Value is 12.75x the season median
team,2014,grubbers,Grubbers,order_of_magnitude_high,Eels v Panthers,4,away,300,300,season median ~ 25.5,Value is 11.76x the season median
team,2014,grubbers,Grubbers,order_of_magnitude_high,Eels v Panthers,4,home,273,273,season median ~ 25.5,Value is 10.71x the season median
team,2014,grubbers,Grubbers,order_of_magnitude_high,Eels v Roosters,6,away,368,368,season median ~ 25.5,Value is 14.43x the season median
team,2014,grubbers,Grubbers,order_of_magnitude_high,Eels v Roosters,6,home,285,285,season median ~ 25.5,Value is 11.18x the season median
team,2014,grubbers,Grubbers,order_of_magnitude_high,Eels v Warriors,1,away,289,289,season median ~ 25.5,Value is 11.33x the season median
team,2014,grubbers,Grubbers,order_of_magnitude_high,Eels v Warriors,1,home,268,268,season median ~ 25.5,Value is 10.51x the season median
team,2014,grubbers,Grubbers,order_of_magnitude_high,Knights v Eels,25,away,295,295,season median ~ 25.5,Value is 11.57x the season median
team,2014,grubbers,Grubbers,order_of_magnitude_high,Knights v Eels,25,home,268,268,season median ~ 25.5,Value is 10.51x the season median
team,2014,grubbers,Grubbers,order_of_magnitude_high,Knights v Roosters,20,away,421,421,season median ~ 25.5,Value is 16.51x the season median
team,2014,grubbers,Grubbers,order_of_magnitude_high,Knights v Roosters,20,home,331,331,season median ~ 25.5,Value is 12.98x the season median
team,2014,grubbers,Grubbers,order_of_magnitude_high,Panthers v Bulldogs,29,away,367,367,season median ~ 25.5,Value is 14.39x the season median
team,2014,grubbers,Grubbers,order_of_magnitude_high,Panthers v Bulldogs,29,home,329,329,season median ~ 25.5,Value is 12.90x the season median
team,2014,grubbers,Grubbers,order_of_magnitude_high,Panthers v Cowboys,23,away,325,325,season median ~ 25.5,Value is 12.75x the season median
team,2014,grubbers,Grubbers,order_of_magnitude_high,Panthers v Cowboys,23,home,329,329,season median ~ 25.5,Value is 12.90x the season median
team,2014,grubbers,Grubbers,order_of_magnitude_high,Panthers v Eels,12,away,366,366,season median ~ 25.5,Value is 14.35x the season median
team,2014,grubbers,Grubbers,order_of_magnitude_high,Panthers v Eels,12,home,300,300,season median ~ 25.5,Value is 11.76x the season median
team,2014,grubbers,Grubbers,order_of_magnitude_high,Panthers v Rabbitohs,6,away,332,332,season median ~ 25.5,Value is 13.02x the season median
team,2014,grubbers,Grubbers,order_of_magnitude_high,Panthers v Rabbitohs,6,home,305,305,season median ~ 25.5,Value is 11.96x the season median
team,2014,grubbers,Grubbers,order_of_magnitude_high,Panthers v Sharks,20,away,291,291,season median ~ 25.5,Value is 11.41x the season median
team,2014,grubbers,Grubbers,order_of_magnitude_high,Panthers v Sharks,20,home,371,371,season median ~ 25.5,Value is 14.55x the season median
team,2014,grubbers,Grubbers,order_of_magnitude_high,Panthers v Storm,24,away,342,342,season median ~ 25.5,Value is 13.41x the season median
team,2014,grubbers,Grubbers,order_of_magnitude_high,Panthers v Storm,24,home,323,323,season median ~ 25.5,Value is 12.67x the season median
team,2014,grubbers,Grubbers,order_of_magnitude_high,Panthers v Titans,7,away,310,310,season median ~ 25.5,Value is 12.16x the season median
team,2014,grubbers,Grubbers,order_of_magnitude_high,Panthers v Titans,7,home,350,350,season median ~ 25.5,Value is 13.73x the season median
team,2014,grubbers,Grubbers,order_of_magnitude_high,Panthers v Warriors,26,away,372,372,season median ~ 25.5,Value is 14.59x the season median
team,2014,grubbers,Grubbers,order_of_magnitude_high,Panthers v Warriors,26,home,284,284,season median ~ 25.5,Value is 11.14x the season median
team,2014,grubbers,Grubbers,order_of_magnitude_high,Rabbitohs v Broncos,23,away,324,324,season median ~ 25.5,Value is 12.71x the season median
team,2014,grubbers,Grubbers,order_of_magnitude_high,Rabbitohs v Broncos,23,home,344,344,season median ~ 25.5,Value is 13.49x the season median
team,2014,grubbers,Grubbers,order_of_magnitude_high,Rabbitohs v Bulldogs,7,away,307,307,season median ~ 25.5,Value is 12.04x the season median
team,2014,grubbers,Grubbers,order_of_magnitude_high,Rabbitohs v Bulldogs,7,home,323,323,season median ~ 25.5,Value is 12.67x the season median
team,2014,grubbers,Grubbers,order_of_magnitude_high,Rabbitohs v Cowboys,24,away,330,330,season median ~ 25.5,Value is 12.94x the season median
team,2014,grubbers,Grubbers,order_of_magnitude_high,Rabbitohs v Cowboys,24,home,377,377,season median ~ 25.5,Value is 14.78x the season median
team,2014,grubbers,Grubbers,order_of_magnitude_high,Rabbitohs v Dragons,12,away,372,372,season median ~ 25.5,Value is 14.59x the season median
team,2014,grubbers,Grubbers,order_of_magnitude_high,Rabbitohs v Dragons,12,home,309,309,season median ~ 25.5,Value is 12.12x the season median
team,2014,grubbers,Grubbers,order_of_magnitude_high,Rabbitohs v Roosters,1,away,348,348,season median ~ 25.5,Value is 13.65x the season median
team,2014,grubbers,Grubbers,order_of_magnitude_high,Rabbitohs v Roosters,1,home,236,236,season median ~ 25.5,Value is 9.25x the season median
team,2014,grubbers,Grubbers,order_of_magnitude_high,Rabbitohs v Storm,10,away,302,302,season median ~ 25.5,Value is 11.84x the season median
team,2014,grubbers,Grubbers,order_of_magnitude_high,Rabbitohs v Storm,10,home,357,357,season median ~ 25.5,Value is 14.00x the season median
team,2014,grubbers,Grubbers,order_of_magnitude_high,Rabbitohs v Titans,17,away,356,356,season median ~ 25.5,Value is 13.96x the season median
team,2014,grubbers,Grubbers,order_of_magnitude_high,Rabbitohs v Titans,17,home,387,387,season median ~ 25.5,Value is 15.18x the season median
team,2014,grubbers,Grubbers,order_of_magnitude_high,Rabbitohs v Wests Tigers,14,away,315,315,season median ~ 25.5,Value is 12.35x the season median
team,2014,grubbers,Grubbers,order_of_magnitude_high,Rabbitohs v Wests Tigers,14,home,305,305,season median ~ 25.5,Value is 11.96x the season median
team,2014,grubbers,Grubbers,order_of_magnitude_high,Raiders v Broncos,13,away,345,345,season median ~ 25.5,Value is 13.53x the season median
team,2014,grubbers,Grubbers,order_of_magnitude_high,Raiders v Broncos,13,home,367,367,season median ~ 25.5,Value is 14.39x the season median
team,2014,grubbers,Grubbers,order_of_magnitude_high,Raiders v Cowboys,11,away,333,333,season median ~ 25.5,Value is 13.06x the season median
team,2014,grubbers,Grubbers,order_of_magnitude_high,Raiders v Cowboys,11,home,324,324,season median ~ 25.5,Value is 12.71x the season median
team,2014,grubbers,Grubbers,order_of_magnitude_high,Raiders v Dragons,23,away,263,263,season median ~ 25.5,Value is 10.31x the season median
team,2014,grubbers,Grubbers,order_of_magnitude_high,Raiders v Dragons,23,home,337,337,season median ~ 25.5,Value is 13.22x the season median
team,2014,grubbers,Grubbers,order_of_magnitude_high,Raiders v Knights,6,away,295,295,season median ~ 25.5,Value is 11.57x the season median
team,2014,grubbers,Grubbers,order_of_magnitude_high,Raiders v Knights,6,home,306,306,season median ~ 25.5,Value is 12.00x the season median
team,2014,grubbers,Grubbers,order_of_magnitude_high,Raiders v Rabbitohs,20,away,277,277,season median ~ 25.5,Value is 10.86x the season median
team,2014,grubbers,Grubbers,order_of_magnitude_high,Raiders v Rabbitohs,20,home,332,332,season median ~ 25.5,Value is 13.02x the season median
team,2014,grubbers,Grubbers,order_of_magnitude_high,Raiders v Titans,3,away,335,335,season median ~ 25.5,Value is 13.14x the season median
team,2014,grubbers,Grubbers,order_of_magnitude_high,Raiders v Titans,3,home,337,337,season median ~ 25.5,Value is 13.22x the season median
team,2014,grubbers,Grubbers,order_of_magnitude_high,Raiders v Warriors,21,away,225,225,season median ~ 25.5,Value is 8.82x the season median
team,2014,grubbers,Grubbers,order_of_magnitude_high,Raiders v Warriors,21,home,317,317,season median ~ 25.5,Value is 12.43x the season median
team,2014,grubbers,Grubbers,order_of_magnitude_high,Roosters v Cowboys,28,away,308,308,season median ~ 25.5,Value is 12.08x the season median
team,2014,grubbers,Grubbers,order_of_magnitude_high,Roosters v Cowboys,28,home,361,361,season median ~ 25.5,Value is 14.16x the season median
team,2014,grubbers,Grubbers,order_of_magnitude_high,Roosters v Knights,14,away,376,376,season median ~ 25.5,Value is 14.75x the season median
team,2014,grubbers,Grubbers,order_of_magnitude_high,Roosters v Knights,14,home,330,330,season median ~ 25.5,Value is 12.94x the season median
team,2014,grubbers,Grubbers,order_of_magnitude_high,Roosters v Panthers,27,away,326,326,season median ~ 25.5,Value is 12.78x the season median
team,2014,grubbers,Grubbers,order_of_magnitude_high,Roosters v Panthers,27,home,354,354,season median ~ 25.5,Value is 13.88x the season median
team,2014,grubbers,Grubbers,order_of_magnitude_high,Roosters v Rabbitohs,26,away,319,319,season median ~ 25.5,Value is 12.51x the season median
team,2014,grubbers,Grubbers,order_of_magnitude_high,Roosters v Rabbitohs,26,home,366,366,season median ~ 25.5,Value is 14.35x the season median
team,2014,grubbers,Grubbers,order_of_magnitude_high,Roosters v Raiders,12,away,367,367,season median ~ 25.5,Value is 14.39x the season median
team,2014,grubbers,Grubbers,order_of_magnitude_high,Roosters v Raiders,12,home,322,322,season median ~ 25.5,Value is 12.63x the season median
team,2014,grubbers,Grubbers,order_of_magnitude_high,Roosters v Sea Eagles,4,away,280,280,season median ~ 25.5,Value is 10.98x the season median
team,2014,grubbers,Grubbers,order_of_magnitude_high,Roosters v Sea Eagles,4,home,382,382,season median ~ 25.5,Value is 14.98x the season median
team,2014,grubbers,Grubbers,order_of_magnitude_high,Roosters v Sharks,17,away,288,288,season median ~ 25.5,Value is 11.29x the season median
team,2014,grubbers,Grubbers,order_of_magnitude_high,Roosters v Sharks,17,home,324,324,season median ~ 25.5,Value is 12.71x the season median
team,2014,grubbers,Grubbers,order_of_magnitude_high,Roosters v Storm,25,away,308,308,season median ~ 25.5,Value is 12.08x the season median
team,2014,grubbers,Grubbers,order_of_magnitude_high,Roosters v Storm,25,home,363,363,season median ~ 25.5,Value is 14.24x the season median
team,2014,grubbers,Grubbers,order_of_magnitude_high,Roosters v Titans,22,away,342,342,season median ~ 25.5,Value is 13.41x the season median
team,2014,grubbers,Grubbers,order_of_magnitude_high,Roosters v Titans,22,home,280,280,season median ~ 25.5,Value is 10.98x the season median
team,2014,grubbers,Grubbers,order_of_magnitude_high,Sea Eagles v Broncos,21,away,327,327,season median ~ 25.5,Value is 12.82x the season median
team,2014,grubbers,Grubbers,order_of_magnitude_high,Sea Eagles v Broncos,21,home,352,352,season median ~ 25.5,Value is 13.80x the season median
team,2014,grubbers,Grubbers,order_of_magnitude_high,Sea Eagles v Bulldogs,28,away,339,339,season median ~ 25.5,Value is 13.29x the season median
team,2014,grubbers,Grubbers,order_of_magnitude_high,Sea Eagles v Bulldogs,28,home,366,366,season median ~ 25.5,Value is 14.35x the season median
team,2014,grubbers,Grubbers,order_of_magnitude_high,Sea Eagles v Eels,3,away,278,278,season median ~ 25.5,Value is 10.90x the season median
team,2014,grubbers,Grubbers,order_of_magnitude_high,Sea Eagles v Eels,3,home,251,251,season median ~ 25.5,Value is 9.84x the season median
team,2014,grubbers,Grubbers,order_of_magnitude_high,Sea Eagles v Panthers,25,away,295,295,season median ~ 25.5,Value is 11.57x the season median
team,2014,grubbers,Grubbers,order_of_magnitude_high,Sea Eagles v Panthers,25,home,275,275,season median ~ 25.5,Value is 10.78x the season median
team,2014,grubbers,Grubbers,order_of_magnitude_high,Sea Eagles v Rabbitohs,27,away,291,291,season median ~ 25.5,Value is 11.41x the season median
team,2014,grubbers,Grubbers,order_of_magnitude_high,Sea Eagles v Rabbitohs,27,home,263,263,season median ~ 25.5,Value is 10.31x the season median
team,2014,grubbers,Grubbers,order_of_magnitude_high,Sharks v Eels,21,away,273,273,season median ~ 25.5,Value is 10.71x the season median
team,2014,grubbers,Grubbers,order_of_magnitude_high,Sharks v Eels,21,home,330,330,season median ~ 25.5,Value is 12.94x the season median
team,2014,grubbers,Grubbers,order_of_magnitude_high,Sharks v Knights,18,away,353,353,season median ~ 25.5,Value is 13.84x the season median
team,2014,grubbers,Grubbers,order_of_magnitude_high,Sharks v Knights,18,home,359,359,season median ~ 25.5,Value is 14.08x the season median
team,2014,grubbers,Grubbers,order_of_magnitude_high,Sharks v Rabbitohs,11,away,348,348,season median ~ 25.5,Value is 13.65x the season median
team,2014,grubbers,Grubbers,order_of_magnitude_high,Sharks v Rabbitohs,11,home,353,353,season median ~ 25.5,Value is 13.84x the season median
team,2014,grubbers,Grubbers,order_of_magnitude_high,Sharks v Raiders,24,away,307,307,season median ~ 25.5,Value is 12.04x the season median
team,2014,grubbers,Grubbers,order_of_magnitude_high,Sharks v Raiders,24,home,314,314,season median ~ 25.5,Value is 12.31x the season median
team,2014,grubbers,Grubbers,order_of_magnitude_high,Sharks v Roosters,7,away,314,314,season median ~ 25.5,Value is 12.31x the season median
team,2014,grubbers,Grubbers,order_of_magnitude_high,Sharks v Roosters,7,home,322,322,season median ~ 25.5,Value is 12.63x the season median
team,2014,grubbers,Grubbers,order_of_magnitude_high,Sharks v Wests Tigers,10,away,302,302,season median ~ 25.5,Value is 11.84x the season median
team,2014,grubbers,Grubbers,order_of_magnitude_high,Sharks v Wests Tigers,10,home,336,336,season median ~ 25.5,Value is 13.18x the season median
team,2014,grubbers,Grubbers,order_of_magnitude_high,Storm v Broncos,26,away,314,314,season median ~ 25.5,Value is 12.31x the season median
team,2014,grubbers,Grubbers,order_of_magnitude_high,Storm v Broncos,26,home,402,402,season median ~ 25.5,Value is 15.76x the season median
team,2014,grubbers,Grubbers,order_of_magnitude_high,Storm v Bulldogs,18,away,307,307,season median ~ 25.5,Value is 12.04x the season median
team,2014,grubbers,Grubbers,order_of_magnitude_high,Storm v Bulldogs,27,away,312,312,season median ~ 25.5,Value is 12.24x the season median
team,2014,grubbers,Grubbers,order_of_magnitude_high,Storm v Bulldogs,18,home,393,393,season median ~ 25.5,Value is 15.41x the season median
team,2014,grubbers,Grubbers,order_of_magnitude_high,Storm v Bulldogs,27,home,369,369,season median ~ 25.5,Value is 14.47x the season median
team,2014,grubbers,Grubbers,order_of_magnitude_high,Storm v Dragons,6,away,338,338,season median ~ 25.5,Value is 13.25x the season median
team,2014,grubbers,Grubbers,order_of_magnitude_high,Storm v Dragons,6,home,348,348,season median ~ 25.5,Value is 13.65x the season median
team,2014,grubbers,Grubbers,order_of_magnitude_high,Storm v Eels,15,away,327,327,season median ~ 25.5,Value is 12.82x the season median
team,2014,grubbers,Grubbers,order_of_magnitude_high,Storm v Eels,15,home,274,274,season median ~ 25.5,Value is 10.75x the season median
team,2014,grubbers,Grubbers,order_of_magnitude_high,Storm v Knights,3,away,293,293,season median ~ 25.5,Value is 11.49x the season median
team,2014,grubbers,Grubbers,order_of_magnitude_high,Storm v Knights,3,home,250,250,season median ~ 25.5,Value is 9.80x the season median
team,2014,grubbers,Grubbers,order_of_magnitude_high,Storm v Raiders,19,away,309,309,season median ~ 25.5,Value is 12.12x the season median
team,2014,grubbers,Grubbers,order_of_magnitude_high,Storm v Raiders,19,home,358,358,season median ~ 25.5,Value is 14.04x the season median
team,2014,grubbers,Grubbers,order_of_magnitude_high,Storm v Sharks,23,away,334,334,season median ~ 25.5,Value is 13.10x the season median
team,2014,grubbers,Grubbers,order_of_magnitude_high,Storm v Sharks,23,home,278,278,season median ~ 25.5,Value is 10.90x the season median
team,2014,grubbers,Grubbers,order_of_magnitude_high,Titans v Broncos,6,away,357,357,season median ~ 25.5,Value is 14.00x the season median
team,2014,grubbers,Grubbers,order_of_magnitude_high,Titans v Broncos,6,home,351,351,season median ~ 25.5,Value is 13.76x the season median
team,2014,grubbers,Grubbers,order_of_magnitude_high,Titans v Bulldogs,26,away,350,350,season median ~ 25.5,Value is 13.73x the season median
team,2014,grubbers,Grubbers,order_of_magnitude_high,Titans v Bulldogs,26,home,344,344,season median ~ 25.5,Value is 13.49x the season median
team,2014,grubbers,Grubbers,order_of_magnitude_high,Titans v Cowboys,4,away,362,362,season median ~ 25.5,Value is 14.20x the season median
team,2014,grubbers,Grubbers,order_of_magnitude_high,Titans v Cowboys,4,home,319,319,season median ~ 25.5,Value is 12.51x the season median
team,2014,grubbers,Grubbers,order_of_magnitude_high,Titans v Eels,20,away,287,287,season median ~ 25.5,Value is 11.25x the season median
team,2014,grubbers,Grubbers,order_of_magnitude_high,Titans v Eels,20,home,319,319,season median ~ 25.5,Value is 12.51x the season median
team,2014,grubbers,Grubbers,order_of_magnitude_high,Titans v Rabbitohs,9,away,283,283,season median ~ 25.5,Value is 11.10x the season median
team,2014,grubbers,Grubbers,order_of_magnitude_high,Titans v Rabbitohs,9,home,261,261,season median ~ 25.5,Value is 10.24x the season median
team,2014,grubbers,Grubbers,order_of_magnitude_high,Titans v Raiders,18,away,316,316,season median ~ 25.5,Value is 12.39x the season median
team,2014,grubbers,Grubbers,order_of_magnitude_high,Titans v Raiders,18,home,302,302,season median ~ 25.5,Value is 11.84x the season median
team,2014,grubbers,Grubbers,order_of_magnitude_high,Titans v Storm,14,away,344,344,season median ~ 25.5,Value is 13.49x the season median
team,2014,grubbers,Grubbers,order_of_magnitude_high,Titans v Storm,14,home,351,351,season median ~ 25.5,Value is 13.76x the season median
team,2014,grubbers,Grubbers,order_of_magnitude_high,Warriors v Raiders,9,away,277,277,season median ~ 25.5,Value is 10.86x the season median
team,2014,grubbers,Grubbers,order_of_magnitude_high,Warriors v Raiders,9,home,257,257,season median ~ 25.5,Value is 10.08x the season median
team,2014,grubbers,Grubbers,order_of_magnitude_high,Warriors v Roosters,24,away,297,297,season median ~ 25.5,Value is 11.65x the season median
team,2014,grubbers,Grubbers,order_of_magnitude_high,Warriors v Roosters,24,home,273,273,season median ~ 25.5,Value is 10.71x the season median
team,2014,grubbers,Grubbers,order_of_magnitude_high,Wests Tigers v Bulldogs,19,away,314,314,season median ~ 25.5,Value is 12.31x the season median
team,2014,grubbers,Grubbers,order_of_magnitude_high,Wests Tigers v Bulldogs,19,home,213,213,season median ~ 25.5,Value is 8.35x the season median
team,2014,grubbers,Grubbers,order_of_magnitude_high,Wests Tigers v Panthers,17,away,309,309,season median ~ 25.5,Value is 12.12x the season median
team,2014,grubbers,Grubbers,order_of_magnitude_high,Wests Tigers v Panthers,17,home,307,307,season median ~ 25.5,Value is 12.04x the season median
team,2014,grubbers,Grubbers,order_of_magnitude_high,Wests Tigers v Rabbitohs,3,away,364,364,season median ~ 25.5,Value is 14.27x the season median
team,2014,grubbers,Grubbers,order_of_magnitude_high,Wests Tigers v Rabbitohs,3,home,263,263,season median ~ 25.5,Value is 10.31x the season median
team,2014,grubbers,Grubbers,order_of_magnitude_high,Wests Tigers v Raiders,16,away,339,339,season median ~ 25.5,Value is 13.29x the season median
team,2014,grubbers,Grubbers,order_of_magnitude_high,Wests Tigers v Raiders,16,home,288,288,season median ~ 25.5,Value is 11.29x the season median
team,2014,grubbers,Grubbers,order_of_magnitude_high,Wests Tigers v Storm,21,away,310,310,season median ~ 25.5,Value is 12.16x the season median
team,2014,grubbers,Grubbers,order_of_magnitude_high,Wests Tigers v Storm,21,home,285,285,season median ~ 25.5,Value is 11.18x the season median
team,2014,missed_tackles,Missed Tackles,order_of_magnitude_high,Bulldogs v Roosters,11,away,328,328,season median ~ 16,Value is 20.50x the season median
team,2014,missed_tackles,Missed Tackles,order_of_magnitude_high,Bulldogs v Roosters,11,home,287,287,season median ~ 16,Value is 17.94x the season median
team,2014,missed_tackles,Missed Tackles,order_of_magnitude_high,Cowboys v Warriors,3,away,291,291,season median ~ 16,Value is 18.19x the season median
team,2014,missed_tackles,Missed Tackles,order_of_magnitude_high,Cowboys v Warriors,3,home,334,334,season median ~ 16,Value is 20.88x the season median
team,2014,missed_tackles,Missed Tackles,order_of_magnitude_high,Dragons v Roosters,8,away,278,278,season median ~ 16,Value is 17.38x the season median
team,2014,missed_tackles,Missed Tackles,order_of_magnitude_high,Dragons v Roosters,8,home,343,343,season median ~ 16,Value is 21.44x the season median
team,2014,missed_tackles,Missed Tackles,order_of_magnitude_high,Knights v Wests Tigers,13,away,326,326,season median ~ 16,Value is 20.38x the season median
team,2014,missed_tackles,Missed Tackles,order_of_magnitude_high,Knights v Wests Tigers,13,home,343,343,season median ~ 16,Value is 21.44x the season median
team,2014,missed_tackles,Missed Tackles,order_of_magnitude_high,Panthers v Knights,1,away,369,369,season median ~ 16,Value is 23.06x the season median
team,2014,missed_tackles,Missed Tackles,order_of_magnitude_high,Panthers v Knights,1,home,304,304,season median ~ 16,Value is 19.00x the season median
team,2014,missed_tackles,Missed Tackles,order_of_magnitude_high,Sharks v Warriors,5,away,356,356,season median ~ 16,Value is 22.25x the season median
team,2014,missed_tackles,Missed Tackles,order_of_magnitude_high,Sharks v Warriors,5,home,245,245,season median ~ 16,Value is 15.31x the season median
team,2014,missed_tackles,Missed Tackles,order_of_magnitude_high,Storm v Warriors,8,away,346,346,season median ~ 16,Value is 21.63x the season median
team,2014,missed_tackles,Missed Tackles,order_of_magnitude_high,Storm v Warriors,8,home,369,369,season median ~ 16,Value is 23.06x the season median
team,2014,missed_tackles,Missed Tackles,order_of_magnitude_high,Warriors v Sea Eagles,20,away,327,327,season median ~ 16,Value is 20.44x the season median
team,2014,missed_tackles,Missed Tackles,order_of_magnitude_high,Warriors v Sea Eagles,20,home,326,326,season median ~ 16,Value is 20.38x the season median
team,2014,missed_tackles,Missed Tackles,order_of_magnitude_high,Wests Tigers v Cowboys,6,away,346,346,season median ~ 16,Value is 21.63x the season median
team,2014,missed_tackles,Missed Tackles,order_of_magnitude_high,Wests Tigers v Cowboys,6,home,280,280,season median ~ 16,Value is 17.50x the season median
team,2014,penalty_goals,Penalty Goals,scoring_count_implausibly_high,Cowboys v Wests Tigers,22,home,32,32,stat-specific sanity range,
team,2014,penalty_goals,Penalty Goals,scoring_count_implausibly_high,Knights v Sharks,4,home,26,26,stat-specific sanity range,
team,2014,penalty_goals,Penalty Goals,scoring_count_implausibly_high,Rabbitohs v Knights,21,home,26,26,stat-specific sanity range,
team,2014,penalty_goals,Penalty Goals,scoring_count_implausibly_high,Raiders v Warriors,21,away,28,28,stat-specific sanity range,
team,2014,penalty_goals,Penalty Goals,scoring_count_implausibly_high,Sea Eagles v Raiders,8,home,42,42,stat-specific sanity range,
team,2014,penalty_goals,Penalty Goals,scoring_count_implausibly_high,Storm v Sharks,23,home,30,30,stat-specific sanity range,
team,2014,penalty_goals,Penalty Goals,scoring_count_implausibly_high,Warriors v Eels,18,home,36,36,stat-specific sanity range,
team,2014,penalty_goals,Penalty Goals,scoring_count_implausibly_high,Warriors v Titans,25,home,30,30,stat-specific sanity range,
team,2014,tackles_made,Tackles Made,order_of_magnitude_high,Broncos v Cowboys,2,away,331,331,season median ~ 33,Value is 10.03x the season median
team,2014,tackles_made,Tackles Made,order_of_magnitude_high,Broncos v Cowboys,2,home,340,340,season median ~ 33,Value is 10.30x the season median
team,2014,tackles_made,Tackles Made,order_of_magnitude_high,Broncos v Sharks,16,away,307,307,season median ~ 33,Value is 9.30x the season median
team,2014,tackles_made,Tackles Made,order_of_magnitude_high,Broncos v Sharks,16,home,363,363,season median ~ 33,Value is 11.00x the season median
team,2014,tackles_made,Tackles Made,order_of_magnitude_high,Broncos v Titans,10,away,388,388,season median ~ 33,Value is 11.76x the season median
team,2014,tackles_made,Tackles Made,order_of_magnitude_high,Broncos v Titans,10,home,269,269,season median ~ 33,Value is 8.15x the season median
team,2014,tackles_made,Tackles Made,order_of_magnitude_high,Broncos v Warriors,19,away,285,285,season median ~ 33,Value is 8.64x the season median
team,2014,tackles_made,Tackles Made,order_of_magnitude_high,Broncos v Warriors,19,home,336,336,season median ~ 33,Value is 10.18x the season median
team,2014,tackles_made,Tackles Made,order_of_magnitude_high,Bulldogs v Knights,8,away,324,324,season median ~ 33,Value is 9.82x the season median
team,2014,tackles_made,Tackles Made,order_of_magnitude_high,Bulldogs v Knights,8,home,327,327,season median ~ 33,Value is 9.91x the season median
team,2014,tackles_made,Tackles Made,order_of_magnitude_high,Bulldogs v Sharks,2,away,317,317,season median ~ 33,Value is 9.61x the season median
team,2014,tackles_made,Tackles Made,order_of_magnitude_high,Bulldogs v Sharks,2,home,256,256,season median ~ 33,Value is 7.76x the season median
team,2014,tackles_made,Tackles Made,order_of_magnitude_high,Bulldogs v Warriors,10,away,368,368,season median ~ 33,Value is 11.15x the season median
team,2014,tackles_made,Tackles Made,order_of_magnitude_high,Bulldogs v Warriors,10,home,325,325,season median ~ 33,Value is 9.85x the season median
team,2014,tackles_made,Tackles Made,order_of_magnitude_high,Cowboys v Broncos,9,away,329,329,season median ~ 33,Value is 9.97x the season median
team,2014,tackles_made,Tackles Made,order_of_magnitude_high,Cowboys v Broncos,9,home,309,309,season median ~ 33,Value is 9.36x the season median
team,2014,tackles_made,Tackles Made,order_of_magnitude_high,Cowboys v Knights,5,away,318,318,season median ~ 33,Value is 9.64x the season median
team,2014,tackles_made,Tackles Made,order_of_magnitude_high,Cowboys v Knights,5,home,258,258,season median ~ 33,Value is 7.82x the season median
team,2014,tackles_made,Tackles Made,order_of_magnitude_high,Cowboys v Roosters,10,away,382,382,season median ~ 33,Value is 11.58x the season median
team,2014,tackles_made,Tackles Made,order_of_magnitude_high,Cowboys v Roosters,10,home,250,250,season median ~ 33,Value is 7.58x the season median
team,2014,tackles_made,Tackles Made,order_of_magnitude_high,Cowboys v Sea Eagles,26,away,336,336,season median ~ 33,Value is 10.18x the season median
team,2014,tackles_made,Tackles Made,order_of_magnitude_high,Cowboys v Sea Eagles,26,home,260,260,season median ~ 33,Value is 7.88x the season median
team,2014,tackles_made,Tackles Made,order_of_magnitude_high,Cowboys v Sharks,25,away,397,397,season median ~ 33,Value is 12.03x the season median
team,2014,tackles_made,Tackles Made,order_of_magnitude_high,Cowboys v Sharks,25,home,363,363,season median ~ 33,Value is 11.00x the season median
team,2014,tackles_made,Tackles Made,order_of_magnitude_high,Cowboys v Titans,21,away,341,341,season median ~ 33,Value is 10.33x the season median
team,2014,tackles_made,Tackles Made,order_of_magnitude_high,Cowboys v Titans,21,home,288,288,season median ~ 33,Value is 8.73x the season median
team,2014,tackles_made,Tackles Made,order_of_magnitude_high,Cowboys v Wests Tigers,22,away,358,358,season median ~ 33,Value is 10.85x the season median
team,2014,tackles_made,Tackles Made,order_of_magnitude_high,Cowboys v Wests Tigers,22,home,198,198,season median ~ 33,Value is 6.00x the season median
team,2014,tackles_made,Tackles Made,order_of_magnitude_high,Dragons v Broncos,4,away,284,284,season median ~ 33,Value is 8.61x the season median
team,2014,tackles_made,Tackles Made,order_of_magnitude_high,Dragons v Broncos,4,home,320,320,season median ~ 33,Value is 9.70x the season median
team,2014,tackles_made,Tackles Made,order_of_magnitude_high,Dragons v Bulldogs,9,away,247,247,season median ~ 33,Value is 7.48x the season median
team,2014,tackles_made,Tackles Made,order_of_magnitude_high,Dragons v Bulldogs,9,home,363,363,season median ~ 33,Value is 11.00x the season median
team,2014,tackles_made,Tackles Made,order_of_magnitude_high,Dragons v Cowboys,17,away,276,276,season median ~ 33,Value is 8.36x the season median
team,2014,tackles_made,Tackles Made,order_of_magnitude_high,Dragons v Cowboys,17,home,367,367,season median ~ 33,Value is 11.12x the season median
team,2014,tackles_made,Tackles Made,order_of_magnitude_high,Dragons v Sea Eagles,19,away,280,280,season median ~ 33,Value is 8.48x the season median
team,2014,tackles_made,Tackles Made,order_of_magnitude_high,Dragons v Sea Eagles,19,home,310,310,season median ~ 33,Value is 9.39x the season median
team,2014,tackles_made,Tackles Made,order_of_magnitude_high,Dragons v Sharks,13,away,403,403,season median ~ 33,Value is 12.21x the season median
team,2014,tackles_made,Tackles Made,order_of_magnitude_high,Dragons v Sharks,13,home,297,297,season median ~ 33,Value is 9.00x the season median
team,2014,tackles_made,Tackles Made,order_of_magnitude_high,Dragons v Storm,16,away,394,394,season median ~ 33,Value is 11.94x the season median
team,2014,tackles_made,Tackles Made,order_of_magnitude_high,Dragons v Storm,16,home,341,341,season median ~ 33,Value is 10.33x the season median
team,2014,tackles_made,Tackles Made,order_of_magnitude_high,Dragons v Titans,24,away,355,355,season median ~ 33,Value is 10.76x the season median
team,2014,tackles_made,Tackles Made,order_of_magnitude_high,Dragons v Titans,24,home,258,258,season median ~ 33,Value is 7.82x the season median
team,2014,tackles_made,Tackles Made,order_of_magnitude_high,Dragons v Warriors,7,away,340,340,season median ~ 33,Value is 10.30x the season median
team,2014,tackles_made,Tackles Made,order_of_magnitude_high,Dragons v Warriors,7,home,292,292,season median ~ 33,Value is 8.85x the season median
team,2014,tackles_made,Tackles Made,order_of_magnitude_high,Eels v Bulldogs,23,away,342,342,season median ~ 33,Value is 10.36x the season median
team,2014,tackles_made,Tackles Made,order_of_magnitude_high,Eels v Bulldogs,23,home,350,350,season median ~ 33,Value is 10.61x the season median
team,2014,tackles_made,Tackles Made,order_of_magnitude_high,Eels v Rabbitohs,19,away,331,331,season median ~ 33,Value is 10.03x the season median
team,2014,tackles_made,Tackles Made,order_of_magnitude_high,Eels v Rabbitohs,19,home,377,377,season median ~ 33,Value is 11.42x the season median
team,2014,tackles_made,Tackles Made,order_of_magnitude_high,Eels v Sea Eagles,24,away,304,304,season median ~ 33,Value is 9.21x the season median
team,2014,tackles_made,Tackles Made,order_of_magnitude_high,Eels v Sea Eagles,24,home,299,299,season median ~ 33,Value is 9.06x the season median
team,2014,tackles_made,Tackles Made,order_of_magnitude_high,Eels v Sharks,9,away,310,310,season median ~ 33,Value is 9.39x the season median
team,2014,tackles_made,Tackles Made,order_of_magnitude_high,Eels v Sharks,9,home,245,245,season median ~ 33,Value is 7.42x the season median
team,2014,tackles_made,Tackles Made,order_of_magnitude_high,Eels v Wests Tigers,7,away,285,285,season median ~ 33,Value is 8.64x the season median
team,2014,tackles_made,Tackles Made,order_of_magnitude_high,Eels v Wests Tigers,7,home,291,291,season median ~ 33,Value is 8.82x the season median
team,2014,tackles_made,Tackles Made,order_of_magnitude_high,Knights v Broncos,7,away,341,341,season median ~ 33,Value is 10.33x the season median
team,2014,tackles_made,Tackles Made,order_of_magnitude_high,Knights v Broncos,7,home,309,309,season median ~ 33,Value is 9.36x the season median
team,2014,tackles_made,Tackles Made,order_of_magnitude_high,Knights v Cowboys,15,away,321,321,season median ~ 33,Value is 9.73x the season median
team,2014,tackles_made,Tackles Made,order_of_magnitude_high,Knights v Cowboys,15,home,315,315,season median ~ 33,Value is 9.55x the season median
team,2014,tackles_made,Tackles Made,order_of_magnitude_high,Knights v Dragons,26,away,295,295,season median ~ 33,Value is 8.94x the season median
team,2014,tackles_made,Tackles Made,order_of_magnitude_high,Knights v Dragons,26,home,277,277,season median ~ 33,Value is 8.39x the season median
team,2014,tackles_made,Tackles Made,order_of_magnitude_high,Knights v Panthers,9,away,302,302,season median ~ 33,Value is 9.15x the season median
team,2014,tackles_made,Tackles Made,order_of_magnitude_high,Knights v Panthers,9,home,367,367,season median ~ 33,Value is 11.12x the season median
team,2014,tackles_made,Tackles Made,order_of_magnitude_high,Knights v Raiders,2,away,301,301,season median ~ 33,Value is 9.12x the season median
team,2014,tackles_made,Tackles Made,order_of_magnitude_high,Knights v Raiders,2,home,310,310,season median ~ 33,Value is 9.39x the season median
team,2014,tackles_made,Tackles Made,order_of_magnitude_high,Knights v Sharks,4,away,357,357,season median ~ 33,Value is 10.82x the season median
team,2014,tackles_made,Tackles Made,order_of_magnitude_high,Knights v Sharks,4,home,257,257,season median ~ 33,Value is 7.79x the season median
team,2014,tackles_made,Tackles Made,order_of_magnitude_high,Knights v Titans,19,away,340,340,season median ~ 33,Value is 10.30x the season median
team,2014,tackles_made,Tackles Made,order_of_magnitude_high,Knights v Titans,19,home,325,325,season median ~ 33,Value is 9.85x the season median
team,2014,tackles_made,Tackles Made,order_of_magnitude_high,Knights v Warriors,23,away,266,266,season median ~ 33,Value is 8.06x the season median
team,2014,tackles_made,Tackles Made,order_of_magnitude_high,Knights v Warriors,23,home,296,296,season median ~ 33,Value is 8.97x the season median
team,2014,tackles_made,Tackles Made,order_of_magnitude_high,Panthers v Broncos,18,away,313,313,season median ~ 33,Value is 9.48x the season median
team,2014,tackles_made,Tackles Made,order_of_magnitude_high,Panthers v Broncos,18,home,311,311,season median ~ 33,Value is 9.42x the season median
team,2014,tackles_made,Tackles Made,order_of_magnitude_high,Panthers v Dragons,14,away,345,345,season median ~ 33,Value is 10.45x the season median
team,2014,tackles_made,Tackles Made,order_of_magnitude_high,Panthers v Dragons,14,home,383,383,season median ~ 33,Value is 11.61x the season median
team,2014,tackles_made,Tackles Made,order_of_magnitude_high,Panthers v Raiders,5,away,331,331,season median ~ 33,Value is 10.03x the season median
team,2014,tackles_made,Tackles Made,order_of_magnitude_high,Panthers v Raiders,5,home,329,329,season median ~ 33,Value is 9.97x the season median
team,2014,tackles_made,Tackles Made,order_of_magnitude_high,Rabbitohs v Bulldogs,30,away,320,320,season median ~ 33,Value is 9.70x the season median
team,2014,tackles_made,Tackles Made,order_of_magnitude_high,Rabbitohs v Bulldogs,30,home,321,321,season median ~ 33,Value is 9.73x the season median
team,2014,tackles_made,Tackles Made,order_of_magnitude_high,Rabbitohs v Knights,21,away,321,321,season median ~ 33,Value is 9.73x the season median
team,2014,tackles_made,Tackles Made,order_of_magnitude_high,Rabbitohs v Knights,21,home,273,273,season median ~ 33,Value is 8.27x the season median
team,2014,tackles_made,Tackles Made,order_of_magnitude_high,Rabbitohs v Raiders,4,away,299,299,season median ~ 33,Value is 9.06x the season median
team,2014,tackles_made,Tackles Made,order_of_magnitude_high,Rabbitohs v Raiders,4,home,326,326,season median ~ 33,Value is 9.88x the season median
team,2014,tackles_made,Tackles Made,order_of_magnitude_high,Rabbitohs v Sea Eagles,22,away,333,333,season median ~ 33,Value is 10.09x the season median
team,2014,tackles_made,Tackles Made,order_of_magnitude_high,Rabbitohs v Sea Eagles,22,home,317,317,season median ~ 33,Value is 9.61x the season median
team,2014,tackles_made,Tackles Made,order_of_magnitude_high,Raiders v Bulldogs,15,away,309,309,season median ~ 33,Value is 9.36x the season median
team,2014,tackles_made,Tackles Made,order_of_magnitude_high,Raiders v Bulldogs,15,home,347,347,season median ~ 33,Value is 10.52x the season median
team,2014,tackles_made,Tackles Made,order_of_magnitude_high,Raiders v Eels,26,away,318,318,season median ~ 33,Value is 9.64x the season median
team,2014,tackles_made,Tackles Made,order_of_magnitude_high,Raiders v Eels,26,home,332,332,season median ~ 33,Value is 10.06x the season median
team,2014,tackles_made,Tackles Made,order_of_magnitude_high,Raiders v Panthers,10,away,291,291,season median ~ 33,Value is 8.82x the season median
team,2014,tackles_made,Tackles Made,order_of_magnitude_high,Raiders v Panthers,10,home,303,303,season median ~ 33,Value is 9.18x the season median
team,2014,tackles_made,Tackles Made,order_of_magnitude_high,Raiders v Storm,7,away,287,287,season median ~ 33,Value is 8.70x the season median
team,2014,tackles_made,Tackles Made,order_of_magnitude_high,Raiders v Storm,7,home,304,304,season median ~ 33,Value is 9.21x the season median
team,2014,tackles_made,Tackles Made,order_of_magnitude_high,Raiders v Wests Tigers,25,away,309,309,season median ~ 33,Value is 9.36x the season median
team,2014,tackles_made,Tackles Made,order_of_magnitude_high,Raiders v Wests Tigers,25,home,281,281,season median ~ 33,Value is 8.52x the season median
team,2014,tackles_made,Tackles Made,order_of_magnitude_high,Roosters v Panthers,19,away,409,409,season median ~ 33,Value is 12.39x the season median
team,2014,tackles_made,Tackles Made,order_of_magnitude_high,Roosters v Panthers,19,home,368,368,season median ~ 33,Value is 11.15x the season median
team,2014,tackles_made,Tackles Made,order_of_magnitude_high,Sea Eagles v Bulldogs,13,away,347,347,season median ~ 33,Value is 10.52x the season median
team,2014,tackles_made,Tackles Made,order_of_magnitude_high,Sea Eagles v Bulldogs,13,home,326,326,season median ~ 33,Value is 9.88x the season median
team,2014,tackles_made,Tackles Made,order_of_magnitude_high,Sea Eagles v Cowboys,7,away,279,279,season median ~ 33,Value is 8.45x the season median
team,2014,tackles_made,Tackles Made,order_of_magnitude_high,Sea Eagles v Cowboys,7,home,321,321,season median ~ 33,Value is 9.73x the season median
team,2014,tackles_made,Tackles Made,order_of_magnitude_high,Sea Eagles v Knights,10,away,323,323,season median ~ 33,Value is 9.79x the season median
team,2014,tackles_made,Tackles Made,order_of_magnitude_high,Sea Eagles v Knights,10,home,356,356,season median ~ 33,Value is 10.79x the season median
team,2014,tackles_made,Tackles Made,order_of_magnitude_high,Sea Eagles v Raiders,8,away,335,335,season median ~ 33,Value is 10.15x the season median
team,2014,tackles_made,Tackles Made,order_of_magnitude_high,Sea Eagles v Raiders,8,home,242,242,season median ~ 33,Value is 7.33x the season median
team,2014,tackles_made,Tackles Made,order_of_magnitude_high,Sea Eagles v Roosters,16,away,358,358,season median ~ 33,Value is 10.85x the season median
team,2014,tackles_made,Tackles Made,order_of_magnitude_high,Sea Eagles v Roosters,16,home,306,306,season median ~ 33,Value is 9.27x the season median
team,2014,tackles_made,Tackles Made,order_of_magnitude_high,Sea Eagles v Sharks,6,away,288,288,season median ~ 33,Value is 8.73x the season median
team,2014,tackles_made,Tackles Made,order_of_magnitude_high,Sea Eagles v Sharks,6,home,276,276,season median ~ 33,Value is 8.36x the season median
team,2014,tackles_made,Tackles Made,order_of_magnitude_high,Sea Eagles v Storm,1,away,283,283,season median ~ 33,Value is 8.58x the season median
team,2014,tackles_made,Tackles Made,order_of_magnitude_high,Sea Eagles v Storm,1,home,334,334,season median ~ 33,Value is 10.12x the season median
team,2014,tackles_made,Tackles Made,order_of_magnitude_high,Sea Eagles v Wests Tigers,18,away,321,321,season median ~ 33,Value is 9.73x the season median
team,2014,tackles_made,Tackles Made,order_of_magnitude_high,Sea Eagles v Wests Tigers,18,home,311,311,season median ~ 33,Value is 9.42x the season median
team,2014,tackles_made,Tackles Made,order_of_magnitude_high,Sharks v Cowboys,19,away,292,292,season median ~ 33,Value is 8.85x the season median
team,2014,tackles_made,Tackles Made,order_of_magnitude_high,Sharks v Cowboys,19,home,349,349,season median ~ 33,Value is 10.58x the season median
team,2014,tackles_made,Tackles Made,order_of_magnitude_high,Sharks v Dragons,3,away,340,340,season median ~ 33,Value is 10.30x the season median
team,2014,tackles_made,Tackles Made,order_of_magnitude_high,Sharks v Dragons,3,home,364,364,season median ~ 33,Value is 11.03x the season median
team,2014,tackles_made,Tackles Made,order_of_magnitude_high,Sharks v Panthers,8,away,276,276,season median ~ 33,Value is 8.36x the season median
team,2014,tackles_made,Tackles Made,order_of_magnitude_high,Sharks v Panthers,8,home,296,296,season median ~ 33,Value is 8.97x the season median
team,2014,tackles_made,Tackles Made,order_of_magnitude_high,Sharks v Sea Eagles,15,away,300,300,season median ~ 33,Value is 9.09x the season median
team,2014,tackles_made,Tackles Made,order_of_magnitude_high,Sharks v Sea Eagles,15,home,350,350,season median ~ 33,Value is 10.61x the season median
team,2014,tackles_made,Tackles Made,order_of_magnitude_high,Sharks v Titans,1,away,355,355,season median ~ 33,Value is 10.76x the season median
team,2014,tackles_made,Tackles Made,order_of_magnitude_high,Sharks v Titans,1,home,365,365,season median ~ 33,Value is 11.06x the season median
team,2014,tackles_made,Tackles Made,order_of_magnitude_high,Storm v Panthers,2,away,299,299,season median ~ 33,Value is 9.06x the season median
team,2014,tackles_made,Tackles Made,order_of_magnitude_high,Storm v Panthers,2,home,292,292,season median ~ 33,Value is 8.85x the season median
team,2014,tackles_made,Tackles Made,order_of_magnitude_high,Storm v Roosters,13,away,287,287,season median ~ 33,Value is 8.70x the season median
team,2014,tackles_made,Tackles Made,order_of_magnitude_high,Storm v Roosters,13,home,330,330,season median ~ 33,Value is 10.00x the season median
team,2014,tackles_made,Tackles Made,order_of_magnitude_high,Storm v Sea Eagles,9,away,312,312,season median ~ 33,Value is 9.45x the season median
team,2014,tackles_made,Tackles Made,order_of_magnitude_high,Storm v Sea Eagles,9,home,329,329,season median ~ 33,Value is 9.97x the season median
team,2014,tackles_made,Tackles Made,order_of_magnitude_high,Storm v Titans,5,away,268,268,season median ~ 33,Value is 8.12x the season median
team,2014,tackles_made,Tackles Made,order_of_magnitude_high,Storm v Titans,5,home,303,303,season median ~ 33,Value is 9.18x the season median
team,2014,tackles_made,Tackles Made,order_of_magnitude_high,Titans v Dragons,15,away,310,310,season median ~ 33,Value is 9.39x the season median
team,2014,tackles_made,Tackles Made,order_of_magnitude_high,Titans v Dragons,15,home,360,360,season median ~ 33,Value is 10.91x the season median
team,2014,tackles_made,Tackles Made,order_of_magnitude_high,Titans v Panthers,13,away,311,311,season median ~ 33,Value is 9.42x the season median
team,2014,tackles_made,Tackles Made,order_of_magnitude_high,Titans v Panthers,13,home,306,306,season median ~ 33,Value is 9.27x the season median
team,2014,tackles_made,Tackles Made,order_of_magnitude_high,Titans v Sea Eagles,23,away,335,335,season median ~ 33,Value is 10.15x the season median
team,2014,tackles_made,Tackles Made,order_of_magnitude_high,Titans v Sea Eagles,23,home,324,324,season median ~ 33,Value is 9.82x the season median
team,2014,tackles_made,Tackles Made,order_of_magnitude_high,Titans v Warriors,11,away,258,258,season median ~ 33,Value is 7.82x the season median
team,2014,tackles_made,Tackles Made,order_of_magnitude_high,Titans v Warriors,11,home,334,334,season median ~ 33,Value is 10.12x the season median
team,2014,tackles_made,Tackles Made,order_of_magnitude_high,Warriors v Broncos,15,away,355,355,season median ~ 33,Value is 10.76x the season median
team,2014,tackles_made,Tackles Made,order_of_magnitude_high,Warriors v Broncos,15,home,314,314,season median ~ 33,Value is 9.52x the season median
team,2014,tackles_made,Tackles Made,order_of_magnitude_high,Warriors v Bulldogs,6,away,264,264,season median ~ 33,Value is 8.00x the season median
team,2014,tackles_made,Tackles Made,order_of_magnitude_high,Warriors v Bulldogs,6,home,313,313,season median ~ 33,Value is 9.48x the season median
team,2014,tackles_made,Tackles Made,order_of_magnitude_high,Warriors v Dragons,2,away,348,348,season median ~ 33,Value is 10.55x the season median
team,2014,tackles_made,Tackles Made,order_of_magnitude_high,Warriors v Dragons,2,home,287,287,season median ~ 33,Value is 8.70x the season median
team,2014,tackles_made,Tackles Made,order_of_magnitude_high,Warriors v Eels,18,away,314,314,season median ~ 33,Value is 9.52x the season median
team,2014,tackles_made,Tackles Made,order_of_magnitude_high,Warriors v Eels,18,home,249,249,season median ~ 33,Value is 7.55x the season median
team,2014,tackles_made,Tackles Made,order_of_magnitude_high,Warriors v Knights,12,away,338,338,season median ~ 33,Value is 10.24x the season median
team,2014,tackles_made,Tackles Made,order_of_magnitude_high,Warriors v Knights,12,home,298,298,season median ~ 33,Value is 9.03x the season median
team,2014,tackles_made,Tackles Made,order_of_magnitude_high,Warriors v Panthers,16,away,320,320,season median ~ 33,Value is 9.70x the season median
team,2014,tackles_made,Tackles Made,order_of_magnitude_high,Warriors v Panthers,16,home,315,315,season median ~ 33,Value is 9.55x the season median
team,2014,tackles_made,Tackles Made,order_of_magnitude_high,Warriors v Sharks,22,away,344,344,season median ~ 33,Value is 10.42x the season median
team,2014,tackles_made,Tackles Made,order_of_magnitude_high,Warriors v Sharks,22,home,285,285,season median ~ 33,Value is 8.64x the season median
team,2014,tackles_made,Tackles Made,order_of_magnitude_high,Warriors v Titans,25,away,358,358,season median ~ 33,Value is 10.85x the season median
team,2014,tackles_made,Tackles Made,order_of_magnitude_high,Warriors v Titans,25,home,257,257,season median ~ 33,Value is 7.79x the season median
team,2014,tackles_made,Tackles Made,order_of_magnitude_high,Warriors v Wests Tigers,4,away,279,279,season median ~ 33,Value is 8.45x the season median
team,2014,tackles_made,Tackles Made,order_of_magnitude_high,Warriors v Wests Tigers,4,home,301,301,season median ~ 33,Value is 9.12x the season median
team,2014,tackles_made,Tackles Made,order_of_magnitude_high,Wests Tigers v Broncos,11,away,348,348,season median ~ 33,Value is 10.55x the season median
team,2014,tackles_made,Tackles Made,order_of_magnitude_high,Wests Tigers v Broncos,11,home,312,312,season median ~ 33,Value is 9.45x the season median
team,2014,tackles_made,Tackles Made,order_of_magnitude_high,Wests Tigers v Dragons,20,away,324,324,season median ~ 33,Value is 9.82x the season median
team,2014,tackles_made,Tackles Made,order_of_magnitude_high,Wests Tigers v Dragons,20,home,279,279,season median ~ 33,Value is 8.45x the season median
team,2014,tackles_made,Tackles Made,order_of_magnitude_high,Wests Tigers v Roosters,23,away,321,321,season median ~ 33,Value is 9.73x the season median
team,2014,tackles_made,Tackles Made,order_of_magnitude_high,Wests Tigers v Roosters,23,home,314,314,season median ~ 33,Value is 9.52x the season median
team,2014,tackles_made,Tackles Made,order_of_magnitude_high,Wests Tigers v Sea Eagles,5,away,352,352,season median ~ 33,Value is 10.67x the season median
team,2014,tackles_made,Tackles Made,order_of_magnitude_high,Wests Tigers v Sea Eagles,5,home,207,207,season median ~ 33,Value is 6.27x the season median
team,2014,tackles_made,Tackles Made,order_of_magnitude_high,Wests Tigers v Sharks,26,away,375,375,season median ~ 33,Value is 11.36x the season median
team,2014,tackles_made,Tackles Made,order_of_magnitude_high,Wests Tigers v Sharks,26,home,301,301,season median ~ 33,Value is 9.12x the season median
team,2014,tackles_made,Tackles Made,order_of_magnitude_high,Wests Tigers v Titans,8,away,283,283,season median ~ 33,Value is 8.58x the season median
team,2014,tackles_made,Tackles Made,order_of_magnitude_high,Wests Tigers v Titans,8,home,346,346,season median ~ 33,Value is 10.48x the season median
team,2014,total_passes,Total Passes,order_of_magnitude_high,Broncos v Cowboys,2,away,208,208,season median ~ 15,Value is 13.87x the season median
team,2014,total_passes,Total Passes,order_of_magnitude_high,Broncos v Cowboys,2,home,207,207,season median ~ 15,Value is 13.80x the season median
team,2014,total_passes,Total Passes,order_of_magnitude_high,Broncos v Sharks,16,away,246,246,season median ~ 15,Value is 16.40x the season median
team,2014,total_passes,Total Passes,order_of_magnitude_high,Broncos v Sharks,16,home,185,185,season median ~ 15,Value is 12.33x the season median
team,2014,total_passes,Total Passes,order_of_magnitude_high,Broncos v Titans,10,away,148,148,season median ~ 15,Value is 9.87x the season median
team,2014,total_passes,Total Passes,order_of_magnitude_high,Broncos v Titans,10,home,227,227,season median ~ 15,Value is 15.13x the season median
team,2014,total_passes,Total Passes,order_of_magnitude_high,Broncos v Warriors,19,away,241,241,season median ~ 15,Value is 16.07x the season median
team,2014,total_passes,Total Passes,order_of_magnitude_high,Broncos v Warriors,19,home,171,171,season median ~ 15,Value is 11.40x the season median
team,2014,total_passes,Total Passes,order_of_magnitude_high,Bulldogs v Knights,8,away,242,242,season median ~ 15,Value is 16.13x the season median
team,2014,total_passes,Total Passes,order_of_magnitude_high,Bulldogs v Knights,8,home,213,213,season median ~ 15,Value is 14.20x the season median
team,2014,total_passes,Total Passes,order_of_magnitude_high,Bulldogs v Roosters,11,away,210,210,season median ~ 15,Value is 14.00x the season median
team,2014,total_passes,Total Passes,order_of_magnitude_high,Bulldogs v Roosters,11,home,186,186,season median ~ 15,Value is 12.40x the season median
team,2014,total_passes,Total Passes,order_of_magnitude_high,Bulldogs v Sharks,2,away,217,217,season median ~ 15,Value is 14.47x the season median
team,2014,total_passes,Total Passes,order_of_magnitude_high,Bulldogs v Sharks,2,home,225,225,season median ~ 15,Value is 15.00x the season median
team,2014,total_passes,Total Passes,order_of_magnitude_high,Bulldogs v Warriors,10,away,239,239,season median ~ 15,Value is 15.93x the season median
team,2014,total_passes,Total Passes,order_of_magnitude_high,Bulldogs v Warriors,10,home,227,227,season median ~ 15,Value is 15.13x the season median
team,2014,total_passes,Total Passes,order_of_magnitude_high,Cowboys v Broncos,9,away,202,202,season median ~ 15,Value is 13.47x the season median
team,2014,total_passes,Total Passes,order_of_magnitude_high,Cowboys v Broncos,9,home,208,208,season median ~ 15,Value is 13.87x the season median
team,2014,total_passes,Total Passes,order_of_magnitude_high,Cowboys v Knights,5,away,200,200,season median ~ 15,Value is 13.33x the season median
team,2014,total_passes,Total Passes,order_of_magnitude_high,Cowboys v Knights,5,home,221,221,season median ~ 15,Value is 14.73x the season median
team,2014,total_passes,Total Passes,order_of_magnitude_high,Cowboys v Roosters,10,away,143,143,season median ~ 15,Value is 9.53x the season median
team,2014,total_passes,Total Passes,order_of_magnitude_high,Cowboys v Roosters,10,home,260,260,season median ~ 15,Value is 17.33x the season median
team,2014,total_passes,Total Passes,order_of_magnitude_high,Cowboys v Sea Eagles,26,away,172,172,season median ~ 15,Value is 11.47x the season median
team,2014,total_passes,Total Passes,order_of_magnitude_high,Cowboys v Sea Eagles,26,home,226,226,season median ~ 15,Value is 15.07x the season median
team,2014,total_passes,Total Passes,order_of_magnitude_high,Cowboys v Sharks,25,away,255,255,season median ~ 15,Value is 17.00x the season median
team,2014,total_passes,Total Passes,order_of_magnitude_high,Cowboys v Sharks,25,home,237,237,season median ~ 15,Value is 15.80x the season median
team,2014,total_passes,Total Passes,order_of_magnitude_high,Cowboys v Titans,21,away,175,175,season median ~ 15,Value is 11.67x the season median
team,2014,total_passes,Total Passes,order_of_magnitude_high,Cowboys v Titans,21,home,262,262,season median ~ 15,Value is 17.47x the season median
team,2014,total_passes,Total Passes,order_of_magnitude_high,Cowboys v Warriors,3,away,222,222,season median ~ 15,Value is 14.80x the season median
team,2014,total_passes,Total Passes,order_of_magnitude_high,Cowboys v Warriors,3,home,211,211,season median ~ 15,Value is 14.07x the season median
team,2014,total_passes,Total Passes,order_of_magnitude_high,Cowboys v Wests Tigers,22,away,123,123,season median ~ 15,Value is 8.20x the season median
team,2014,total_passes,Total Passes,order_of_magnitude_high,Cowboys v Wests Tigers,22,home,260,260,season median ~ 15,Value is 17.33x the season median
team,2014,total_passes,Total Passes,order_of_magnitude_high,Dragons v Broncos,4,away,203,203,season median ~ 15,Value is 13.53x the season median
team,2014,total_passes,Total Passes,order_of_magnitude_high,Dragons v Broncos,4,home,189,189,season median ~ 15,Value is 12.60x the season median
team,2014,total_passes,Total Passes,order_of_magnitude_high,Dragons v Bulldogs,9,away,253,253,season median ~ 15,Value is 16.87x the season median
team,2014,total_passes,Total Passes,order_of_magnitude_high,Dragons v Bulldogs,9,home,173,173,season median ~ 15,Value is 11.53x the season median
team,2014,total_passes,Total Passes,order_of_magnitude_high,Dragons v Cowboys,17,away,233,233,season median ~ 15,Value is 15.53x the season median
team,2014,total_passes,Total Passes,order_of_magnitude_high,Dragons v Cowboys,17,home,188,188,season median ~ 15,Value is 12.53x the season median
team,2014,total_passes,Total Passes,order_of_magnitude_high,Dragons v Roosters,8,away,245,245,season median ~ 15,Value is 16.33x the season median
team,2014,total_passes,Total Passes,order_of_magnitude_high,Dragons v Roosters,8,home,163,163,season median ~ 15,Value is 10.87x the season median
team,2014,total_passes,Total Passes,order_of_magnitude_high,Dragons v Sea Eagles,19,away,212,212,season median ~ 15,Value is 14.13x the season median
team,2014,total_passes,Total Passes,order_of_magnitude_high,Dragons v Sea Eagles,19,home,233,233,season median ~ 15,Value is 15.53x the season median
team,2014,total_passes,Total Passes,order_of_magnitude_high,Dragons v Sharks,13,away,172,172,season median ~ 15,Value is 11.47x the season median
team,2014,total_passes,Total Passes,order_of_magnitude_high,Dragons v Sharks,13,home,256,256,season median ~ 15,Value is 17.07x the season median
team,2014,total_passes,Total Passes,order_of_magnitude_high,Dragons v Storm,16,away,235,235,season median ~ 15,Value is 15.67x the season median
team,2014,total_passes,Total Passes,order_of_magnitude_high,Dragons v Storm,16,home,223,223,season median ~ 15,Value is 14.87x the season median
team,2014,total_passes,Total Passes,order_of_magnitude_high,Dragons v Titans,24,away,168,168,season median ~ 15,Value is 11.20x the season median
team,2014,total_passes,Total Passes,order_of_magnitude_high,Dragons v Titans,24,home,226,226,season median ~ 15,Value is 15.07x the season median
team,2014,total_passes,Total Passes,order_of_magnitude_high,Dragons v Warriors,7,away,212,212,season median ~ 15,Value is 14.13x the season median
team,2014,total_passes,Total Passes,order_of_magnitude_high,Dragons v Warriors,7,home,217,217,season median ~ 15,Value is 14.47x the season median
team,2014,total_passes,Total Passes,order_of_magnitude_high,Dragons v Wests Tigers,1,away,177,177,season median ~ 15,Value is 11.80x the season median
team,2014,total_passes,Total Passes,order_of_magnitude_high,Dragons v Wests Tigers,1,home,173,173,season median ~ 15,Value is 11.53x the season median
team,2014,total_passes,Total Passes,order_of_magnitude_high,Knights v Broncos,7,away,210,210,season median ~ 15,Value is 14.00x the season median
team,2014,total_passes,Total Passes,order_of_magnitude_high,Knights v Broncos,7,home,235,235,season median ~ 15,Value is 15.67x the season median
team,2014,total_passes,Total Passes,order_of_magnitude_high,Knights v Cowboys,15,away,219,219,season median ~ 15,Value is 14.60x the season median
team,2014,total_passes,Total Passes,order_of_magnitude_high,Knights v Cowboys,15,home,191,191,season median ~ 15,Value is 12.73x the season median
team,2014,total_passes,Total Passes,order_of_magnitude_high,Knights v Dragons,26,away,207,207,season median ~ 15,Value is 13.80x the season median
team,2014,total_passes,Total Passes,order_of_magnitude_high,Knights v Dragons,26,home,221,221,season median ~ 15,Value is 14.73x the season median
team,2014,total_passes,Total Passes,order_of_magnitude_high,Knights v Panthers,9,away,240,240,season median ~ 15,Value is 16.00x the season median
team,2014,total_passes,Total Passes,order_of_magnitude_high,Knights v Panthers,9,home,207,207,season median ~ 15,Value is 13.80x the season median
team,2014,total_passes,Total Passes,order_of_magnitude_high,Knights v Sharks,4,away,183,183,season median ~ 15,Value is 12.20x the season median
team,2014,total_passes,Total Passes,order_of_magnitude_high,Knights v Sharks,4,home,259,259,season median ~ 15,Value is 17.27x the season median
team,2014,total_passes,Total Passes,order_of_magnitude_high,Knights v Titans,19,away,191,191,season median ~ 15,Value is 12.73x the season median
team,2014,total_passes,Total Passes,order_of_magnitude_high,Knights v Titans,19,home,231,231,season median ~ 15,Value is 15.40x the season median
team,2014,total_passes,Total Passes,order_of_magnitude_high,Knights v Warriors,23,away,220,220,season median ~ 15,Value is 14.67x the season median
team,2014,total_passes,Total Passes,order_of_magnitude_high,Knights v Warriors,23,home,183,183,season median ~ 15,Value is 12.20x the season median
team,2014,total_passes,Total Passes,order_of_magnitude_high,Knights v Wests Tigers,13,away,237,237,season median ~ 15,Value is 15.80x the season median
team,2014,total_passes,Total Passes,order_of_magnitude_high,Knights v Wests Tigers,13,home,205,205,season median ~ 15,Value is 13.67x the season median
team,2014,total_passes,Total Passes,order_of_magnitude_high,Panthers v Broncos,18,away,209,209,season median ~ 15,Value is 13.93x the season median
team,2014,total_passes,Total Passes,order_of_magnitude_high,Panthers v Broncos,18,home,186,186,season median ~ 15,Value is 12.40x the season median
team,2014,total_passes,Total Passes,order_of_magnitude_high,Panthers v Dragons,14,away,287,287,season median ~ 15,Value is 19.13x the season median
team,2014,total_passes,Total Passes,order_of_magnitude_high,Panthers v Dragons,14,home,219,219,season median ~ 15,Value is 14.60x the season median
team,2014,total_passes,Total Passes,order_of_magnitude_high,Panthers v Knights,1,away,190,190,season median ~ 15,Value is 12.67x the season median
team,2014,total_passes,Total Passes,order_of_magnitude_high,Panthers v Knights,1,home,233,233,season median ~ 15,Value is 15.53x the season median
team,2014,total_passes,Total Passes,order_of_magnitude_high,Sea Eagles v Bulldogs,13,away,207,207,season median ~ 15,Value is 13.80x the season median
team,2014,total_passes,Total Passes,order_of_magnitude_high,Sea Eagles v Bulldogs,13,home,177,177,season median ~ 15,Value is 11.80x the season median
team,2014,total_passes,Total Passes,order_of_magnitude_high,Sea Eagles v Cowboys,7,away,259,259,season median ~ 15,Value is 17.27x the season median
team,2014,total_passes,Total Passes,order_of_magnitude_high,Sea Eagles v Cowboys,7,home,192,192,season median ~ 15,Value is 12.80x the season median
team,2014,total_passes,Total Passes,order_of_magnitude_high,Sea Eagles v Knights,10,away,221,221,season median ~ 15,Value is 14.73x the season median
team,2014,total_passes,Total Passes,order_of_magnitude_high,Sea Eagles v Knights,10,home,245,245,season median ~ 15,Value is 16.33x the season median
team,2014,total_passes,Total Passes,order_of_magnitude_high,Sea Eagles v Sharks,6,away,205,205,season median ~ 15,Value is 13.67x the season median
team,2014,total_passes,Total Passes,order_of_magnitude_high,Sea Eagles v Sharks,6,home,238,238,season median ~ 15,Value is 15.87x the season median
team,2014,total_passes,Total Passes,order_of_magnitude_high,Sea Eagles v Storm,1,away,205,205,season median ~ 15,Value is 13.67x the season median
team,2014,total_passes,Total Passes,order_of_magnitude_high,Sea Eagles v Storm,1,home,208,208,season median ~ 15,Value is 13.87x the season median
team,2014,total_passes,Total Passes,order_of_magnitude_high,Sea Eagles v Wests Tigers,18,away,182,182,season median ~ 15,Value is 12.13x the season median
team,2014,total_passes,Total Passes,order_of_magnitude_high,Sea Eagles v Wests Tigers,18,home,191,191,season median ~ 15,Value is 12.73x the season median
team,2014,total_passes,Total Passes,order_of_magnitude_high,Sharks v Cowboys,19,away,224,224,season median ~ 15,Value is 14.93x the season median
team,2014,total_passes,Total Passes,order_of_magnitude_high,Sharks v Cowboys,19,home,195,195,season median ~ 15,Value is 13.00x the season median
team,2014,total_passes,Total Passes,order_of_magnitude_high,Sharks v Dragons,3,away,211,211,season median ~ 15,Value is 14.07x the season median
team,2014,total_passes,Total Passes,order_of_magnitude_high,Sharks v Dragons,3,home,225,225,season median ~ 15,Value is 15.00x the season median
team,2014,total_passes,Total Passes,order_of_magnitude_high,Sharks v Knights,18,away,236,236,season median ~ 15,Value is 15.73x the season median
team,2014,total_passes,Total Passes,order_of_magnitude_high,Sharks v Knights,18,home,222,222,season median ~ 15,Value is 14.80x the season median
team,2014,total_passes,Total Passes,order_of_magnitude_high,Sharks v Panthers,8,away,243,243,season median ~ 15,Value is 16.20x the season median
team,2014,total_passes,Total Passes,order_of_magnitude_high,Sharks v Panthers,8,home,189,189,season median ~ 15,Value is 12.60x the season median
team,2014,total_passes,Total Passes,order_of_magnitude_high,Sharks v Sea Eagles,15,away,219,219,season median ~ 15,Value is 14.60x the season median
team,2014,total_passes,Total Passes,order_of_magnitude_high,Sharks v Sea Eagles,15,home,210,210,season median ~ 15,Value is 14.00x the season median
team,2014,total_passes,Total Passes,order_of_magnitude_high,Sharks v Titans,1,away,238,238,season median ~ 15,Value is 15.87x the season median
team,2014,total_passes,Total Passes,order_of_magnitude_high,Sharks v Titans,1,home,200,200,season median ~ 15,Value is 13.33x the season median
team,2014,total_passes,Total Passes,order_of_magnitude_high,Sharks v Warriors,5,away,171,171,season median ~ 15,Value is 11.40x the season median
team,2014,total_passes,Total Passes,order_of_magnitude_high,Sharks v Warriors,5,home,268,268,season median ~ 15,Value is 17.87x the season median
team,2014,total_passes,Total Passes,order_of_magnitude_high,Sharks v Wests Tigers,10,away,203,203,season median ~ 15,Value is 13.53x the season median
team,2014,total_passes,Total Passes,order_of_magnitude_high,Sharks v Wests Tigers,10,home,176,176,season median ~ 15,Value is 11.73x the season median
team,2014,total_passes,Total Passes,order_of_magnitude_high,Storm v Panthers,2,away,197,197,season median ~ 15,Value is 13.13x the season median
team,2014,total_passes,Total Passes,order_of_magnitude_high,Storm v Panthers,2,home,179,179,season median ~ 15,Value is 11.93x the season median
team,2014,total_passes,Total Passes,order_of_magnitude_high,Storm v Roosters,13,away,225,225,season median ~ 15,Value is 15.00x the season median
team,2014,total_passes,Total Passes,order_of_magnitude_high,Storm v Roosters,13,home,188,188,season median ~ 15,Value is 12.53x the season median
team,2014,total_passes,Total Passes,order_of_magnitude_high,Storm v Sea Eagles,9,away,214,214,season median ~ 15,Value is 14.27x the season median
team,2014,total_passes,Total Passes,order_of_magnitude_high,Storm v Sea Eagles,9,home,205,205,season median ~ 15,Value is 13.67x the season median
team,2014,total_passes,Total Passes,order_of_magnitude_high,Storm v Titans,5,away,186,186,season median ~ 15,Value is 12.40x the season median
team,2014,total_passes,Total Passes,order_of_magnitude_high,Storm v Titans,5,home,168,168,season median ~ 15,Value is 11.20x the season median
team,2014,total_passes,Total Passes,order_of_magnitude_high,Storm v Warriors,8,away,240,240,season median ~ 15,Value is 16.00x the season median
team,2014,total_passes,Total Passes,order_of_magnitude_high,Storm v Warriors,8,home,225,225,season median ~ 15,Value is 15.00x the season median
team,2014,total_passes,Total Passes,order_of_magnitude_high,Titans v Broncos,6,away,187,187,season median ~ 15,Value is 12.47x the season median
team,2014,total_passes,Total Passes,order_of_magnitude_high,Titans v Broncos,6,home,191,191,season median ~ 15,Value is 12.73x the season median
team,2014,total_passes,Total Passes,order_of_magnitude_high,Titans v Dragons,15,away,229,229,season median ~ 15,Value is 15.27x the season median
team,2014,total_passes,Total Passes,order_of_magnitude_high,Titans v Dragons,15,home,216,216,season median ~ 15,Value is 14.40x the season median
team,2014,total_passes,Total Passes,order_of_magnitude_high,Titans v Panthers,13,away,207,207,season median ~ 15,Value is 13.80x the season median
team,2014,total_passes,Total Passes,order_of_magnitude_high,Titans v Panthers,13,home,191,191,season median ~ 15,Value is 12.73x the season median
team,2014,total_passes,Total Passes,order_of_magnitude_high,Titans v Sea Eagles,23,away,218,218,season median ~ 15,Value is 14.53x the season median
team,2014,total_passes,Total Passes,order_of_magnitude_high,Titans v Sea Eagles,23,home,260,260,season median ~ 15,Value is 17.33x the season median
team,2014,total_passes,Total Passes,order_of_magnitude_high,Titans v Warriors,11,away,229,229,season median ~ 15,Value is 15.27x the season median
team,2014,total_passes,Total Passes,order_of_magnitude_high,Titans v Warriors,11,home,152,152,season median ~ 15,Value is 10.13x the season median
team,2014,total_passes,Total Passes,order_of_magnitude_high,Warriors v Broncos,15,away,212,212,season median ~ 15,Value is 14.13x the season median
team,2014,total_passes,Total Passes,order_of_magnitude_high,Warriors v Broncos,15,home,234,234,season median ~ 15,Value is 15.60x the season median
team,2014,total_passes,Total Passes,order_of_magnitude_high,Warriors v Bulldogs,6,away,204,204,season median ~ 15,Value is 13.60x the season median
team,2014,total_passes,Total Passes,order_of_magnitude_high,Warriors v Bulldogs,6,home,181,181,season median ~ 15,Value is 12.07x the season median
team,2014,total_passes,Total Passes,order_of_magnitude_high,Warriors v Dragons,2,away,166,166,season median ~ 15,Value is 11.07x the season median
team,2014,total_passes,Total Passes,order_of_magnitude_high,Warriors v Dragons,2,home,259,259,season median ~ 15,Value is 17.27x the season median
team,2014,total_passes,Total Passes,order_of_magnitude_high,Warriors v Knights,12,away,184,184,season median ~ 15,Value is 12.27x the season median
team,2014,total_passes,Total Passes,order_of_magnitude_high,Warriors v Knights,12,home,232,232,season median ~ 15,Value is 15.47x the season median
team,2014,total_passes,Total Passes,order_of_magnitude_high,Warriors v Panthers,16,away,220,220,season median ~ 15,Value is 14.67x the season median
team,2014,total_passes,Total Passes,order_of_magnitude_high,Warriors v Panthers,16,home,210,210,season median ~ 15,Value is 14.00x the season median
team,2014,total_passes,Total Passes,order_of_magnitude_high,Warriors v Sea Eagles,20,away,217,217,season median ~ 15,Value is 14.47x the season median
team,2014,total_passes,Total Passes,order_of_magnitude_high,Warriors v Sea Eagles,20,home,225,225,season median ~ 15,Value is 15.00x the season median
team,2014,total_passes,Total Passes,order_of_magnitude_high,Warriors v Sharks,22,away,208,208,season median ~ 15,Value is 13.87x the season median
team,2014,total_passes,Total Passes,order_of_magnitude_high,Warriors v Sharks,22,home,242,242,season median ~ 15,Value is 16.13x the season median
team,2014,total_passes,Total Passes,order_of_magnitude_high,Warriors v Titans,25,away,155,155,season median ~ 15,Value is 10.33x the season median
team,2014,total_passes,Total Passes,order_of_magnitude_high,Warriors v Titans,25,home,224,224,season median ~ 15,Value is 14.93x the season median
team,2014,total_passes,Total Passes,order_of_magnitude_high,Warriors v Wests Tigers,4,away,178,178,season median ~ 15,Value is 11.87x the season median
team,2014,total_passes,Total Passes,order_of_magnitude_high,Warriors v Wests Tigers,4,home,215,215,season median ~ 15,Value is 14.33x the season median
team,2014,total_passes,Total Passes,order_of_magnitude_high,Wests Tigers v Broncos,11,away,199,199,season median ~ 15,Value is 13.27x the season median
team,2014,total_passes,Total Passes,order_of_magnitude_high,Wests Tigers v Broncos,11,home,193,193,season median ~ 15,Value is 12.87x the season median
team,2014,total_passes,Total Passes,order_of_magnitude_high,Wests Tigers v Cowboys,6,away,226,226,season median ~ 15,Value is 15.07x the season median
team,2014,total_passes,Total Passes,order_of_magnitude_high,Wests Tigers v Cowboys,6,home,219,219,season median ~ 15,Value is 14.60x the season median
team,2014,total_passes,Total Passes,order_of_magnitude_high,Wests Tigers v Dragons,20,away,207,207,season median ~ 15,Value is 13.80x the season median
team,2014,total_passes,Total Passes,order_of_magnitude_high,Wests Tigers v Dragons,20,home,208,208,season median ~ 15,Value is 13.87x the season median
team,2014,total_passes,Total Passes,order_of_magnitude_high,Wests Tigers v Sea Eagles,5,away,173,173,season median ~ 15,Value is 11.53x the season median
team,2014,total_passes,Total Passes,order_of_magnitude_high,Wests Tigers v Sea Eagles,5,home,224,224,season median ~ 15,Value is 14.93x the season median
team,2014,total_passes,Total Passes,order_of_magnitude_high,Wests Tigers v Sharks,26,away,173,173,season median ~ 15,Value is 11.53x the season median
team,2014,total_passes,Total Passes,order_of_magnitude_high,Wests Tigers v Sharks,26,home,235,235,season median ~ 15,Value is 15.67x the season median
team,2014,total_passes,Total Passes,order_of_magnitude_high,Wests Tigers v Titans,8,away,229,229,season median ~ 15,Value is 15.27x the season median
team,2014,total_passes,Total Passes,order_of_magnitude_high,Wests Tigers v Titans,8,home,185,185,season median ~ 15,Value is 12.33x the season median
team,2015,missed_tackles,Missed Tackles,order_of_magnitude_high,Broncos v Wests Tigers,19,away,323,323,season median ~ 15,Value is 21.53x the season median
team,2015,missed_tackles,Missed Tackles,order_of_magnitude_high,Broncos v Wests Tigers,19,home,303,303,season median ~ 15,Value is 20.20x the season median
team,2015,missed_tackles,Missed Tackles,order_of_magnitude_high,Dragons v Broncos,7,away,362,362,season median ~ 15,Value is 24.13x the season median
team,2015,missed_tackles,Missed Tackles,order_of_magnitude_high,Dragons v Broncos,7,home,351,351,season median ~ 15,Value is 23.40x the season median
team,2015,missed_tackles,Missed Tackles,order_of_magnitude_high,Dragons v Sea Eagles,4,away,349,349,season median ~ 15,Value is 23.27x the season median
team,2015,missed_tackles,Missed Tackles,order_of_magnitude_high,Dragons v Sea Eagles,4,home,339,339,season median ~ 15,Value is 22.60x the season median
team,2015,missed_tackles,Missed Tackles,order_of_magnitude_high,Dragons v Wests Tigers,26,away,348,348,season median ~ 15,Value is 23.20x the season median
team,2015,missed_tackles,Missed Tackles,order_of_magnitude_high,Dragons v Wests Tigers,26,home,350,350,season median ~ 15,Value is 23.33x the season median
team,2015,missed_tackles,Missed Tackles,order_of_magnitude_high,Knights v Raiders,13,away,299,299,season median ~ 15,Value is 19.93x the season median
team,2015,missed_tackles,Missed Tackles,order_of_magnitude_high,Knights v Raiders,13,home,347,347,season median ~ 15,Value is 23.13x the season median
team,2015,missed_tackles,Missed Tackles,order_of_magnitude_high,Knights v Warriors,1,away,330,330,season median ~ 15,Value is 22.00x the season median
team,2015,missed_tackles,Missed Tackles,order_of_magnitude_high,Knights v Warriors,1,home,353,353,season median ~ 15,Value is 23.53x the season median
team,2015,missed_tackles,Missed Tackles,order_of_magnitude_high,Raiders v Broncos,12,away,356,356,season median ~ 15,Value is 23.73x the season median
team,2015,missed_tackles,Missed Tackles,order_of_magnitude_high,Raiders v Broncos,12,home,367,367,season median ~ 15,Value is 24.47x the season median
team,2015,missed_tackles,Missed Tackles,order_of_magnitude_high,Sea Eagles v Knights,9,away,341,341,season median ~ 15,Value is 22.73x the season median
team,2015,missed_tackles,Missed Tackles,order_of_magnitude_high,Sea Eagles v Knights,9,home,307,307,season median ~ 15,Value is 20.47x the season median
team,2015,missed_tackles,Missed Tackles,order_of_magnitude_high,Titans v Raiders,24,away,315,315,season median ~ 15,Value is 21.00x the season median
team,2015,missed_tackles,Missed Tackles,order_of_magnitude_high,Titans v Raiders,24,home,277,277,season median ~ 15,Value is 18.47x the season median
team,2015,missed_tackles,Missed Tackles,order_of_magnitude_high,Titans v Wests Tigers,1,away,312,312,season median ~ 15,Value is 20.80x the season median
team,2015,missed_tackles,Missed Tackles,order_of_magnitude_high,Titans v Wests Tigers,1,home,346,346,season median ~ 15,Value is 23.07x the season median
team,2015,penalty_goals,Penalty Goals,scoring_count_implausibly_high,Broncos v Cowboys,3,home,32,32,stat-specific sanity range,
team,2015,penalty_goals,Penalty Goals,scoring_count_implausibly_high,Broncos v Wests Tigers,19,home,26,26,stat-specific sanity range,
team,2015,penalty_goals,Penalty Goals,scoring_count_implausibly_high,Knights v Roosters,22,away,26,26,stat-specific sanity range,
team,2015,penalty_goals,Penalty Goals,scoring_count_implausibly_high,Rabbitohs v Knights,20,home,36,36,stat-specific sanity range,
team,2015,tackles_made,Tackles Made,order_of_magnitude_high,Broncos v Cowboys,27,away,335,335,season median ~ 29,Value is 11.55x the season median
team,2015,tackles_made,Tackles Made,order_of_magnitude_high,Broncos v Cowboys,30,away,339,339,season median ~ 29,Value is 11.69x the season median
team,2015,tackles_made,Tackles Made,order_of_magnitude_high,Broncos v Cowboys,27,home,385,385,season median ~ 29,Value is 13.28x the season median
team,2015,tackles_made,Tackles Made,order_of_magnitude_high,Broncos v Cowboys,30,home,376,376,season median ~ 29,Value is 12.97x the season median
team,2015,tackles_made,Tackles Made,order_of_magnitude_high,Broncos v Dragons,23,away,378,378,season median ~ 29,Value is 13.03x the season median
team,2015,tackles_made,Tackles Made,order_of_magnitude_high,Broncos v Dragons,23,home,374,374,season median ~ 29,Value is 12.90x the season median
team,2015,tackles_made,Tackles Made,order_of_magnitude_high,Broncos v Eels,8,away,299,299,season median ~ 29,Value is 10.31x the season median
team,2015,tackles_made,Tackles Made,order_of_magnitude_high,Broncos v Eels,8,home,352,352,season median ~ 29,Value is 12.14x the season median
team,2015,tackles_made,Tackles Made,order_of_magnitude_high,Broncos v Sea Eagles,13,away,322,322,season median ~ 29,Value is 11.10x the season median
team,2015,tackles_made,Tackles Made,order_of_magnitude_high,Broncos v Sea Eagles,13,home,262,262,season median ~ 29,Value is 9.03x the season median
team,2015,tackles_made,Tackles Made,order_of_magnitude_high,Broncos v Titans,20,away,324,324,season median ~ 29,Value is 11.17x the season median
team,2015,tackles_made,Tackles Made,order_of_magnitude_high,Broncos v Titans,20,home,346,346,season median ~ 29,Value is 11.93x the season median
team,2015,tackles_made,Tackles Made,order_of_magnitude_high,Bulldogs v Broncos,18,away,326,326,season median ~ 29,Value is 11.24x the season median
team,2015,tackles_made,Tackles Made,order_of_magnitude_high,Bulldogs v Broncos,18,home,387,387,season median ~ 29,Value is 13.34x the season median
team,2015,tackles_made,Tackles Made,order_of_magnitude_high,Bulldogs v Eels,2,away,365,365,season median ~ 29,Value is 12.59x the season median
team,2015,tackles_made,Tackles Made,order_of_magnitude_high,Bulldogs v Eels,2,home,264,264,season median ~ 29,Value is 9.10x the season median
team,2015,tackles_made,Tackles Made,order_of_magnitude_high,Cowboys v Broncos,10,away,370,370,season median ~ 29,Value is 12.76x the season median
team,2015,tackles_made,Tackles Made,order_of_magnitude_high,Cowboys v Broncos,10,home,278,278,season median ~ 29,Value is 9.59x the season median
team,2015,tackles_made,Tackles Made,order_of_magnitude_high,Cowboys v Sea Eagles,12,away,349,349,season median ~ 29,Value is 12.03x the season median
team,2015,tackles_made,Tackles Made,order_of_magnitude_high,Cowboys v Sea Eagles,12,home,374,374,season median ~ 29,Value is 12.90x the season median
team,2015,tackles_made,Tackles Made,order_of_magnitude_high,Cowboys v Sharks,16,away,309,309,season median ~ 29,Value is 10.66x the season median
team,2015,tackles_made,Tackles Made,order_of_magnitude_high,Cowboys v Sharks,28,away,365,365,season median ~ 29,Value is 12.59x the season median
team,2015,tackles_made,Tackles Made,order_of_magnitude_high,Cowboys v Sharks,16,home,294,294,season median ~ 29,Value is 10.14x the season median
team,2015,tackles_made,Tackles Made,order_of_magnitude_high,Cowboys v Sharks,28,home,233,233,season median ~ 29,Value is 8.03x the season median
team,2015,tackles_made,Tackles Made,order_of_magnitude_high,Cowboys v Warriors,7,away,341,341,season median ~ 29,Value is 11.76x the season median
team,2015,tackles_made,Tackles Made,order_of_magnitude_high,Cowboys v Warriors,7,home,286,286,season median ~ 29,Value is 9.86x the season median
team,2015,tackles_made,Tackles Made,order_of_magnitude_high,Dragons v Cowboys,17,away,367,367,season median ~ 29,Value is 12.66x the season median
team,2015,tackles_made,Tackles Made,order_of_magnitude_high,Dragons v Cowboys,17,home,436,436,season median ~ 29,Value is 15.03x the season median
team,2015,tackles_made,Tackles Made,order_of_magnitude_high,Dragons v Knights,21,away,328,328,season median ~ 29,Value is 11.31x the season median
team,2015,tackles_made,Tackles Made,order_of_magnitude_high,Dragons v Knights,21,home,304,304,season median ~ 29,Value is 10.48x the season median
team,2015,tackles_made,Tackles Made,order_of_magnitude_high,Knights v Broncos,11,away,300,300,season median ~ 29,Value is 10.34x the season median
team,2015,tackles_made,Tackles Made,order_of_magnitude_high,Knights v Broncos,11,home,336,336,season median ~ 29,Value is 11.59x the season median
team,2015,tackles_made,Tackles Made,order_of_magnitude_high,Knights v Bulldogs,25,away,358,358,season median ~ 29,Value is 12.34x the season median
team,2015,tackles_made,Tackles Made,order_of_magnitude_high,Knights v Bulldogs,25,home,342,342,season median ~ 29,Value is 11.79x the season median
team,2015,tackles_made,Tackles Made,order_of_magnitude_high,Knights v Dragons,5,away,427,427,season median ~ 29,Value is 14.72x the season median
team,2015,tackles_made,Tackles Made,order_of_magnitude_high,Knights v Dragons,5,home,373,373,season median ~ 29,Value is 12.86x the season median
team,2015,tackles_made,Tackles Made,order_of_magnitude_high,Knights v Eels,7,away,315,315,season median ~ 29,Value is 10.86x the season median
team,2015,tackles_made,Tackles Made,order_of_magnitude_high,Knights v Eels,7,home,323,323,season median ~ 29,Value is 11.14x the season median
team,2015,tackles_made,Tackles Made,order_of_magnitude_high,Knights v Sharks,15,away,324,324,season median ~ 29,Value is 11.17x the season median
team,2015,tackles_made,Tackles Made,order_of_magnitude_high,Knights v Sharks,15,home,318,318,season median ~ 29,Value is 10.97x the season median
team,2015,tackles_made,Tackles Made,order_of_magnitude_high,Knights v Titans,19,away,399,399,season median ~ 29,Value is 13.76x the season median
team,2015,tackles_made,Tackles Made,order_of_magnitude_high,Knights v Titans,19,home,290,290,season median ~ 29,Value is 10.00x the season median
team,2015,tackles_made,Tackles Made,order_of_magnitude_high,Knights v Wests Tigers,10,away,348,348,season median ~ 29,Value is 12.00x the season median
team,2015,tackles_made,Tackles Made,order_of_magnitude_high,Knights v Wests Tigers,10,home,324,324,season median ~ 29,Value is 11.17x the season median
team,2015,tackles_made,Tackles Made,order_of_magnitude_high,Rabbitohs v Roosters,2,away,321,321,season median ~ 29,Value is 11.07x the season median
team,2015,tackles_made,Tackles Made,order_of_magnitude_high,Rabbitohs v Roosters,2,home,335,335,season median ~ 29,Value is 11.55x the season median
team,2015,tackles_made,Tackles Made,order_of_magnitude_high,Raiders v Dragons,3,away,387,387,season median ~ 29,Value is 13.34x the season median
team,2015,tackles_made,Tackles Made,order_of_magnitude_high,Raiders v Dragons,3,home,329,329,season median ~ 29,Value is 11.34x the season median
team,2015,tackles_made,Tackles Made,order_of_magnitude_high,Raiders v Sea Eagles,23,away,299,299,season median ~ 29,Value is 10.31x the season median
team,2015,tackles_made,Tackles Made,order_of_magnitude_high,Raiders v Sea Eagles,23,home,322,322,season median ~ 29,Value is 11.10x the season median
team,2015,tackles_made,Tackles Made,order_of_magnitude_high,Raiders v Storm,6,away,370,370,season median ~ 29,Value is 12.76x the season median
team,2015,tackles_made,Tackles Made,order_of_magnitude_high,Raiders v Storm,6,home,396,396,season median ~ 29,Value is 13.66x the season median
team,2015,tackles_made,Tackles Made,order_of_magnitude_high,Roosters v Storm,27,away,348,348,season median ~ 29,Value is 12.00x the season median
team,2015,tackles_made,Tackles Made,order_of_magnitude_high,Roosters v Storm,27,home,335,335,season median ~ 29,Value is 11.55x the season median
team,2015,tackles_made,Tackles Made,order_of_magnitude_high,Sea Eagles v Broncos,21,away,308,308,season median ~ 29,Value is 10.62x the season median
team,2015,tackles_made,Tackles Made,order_of_magnitude_high,Sea Eagles v Broncos,21,home,224,224,season median ~ 29,Value is 7.72x the season median
team,2015,tackles_made,Tackles Made,order_of_magnitude_high,Sea Eagles v Raiders,5,away,361,361,season median ~ 29,Value is 12.45x the season median
team,2015,tackles_made,Tackles Made,order_of_magnitude_high,Sea Eagles v Raiders,5,home,331,331,season median ~ 29,Value is 11.41x the season median
team,2015,tackles_made,Tackles Made,order_of_magnitude_high,Sea Eagles v Wests Tigers,15,away,304,304,season median ~ 29,Value is 10.48x the season median
team,2015,tackles_made,Tackles Made,order_of_magnitude_high,Sea Eagles v Wests Tigers,15,home,315,315,season median ~ 29,Value is 10.86x the season median
team,2015,tackles_made,Tackles Made,order_of_magnitude_high,Sharks v Broncos,2,away,411,411,season median ~ 29,Value is 14.17x the season median
team,2015,tackles_made,Tackles Made,order_of_magnitude_high,Sharks v Broncos,2,home,333,333,season median ~ 29,Value is 11.48x the season median
team,2015,tackles_made,Tackles Made,order_of_magnitude_high,Sharks v Cowboys,22,away,349,349,season median ~ 29,Value is 12.03x the season median
team,2015,tackles_made,Tackles Made,order_of_magnitude_high,Sharks v Cowboys,22,home,353,353,season median ~ 29,Value is 12.17x the season median
team,2015,tackles_made,Tackles Made,order_of_magnitude_high,Sharks v Dragons,18,away,395,395,season median ~ 29,Value is 13.62x the season median
team,2015,tackles_made,Tackles Made,order_of_magnitude_high,Sharks v Dragons,18,home,317,317,season median ~ 29,Value is 10.93x the season median
team,2015,tackles_made,Tackles Made,order_of_magnitude_high,Sharks v Knights,6,away,391,391,season median ~ 29,Value is 13.48x the season median
team,2015,tackles_made,Tackles Made,order_of_magnitude_high,Sharks v Knights,6,home,279,279,season median ~ 29,Value is 9.62x the season median
team,2015,tackles_made,Tackles Made,order_of_magnitude_high,Sharks v Sea Eagles,26,away,370,370,season median ~ 29,Value is 12.76x the season median
team,2015,tackles_made,Tackles Made,order_of_magnitude_high,Sharks v Sea Eagles,26,home,246,246,season median ~ 29,Value is 8.48x the season median
team,2015,tackles_made,Tackles Made,order_of_magnitude_high,Sharks v Warriors,9,away,309,309,season median ~ 29,Value is 10.66x the season median
team,2015,tackles_made,Tackles Made,order_of_magnitude_high,Sharks v Warriors,9,home,300,300,season median ~ 29,Value is 10.34x the season median
team,2015,tackles_made,Tackles Made,order_of_magnitude_high,Sharks v Wests Tigers,24,away,321,321,season median ~ 29,Value is 11.07x the season median
team,2015,tackles_made,Tackles Made,order_of_magnitude_high,Sharks v Wests Tigers,24,home,235,235,season median ~ 29,Value is 8.10x the season median
team,2015,tackles_made,Tackles Made,order_of_magnitude_high,Storm v Cowboys,25,away,433,433,season median ~ 29,Value is 14.93x the season median
team,2015,tackles_made,Tackles Made,order_of_magnitude_high,Storm v Cowboys,25,home,404,404,season median ~ 29,Value is 13.93x the season median
team,2015,tackles_made,Tackles Made,order_of_magnitude_high,Storm v Eels,14,away,345,345,season median ~ 29,Value is 11.90x the season median
team,2015,tackles_made,Tackles Made,order_of_magnitude_high,Storm v Eels,14,home,342,342,season median ~ 29,Value is 11.79x the season median
team,2015,tackles_made,Tackles Made,order_of_magnitude_high,Storm v Panthers,19,away,347,347,season median ~ 29,Value is 11.97x the season median
team,2015,tackles_made,Tackles Made,order_of_magnitude_high,Storm v Panthers,19,home,274,274,season median ~ 29,Value is 9.45x the season median
team,2015,tackles_made,Tackles Made,order_of_magnitude_high,Storm v Sea Eagles,8,away,332,332,season median ~ 29,Value is 11.45x the season median
team,2015,tackles_made,Tackles Made,order_of_magnitude_high,Storm v Sea Eagles,8,home,364,364,season median ~ 29,Value is 12.55x the season median
team,2015,tackles_made,Tackles Made,order_of_magnitude_high,Titans v Broncos,5,away,351,351,season median ~ 29,Value is 12.10x the season median
team,2015,tackles_made,Tackles Made,order_of_magnitude_high,Titans v Broncos,5,home,270,270,season median ~ 29,Value is 9.31x the season median
team,2015,tackles_made,Tackles Made,order_of_magnitude_high,Titans v Bulldogs,14,away,317,317,season median ~ 29,Value is 10.93x the season median
team,2015,tackles_made,Tackles Made,order_of_magnitude_high,Titans v Bulldogs,14,home,310,310,season median ~ 29,Value is 10.69x the season median
team,2015,tackles_made,Tackles Made,order_of_magnitude_high,Titans v Dragons,25,away,319,319,season median ~ 29,Value is 11.00x the season median
team,2015,tackles_made,Tackles Made,order_of_magnitude_high,Titans v Dragons,25,home,283,283,season median ~ 29,Value is 9.76x the season median
team,2015,tackles_made,Tackles Made,order_of_magnitude_high,Titans v Knights,3,away,330,330,season median ~ 29,Value is 11.38x the season median
team,2015,tackles_made,Tackles Made,order_of_magnitude_high,Titans v Knights,3,home,328,328,season median ~ 29,Value is 11.31x the season median
team,2015,tackles_made,Tackles Made,order_of_magnitude_high,Titans v Sea Eagles,18,away,297,297,season median ~ 29,Value is 10.24x the season median
team,2015,tackles_made,Tackles Made,order_of_magnitude_high,Titans v Sea Eagles,18,home,343,343,season median ~ 29,Value is 11.83x the season median
team,2015,tackles_made,Tackles Made,order_of_magnitude_high,Titans v Sharks,10,away,308,308,season median ~ 29,Value is 10.62x the season median
team,2015,tackles_made,Tackles Made,order_of_magnitude_high,Titans v Sharks,10,home,294,294,season median ~ 29,Value is 10.14x the season median
team,2015,tackles_made,Tackles Made,order_of_magnitude_high,Titans v Warriors,15,away,278,278,season median ~ 29,Value is 9.59x the season median
team,2015,tackles_made,Tackles Made,order_of_magnitude_high,Titans v Warriors,15,home,359,359,season median ~ 29,Value is 12.38x the season median
team,2015,tackles_made,Tackles Made,order_of_magnitude_high,Warriors v Broncos,4,away,333,333,season median ~ 29,Value is 11.48x the season median
team,2015,tackles_made,Tackles Made,order_of_magnitude_high,Warriors v Broncos,4,home,369,369,season median ~ 29,Value is 12.72x the season median
team,2015,tackles_made,Tackles Made,order_of_magnitude_high,Warriors v Cowboys,24,away,241,241,season median ~ 29,Value is 8.31x the season median
team,2015,tackles_made,Tackles Made,order_of_magnitude_high,Warriors v Cowboys,24,home,382,382,season median ~ 29,Value is 13.17x the season median
team,2015,tackles_made,Tackles Made,order_of_magnitude_high,Warriors v Dragons,22,away,331,331,season median ~ 29,Value is 11.41x the season median
team,2015,tackles_made,Tackles Made,order_of_magnitude_high,Warriors v Dragons,22,home,342,342,season median ~ 29,Value is 11.79x the season median
team,2015,tackles_made,Tackles Made,order_of_magnitude_high,Warriors v Knights,12,away,326,326,season median ~ 29,Value is 11.24x the season median
team,2015,tackles_made,Tackles Made,order_of_magnitude_high,Warriors v Knights,12,home,360,360,season median ~ 29,Value is 12.41x the season median
team,2015,tackles_made,Tackles Made,order_of_magnitude_high,Warriors v Sea Eagles,20,away,265,265,season median ~ 29,Value is 9.14x the season median
team,2015,tackles_made,Tackles Made,order_of_magnitude_high,Warriors v Sea Eagles,20,home,349,349,season median ~ 29,Value is 12.03x the season median
team,2015,tackles_made,Tackles Made,order_of_magnitude_high,Warriors v Sharks,21,away,362,362,season median ~ 29,Value is 12.48x the season median
team,2015,tackles_made,Tackles Made,order_of_magnitude_high,Warriors v Sharks,21,home,307,307,season median ~ 29,Value is 10.59x the season median
team,2015,tackles_made,Tackles Made,order_of_magnitude_high,Warriors v Titans,8,away,341,341,season median ~ 29,Value is 11.76x the season median
team,2015,tackles_made,Tackles Made,order_of_magnitude_high,Warriors v Titans,8,home,283,283,season median ~ 29,Value is 9.76x the season median
team,2015,tackles_made,Tackles Made,order_of_magnitude_high,Warriors v Wests Tigers,6,away,335,335,season median ~ 29,Value is 11.55x the season median
team,2015,tackles_made,Tackles Made,order_of_magnitude_high,Warriors v Wests Tigers,6,home,279,279,season median ~ 29,Value is 9.62x the season median
team,2015,tackles_made,Tackles Made,order_of_magnitude_high,Wests Tigers v Cowboys,11,away,438,438,season median ~ 29,Value is 15.10x the season median
team,2015,tackles_made,Tackles Made,order_of_magnitude_high,Wests Tigers v Cowboys,11,home,406,406,season median ~ 29,Value is 14.00x the season median
team,2015,tackles_made,Tackles Made,order_of_magnitude_high,Wests Tigers v Dragons,2,away,406,406,season median ~ 29,Value is 14.00x the season median
team,2015,tackles_made,Tackles Made,order_of_magnitude_high,Wests Tigers v Dragons,2,home,330,330,season median ~ 29,Value is 11.38x the season median
team,2015,tackles_made,Tackles Made,order_of_magnitude_high,Wests Tigers v Knights,23,away,318,318,season median ~ 29,Value is 10.97x the season median
team,2015,tackles_made,Tackles Made,order_of_magnitude_high,Wests Tigers v Knights,23,home,375,375,season median ~ 29,Value is 12.93x the season median
team,2015,tackles_made,Tackles Made,order_of_magnitude_high,Wests Tigers v Panthers,16,away,313,313,season median ~ 29,Value is 10.79x the season median
team,2015,tackles_made,Tackles Made,order_of_magnitude_high,Wests Tigers v Panthers,16,home,335,335,season median ~ 29,Value is 11.55x the season median
team,2015,tackles_made,Tackles Made,order_of_magnitude_high,Wests Tigers v Storm,21,away,357,357,season median ~ 29,Value is 12.31x the season median
team,2015,tackles_made,Tackles Made,order_of_magnitude_high,Wests Tigers v Storm,21,home,270,270,season median ~ 29,Value is 9.31x the season median
team,2015,tackles_made,Tackles Made,order_of_magnitude_high,Wests Tigers v Titans,13,away,345,345,season median ~ 29,Value is 11.90x the season median
team,2015,tackles_made,Tackles Made,order_of_magnitude_high,Wests Tigers v Titans,13,home,364,364,season median ~ 29,Value is 12.55x the season median
team,2015,tackles_made,Tackles Made,order_of_magnitude_high,Wests Tigers v Warriors,25,away,312,312,season median ~ 29,Value is 10.76x the season median
team,2015,tackles_made,Tackles Made,order_of_magnitude_high,Wests Tigers v Warriors,25,home,258,258,season median ~ 29,Value is 8.90x the season median
team,2015,total_passes,Total Passes,order_of_magnitude_high,Broncos v Cowboys,3,away,189,189,season median ~ 30,Value is 6.30x the season median
team,2015,total_passes,Total Passes,order_of_magnitude_high,Broncos v Cowboys,27,away,268,268,season median ~ 30,Value is 8.93x the season median
team,2015,total_passes,Total Passes,order_of_magnitude_high,Broncos v Cowboys,30,away,290,290,season median ~ 30,Value is 9.67x the season median
team,2015,total_passes,Total Passes,order_of_magnitude_high,Broncos v Cowboys,3,home,222,222,season median ~ 30,Value is 7.40x the season median
team,2015,total_passes,Total Passes,order_of_magnitude_high,Broncos v Cowboys,27,home,193,193,season median ~ 30,Value is 6.43x the season median
team,2015,total_passes,Total Passes,order_of_magnitude_high,Broncos v Cowboys,30,home,184,184,season median ~ 30,Value is 6.13x the season median
team,2015,total_passes,Total Passes,order_of_magnitude_high,Broncos v Dragons,23,away,210,210,season median ~ 30,Value is 7.00x the season median
team,2015,total_passes,Total Passes,order_of_magnitude_high,Broncos v Dragons,23,home,218,218,season median ~ 30,Value is 7.27x the season median
team,2015,total_passes,Total Passes,order_of_magnitude_high,Broncos v Knights,16,away,176,176,season median ~ 30,Value is 5.87x the season median
team,2015,total_passes,Total Passes,order_of_magnitude_high,Broncos v Knights,16,home,180,180,season median ~ 30,Value is 6.00x the season median
team,2015,total_passes,Total Passes,order_of_magnitude_high,Broncos v Sea Eagles,13,away,191,191,season median ~ 30,Value is 6.37x the season median
team,2015,total_passes,Total Passes,order_of_magnitude_high,Broncos v Sea Eagles,13,home,237,237,season median ~ 30,Value is 7.90x the season median
team,2015,total_passes,Total Passes,order_of_magnitude_high,Broncos v Titans,20,away,241,241,season median ~ 30,Value is 8.03x the season median
team,2015,total_passes,Total Passes,order_of_magnitude_high,Broncos v Titans,20,home,176,176,season median ~ 30,Value is 5.87x the season median
team,2015,total_passes,Total Passes,order_of_magnitude_high,Broncos v Wests Tigers,19,away,198,198,season median ~ 30,Value is 6.60x the season median
team,2015,total_passes,Total Passes,order_of_magnitude_high,Broncos v Wests Tigers,19,home,208,208,season median ~ 30,Value is 6.93x the season median
team,2015,total_passes,Total Passes,order_of_magnitude_high,Bulldogs v Broncos,18,away,247,247,season median ~ 30,Value is 8.23x the season median
team,2015,total_passes,Total Passes,order_of_magnitude_high,Bulldogs v Broncos,18,home,206,206,season median ~ 30,Value is 6.87x the season median
team,2015,total_passes,Total Passes,order_of_magnitude_high,Cowboys v Broncos,10,away,158,158,season median ~ 30,Value is 5.27x the season median
team,2015,total_passes,Total Passes,order_of_magnitude_high,Cowboys v Broncos,10,home,238,238,season median ~ 30,Value is 7.93x the season median
team,2015,total_passes,Total Passes,order_of_magnitude_high,Cowboys v Knights,2,away,198,198,season median ~ 30,Value is 6.60x the season median
team,2015,total_passes,Total Passes,order_of_magnitude_high,Cowboys v Knights,2,home,250,250,season median ~ 30,Value is 8.33x the season median
team,2015,total_passes,Total Passes,order_of_magnitude_high,Cowboys v Sea Eagles,12,away,252,252,season median ~ 30,Value is 8.40x the season median
team,2015,total_passes,Total Passes,order_of_magnitude_high,Cowboys v Sea Eagles,12,home,229,229,season median ~ 30,Value is 7.63x the season median
team,2015,total_passes,Total Passes,order_of_magnitude_high,Cowboys v Sharks,16,away,221,221,season median ~ 30,Value is 7.37x the season median
team,2015,total_passes,Total Passes,order_of_magnitude_high,Cowboys v Sharks,28,away,160,160,season median ~ 30,Value is 5.33x the season median
team,2015,total_passes,Total Passes,order_of_magnitude_high,Cowboys v Sharks,16,home,202,202,season median ~ 30,Value is 6.73x the season median
team,2015,total_passes,Total Passes,order_of_magnitude_high,Cowboys v Sharks,28,home,250,250,season median ~ 30,Value is 8.33x the season median
team,2015,total_passes,Total Passes,order_of_magnitude_high,Cowboys v Titans,26,away,199,199,season median ~ 30,Value is 6.63x the season median
team,2015,total_passes,Total Passes,order_of_magnitude_high,Cowboys v Titans,26,home,204,204,season median ~ 30,Value is 6.80x the season median
team,2015,total_passes,Total Passes,order_of_magnitude_high,Cowboys v Warriors,7,away,187,187,season median ~ 30,Value is 6.23x the season median
team,2015,total_passes,Total Passes,order_of_magnitude_high,Cowboys v Warriors,7,home,241,241,season median ~ 30,Value is 8.03x the season median
team,2015,total_passes,Total Passes,order_of_magnitude_high,Dragons v Broncos,7,away,231,231,season median ~ 30,Value is 7.70x the season median
team,2015,total_passes,Total Passes,order_of_magnitude_high,Dragons v Broncos,7,home,230,230,season median ~ 30,Value is 7.67x the season median
team,2015,total_passes,Total Passes,order_of_magnitude_high,Dragons v Cowboys,17,away,252,252,season median ~ 30,Value is 8.40x the season median
team,2015,total_passes,Total Passes,order_of_magnitude_high,Dragons v Cowboys,17,home,236,236,season median ~ 30,Value is 7.87x the season median
team,2015,total_passes,Total Passes,order_of_magnitude_high,Dragons v Knights,21,away,166,166,season median ~ 30,Value is 5.53x the season median
team,2015,total_passes,Total Passes,order_of_magnitude_high,Dragons v Knights,21,home,193,193,season median ~ 30,Value is 6.43x the season median
team,2015,total_passes,Total Passes,order_of_magnitude_high,Dragons v Sea Eagles,4,away,245,245,season median ~ 30,Value is 8.17x the season median
team,2015,total_passes,Total Passes,order_of_magnitude_high,Dragons v Sea Eagles,4,home,243,243,season median ~ 30,Value is 8.10x the season median
team,2015,total_passes,Total Passes,order_of_magnitude_high,Dragons v Sharks,12,away,180,180,season median ~ 30,Value is 6.00x the season median
team,2015,total_passes,Total Passes,order_of_magnitude_high,Dragons v Sharks,12,home,204,204,season median ~ 30,Value is 6.80x the season median
team,2015,total_passes,Total Passes,order_of_magnitude_high,Dragons v Wests Tigers,26,away,180,180,season median ~ 30,Value is 6.00x the season median
team,2015,total_passes,Total Passes,order_of_magnitude_high,Dragons v Wests Tigers,26,home,167,167,season median ~ 30,Value is 5.57x the season median
team,2015,total_passes,Total Passes,order_of_magnitude_high,Knights v Broncos,11,away,223,223,season median ~ 30,Value is 7.43x the season median
team,2015,total_passes,Total Passes,order_of_magnitude_high,Knights v Broncos,11,home,176,176,season median ~ 30,Value is 5.87x the season median
team,2015,total_passes,Total Passes,order_of_magnitude_high,Knights v Bulldogs,25,away,187,187,season median ~ 30,Value is 6.23x the season median
team,2015,total_passes,Total Passes,order_of_magnitude_high,Knights v Bulldogs,25,home,234,234,season median ~ 30,Value is 7.80x the season median
team,2015,total_passes,Total Passes,order_of_magnitude_high,Knights v Cowboys,8,away,237,237,season median ~ 30,Value is 7.90x the season median
team,2015,total_passes,Total Passes,order_of_magnitude_high,Knights v Cowboys,8,home,212,212,season median ~ 30,Value is 7.07x the season median
team,2015,total_passes,Total Passes,order_of_magnitude_high,Knights v Dragons,5,away,212,212,season median ~ 30,Value is 7.07x the season median
team,2015,total_passes,Total Passes,order_of_magnitude_high,Knights v Dragons,5,home,224,224,season median ~ 30,Value is 7.47x the season median
team,2015,total_passes,Total Passes,order_of_magnitude_high,Knights v Raiders,13,away,203,203,season median ~ 30,Value is 6.77x the season median
team,2015,total_passes,Total Passes,order_of_magnitude_high,Knights v Raiders,13,home,180,180,season median ~ 30,Value is 6.00x the season median
team,2015,total_passes,Total Passes,order_of_magnitude_high,Knights v Sharks,15,away,191,191,season median ~ 30,Value is 6.37x the season median
team,2015,total_passes,Total Passes,order_of_magnitude_high,Knights v Sharks,15,home,219,219,season median ~ 30,Value is 7.30x the season median
team,2015,total_passes,Total Passes,order_of_magnitude_high,Knights v Titans,19,away,163,163,season median ~ 30,Value is 5.43x the season median
team,2015,total_passes,Total Passes,order_of_magnitude_high,Knights v Titans,19,home,264,264,season median ~ 30,Value is 8.80x the season median
team,2015,total_passes,Total Passes,order_of_magnitude_high,Knights v Warriors,1,away,227,227,season median ~ 30,Value is 7.57x the season median
team,2015,total_passes,Total Passes,order_of_magnitude_high,Knights v Warriors,1,home,217,217,season median ~ 30,Value is 7.23x the season median
team,2015,total_passes,Total Passes,order_of_magnitude_high,Knights v Wests Tigers,10,away,186,186,season median ~ 30,Value is 6.20x the season median
team,2015,total_passes,Total Passes,order_of_magnitude_high,Knights v Wests Tigers,10,home,222,222,season median ~ 30,Value is 7.40x the season median
team,2015,total_passes,Total Passes,order_of_magnitude_high,Raiders v Broncos,12,away,220,220,season median ~ 30,Value is 7.33x the season median
team,2015,total_passes,Total Passes,order_of_magnitude_high,Raiders v Broncos,12,home,193,193,season median ~ 30,Value is 6.43x the season median
team,2015,total_passes,Total Passes,order_of_magnitude_high,Raiders v Dragons,3,away,226,226,season median ~ 30,Value is 7.53x the season median
team,2015,total_passes,Total Passes,order_of_magnitude_high,Raiders v Dragons,3,home,204,204,season median ~ 30,Value is 6.80x the season median
team,2015,total_passes,Total Passes,order_of_magnitude_high,Raiders v Sea Eagles,23,away,232,232,season median ~ 30,Value is 7.73x the season median
team,2015,total_passes,Total Passes,order_of_magnitude_high,Raiders v Sea Eagles,23,home,165,165,season median ~ 30,Value is 5.50x the season median
team,2015,total_passes,Total Passes,order_of_magnitude_high,Sea Eagles v Broncos,21,away,176,176,season median ~ 30,Value is 5.87x the season median
team,2015,total_passes,Total Passes,order_of_magnitude_high,Sea Eagles v Broncos,21,home,221,221,season median ~ 30,Value is 7.37x the season median
team,2015,total_passes,Total Passes,order_of_magnitude_high,Sea Eagles v Cowboys,19,away,228,228,season median ~ 30,Value is 7.60x the season median
team,2015,total_passes,Total Passes,order_of_magnitude_high,Sea Eagles v Cowboys,19,home,218,218,season median ~ 30,Value is 7.27x the season median
team,2015,total_passes,Total Passes,order_of_magnitude_high,Sea Eagles v Knights,9,away,245,245,season median ~ 30,Value is 8.17x the season median
team,2015,total_passes,Total Passes,order_of_magnitude_high,Sea Eagles v Knights,9,home,231,231,season median ~ 30,Value is 7.70x the season median
team,2015,total_passes,Total Passes,order_of_magnitude_high,Sea Eagles v Wests Tigers,15,away,192,192,season median ~ 30,Value is 6.40x the season median
team,2015,total_passes,Total Passes,order_of_magnitude_high,Sea Eagles v Wests Tigers,15,home,229,229,season median ~ 30,Value is 7.63x the season median
team,2015,total_passes,Total Passes,order_of_magnitude_high,Sharks v Broncos,2,away,196,196,season median ~ 30,Value is 6.53x the season median
team,2015,total_passes,Total Passes,order_of_magnitude_high,Sharks v Broncos,2,home,243,243,season median ~ 30,Value is 8.10x the season median
team,2015,total_passes,Total Passes,order_of_magnitude_high,Sharks v Cowboys,22,away,199,199,season median ~ 30,Value is 6.63x the season median
team,2015,total_passes,Total Passes,order_of_magnitude_high,Sharks v Cowboys,22,home,211,211,season median ~ 30,Value is 7.03x the season median
team,2015,total_passes,Total Passes,order_of_magnitude_high,Sharks v Dragons,18,away,189,189,season median ~ 30,Value is 6.30x the season median
team,2015,total_passes,Total Passes,order_of_magnitude_high,Sharks v Dragons,18,home,239,239,season median ~ 30,Value is 7.97x the season median
team,2015,total_passes,Total Passes,order_of_magnitude_high,Sharks v Knights,6,away,174,174,season median ~ 30,Value is 5.80x the season median
team,2015,total_passes,Total Passes,order_of_magnitude_high,Sharks v Knights,6,home,221,221,season median ~ 30,Value is 7.37x the season median
team,2015,total_passes,Total Passes,order_of_magnitude_high,Sharks v Raiders,1,away,183,183,season median ~ 30,Value is 6.10x the season median
team,2015,total_passes,Total Passes,order_of_magnitude_high,Sharks v Raiders,1,home,194,194,season median ~ 30,Value is 6.47x the season median
team,2015,total_passes,Total Passes,order_of_magnitude_high,Sharks v Sea Eagles,26,away,190,190,season median ~ 30,Value is 6.33x the season median
team,2015,total_passes,Total Passes,order_of_magnitude_high,Sharks v Sea Eagles,26,home,258,258,season median ~ 30,Value is 8.60x the season median
team,2015,total_passes,Total Passes,order_of_magnitude_high,Sharks v Titans,4,away,184,184,season median ~ 30,Value is 6.13x the season median
team,2015,total_passes,Total Passes,order_of_magnitude_high,Sharks v Titans,4,home,199,199,season median ~ 30,Value is 6.63x the season median
team,2015,total_passes,Total Passes,order_of_magnitude_high,Sharks v Warriors,9,away,204,204,season median ~ 30,Value is 6.80x the season median
team,2015,total_passes,Total Passes,order_of_magnitude_high,Sharks v Warriors,9,home,192,192,season median ~ 30,Value is 6.40x the season median
team,2015,total_passes,Total Passes,order_of_magnitude_high,Sharks v Wests Tigers,24,away,153,153,season median ~ 30,Value is 5.10x the season median
team,2015,total_passes,Total Passes,order_of_magnitude_high,Sharks v Wests Tigers,24,home,218,218,season median ~ 30,Value is 7.27x the season median
team,2015,total_passes,Total Passes,order_of_magnitude_high,Titans v Broncos,5,home,243,243,season median ~ 30,Value is 8.10x the season median
team,2015,total_passes,Total Passes,order_of_magnitude_high,Titans v Dragons,25,away,190,190,season median ~ 30,Value is 6.33x the season median
team,2015,total_passes,Total Passes,order_of_magnitude_high,Titans v Dragons,25,home,204,204,season median ~ 30,Value is 6.80x the season median
team,2015,total_passes,Total Passes,order_of_magnitude_high,Titans v Knights,3,away,210,210,season median ~ 30,Value is 7.00x the season median
team,2015,total_passes,Total Passes,order_of_magnitude_high,Titans v Knights,3,home,193,193,season median ~ 30,Value is 6.43x the season median
team,2015,total_passes,Total Passes,order_of_magnitude_high,Titans v Raiders,24,away,169,169,season median ~ 30,Value is 5.63x the season median
team,2015,total_passes,Total Passes,order_of_magnitude_high,Titans v Raiders,24,home,206,206,season median ~ 30,Value is 6.87x the season median
team,2015,total_passes,Total Passes,order_of_magnitude_high,Titans v Sea Eagles,18,away,235,235,season median ~ 30,Value is 7.83x the season median
team,2015,total_passes,Total Passes,order_of_magnitude_high,Titans v Sea Eagles,18,home,180,180,season median ~ 30,Value is 6.00x the season median
team,2015,total_passes,Total Passes,order_of_magnitude_high,Titans v Sharks,10,away,174,174,season median ~ 30,Value is 5.80x the season median
team,2015,total_passes,Total Passes,order_of_magnitude_high,Titans v Sharks,10,home,189,189,season median ~ 30,Value is 6.30x the season median
team,2015,total_passes,Total Passes,order_of_magnitude_high,Titans v Warriors,15,away,241,241,season median ~ 30,Value is 8.03x the season median
team,2015,total_passes,Total Passes,order_of_magnitude_high,Titans v Warriors,15,home,165,165,season median ~ 30,Value is 5.50x the season median
team,2015,total_passes,Total Passes,order_of_magnitude_high,Titans v Wests Tigers,1,away,202,202,season median ~ 30,Value is 6.73x the season median
team,2015,total_passes,Total Passes,order_of_magnitude_high,Titans v Wests Tigers,1,home,179,179,season median ~ 30,Value is 5.97x the season median
team,2015,total_passes,Total Passes,order_of_magnitude_high,Warriors v Broncos,4,away,233,233,season median ~ 30,Value is 7.77x the season median
team,2015,total_passes,Total Passes,order_of_magnitude_high,Warriors v Broncos,4,home,217,217,season median ~ 30,Value is 7.23x the season median
team,2015,total_passes,Total Passes,order_of_magnitude_high,Warriors v Cowboys,24,away,261,261,season median ~ 30,Value is 8.70x the season median
team,2015,total_passes,Total Passes,order_of_magnitude_high,Warriors v Dragons,22,away,175,175,season median ~ 30,Value is 5.83x the season median
team,2015,total_passes,Total Passes,order_of_magnitude_high,Warriors v Dragons,22,home,224,224,season median ~ 30,Value is 7.47x the season median
team,2015,total_passes,Total Passes,order_of_magnitude_high,Warriors v Knights,12,away,239,239,season median ~ 30,Value is 7.97x the season median
team,2015,total_passes,Total Passes,order_of_magnitude_high,Warriors v Knights,12,home,202,202,season median ~ 30,Value is 6.73x the season median
team,2015,total_passes,Total Passes,order_of_magnitude_high,Warriors v Sea Eagles,20,away,256,256,season median ~ 30,Value is 8.53x the season median
team,2015,total_passes,Total Passes,order_of_magnitude_high,Warriors v Sea Eagles,20,home,180,180,season median ~ 30,Value is 6.00x the season median
team,2015,total_passes,Total Passes,order_of_magnitude_high,Warriors v Sharks,21,away,167,167,season median ~ 30,Value is 5.57x the season median
team,2015,total_passes,Total Passes,order_of_magnitude_high,Warriors v Sharks,21,home,240,240,season median ~ 30,Value is 8.00x the season median
team,2015,total_passes,Total Passes,order_of_magnitude_high,Warriors v Titans,8,away,207,207,season median ~ 30,Value is 6.90x the season median
team,2015,total_passes,Total Passes,order_of_magnitude_high,Warriors v Titans,8,home,246,246,season median ~ 30,Value is 8.20x the season median
team,2015,total_passes,Total Passes,order_of_magnitude_high,Warriors v Wests Tigers,6,away,160,160,season median ~ 30,Value is 5.33x the season median
team,2015,total_passes,Total Passes,order_of_magnitude_high,Warriors v Wests Tigers,6,home,206,206,season median ~ 30,Value is 6.87x the season median
team,2015,total_passes,Total Passes,order_of_magnitude_high,Wests Tigers v Cowboys,11,away,224,224,season median ~ 30,Value is 7.47x the season median
team,2015,total_passes,Total Passes,order_of_magnitude_high,Wests Tigers v Cowboys,11,home,235,235,season median ~ 30,Value is 7.83x the season median
team,2015,total_passes,Total Passes,order_of_magnitude_high,Wests Tigers v Dragons,2,away,222,222,season median ~ 30,Value is 7.40x the season median
team,2015,total_passes,Total Passes,order_of_magnitude_high,Wests Tigers v Dragons,2,home,216,216,season median ~ 30,Value is 7.20x the season median
team,2015,total_passes,Total Passes,order_of_magnitude_high,Wests Tigers v Knights,23,away,225,225,season median ~ 30,Value is 7.50x the season median
team,2015,total_passes,Total Passes,order_of_magnitude_high,Wests Tigers v Knights,23,home,196,196,season median ~ 30,Value is 6.53x the season median
team,2015,total_passes,Total Passes,order_of_magnitude_high,Wests Tigers v Titans,13,away,224,224,season median ~ 30,Value is 7.47x the season median
team,2015,total_passes,Total Passes,order_of_magnitude_high,Wests Tigers v Titans,13,home,200,200,season median ~ 30,Value is 6.67x the season median
team,2015,total_passes,Total Passes,order_of_magnitude_high,Wests Tigers v Warriors,25,away,182,182,season median ~ 30,Value is 6.07x the season median
team,2015,total_passes,Total Passes,order_of_magnitude_high,Wests Tigers v Warriors,25,home,200,200,season median ~ 30,Value is 6.67x the season median
team,2016,missed_tackles,Missed Tackles,order_of_magnitude_high,Broncos v Cowboys,4,away,349,349,season median ~ 18,Value is 19.39x the season median
team,2016,missed_tackles,Missed Tackles,order_of_magnitude_high,Broncos v Cowboys,4,home,366,366,season median ~ 18,Value is 20.33x the season median
team,2016,missed_tackles,Missed Tackles,order_of_magnitude_high,Cowboys v Dragons,5,away,373,373,season median ~ 18,Value is 20.72x the season median
team,2016,missed_tackles,Missed Tackles,order_of_magnitude_high,Cowboys v Dragons,5,home,304,304,season median ~ 18,Value is 16.89x the season median
team,2016,missed_tackles,Missed Tackles,order_of_magnitude_high,Cowboys v Titans,26,away,338,338,season median ~ 18,Value is 18.78x the season median
team,2016,missed_tackles,Missed Tackles,order_of_magnitude_high,Cowboys v Titans,26,home,281,281,season median ~ 18,Value is 15.61x the season median
team,2016,missed_tackles,Missed Tackles,order_of_magnitude_high,Dragons v Storm,15,away,396,396,season median ~ 18,Value is 22.00x the season median
team,2016,missed_tackles,Missed Tackles,order_of_magnitude_high,Dragons v Storm,15,home,332,332,season median ~ 18,Value is 18.44x the season median
team,2016,missed_tackles,Missed Tackles,order_of_magnitude_high,Dragons v Wests Tigers,20,away,303,303,season median ~ 18,Value is 16.83x the season median
team,2016,missed_tackles,Missed Tackles,order_of_magnitude_high,Dragons v Wests Tigers,20,home,318,318,season median ~ 18,Value is 17.67x the season median
team,2016,missed_tackles,Missed Tackles,order_of_magnitude_high,Sea Eagles v Storm,24,away,297,297,season median ~ 18,Value is 16.50x the season median
team,2016,missed_tackles,Missed Tackles,order_of_magnitude_high,Sea Eagles v Storm,24,home,334,334,season median ~ 18,Value is 18.56x the season median
team,2016,missed_tackles,Missed Tackles,order_of_magnitude_high,Storm v Cowboys,27,away,364,364,season median ~ 18,Value is 20.22x the season median
team,2016,missed_tackles,Missed Tackles,order_of_magnitude_high,Storm v Cowboys,27,home,354,354,season median ~ 18,Value is 19.67x the season median
team,2016,missed_tackles,Missed Tackles,order_of_magnitude_high,Storm v Titans,2,away,328,328,season median ~ 18,Value is 18.22x the season median
team,2016,missed_tackles,Missed Tackles,order_of_magnitude_high,Storm v Titans,2,home,345,345,season median ~ 18,Value is 19.17x the season median
team,2016,missed_tackles,Missed Tackles,order_of_magnitude_high,Warriors v Wests Tigers,25,away,286,286,season median ~ 18,Value is 15.89x the season median
team,2016,missed_tackles,Missed Tackles,order_of_magnitude_high,Warriors v Wests Tigers,25,home,297,297,season median ~ 18,Value is 16.50x the season median
team,2016,missed_tackles,Missed Tackles,order_of_magnitude_high,Wests Tigers v Sea Eagles,2,away,325,325,season median ~ 18,Value is 18.06x the season median
team,2016,missed_tackles,Missed Tackles,order_of_magnitude_high,Wests Tigers v Sea Eagles,2,home,267,267,season median ~ 18,Value is 14.83x the season median
team,2016,penalty_goals,Penalty Goals,scoring_count_implausibly_high,Broncos v Storm,17,away,30,30,stat-specific sanity range,
team,2016,penalty_goals,Penalty Goals,scoring_count_implausibly_high,Knights v Sharks,10,away,28,28,stat-specific sanity range,
team,2016,penalty_goals,Penalty Goals,scoring_count_implausibly_high,Panthers v Sea Eagles,26,home,30,30,stat-specific sanity range,
team,2016,penalty_goals,Penalty Goals,scoring_count_implausibly_high,Panthers v Wests Tigers,24,home,28,28,stat-specific sanity range,
team,2016,penalty_goals,Penalty Goals,scoring_count_implausibly_high,Rabbitohs v Bulldogs,4,away,32,32,stat-specific sanity range,
team,2016,penalty_goals,Penalty Goals,scoring_count_implausibly_high,Rabbitohs v Raiders,21,away,26,26,stat-specific sanity range,
team,2016,penalty_goals,Penalty Goals,scoring_count_implausibly_high,Roosters v Rabbitohs,1,away,26,26,stat-specific sanity range,
team,2016,penalty_goals,Penalty Goals,scoring_count_implausibly_high,Sea Eagles v Knights,21,home,26,26,stat-specific sanity range,
team,2016,penalty_goals,Penalty Goals,scoring_count_implausibly_high,Sea Eagles v Storm,24,away,26,26,stat-specific sanity range,
team,2016,penalty_goals,Penalty Goals,scoring_count_implausibly_high,Wests Tigers v Raiders,26,away,30,30,stat-specific sanity range,
team,2016,penalty_goals,Penalty Goals,scoring_count_implausibly_high,Wests Tigers v Warriors,1,home,28,28,stat-specific sanity range,
team,2016,tackles_made,Tackles Made,order_of_magnitude_high,Broncos v Bulldogs,24,away,317,317,season median ~ 33,Value is 9.61x the season median
team,2016,tackles_made,Tackles Made,order_of_magnitude_high,Broncos v Bulldogs,24,home,369,369,season median ~ 33,Value is 11.18x the season median
team,2016,tackles_made,Tackles Made,order_of_magnitude_high,Broncos v Dragons,6,away,385,385,season median ~ 33,Value is 11.67x the season median
team,2016,tackles_made,Tackles Made,order_of_magnitude_high,Broncos v Dragons,6,home,307,307,season median ~ 33,Value is 9.30x the season median
team,2016,tackles_made,Tackles Made,order_of_magnitude_high,Broncos v Knights,7,away,327,327,season median ~ 33,Value is 9.91x the season median
team,2016,tackles_made,Tackles Made,order_of_magnitude_high,Broncos v Knights,7,home,252,252,season median ~ 33,Value is 7.64x the season median
team,2016,tackles_made,Tackles Made,order_of_magnitude_high,Broncos v Panthers,20,away,287,287,season median ~ 33,Value is 8.70x the season median
team,2016,tackles_made,Tackles Made,order_of_magnitude_high,Broncos v Panthers,20,home,372,372,season median ~ 33,Value is 11.27x the season median
team,2016,tackles_made,Tackles Made,order_of_magnitude_high,Broncos v Titans,27,away,299,299,season median ~ 33,Value is 9.06x the season median
team,2016,tackles_made,Tackles Made,order_of_magnitude_high,Broncos v Titans,27,home,250,250,season median ~ 33,Value is 7.58x the season median
team,2016,tackles_made,Tackles Made,order_of_magnitude_high,Broncos v Warriors,2,away,350,350,season median ~ 33,Value is 10.61x the season median
team,2016,tackles_made,Tackles Made,order_of_magnitude_high,Broncos v Warriors,2,home,318,318,season median ~ 33,Value is 9.64x the season median
team,2016,tackles_made,Tackles Made,order_of_magnitude_high,Broncos v Wests Tigers,12,away,335,335,season median ~ 33,Value is 10.15x the season median
team,2016,tackles_made,Tackles Made,order_of_magnitude_high,Broncos v Wests Tigers,12,home,364,364,season median ~ 33,Value is 11.03x the season median
team,2016,tackles_made,Tackles Made,order_of_magnitude_high,Bulldogs v Broncos,16,away,361,361,season median ~ 33,Value is 10.94x the season median
team,2016,tackles_made,Tackles Made,order_of_magnitude_high,Bulldogs v Broncos,16,home,284,284,season median ~ 33,Value is 8.61x the season median
team,2016,tackles_made,Tackles Made,order_of_magnitude_high,Bulldogs v Cowboys,25,away,314,314,season median ~ 33,Value is 9.52x the season median
team,2016,tackles_made,Tackles Made,order_of_magnitude_high,Bulldogs v Cowboys,25,home,366,366,season median ~ 33,Value is 11.09x the season median
team,2016,tackles_made,Tackles Made,order_of_magnitude_high,Bulldogs v Sea Eagles,23,away,358,358,season median ~ 33,Value is 10.85x the season median
team,2016,tackles_made,Tackles Made,order_of_magnitude_high,Bulldogs v Sea Eagles,23,home,390,390,season median ~ 33,Value is 11.82x the season median
team,2016,tackles_made,Tackles Made,order_of_magnitude_high,Bulldogs v Titans,8,away,368,368,season median ~ 33,Value is 11.15x the season median
team,2016,tackles_made,Tackles Made,order_of_magnitude_high,Bulldogs v Titans,8,home,355,355,season median ~ 33,Value is 10.76x the season median
team,2016,tackles_made,Tackles Made,order_of_magnitude_high,Bulldogs v Warriors,7,away,311,311,season median ~ 33,Value is 9.42x the season median
team,2016,tackles_made,Tackles Made,order_of_magnitude_high,Bulldogs v Warriors,7,home,350,350,season median ~ 33,Value is 10.61x the season median
team,2016,tackles_made,Tackles Made,order_of_magnitude_high,Cowboys v Broncos,11,away,360,360,season median ~ 33,Value is 10.91x the season median
team,2016,tackles_made,Tackles Made,order_of_magnitude_high,Cowboys v Broncos,28,away,368,368,season median ~ 33,Value is 11.15x the season median
team,2016,tackles_made,Tackles Made,order_of_magnitude_high,Cowboys v Broncos,11,home,315,315,season median ~ 33,Value is 9.55x the season median
team,2016,tackles_made,Tackles Made,order_of_magnitude_high,Cowboys v Broncos,28,home,299,299,season median ~ 33,Value is 9.06x the season median
team,2016,tackles_made,Tackles Made,order_of_magnitude_high,Cowboys v Bulldogs,20,away,377,377,season median ~ 33,Value is 11.42x the season median
team,2016,tackles_made,Tackles Made,order_of_magnitude_high,Cowboys v Bulldogs,20,home,271,271,season median ~ 33,Value is 8.21x the season median
team,2016,tackles_made,Tackles Made,order_of_magnitude_high,Cowboys v Knights,13,away,328,328,season median ~ 33,Value is 9.94x the season median
team,2016,tackles_made,Tackles Made,order_of_magnitude_high,Cowboys v Knights,13,home,256,256,season median ~ 33,Value is 7.76x the season median
team,2016,tackles_made,Tackles Made,order_of_magnitude_high,Cowboys v Sea Eagles,16,away,317,317,season median ~ 33,Value is 9.61x the season median
team,2016,tackles_made,Tackles Made,order_of_magnitude_high,Cowboys v Sea Eagles,16,home,287,287,season median ~ 33,Value is 8.70x the season median
team,2016,tackles_made,Tackles Made,order_of_magnitude_high,Cowboys v Sharks,1,away,358,358,season median ~ 33,Value is 10.85x the season median
team,2016,tackles_made,Tackles Made,order_of_magnitude_high,Cowboys v Sharks,1,home,292,292,season median ~ 33,Value is 8.85x the season median
team,2016,tackles_made,Tackles Made,order_of_magnitude_high,Cowboys v Warriors,24,away,366,366,season median ~ 33,Value is 11.09x the season median
team,2016,tackles_made,Tackles Made,order_of_magnitude_high,Cowboys v Warriors,24,home,254,254,season median ~ 33,Value is 7.70x the season median
team,2016,tackles_made,Tackles Made,order_of_magnitude_high,Dragons v Broncos,22,away,392,392,season median ~ 33,Value is 11.88x the season median
team,2016,tackles_made,Tackles Made,order_of_magnitude_high,Dragons v Broncos,22,home,436,436,season median ~ 33,Value is 13.21x the season median
team,2016,tackles_made,Tackles Made,order_of_magnitude_high,Dragons v Bulldogs,14,away,330,330,season median ~ 33,Value is 10.00x the season median
team,2016,tackles_made,Tackles Made,order_of_magnitude_high,Dragons v Bulldogs,14,home,343,343,season median ~ 33,Value is 10.39x the season median
team,2016,tackles_made,Tackles Made,order_of_magnitude_high,Dragons v Cowboys,12,away,343,343,season median ~ 33,Value is 10.39x the season median
team,2016,tackles_made,Tackles Made,order_of_magnitude_high,Dragons v Cowboys,12,home,367,367,season median ~ 33,Value is 11.12x the season median
team,2016,tackles_made,Tackles Made,order_of_magnitude_high,Dragons v Knights,26,away,278,278,season median ~ 33,Value is 8.42x the season median
team,2016,tackles_made,Tackles Made,order_of_magnitude_high,Dragons v Knights,26,home,243,243,season median ~ 33,Value is 7.36x the season median
team,2016,tackles_made,Tackles Made,order_of_magnitude_high,Dragons v Raiders,10,away,437,437,season median ~ 33,Value is 13.24x the season median
team,2016,tackles_made,Tackles Made,order_of_magnitude_high,Dragons v Raiders,10,home,315,315,season median ~ 33,Value is 9.55x the season median
team,2016,tackles_made,Tackles Made,order_of_magnitude_high,Dragons v Sharks,23,away,324,324,season median ~ 33,Value is 9.82x the season median
team,2016,tackles_made,Tackles Made,order_of_magnitude_high,Dragons v Sharks,23,home,289,289,season median ~ 33,Value is 8.76x the season median
team,2016,tackles_made,Tackles Made,order_of_magnitude_high,Dragons v Titans,19,away,374,374,season median ~ 33,Value is 11.33x the season median
team,2016,tackles_made,Tackles Made,order_of_magnitude_high,Dragons v Titans,19,home,367,367,season median ~ 33,Value is 11.12x the season median
team,2016,tackles_made,Tackles Made,order_of_magnitude_high,Knights v Bulldogs,22,away,283,283,season median ~ 33,Value is 8.58x the season median
team,2016,tackles_made,Tackles Made,order_of_magnitude_high,Knights v Bulldogs,22,home,331,331,season median ~ 33,Value is 10.03x the season median
team,2016,tackles_made,Tackles Made,order_of_magnitude_high,Knights v Dragons,16,away,343,343,season median ~ 33,Value is 10.39x the season median
team,2016,tackles_made,Tackles Made,order_of_magnitude_high,Knights v Dragons,16,home,340,340,season median ~ 33,Value is 10.30x the season median
team,2016,tackles_made,Tackles Made,order_of_magnitude_high,Knights v Eels,12,away,364,364,season median ~ 33,Value is 11.03x the season median
team,2016,tackles_made,Tackles Made,order_of_magnitude_high,Knights v Eels,12,home,330,330,season median ~ 33,Value is 10.00x the season median
team,2016,tackles_made,Tackles Made,order_of_magnitude_high,Knights v Raiders,3,away,387,387,season median ~ 33,Value is 11.73x the season median
team,2016,tackles_made,Tackles Made,order_of_magnitude_high,Knights v Raiders,3,home,377,377,season median ~ 33,Value is 11.42x the season median
team,2016,tackles_made,Tackles Made,order_of_magnitude_high,Knights v Sea Eagles,8,away,310,310,season median ~ 33,Value is 9.39x the season median
team,2016,tackles_made,Tackles Made,order_of_magnitude_high,Knights v Sea Eagles,8,home,346,346,season median ~ 33,Value is 10.48x the season median
team,2016,tackles_made,Tackles Made,order_of_magnitude_high,Knights v Sharks,10,away,286,286,season median ~ 33,Value is 8.67x the season median
team,2016,tackles_made,Tackles Made,order_of_magnitude_high,Knights v Sharks,10,home,324,324,season median ~ 33,Value is 9.82x the season median
team,2016,tackles_made,Tackles Made,order_of_magnitude_high,Knights v Titans,24,away,290,290,season median ~ 33,Value is 8.79x the season median
team,2016,tackles_made,Tackles Made,order_of_magnitude_high,Knights v Titans,24,home,382,382,season median ~ 33,Value is 11.58x the season median
team,2016,tackles_made,Tackles Made,order_of_magnitude_high,Knights v Warriors,14,away,216,216,season median ~ 33,Value is 6.55x the season median
team,2016,tackles_made,Tackles Made,order_of_magnitude_high,Knights v Warriors,14,home,343,343,season median ~ 33,Value is 10.39x the season median
team,2016,tackles_made,Tackles Made,order_of_magnitude_high,Knights v Wests Tigers,6,away,329,329,season median ~ 33,Value is 9.97x the season median
team,2016,tackles_made,Tackles Made,order_of_magnitude_high,Knights v Wests Tigers,6,home,336,336,season median ~ 33,Value is 10.18x the season median
team,2016,tackles_made,Tackles Made,order_of_magnitude_high,Rabbitohs v Titans,13,away,338,338,season median ~ 33,Value is 10.24x the season median
team,2016,tackles_made,Tackles Made,order_of_magnitude_high,Rabbitohs v Titans,13,home,381,381,season median ~ 33,Value is 11.55x the season median
team,2016,tackles_made,Tackles Made,order_of_magnitude_high,Raiders v Roosters,2,away,268,268,season median ~ 33,Value is 8.12x the season median
team,2016,tackles_made,Tackles Made,order_of_magnitude_high,Raiders v Roosters,2,home,327,327,season median ~ 33,Value is 9.91x the season median
team,2016,tackles_made,Tackles Made,order_of_magnitude_high,Raiders v Sharks,7,away,288,288,season median ~ 33,Value is 8.73x the season median
team,2016,tackles_made,Tackles Made,order_of_magnitude_high,Raiders v Sharks,27,away,360,360,season median ~ 33,Value is 10.91x the season median
team,2016,tackles_made,Tackles Made,order_of_magnitude_high,Raiders v Sharks,7,home,315,315,season median ~ 33,Value is 9.55x the season median
team,2016,tackles_made,Tackles Made,order_of_magnitude_high,Raiders v Sharks,27,home,287,287,season median ~ 33,Value is 8.70x the season median
team,2016,tackles_made,Tackles Made,order_of_magnitude_high,Raiders v Storm,23,away,348,348,season median ~ 33,Value is 10.55x the season median
team,2016,tackles_made,Tackles Made,order_of_magnitude_high,Raiders v Storm,23,home,323,323,season median ~ 33,Value is 9.79x the season median
team,2016,tackles_made,Tackles Made,order_of_magnitude_high,Sea Eagles v Dragons,17,away,394,394,season median ~ 33,Value is 11.94x the season median
team,2016,tackles_made,Tackles Made,order_of_magnitude_high,Sea Eagles v Dragons,17,home,279,279,season median ~ 33,Value is 8.45x the season median
team,2016,tackles_made,Tackles Made,order_of_magnitude_high,Sea Eagles v Knights,21,away,359,359,season median ~ 33,Value is 10.88x the season median
team,2016,tackles_made,Tackles Made,order_of_magnitude_high,Sea Eagles v Knights,21,home,237,237,season median ~ 33,Value is 7.18x the season median
team,2016,tackles_made,Tackles Made,order_of_magnitude_high,Sea Eagles v Sharks,3,away,310,310,season median ~ 33,Value is 9.39x the season median
team,2016,tackles_made,Tackles Made,order_of_magnitude_high,Sea Eagles v Sharks,3,home,361,361,season median ~ 33,Value is 10.94x the season median
team,2016,tackles_made,Tackles Made,order_of_magnitude_high,Sea Eagles v Warriors,19,away,391,391,season median ~ 33,Value is 11.85x the season median
team,2016,tackles_made,Tackles Made,order_of_magnitude_high,Sea Eagles v Warriors,19,home,328,328,season median ~ 33,Value is 9.94x the season median
team,2016,tackles_made,Tackles Made,order_of_magnitude_high,Sharks v Broncos,9,away,281,281,season median ~ 33,Value is 8.52x the season median
team,2016,tackles_made,Tackles Made,order_of_magnitude_high,Sharks v Broncos,9,home,265,265,season median ~ 33,Value is 8.03x the season median
team,2016,tackles_made,Tackles Made,order_of_magnitude_high,Sharks v Cowboys,14,away,334,334,season median ~ 33,Value is 10.12x the season median
team,2016,tackles_made,Tackles Made,order_of_magnitude_high,Sharks v Cowboys,29,away,309,309,season median ~ 33,Value is 9.36x the season median
team,2016,tackles_made,Tackles Made,order_of_magnitude_high,Sharks v Cowboys,14,home,306,306,season median ~ 33,Value is 9.27x the season median
team,2016,tackles_made,Tackles Made,order_of_magnitude_high,Sharks v Cowboys,29,home,258,258,season median ~ 33,Value is 7.82x the season median
team,2016,tackles_made,Tackles Made,order_of_magnitude_high,Sharks v Dragons,2,away,351,351,season median ~ 33,Value is 10.64x the season median
team,2016,tackles_made,Tackles Made,order_of_magnitude_high,Sharks v Dragons,2,home,236,236,season median ~ 33,Value is 7.15x the season median
team,2016,tackles_made,Tackles Made,order_of_magnitude_high,Sharks v Knights,20,away,292,292,season median ~ 33,Value is 8.85x the season median
team,2016,tackles_made,Tackles Made,order_of_magnitude_high,Sharks v Knights,20,home,272,272,season median ~ 33,Value is 8.24x the season median
team,2016,tackles_made,Tackles Made,order_of_magnitude_high,Sharks v Sea Eagles,11,away,330,330,season median ~ 33,Value is 10.00x the season median
team,2016,tackles_made,Tackles Made,order_of_magnitude_high,Sharks v Sea Eagles,11,home,304,304,season median ~ 33,Value is 9.21x the season median
team,2016,tackles_made,Tackles Made,order_of_magnitude_high,Sharks v Titans,6,away,270,270,season median ~ 33,Value is 8.18x the season median
team,2016,tackles_made,Tackles Made,order_of_magnitude_high,Sharks v Titans,6,home,300,300,season median ~ 33,Value is 9.09x the season median
team,2016,tackles_made,Tackles Made,order_of_magnitude_high,Sharks v Warriors,16,away,352,352,season median ~ 33,Value is 10.67x the season median
team,2016,tackles_made,Tackles Made,order_of_magnitude_high,Sharks v Warriors,16,home,375,375,season median ~ 33,Value is 11.36x the season median
team,2016,tackles_made,Tackles Made,order_of_magnitude_high,Storm v Bulldogs,6,away,352,352,season median ~ 33,Value is 10.67x the season median
team,2016,tackles_made,Tackles Made,order_of_magnitude_high,Storm v Bulldogs,6,home,390,390,season median ~ 33,Value is 11.82x the season median
team,2016,tackles_made,Tackles Made,order_of_magnitude_high,Storm v Panthers,13,away,368,368,season median ~ 33,Value is 11.15x the season median
team,2016,tackles_made,Tackles Made,order_of_magnitude_high,Storm v Panthers,13,home,324,324,season median ~ 33,Value is 9.82x the season median
team,2016,tackles_made,Tackles Made,order_of_magnitude_high,Storm v Sharks,26,away,329,329,season median ~ 33,Value is 9.97x the season median
team,2016,tackles_made,Tackles Made,order_of_magnitude_high,Storm v Sharks,26,home,342,342,season median ~ 33,Value is 10.36x the season median
team,2016,tackles_made,Tackles Made,order_of_magnitude_high,Storm v Warriors,8,away,365,365,season median ~ 33,Value is 11.06x the season median
team,2016,tackles_made,Tackles Made,order_of_magnitude_high,Storm v Warriors,8,home,298,298,season median ~ 33,Value is 9.03x the season median
team,2016,tackles_made,Tackles Made,order_of_magnitude_high,Titans v Broncos,5,away,332,332,season median ~ 33,Value is 10.06x the season median
team,2016,tackles_made,Tackles Made,order_of_magnitude_high,Titans v Broncos,5,home,339,339,season median ~ 33,Value is 10.27x the season median
team,2016,tackles_made,Tackles Made,order_of_magnitude_high,Titans v Dragons,7,away,375,375,season median ~ 33,Value is 11.36x the season median
team,2016,tackles_made,Tackles Made,order_of_magnitude_high,Titans v Dragons,7,home,336,336,season median ~ 33,Value is 10.18x the season median
team,2016,tackles_made,Tackles Made,order_of_magnitude_high,Titans v Sea Eagles,15,away,348,348,season median ~ 33,Value is 10.55x the season median
team,2016,tackles_made,Tackles Made,order_of_magnitude_high,Titans v Sea Eagles,15,home,336,336,season median ~ 33,Value is 10.18x the season median
team,2016,tackles_made,Tackles Made,order_of_magnitude_high,Titans v Sharks,21,away,363,363,season median ~ 33,Value is 11.00x the season median
team,2016,tackles_made,Tackles Made,order_of_magnitude_high,Titans v Sharks,21,home,369,369,season median ~ 33,Value is 11.18x the season median
team,2016,tackles_made,Tackles Made,order_of_magnitude_high,Titans v Storm,9,away,279,279,season median ~ 33,Value is 8.45x the season median
team,2016,tackles_made,Tackles Made,order_of_magnitude_high,Titans v Storm,9,home,333,333,season median ~ 33,Value is 10.09x the season median
team,2016,tackles_made,Tackles Made,order_of_magnitude_high,Titans v Warriors,22,away,320,320,season median ~ 33,Value is 9.70x the season median
team,2016,tackles_made,Tackles Made,order_of_magnitude_high,Titans v Warriors,22,home,292,292,season median ~ 33,Value is 8.85x the season median
team,2016,tackles_made,Tackles Made,order_of_magnitude_high,Titans v Wests Tigers,3,away,330,330,season median ~ 33,Value is 10.00x the season median
team,2016,tackles_made,Tackles Made,order_of_magnitude_high,Titans v Wests Tigers,3,home,287,287,season median ~ 33,Value is 8.70x the season median
team,2016,tackles_made,Tackles Made,order_of_magnitude_high,Warriors v Broncos,13,away,282,282,season median ~ 33,Value is 8.55x the season median
team,2016,tackles_made,Tackles Made,order_of_magnitude_high,Warriors v Broncos,13,home,251,251,season median ~ 33,Value is 7.61x the season median
team,2016,tackles_made,Tackles Made,order_of_magnitude_high,Warriors v Dragons,9,away,318,318,season median ~ 33,Value is 9.64x the season median
team,2016,tackles_made,Tackles Made,order_of_magnitude_high,Warriors v Dragons,9,home,289,289,season median ~ 33,Value is 8.76x the season median
team,2016,tackles_made,Tackles Made,order_of_magnitude_high,Warriors v Eels,26,away,266,266,season median ~ 33,Value is 8.06x the season median
team,2016,tackles_made,Tackles Made,order_of_magnitude_high,Warriors v Eels,26,home,322,322,season median ~ 33,Value is 9.76x the season median
team,2016,tackles_made,Tackles Made,order_of_magnitude_high,Warriors v Knights,4,away,328,328,season median ~ 33,Value is 9.94x the season median
team,2016,tackles_made,Tackles Made,order_of_magnitude_high,Warriors v Knights,4,home,210,210,season median ~ 33,Value is 6.36x the season median
team,2016,tackles_made,Tackles Made,order_of_magnitude_high,Warriors v Panthers,21,away,392,392,season median ~ 33,Value is 11.88x the season median
team,2016,tackles_made,Tackles Made,order_of_magnitude_high,Warriors v Panthers,21,home,336,336,season median ~ 33,Value is 10.18x the season median
team,2016,tackles_made,Tackles Made,order_of_magnitude_high,Warriors v Sea Eagles,6,away,276,276,season median ~ 33,Value is 8.36x the season median
team,2016,tackles_made,Tackles Made,order_of_magnitude_high,Warriors v Sea Eagles,6,home,308,308,season median ~ 33,Value is 9.33x the season median
team,2016,tackles_made,Tackles Made,order_of_magnitude_high,Warriors v Titans,17,away,310,310,season median ~ 33,Value is 9.39x the season median
team,2016,tackles_made,Tackles Made,order_of_magnitude_high,Warriors v Titans,17,home,320,320,season median ~ 33,Value is 9.70x the season median
team,2016,tackles_made,Tackles Made,order_of_magnitude_high,Wests Tigers v Cowboys,22,away,358,358,season median ~ 33,Value is 10.85x the season median
team,2016,tackles_made,Tackles Made,order_of_magnitude_high,Wests Tigers v Cowboys,22,home,319,319,season median ~ 33,Value is 9.67x the season median
team,2016,tackles_made,Tackles Made,order_of_magnitude_high,Wests Tigers v Knights,11,away,343,343,season median ~ 33,Value is 10.39x the season median
team,2016,tackles_made,Tackles Made,order_of_magnitude_high,Wests Tigers v Knights,11,home,316,316,season median ~ 33,Value is 9.58x the season median
team,2016,tackles_made,Tackles Made,order_of_magnitude_high,Wests Tigers v Titans,23,away,342,342,season median ~ 33,Value is 10.36x the season median
team,2016,tackles_made,Tackles Made,order_of_magnitude_high,Wests Tigers v Titans,23,home,287,287,season median ~ 33,Value is 8.70x the season median
team,2016,tackles_made,Tackles Made,order_of_magnitude_high,Wests Tigers v Warriors,1,away,311,311,season median ~ 33,Value is 9.42x the season median
team,2016,tackles_made,Tackles Made,order_of_magnitude_high,Wests Tigers v Warriors,1,home,290,290,season median ~ 33,Value is 8.79x the season median
team,2016,total_passes,Total Passes,order_of_magnitude_high,Broncos v Bulldogs,24,away,216,216,season median ~ 26,Value is 8.31x the season median
team,2016,total_passes,Total Passes,order_of_magnitude_high,Broncos v Bulldogs,24,home,222,222,season median ~ 26,Value is 8.54x the season median
team,2016,total_passes,Total Passes,order_of_magnitude_high,Broncos v Cowboys,4,away,233,233,season median ~ 26,Value is 8.96x the season median
team,2016,total_passes,Total Passes,order_of_magnitude_high,Broncos v Cowboys,4,home,204,204,season median ~ 26,Value is 7.85x the season median
team,2016,total_passes,Total Passes,order_of_magnitude_high,Broncos v Dragons,6,away,225,225,season median ~ 26,Value is 8.65x the season median
team,2016,total_passes,Total Passes,order_of_magnitude_high,Broncos v Dragons,6,home,236,236,season median ~ 26,Value is 9.08x the season median
team,2016,total_passes,Total Passes,order_of_magnitude_high,Broncos v Knights,7,away,146,146,season median ~ 26,Value is 5.62x the season median
team,2016,total_passes,Total Passes,order_of_magnitude_high,Broncos v Knights,7,home,223,223,season median ~ 26,Value is 8.58x the season median
team,2016,total_passes,Total Passes,order_of_magnitude_high,Broncos v Titans,27,away,158,158,season median ~ 26,Value is 6.08x the season median
team,2016,total_passes,Total Passes,order_of_magnitude_high,Broncos v Titans,27,home,190,190,season median ~ 26,Value is 7.31x the season median
team,2016,total_passes,Total Passes,order_of_magnitude_high,Broncos v Warriors,2,away,200,200,season median ~ 26,Value is 7.69x the season median
team,2016,total_passes,Total Passes,order_of_magnitude_high,Broncos v Warriors,2,home,218,218,season median ~ 26,Value is 8.38x the season median
team,2016,total_passes,Total Passes,order_of_magnitude_high,Broncos v Wests Tigers,12,away,246,246,season median ~ 26,Value is 9.46x the season median
team,2016,total_passes,Total Passes,order_of_magnitude_high,Broncos v Wests Tigers,12,home,207,207,season median ~ 26,Value is 7.96x the season median
team,2016,total_passes,Total Passes,order_of_magnitude_high,Bulldogs v Broncos,16,away,180,180,season median ~ 26,Value is 6.92x the season median
team,2016,total_passes,Total Passes,order_of_magnitude_high,Bulldogs v Broncos,16,home,236,236,season median ~ 26,Value is 9.08x the season median
team,2016,total_passes,Total Passes,order_of_magnitude_high,Bulldogs v Cowboys,25,away,256,256,season median ~ 26,Value is 9.85x the season median
team,2016,total_passes,Total Passes,order_of_magnitude_high,Bulldogs v Cowboys,25,home,166,166,season median ~ 26,Value is 6.38x the season median
team,2016,total_passes,Total Passes,order_of_magnitude_high,Bulldogs v Sea Eagles,23,away,249,249,season median ~ 26,Value is 9.58x the season median
team,2016,total_passes,Total Passes,order_of_magnitude_high,Bulldogs v Sea Eagles,23,home,244,244,season median ~ 26,Value is 9.38x the season median
team,2016,total_passes,Total Passes,order_of_magnitude_high,Bulldogs v Warriors,7,away,212,212,season median ~ 26,Value is 8.15x the season median
team,2016,total_passes,Total Passes,order_of_magnitude_high,Bulldogs v Warriors,7,home,225,225,season median ~ 26,Value is 8.65x the season median
team,2016,total_passes,Total Passes,order_of_magnitude_high,Cowboys v Broncos,11,away,184,184,season median ~ 26,Value is 7.08x the season median
team,2016,total_passes,Total Passes,order_of_magnitude_high,Cowboys v Broncos,28,away,175,175,season median ~ 26,Value is 6.73x the season median
team,2016,total_passes,Total Passes,order_of_magnitude_high,Cowboys v Broncos,11,home,249,249,season median ~ 26,Value is 9.58x the season median
team,2016,total_passes,Total Passes,order_of_magnitude_high,Cowboys v Broncos,28,home,287,287,season median ~ 26,Value is 11.04x the season median
team,2016,total_passes,Total Passes,order_of_magnitude_high,Cowboys v Bulldogs,20,away,173,173,season median ~ 26,Value is 6.65x the season median
team,2016,total_passes,Total Passes,order_of_magnitude_high,Cowboys v Bulldogs,20,home,261,261,season median ~ 26,Value is 10.04x the season median
team,2016,total_passes,Total Passes,order_of_magnitude_high,Cowboys v Dragons,5,away,166,166,season median ~ 26,Value is 6.38x the season median
team,2016,total_passes,Total Passes,order_of_magnitude_high,Cowboys v Dragons,5,home,267,267,season median ~ 26,Value is 10.27x the season median
team,2016,total_passes,Total Passes,order_of_magnitude_high,Cowboys v Knights,13,away,185,185,season median ~ 26,Value is 7.12x the season median
team,2016,total_passes,Total Passes,order_of_magnitude_high,Cowboys v Knights,13,home,264,264,season median ~ 26,Value is 10.15x the season median
team,2016,total_passes,Total Passes,order_of_magnitude_high,Cowboys v Sea Eagles,16,away,179,179,season median ~ 26,Value is 6.88x the season median
team,2016,total_passes,Total Passes,order_of_magnitude_high,Cowboys v Sea Eagles,16,home,255,255,season median ~ 26,Value is 9.81x the season median
team,2016,total_passes,Total Passes,order_of_magnitude_high,Cowboys v Sharks,1,away,195,195,season median ~ 26,Value is 7.50x the season median
team,2016,total_passes,Total Passes,order_of_magnitude_high,Cowboys v Sharks,1,home,246,246,season median ~ 26,Value is 9.46x the season median
team,2016,total_passes,Total Passes,order_of_magnitude_high,Cowboys v Titans,26,away,196,196,season median ~ 26,Value is 7.54x the season median
team,2016,total_passes,Total Passes,order_of_magnitude_high,Cowboys v Titans,26,home,246,246,season median ~ 26,Value is 9.46x the season median
team,2016,total_passes,Total Passes,order_of_magnitude_high,Cowboys v Warriors,24,away,170,170,season median ~ 26,Value is 6.54x the season median
team,2016,total_passes,Total Passes,order_of_magnitude_high,Cowboys v Warriors,24,home,275,275,season median ~ 26,Value is 10.58x the season median
team,2016,total_passes,Total Passes,order_of_magnitude_high,Dragons v Broncos,22,away,235,235,season median ~ 26,Value is 9.04x the season median
team,2016,total_passes,Total Passes,order_of_magnitude_high,Dragons v Broncos,22,home,295,295,season median ~ 26,Value is 11.35x the season median
team,2016,total_passes,Total Passes,order_of_magnitude_high,Dragons v Cowboys,12,away,268,268,season median ~ 26,Value is 10.31x the season median
team,2016,total_passes,Total Passes,order_of_magnitude_high,Dragons v Cowboys,12,home,210,210,season median ~ 26,Value is 8.08x the season median
team,2016,total_passes,Total Passes,order_of_magnitude_high,Dragons v Knights,26,away,168,168,season median ~ 26,Value is 6.46x the season median
team,2016,total_passes,Total Passes,order_of_magnitude_high,Dragons v Knights,26,home,200,200,season median ~ 26,Value is 7.69x the season median
team,2016,total_passes,Total Passes,order_of_magnitude_high,Dragons v Raiders,10,away,194,194,season median ~ 26,Value is 7.46x the season median
team,2016,total_passes,Total Passes,order_of_magnitude_high,Dragons v Raiders,10,home,259,259,season median ~ 26,Value is 9.96x the season median
team,2016,total_passes,Total Passes,order_of_magnitude_high,Dragons v Sharks,23,away,199,199,season median ~ 26,Value is 7.65x the season median
team,2016,total_passes,Total Passes,order_of_magnitude_high,Dragons v Sharks,23,home,229,229,season median ~ 26,Value is 8.81x the season median
team,2016,total_passes,Total Passes,order_of_magnitude_high,Dragons v Storm,15,away,207,207,season median ~ 26,Value is 7.96x the season median
team,2016,total_passes,Total Passes,order_of_magnitude_high,Dragons v Storm,15,home,243,243,season median ~ 26,Value is 9.35x the season median
team,2016,total_passes,Total Passes,order_of_magnitude_high,Dragons v Titans,19,away,223,223,season median ~ 26,Value is 8.58x the season median
team,2016,total_passes,Total Passes,order_of_magnitude_high,Dragons v Titans,19,home,258,258,season median ~ 26,Value is 9.92x the season median
team,2016,total_passes,Total Passes,order_of_magnitude_high,Dragons v Wests Tigers,20,away,191,191,season median ~ 26,Value is 7.35x the season median
team,2016,total_passes,Total Passes,order_of_magnitude_high,Dragons v Wests Tigers,20,home,256,256,season median ~ 26,Value is 9.85x the season median
team,2016,total_passes,Total Passes,order_of_magnitude_high,Knights v Dragons,16,away,206,206,season median ~ 26,Value is 7.92x the season median
team,2016,total_passes,Total Passes,order_of_magnitude_high,Knights v Dragons,16,home,244,244,season median ~ 26,Value is 9.38x the season median
team,2016,total_passes,Total Passes,order_of_magnitude_high,Knights v Eels,12,away,203,203,season median ~ 26,Value is 7.81x the season median
team,2016,total_passes,Total Passes,order_of_magnitude_high,Knights v Eels,12,home,208,208,season median ~ 26,Value is 8.00x the season median
team,2016,total_passes,Total Passes,order_of_magnitude_high,Knights v Sea Eagles,8,away,231,231,season median ~ 26,Value is 8.88x the season median
team,2016,total_passes,Total Passes,order_of_magnitude_high,Knights v Sea Eagles,8,home,200,200,season median ~ 26,Value is 7.69x the season median
team,2016,total_passes,Total Passes,order_of_magnitude_high,Knights v Sharks,10,away,219,219,season median ~ 26,Value is 8.42x the season median
team,2016,total_passes,Total Passes,order_of_magnitude_high,Knights v Sharks,10,home,185,185,season median ~ 26,Value is 7.12x the season median
team,2016,total_passes,Total Passes,order_of_magnitude_high,Knights v Titans,24,away,235,235,season median ~ 26,Value is 9.04x the season median
team,2016,total_passes,Total Passes,order_of_magnitude_high,Knights v Titans,24,home,207,207,season median ~ 26,Value is 7.96x the season median
team,2016,total_passes,Total Passes,order_of_magnitude_high,Knights v Warriors,14,away,245,245,season median ~ 26,Value is 9.42x the season median
team,2016,total_passes,Total Passes,order_of_magnitude_high,Knights v Warriors,14,home,169,169,season median ~ 26,Value is 6.50x the season median
team,2016,total_passes,Total Passes,order_of_magnitude_high,Knights v Wests Tigers,6,away,228,228,season median ~ 26,Value is 8.77x the season median
team,2016,total_passes,Total Passes,order_of_magnitude_high,Knights v Wests Tigers,6,home,176,176,season median ~ 26,Value is 6.77x the season median
team,2016,total_passes,Total Passes,order_of_magnitude_high,Raiders v Sharks,7,away,206,206,season median ~ 26,Value is 7.92x the season median
team,2016,total_passes,Total Passes,order_of_magnitude_high,Raiders v Sharks,27,away,191,191,season median ~ 26,Value is 7.35x the season median
team,2016,total_passes,Total Passes,order_of_magnitude_high,Raiders v Sharks,7,home,180,180,season median ~ 26,Value is 6.92x the season median
team,2016,total_passes,Total Passes,order_of_magnitude_high,Raiders v Sharks,27,home,189,189,season median ~ 26,Value is 7.27x the season median
team,2016,total_passes,Total Passes,order_of_magnitude_high,Sea Eagles v Broncos,10,away,212,212,season median ~ 26,Value is 8.15x the season median
team,2016,total_passes,Total Passes,order_of_magnitude_high,Sea Eagles v Broncos,10,home,186,186,season median ~ 26,Value is 7.15x the season median
team,2016,total_passes,Total Passes,order_of_magnitude_high,Sea Eagles v Dragons,17,away,172,172,season median ~ 26,Value is 6.62x the season median
team,2016,total_passes,Total Passes,order_of_magnitude_high,Sea Eagles v Dragons,17,home,254,254,season median ~ 26,Value is 9.77x the season median
team,2016,total_passes,Total Passes,order_of_magnitude_high,Sea Eagles v Knights,21,away,197,197,season median ~ 26,Value is 7.58x the season median
team,2016,total_passes,Total Passes,order_of_magnitude_high,Sea Eagles v Knights,21,home,255,255,season median ~ 26,Value is 9.81x the season median
team,2016,total_passes,Total Passes,order_of_magnitude_high,Sea Eagles v Sharks,3,away,244,244,season median ~ 26,Value is 9.38x the season median
team,2016,total_passes,Total Passes,order_of_magnitude_high,Sea Eagles v Sharks,3,home,205,205,season median ~ 26,Value is 7.88x the season median
team,2016,total_passes,Total Passes,order_of_magnitude_high,Sea Eagles v Storm,24,away,239,239,season median ~ 26,Value is 9.19x the season median
team,2016,total_passes,Total Passes,order_of_magnitude_high,Sea Eagles v Storm,24,home,171,171,season median ~ 26,Value is 6.58x the season median
team,2016,total_passes,Total Passes,order_of_magnitude_high,Sea Eagles v Warriors,19,away,223,223,season median ~ 26,Value is 8.58x the season median
team,2016,total_passes,Total Passes,order_of_magnitude_high,Sea Eagles v Warriors,19,home,210,210,season median ~ 26,Value is 8.08x the season median
team,2016,total_passes,Total Passes,order_of_magnitude_high,Sharks v Broncos,9,away,181,181,season median ~ 26,Value is 6.96x the season median
team,2016,total_passes,Total Passes,order_of_magnitude_high,Sharks v Broncos,9,home,209,209,season median ~ 26,Value is 8.04x the season median
team,2016,total_passes,Total Passes,order_of_magnitude_high,Sharks v Cowboys,14,away,203,203,season median ~ 26,Value is 7.81x the season median
team,2016,total_passes,Total Passes,order_of_magnitude_high,Sharks v Cowboys,29,away,195,195,season median ~ 26,Value is 7.50x the season median
team,2016,total_passes,Total Passes,order_of_magnitude_high,Sharks v Cowboys,14,home,212,212,season median ~ 26,Value is 8.15x the season median
team,2016,total_passes,Total Passes,order_of_magnitude_high,Sharks v Cowboys,29,home,221,221,season median ~ 26,Value is 8.50x the season median
team,2016,total_passes,Total Passes,order_of_magnitude_high,Sharks v Dragons,2,away,152,152,season median ~ 26,Value is 5.85x the season median
team,2016,total_passes,Total Passes,order_of_magnitude_high,Sharks v Dragons,2,home,218,218,season median ~ 26,Value is 8.38x the season median
team,2016,total_passes,Total Passes,order_of_magnitude_high,Sharks v Knights,20,away,213,213,season median ~ 26,Value is 8.19x the season median
team,2016,total_passes,Total Passes,order_of_magnitude_high,Sharks v Knights,20,home,225,225,season median ~ 26,Value is 8.65x the season median
team,2016,total_passes,Total Passes,order_of_magnitude_high,Sharks v Sea Eagles,11,away,205,205,season median ~ 26,Value is 7.88x the season median
team,2016,total_passes,Total Passes,order_of_magnitude_high,Sharks v Sea Eagles,11,home,177,177,season median ~ 26,Value is 6.81x the season median
team,2016,total_passes,Total Passes,order_of_magnitude_high,Sharks v Titans,6,away,212,212,season median ~ 26,Value is 8.15x the season median
team,2016,total_passes,Total Passes,order_of_magnitude_high,Sharks v Titans,6,home,185,185,season median ~ 26,Value is 7.12x the season median
team,2016,total_passes,Total Passes,order_of_magnitude_high,Sharks v Warriors,16,away,257,257,season median ~ 26,Value is 9.88x the season median
team,2016,total_passes,Total Passes,order_of_magnitude_high,Sharks v Warriors,16,home,229,229,season median ~ 26,Value is 8.81x the season median
team,2016,total_passes,Total Passes,order_of_magnitude_high,Storm v Cowboys,27,away,241,241,season median ~ 26,Value is 9.27x the season median
team,2016,total_passes,Total Passes,order_of_magnitude_high,Storm v Cowboys,27,home,190,190,season median ~ 26,Value is 7.31x the season median
team,2016,total_passes,Total Passes,order_of_magnitude_high,Storm v Sharks,26,away,260,260,season median ~ 26,Value is 10.00x the season median
team,2016,total_passes,Total Passes,order_of_magnitude_high,Storm v Sharks,26,home,187,187,season median ~ 26,Value is 7.19x the season median
team,2016,total_passes,Total Passes,order_of_magnitude_high,Storm v Titans,2,away,218,218,season median ~ 26,Value is 8.38x the season median
team,2016,total_passes,Total Passes,order_of_magnitude_high,Storm v Titans,2,home,219,219,season median ~ 26,Value is 8.42x the season median
team,2016,total_passes,Total Passes,order_of_magnitude_high,Storm v Warriors,8,away,202,202,season median ~ 26,Value is 7.77x the season median
team,2016,total_passes,Total Passes,order_of_magnitude_high,Storm v Warriors,8,home,247,247,season median ~ 26,Value is 9.50x the season median
team,2016,total_passes,Total Passes,order_of_magnitude_high,Titans v Broncos,5,away,207,207,season median ~ 26,Value is 7.96x the season median
team,2016,total_passes,Total Passes,order_of_magnitude_high,Titans v Broncos,5,home,173,173,season median ~ 26,Value is 6.65x the season median
team,2016,total_passes,Total Passes,order_of_magnitude_high,Titans v Dragons,7,away,213,213,season median ~ 26,Value is 8.19x the season median
team,2016,total_passes,Total Passes,order_of_magnitude_high,Titans v Dragons,7,home,257,257,season median ~ 26,Value is 9.88x the season median
team,2016,total_passes,Total Passes,order_of_magnitude_high,Titans v Knights,1,away,194,194,season median ~ 26,Value is 7.46x the season median
team,2016,total_passes,Total Passes,order_of_magnitude_high,Titans v Knights,1,home,216,216,season median ~ 26,Value is 8.31x the season median
team,2016,total_passes,Total Passes,order_of_magnitude_high,Titans v Sea Eagles,15,away,193,193,season median ~ 26,Value is 7.42x the season median
team,2016,total_passes,Total Passes,order_of_magnitude_high,Titans v Sea Eagles,15,home,216,216,season median ~ 26,Value is 8.31x the season median
team,2016,total_passes,Total Passes,order_of_magnitude_high,Titans v Sharks,21,away,261,261,season median ~ 26,Value is 10.04x the season median
team,2016,total_passes,Total Passes,order_of_magnitude_high,Titans v Sharks,21,home,206,206,season median ~ 26,Value is 7.92x the season median
team,2016,total_passes,Total Passes,order_of_magnitude_high,Titans v Warriors,22,away,212,212,season median ~ 26,Value is 8.15x the season median
team,2016,total_passes,Total Passes,order_of_magnitude_high,Titans v Warriors,22,home,227,227,season median ~ 26,Value is 8.73x the season median
team,2016,total_passes,Total Passes,order_of_magnitude_high,Titans v Wests Tigers,3,away,192,192,season median ~ 26,Value is 7.38x the season median
team,2016,total_passes,Total Passes,order_of_magnitude_high,Titans v Wests Tigers,3,home,228,228,season median ~ 26,Value is 8.77x the season median
team,2016,total_passes,Total Passes,order_of_magnitude_high,Warriors v Broncos,13,away,173,173,season median ~ 26,Value is 6.65x the season median
team,2016,total_passes,Total Passes,order_of_magnitude_high,Warriors v Broncos,13,home,212,212,season median ~ 26,Value is 8.15x the season median
team,2016,total_passes,Total Passes,order_of_magnitude_high,Warriors v Dragons,9,away,208,208,season median ~ 26,Value is 8.00x the season median
team,2016,total_passes,Total Passes,order_of_magnitude_high,Warriors v Dragons,9,home,204,204,season median ~ 26,Value is 7.85x the season median
team,2016,total_passes,Total Passes,order_of_magnitude_high,Warriors v Eels,26,away,221,221,season median ~ 26,Value is 8.50x the season median
team,2016,total_passes,Total Passes,order_of_magnitude_high,Warriors v Eels,26,home,163,163,season median ~ 26,Value is 6.27x the season median
team,2016,total_passes,Total Passes,order_of_magnitude_high,Warriors v Knights,4,away,151,151,season median ~ 26,Value is 5.81x the season median
team,2016,total_passes,Total Passes,order_of_magnitude_high,Warriors v Knights,4,home,246,246,season median ~ 26,Value is 9.46x the season median
team,2016,total_passes,Total Passes,order_of_magnitude_high,Warriors v Sea Eagles,6,away,193,193,season median ~ 26,Value is 7.42x the season median
team,2016,total_passes,Total Passes,order_of_magnitude_high,Warriors v Sea Eagles,6,home,183,183,season median ~ 26,Value is 7.04x the season median
team,2016,total_passes,Total Passes,order_of_magnitude_high,Warriors v Titans,17,away,186,186,season median ~ 26,Value is 7.15x the season median
team,2016,total_passes,Total Passes,order_of_magnitude_high,Warriors v Titans,17,home,216,216,season median ~ 26,Value is 8.31x the season median
team,2016,total_passes,Total Passes,order_of_magnitude_high,Warriors v Wests Tigers,25,away,186,186,season median ~ 26,Value is 7.15x the season median
team,2016,total_passes,Total Passes,order_of_magnitude_high,Warriors v Wests Tigers,25,home,185,185,season median ~ 26,Value is 7.12x the season median
team,2016,total_passes,Total Passes,order_of_magnitude_high,Wests Tigers v Cowboys,22,away,227,227,season median ~ 26,Value is 8.73x the season median
team,2016,total_passes,Total Passes,order_of_magnitude_high,Wests Tigers v Cowboys,22,home,229,229,season median ~ 26,Value is 8.81x the season median
team,2016,total_passes,Total Passes,order_of_magnitude_high,Wests Tigers v Knights,11,away,198,198,season median ~ 26,Value is 7.62x the season median
team,2016,total_passes,Total Passes,order_of_magnitude_high,Wests Tigers v Knights,11,home,211,211,season median ~ 26,Value is 8.12x the season median
team,2016,total_passes,Total Passes,order_of_magnitude_high,Wests Tigers v Raiders,26,away,173,173,season median ~ 26,Value is 6.65x the season median
team,2016,total_passes,Total Passes,order_of_magnitude_high,Wests Tigers v Raiders,26,home,144,144,season median ~ 26,Value is 5.54x the season median
team,2016,total_passes,Total Passes,order_of_magnitude_high,Wests Tigers v Sea Eagles,2,away,157,157,season median ~ 26,Value is 6.04x the season median
team,2016,total_passes,Total Passes,order_of_magnitude_high,Wests Tigers v Sea Eagles,2,home,204,204,season median ~ 26,Value is 7.85x the season median
team,2016,total_passes,Total Passes,order_of_magnitude_high,Wests Tigers v Titans,23,away,180,180,season median ~ 26,Value is 6.92x the season median
team,2016,total_passes,Total Passes,order_of_magnitude_high,Wests Tigers v Titans,23,home,198,198,season median ~ 26,Value is 7.62x the season median
team,2016,total_passes,Total Passes,order_of_magnitude_high,Wests Tigers v Warriors,1,away,181,181,season median ~ 26,Value is 6.96x the season median
team,2016,total_passes,Total Passes,order_of_magnitude_high,Wests Tigers v Warriors,1,home,193,193,season median ~ 26,Value is 7.42x the season median
team,2017,missed_tackles,Missed Tackles,order_of_magnitude_high,Broncos v Cowboys,2,away,356,356,season median ~ 14,Value is 25.43x the season median
team,2017,missed_tackles,Missed Tackles,order_of_magnitude_high,Broncos v Cowboys,2,home,378,378,season median ~ 14,Value is 27.00x the season median
team,2017,missed_tackles,Missed Tackles,order_of_magnitude_high,Cowboys v Sea Eagles,3,away,293,293,season median ~ 14,Value is 20.93x the season median
team,2017,missed_tackles,Missed Tackles,order_of_magnitude_high,Cowboys v Sea Eagles,3,home,274,274,season median ~ 14,Value is 19.57x the season median
team,2017,missed_tackles,Missed Tackles,order_of_magnitude_high,Cowboys v Storm,22,away,323,323,season median ~ 14,Value is 23.07x the season median
team,2017,missed_tackles,Missed Tackles,order_of_magnitude_high,Cowboys v Storm,22,home,304,304,season median ~ 14,Value is 21.71x the season median
team,2017,missed_tackles,Missed Tackles,order_of_magnitude_high,Dragons v Sea Eagles,20,away,300,300,season median ~ 14,Value is 21.43x the season median
team,2017,missed_tackles,Missed Tackles,order_of_magnitude_high,Dragons v Sea Eagles,20,home,262,262,season median ~ 14,Value is 18.71x the season median
team,2017,missed_tackles,Missed Tackles,order_of_magnitude_high,Knights v Titans,2,away,264,264,season median ~ 14,Value is 18.86x the season median
team,2017,missed_tackles,Missed Tackles,order_of_magnitude_high,Knights v Titans,2,home,284,284,season median ~ 14,Value is 20.29x the season median
team,2017,missed_tackles,Missed Tackles,order_of_magnitude_high,Sea Eagles v Knights,14,away,341,341,season median ~ 14,Value is 24.36x the season median
team,2017,missed_tackles,Missed Tackles,order_of_magnitude_high,Sea Eagles v Knights,14,home,306,306,season median ~ 14,Value is 21.86x the season median
team,2017,missed_tackles,Missed Tackles,order_of_magnitude_high,Sharks v Cowboys,11,away,318,318,season median ~ 14,Value is 22.71x the season median
team,2017,missed_tackles,Missed Tackles,order_of_magnitude_high,Sharks v Cowboys,11,home,363,363,season median ~ 14,Value is 25.93x the season median
team,2017,missed_tackles,Missed Tackles,order_of_magnitude_high,Warriors v Knights,1,away,357,357,season median ~ 14,Value is 25.50x the season median
team,2017,missed_tackles,Missed Tackles,order_of_magnitude_high,Warriors v Knights,1,home,309,309,season median ~ 14,Value is 22.07x the season median
team,2017,missed_tackles,Missed Tackles,order_of_magnitude_high,Warriors v Sea Eagles,25,away,341,341,season median ~ 14,Value is 24.36x the season median
team,2017,missed_tackles,Missed Tackles,order_of_magnitude_high,Warriors v Sea Eagles,25,home,326,326,season median ~ 14,Value is 23.29x the season median
team,2017,penalty_goals,Penalty Goals,scoring_count_implausibly_high,Broncos v Eels,25,away,30,30,stat-specific sanity range,
team,2017,penalty_goals,Penalty Goals,scoring_count_implausibly_high,Sea Eagles v Storm,7,away,30,30,stat-specific sanity range,
team,2017,penalty_goals,Penalty Goals,scoring_count_implausibly_high,Storm v Rabbitohs,25,home,36,36,stat-specific sanity range,
team,2017,penalty_goals,Penalty Goals,scoring_count_implausibly_high,Titans v Raiders,6,away,26,26,stat-specific sanity range,
team,2017,penalty_goals,Penalty Goals,scoring_count_implausibly_high,Titans v Roosters,1,away,28,28,stat-specific sanity range,
team,2017,tackles_made,Tackles Made,order_of_magnitude_high,Broncos v Bulldogs,20,away,309,309,season median ~ 38,Value is 8.13x the season median
team,2017,tackles_made,Tackles Made,order_of_magnitude_high,Broncos v Bulldogs,20,home,241,241,season median ~ 38,Value is 6.34x the season median
team,2017,tackles_made,Tackles Made,order_of_magnitude_high,Broncos v Dragons,24,away,287,287,season median ~ 38,Value is 7.55x the season median
team,2017,tackles_made,Tackles Made,order_of_magnitude_high,Broncos v Dragons,24,home,344,344,season median ~ 38,Value is 9.05x the season median
team,2017,tackles_made,Tackles Made,order_of_magnitude_high,Broncos v Sharks,23,away,329,329,season median ~ 38,Value is 8.66x the season median
team,2017,tackles_made,Tackles Made,order_of_magnitude_high,Broncos v Sharks,23,home,234,234,season median ~ 38,Value is 6.16x the season median
team,2017,tackles_made,Tackles Made,order_of_magnitude_high,Broncos v Titans,7,away,276,276,season median ~ 38,Value is 7.26x the season median
team,2017,tackles_made,Tackles Made,order_of_magnitude_high,Broncos v Titans,7,home,324,324,season median ~ 38,Value is 8.53x the season median
team,2017,tackles_made,Tackles Made,order_of_magnitude_high,Bulldogs v Eels,22,away,321,321,season median ~ 38,Value is 8.45x the season median
team,2017,tackles_made,Tackles Made,order_of_magnitude_high,Bulldogs v Eels,22,home,325,325,season median ~ 38,Value is 8.55x the season median
team,2017,tackles_made,Tackles Made,order_of_magnitude_high,Bulldogs v Knights,18,away,288,288,season median ~ 38,Value is 7.58x the season median
team,2017,tackles_made,Tackles Made,order_of_magnitude_high,Bulldogs v Knights,18,home,290,290,season median ~ 38,Value is 7.63x the season median
team,2017,tackles_made,Tackles Made,order_of_magnitude_high,Bulldogs v Storm,1,away,351,351,season median ~ 38,Value is 9.24x the season median
team,2017,tackles_made,Tackles Made,order_of_magnitude_high,Bulldogs v Storm,1,home,319,319,season median ~ 38,Value is 8.39x the season median
team,2017,tackles_made,Tackles Made,order_of_magnitude_high,Bulldogs v Warriors,3,away,298,298,season median ~ 38,Value is 7.84x the season median
team,2017,tackles_made,Tackles Made,order_of_magnitude_high,Bulldogs v Warriors,3,home,331,331,season median ~ 38,Value is 8.71x the season median
team,2017,tackles_made,Tackles Made,order_of_magnitude_high,Cowboys v Broncos,26,away,333,333,season median ~ 38,Value is 8.76x the season median
team,2017,tackles_made,Tackles Made,order_of_magnitude_high,Cowboys v Broncos,26,home,312,312,season median ~ 38,Value is 8.21x the season median
team,2017,tackles_made,Tackles Made,order_of_magnitude_high,Cowboys v Knights,8,away,358,358,season median ~ 38,Value is 9.42x the season median
team,2017,tackles_made,Tackles Made,order_of_magnitude_high,Cowboys v Knights,8,home,285,285,season median ~ 38,Value is 7.50x the season median
team,2017,tackles_made,Tackles Made,order_of_magnitude_high,Cowboys v Rabbitohs,5,away,356,356,season median ~ 38,Value is 9.37x the season median
team,2017,tackles_made,Tackles Made,order_of_magnitude_high,Cowboys v Rabbitohs,5,home,305,305,season median ~ 38,Value is 8.03x the season median
team,2017,tackles_made,Tackles Made,order_of_magnitude_high,Cowboys v Sharks,24,away,316,316,season median ~ 38,Value is 8.32x the season median
team,2017,tackles_made,Tackles Made,order_of_magnitude_high,Cowboys v Sharks,24,home,331,331,season median ~ 38,Value is 8.71x the season median
team,2017,tackles_made,Tackles Made,order_of_magnitude_high,Cowboys v Titans,13,away,368,368,season median ~ 38,Value is 9.68x the season median
team,2017,tackles_made,Tackles Made,order_of_magnitude_high,Cowboys v Titans,13,home,209,209,season median ~ 38,Value is 5.50x the season median
team,2017,tackles_made,Tackles Made,order_of_magnitude_high,Cowboys v Warriors,20,away,359,359,season median ~ 38,Value is 9.45x the season median
team,2017,tackles_made,Tackles Made,order_of_magnitude_high,Cowboys v Warriors,20,home,329,329,season median ~ 38,Value is 8.66x the season median
team,2017,tackles_made,Tackles Made,order_of_magnitude_high,Dragons v Cowboys,7,away,308,308,season median ~ 38,Value is 8.11x the season median
team,2017,tackles_made,Tackles Made,order_of_magnitude_high,Dragons v Cowboys,7,home,319,319,season median ~ 38,Value is 8.39x the season median
team,2017,tackles_made,Tackles Made,order_of_magnitude_high,Dragons v Eels,2,away,269,269,season median ~ 38,Value is 7.08x the season median
team,2017,tackles_made,Tackles Made,order_of_magnitude_high,Dragons v Eels,2,home,328,328,season median ~ 38,Value is 8.63x the season median
team,2017,tackles_made,Tackles Made,order_of_magnitude_high,Dragons v Sharks,10,away,315,315,season median ~ 38,Value is 8.29x the season median
team,2017,tackles_made,Tackles Made,order_of_magnitude_high,Dragons v Sharks,10,home,308,308,season median ~ 38,Value is 8.11x the season median
team,2017,tackles_made,Tackles Made,order_of_magnitude_high,Dragons v Titans,23,away,330,330,season median ~ 38,Value is 8.68x the season median
team,2017,tackles_made,Tackles Made,order_of_magnitude_high,Dragons v Titans,23,home,284,284,season median ~ 38,Value is 7.47x the season median
team,2017,tackles_made,Tackles Made,order_of_magnitude_high,Eels v Broncos,21,away,359,359,season median ~ 38,Value is 9.45x the season median
team,2017,tackles_made,Tackles Made,order_of_magnitude_high,Eels v Broncos,21,home,341,341,season median ~ 38,Value is 8.97x the season median
team,2017,tackles_made,Tackles Made,order_of_magnitude_high,Knights v Broncos,19,away,286,286,season median ~ 38,Value is 7.53x the season median
team,2017,tackles_made,Tackles Made,order_of_magnitude_high,Knights v Broncos,19,home,316,316,season median ~ 38,Value is 8.32x the season median
team,2017,tackles_made,Tackles Made,order_of_magnitude_high,Knights v Dragons,21,away,365,365,season median ~ 38,Value is 9.61x the season median
team,2017,tackles_made,Tackles Made,order_of_magnitude_high,Knights v Dragons,21,home,297,297,season median ~ 38,Value is 7.82x the season median
team,2017,tackles_made,Tackles Made,order_of_magnitude_high,Knights v Sharks,26,away,278,278,season median ~ 38,Value is 7.32x the season median
team,2017,tackles_made,Tackles Made,order_of_magnitude_high,Knights v Sharks,26,home,333,333,season median ~ 38,Value is 8.76x the season median
team,2017,tackles_made,Tackles Made,order_of_magnitude_high,Knights v Storm,24,away,308,308,season median ~ 38,Value is 8.11x the season median
team,2017,tackles_made,Tackles Made,order_of_magnitude_high,Knights v Storm,24,home,307,307,season median ~ 38,Value is 8.08x the season median
team,2017,tackles_made,Tackles Made,order_of_magnitude_high,Knights v Warriors,22,away,347,347,season median ~ 38,Value is 9.13x the season median
team,2017,tackles_made,Tackles Made,order_of_magnitude_high,Knights v Warriors,22,home,333,333,season median ~ 38,Value is 8.76x the season median
team,2017,tackles_made,Tackles Made,order_of_magnitude_high,Panthers v Warriors,10,away,322,322,season median ~ 38,Value is 8.47x the season median
team,2017,tackles_made,Tackles Made,order_of_magnitude_high,Panthers v Warriors,10,home,276,276,season median ~ 38,Value is 7.26x the season median
team,2017,tackles_made,Tackles Made,order_of_magnitude_high,Rabbitohs v Sea Eagles,9,away,215,215,season median ~ 38,Value is 5.66x the season median
team,2017,tackles_made,Tackles Made,order_of_magnitude_high,Rabbitohs v Sea Eagles,9,home,344,344,season median ~ 38,Value is 9.05x the season median
team,2017,tackles_made,Tackles Made,order_of_magnitude_high,Rabbitohs v Storm,11,away,371,371,season median ~ 38,Value is 9.76x the season median
team,2017,tackles_made,Tackles Made,order_of_magnitude_high,Rabbitohs v Storm,11,home,326,326,season median ~ 38,Value is 8.58x the season median
team,2017,tackles_made,Tackles Made,order_of_magnitude_high,Raiders v Eels,5,away,337,337,season median ~ 38,Value is 8.87x the season median
team,2017,tackles_made,Tackles Made,order_of_magnitude_high,Raiders v Eels,5,home,284,284,season median ~ 38,Value is 7.47x the season median
team,2017,tackles_made,Tackles Made,order_of_magnitude_high,Raiders v Panthers,24,away,283,283,season median ~ 38,Value is 7.45x the season median
team,2017,tackles_made,Tackles Made,order_of_magnitude_high,Raiders v Panthers,24,home,264,264,season median ~ 38,Value is 6.95x the season median
team,2017,tackles_made,Tackles Made,order_of_magnitude_high,Raiders v Sea Eagles,8,away,261,261,season median ~ 38,Value is 6.87x the season median
team,2017,tackles_made,Tackles Made,order_of_magnitude_high,Raiders v Sea Eagles,8,home,284,284,season median ~ 38,Value is 7.47x the season median
team,2017,tackles_made,Tackles Made,order_of_magnitude_high,Raiders v Sharks,2,away,211,211,season median ~ 38,Value is 5.55x the season median
team,2017,tackles_made,Tackles Made,order_of_magnitude_high,Raiders v Sharks,2,home,306,306,season median ~ 38,Value is 8.05x the season median
team,2017,tackles_made,Tackles Made,order_of_magnitude_high,Raiders v Storm,20,away,310,310,season median ~ 38,Value is 8.16x the season median
team,2017,tackles_made,Tackles Made,order_of_magnitude_high,Raiders v Storm,20,home,323,323,season median ~ 38,Value is 8.50x the season median
team,2017,tackles_made,Tackles Made,order_of_magnitude_high,Roosters v Bulldogs,2,away,287,287,season median ~ 38,Value is 7.55x the season median
team,2017,tackles_made,Tackles Made,order_of_magnitude_high,Roosters v Bulldogs,2,home,309,309,season median ~ 38,Value is 8.13x the season median
team,2017,tackles_made,Tackles Made,order_of_magnitude_high,Roosters v Cowboys,29,away,290,290,season median ~ 38,Value is 7.63x the season median
team,2017,tackles_made,Tackles Made,order_of_magnitude_high,Roosters v Cowboys,29,home,384,384,season median ~ 38,Value is 10.11x the season median
team,2017,tackles_made,Tackles Made,order_of_magnitude_high,Roosters v Rabbitohs,18,away,326,326,season median ~ 38,Value is 8.58x the season median
team,2017,tackles_made,Tackles Made,order_of_magnitude_high,Roosters v Rabbitohs,18,home,329,329,season median ~ 38,Value is 8.66x the season median
team,2017,tackles_made,Tackles Made,order_of_magnitude_high,Sea Eagles v Broncos,10,away,308,308,season median ~ 38,Value is 8.11x the season median
team,2017,tackles_made,Tackles Made,order_of_magnitude_high,Sea Eagles v Broncos,10,home,312,312,season median ~ 38,Value is 8.21x the season median
team,2017,tackles_made,Tackles Made,order_of_magnitude_high,Sea Eagles v Bulldogs,4,away,306,306,season median ~ 38,Value is 8.05x the season median
team,2017,tackles_made,Tackles Made,order_of_magnitude_high,Sea Eagles v Bulldogs,4,home,235,235,season median ~ 38,Value is 6.18x the season median
team,2017,tackles_made,Tackles Made,order_of_magnitude_high,Sea Eagles v Eels,1,away,257,257,season median ~ 38,Value is 6.76x the season median
team,2017,tackles_made,Tackles Made,order_of_magnitude_high,Sea Eagles v Eels,1,home,356,356,season median ~ 38,Value is 9.37x the season median
team,2017,tackles_made,Tackles Made,order_of_magnitude_high,Sea Eagles v Panthers,26,away,357,357,season median ~ 38,Value is 9.39x the season median
team,2017,tackles_made,Tackles Made,order_of_magnitude_high,Sea Eagles v Panthers,26,home,268,268,season median ~ 38,Value is 7.05x the season median
team,2017,tackles_made,Tackles Made,order_of_magnitude_high,Sea Eagles v Storm,7,away,316,316,season median ~ 38,Value is 8.32x the season median
team,2017,tackles_made,Tackles Made,order_of_magnitude_high,Sea Eagles v Storm,7,home,303,303,season median ~ 38,Value is 7.97x the season median
team,2017,tackles_made,Tackles Made,order_of_magnitude_high,Sea Eagles v Warriors,17,away,346,346,season median ~ 38,Value is 9.11x the season median
team,2017,tackles_made,Tackles Made,order_of_magnitude_high,Sea Eagles v Warriors,17,home,316,316,season median ~ 38,Value is 8.32x the season median
team,2017,tackles_made,Tackles Made,order_of_magnitude_high,Sea Eagles v Wests Tigers,19,away,353,353,season median ~ 38,Value is 9.29x the season median
team,2017,tackles_made,Tackles Made,order_of_magnitude_high,Sea Eagles v Wests Tigers,19,home,255,255,season median ~ 38,Value is 6.71x the season median
team,2017,tackles_made,Tackles Made,order_of_magnitude_high,Sharks v Broncos,1,away,283,283,season median ~ 38,Value is 7.45x the season median
team,2017,tackles_made,Tackles Made,order_of_magnitude_high,Sharks v Broncos,1,home,351,351,season median ~ 38,Value is 9.24x the season median
team,2017,tackles_made,Tackles Made,order_of_magnitude_high,Sharks v Bulldogs,12,away,361,361,season median ~ 38,Value is 9.50x the season median
team,2017,tackles_made,Tackles Made,order_of_magnitude_high,Sharks v Bulldogs,12,home,336,336,season median ~ 38,Value is 8.84x the season median
team,2017,tackles_made,Tackles Made,order_of_magnitude_high,Sharks v Dragons,3,away,345,345,season median ~ 38,Value is 9.08x the season median
team,2017,tackles_made,Tackles Made,order_of_magnitude_high,Sharks v Dragons,3,home,357,357,season median ~ 38,Value is 9.39x the season median
team,2017,tackles_made,Tackles Made,order_of_magnitude_high,Sharks v Knights,5,away,339,339,season median ~ 38,Value is 8.92x the season median
team,2017,tackles_made,Tackles Made,order_of_magnitude_high,Sharks v Knights,5,home,266,266,season median ~ 38,Value is 7.00x the season median
team,2017,tackles_made,Tackles Made,order_of_magnitude_high,Sharks v Sea Eagles,16,away,251,251,season median ~ 38,Value is 6.61x the season median
team,2017,tackles_made,Tackles Made,order_of_magnitude_high,Sharks v Sea Eagles,16,home,331,331,season median ~ 38,Value is 8.71x the season median
team,2017,tackles_made,Tackles Made,order_of_magnitude_high,Sharks v Storm,14,away,377,377,season median ~ 38,Value is 9.92x the season median
team,2017,tackles_made,Tackles Made,order_of_magnitude_high,Sharks v Storm,14,home,252,252,season median ~ 38,Value is 6.63x the season median
team,2017,tackles_made,Tackles Made,order_of_magnitude_high,Sharks v Titans,8,away,354,354,season median ~ 38,Value is 9.32x the season median
team,2017,tackles_made,Tackles Made,order_of_magnitude_high,Sharks v Titans,8,home,297,297,season median ~ 38,Value is 7.82x the season median
team,2017,tackles_made,Tackles Made,order_of_magnitude_high,Storm v Cowboys,15,away,293,293,season median ~ 38,Value is 7.71x the season median
team,2017,tackles_made,Tackles Made,order_of_magnitude_high,Storm v Cowboys,15,home,355,355,season median ~ 38,Value is 9.34x the season median
team,2017,tackles_made,Tackles Made,order_of_magnitude_high,Storm v Eels,18,away,317,317,season median ~ 38,Value is 8.34x the season median
team,2017,tackles_made,Tackles Made,order_of_magnitude_high,Storm v Eels,18,home,352,352,season median ~ 38,Value is 9.26x the season median
team,2017,tackles_made,Tackles Made,order_of_magnitude_high,Storm v Sharks,6,away,310,310,season median ~ 38,Value is 8.16x the season median
team,2017,tackles_made,Tackles Made,order_of_magnitude_high,Storm v Sharks,6,home,377,377,season median ~ 38,Value is 9.92x the season median
team,2017,tackles_made,Tackles Made,order_of_magnitude_high,Storm v Titans,10,away,210,210,season median ~ 38,Value is 5.53x the season median
team,2017,tackles_made,Tackles Made,order_of_magnitude_high,Storm v Titans,10,home,329,329,season median ~ 38,Value is 8.66x the season median
team,2017,tackles_made,Tackles Made,order_of_magnitude_high,Titans v Broncos,22,away,297,297,season median ~ 38,Value is 7.82x the season median
team,2017,tackles_made,Tackles Made,order_of_magnitude_high,Titans v Broncos,22,home,323,323,season median ~ 38,Value is 8.50x the season median
team,2017,tackles_made,Tackles Made,order_of_magnitude_high,Titans v Cowboys,4,away,291,291,season median ~ 38,Value is 7.66x the season median
team,2017,tackles_made,Tackles Made,order_of_magnitude_high,Titans v Cowboys,4,home,276,276,season median ~ 38,Value is 7.26x the season median
team,2017,tackles_made,Tackles Made,order_of_magnitude_high,Titans v Dragons,17,away,327,327,season median ~ 38,Value is 8.61x the season median
team,2017,tackles_made,Tackles Made,order_of_magnitude_high,Titans v Dragons,17,home,300,300,season median ~ 38,Value is 7.89x the season median
team,2017,tackles_made,Tackles Made,order_of_magnitude_high,Titans v Knights,9,away,341,341,season median ~ 38,Value is 8.97x the season median
team,2017,tackles_made,Tackles Made,order_of_magnitude_high,Titans v Knights,9,home,232,232,season median ~ 38,Value is 6.11x the season median
team,2017,tackles_made,Tackles Made,order_of_magnitude_high,Titans v Roosters,1,away,313,313,season median ~ 38,Value is 8.24x the season median
team,2017,tackles_made,Tackles Made,order_of_magnitude_high,Titans v Roosters,1,home,271,271,season median ~ 38,Value is 7.13x the season median
team,2017,tackles_made,Tackles Made,order_of_magnitude_high,Titans v Sea Eagles,11,away,285,285,season median ~ 38,Value is 7.50x the season median
team,2017,tackles_made,Tackles Made,order_of_magnitude_high,Titans v Sea Eagles,11,home,306,306,season median ~ 38,Value is 8.05x the season median
team,2017,tackles_made,Tackles Made,order_of_magnitude_high,Titans v Sharks,19,away,298,298,season median ~ 38,Value is 7.84x the season median
team,2017,tackles_made,Tackles Made,order_of_magnitude_high,Titans v Sharks,19,home,328,328,season median ~ 38,Value is 8.63x the season median
team,2017,tackles_made,Tackles Made,order_of_magnitude_high,Titans v Warriors,14,away,310,310,season median ~ 38,Value is 8.16x the season median
team,2017,tackles_made,Tackles Made,order_of_magnitude_high,Titans v Warriors,14,home,330,330,season median ~ 38,Value is 8.68x the season median
team,2017,tackles_made,Tackles Made,order_of_magnitude_high,Warriors v Broncos,12,away,338,338,season median ~ 38,Value is 8.89x the season median
team,2017,tackles_made,Tackles Made,order_of_magnitude_high,Warriors v Broncos,12,home,294,294,season median ~ 38,Value is 7.74x the season median
team,2017,tackles_made,Tackles Made,order_of_magnitude_high,Warriors v Dragons,11,away,321,321,season median ~ 38,Value is 8.45x the season median
team,2017,tackles_made,Tackles Made,order_of_magnitude_high,Warriors v Dragons,11,home,325,325,season median ~ 38,Value is 8.55x the season median
team,2017,tackles_made,Tackles Made,order_of_magnitude_high,Warriors v Sharks,21,away,296,296,season median ~ 38,Value is 7.79x the season median
team,2017,tackles_made,Tackles Made,order_of_magnitude_high,Warriors v Sharks,21,home,349,349,season median ~ 38,Value is 9.18x the season median
team,2017,tackles_made,Tackles Made,order_of_magnitude_high,Warriors v Storm,2,away,368,368,season median ~ 38,Value is 9.68x the season median
team,2017,tackles_made,Tackles Made,order_of_magnitude_high,Warriors v Storm,2,home,345,345,season median ~ 38,Value is 9.08x the season median
team,2017,tackles_made,Tackles Made,order_of_magnitude_high,Warriors v Titans,5,away,337,337,season median ~ 38,Value is 8.87x the season median
team,2017,tackles_made,Tackles Made,order_of_magnitude_high,Warriors v Titans,5,home,260,260,season median ~ 38,Value is 6.84x the season median
team,2017,tackles_made,Tackles Made,order_of_magnitude_high,Wests Tigers v Storm,4,away,381,381,season median ~ 38,Value is 10.03x the season median
team,2017,tackles_made,Tackles Made,order_of_magnitude_high,Wests Tigers v Storm,4,home,297,297,season median ~ 38,Value is 7.82x the season median
team,2017,time_in_possession,Time In Possession,time_in_possession_out_of_range,Sea Eagles v Rabbitohs,2,away,1,1,stat-specific sanity range,
team,2017,time_in_possession,Time In Possession,time_in_possession_out_of_range,Sea Eagles v Rabbitohs,2,home,2,2,stat-specific sanity range,
team,2017,total_passes,Total Passes,order_of_magnitude_high,Broncos v Bulldogs,20,away,180,180,season median ~ 29,Value is 6.21x the season median
team,2017,total_passes,Total Passes,order_of_magnitude_high,Broncos v Bulldogs,20,home,231,231,season median ~ 29,Value is 7.97x the season median
team,2017,total_passes,Total Passes,order_of_magnitude_high,Broncos v Cowboys,2,away,253,253,season median ~ 29,Value is 8.72x the season median
team,2017,total_passes,Total Passes,order_of_magnitude_high,Broncos v Cowboys,2,home,214,214,season median ~ 29,Value is 7.38x the season median
team,2017,total_passes,Total Passes,order_of_magnitude_high,Broncos v Dragons,24,away,229,229,season median ~ 29,Value is 7.90x the season median
team,2017,total_passes,Total Passes,order_of_magnitude_high,Broncos v Dragons,24,home,202,202,season median ~ 29,Value is 6.97x the season median
team,2017,total_passes,Total Passes,order_of_magnitude_high,Broncos v Sharks,23,away,146,146,season median ~ 29,Value is 5.03x the season median
team,2017,total_passes,Total Passes,order_of_magnitude_high,Broncos v Sharks,23,home,222,222,season median ~ 29,Value is 7.66x the season median
team,2017,total_passes,Total Passes,order_of_magnitude_high,Broncos v Titans,7,away,221,221,season median ~ 29,Value is 7.62x the season median
team,2017,total_passes,Total Passes,order_of_magnitude_high,Broncos v Titans,7,home,185,185,season median ~ 29,Value is 6.38x the season median
team,2017,total_passes,Total Passes,order_of_magnitude_high,Bulldogs v Eels,22,away,207,207,season median ~ 29,Value is 7.14x the season median
team,2017,total_passes,Total Passes,order_of_magnitude_high,Bulldogs v Eels,22,home,166,166,season median ~ 29,Value is 5.72x the season median
team,2017,total_passes,Total Passes,order_of_magnitude_high,Bulldogs v Knights,18,away,185,185,season median ~ 29,Value is 6.38x the season median
team,2017,total_passes,Total Passes,order_of_magnitude_high,Bulldogs v Knights,18,home,203,203,season median ~ 29,Value is 7.00x the season median
team,2017,total_passes,Total Passes,order_of_magnitude_high,Bulldogs v Storm,1,away,178,178,season median ~ 29,Value is 6.14x the season median
team,2017,total_passes,Total Passes,order_of_magnitude_high,Bulldogs v Storm,1,home,244,244,season median ~ 29,Value is 8.41x the season median
team,2017,total_passes,Total Passes,order_of_magnitude_high,Bulldogs v Warriors,3,away,223,223,season median ~ 29,Value is 7.69x the season median
team,2017,total_passes,Total Passes,order_of_magnitude_high,Bulldogs v Warriors,3,home,204,204,season median ~ 29,Value is 7.03x the season median
team,2017,total_passes,Total Passes,order_of_magnitude_high,Cowboys v Broncos,26,away,174,174,season median ~ 29,Value is 6.00x the season median
team,2017,total_passes,Total Passes,order_of_magnitude_high,Cowboys v Broncos,26,home,258,258,season median ~ 29,Value is 8.90x the season median
team,2017,total_passes,Total Passes,order_of_magnitude_high,Cowboys v Knights,8,away,156,156,season median ~ 29,Value is 5.38x the season median
team,2017,total_passes,Total Passes,order_of_magnitude_high,Cowboys v Knights,8,home,216,216,season median ~ 29,Value is 7.45x the season median
team,2017,total_passes,Total Passes,order_of_magnitude_high,Cowboys v Sea Eagles,3,away,159,159,season median ~ 29,Value is 5.48x the season median
team,2017,total_passes,Total Passes,order_of_magnitude_high,Cowboys v Sea Eagles,3,home,227,227,season median ~ 29,Value is 7.83x the season median
team,2017,total_passes,Total Passes,order_of_magnitude_high,Cowboys v Sharks,24,away,208,208,season median ~ 29,Value is 7.17x the season median
team,2017,total_passes,Total Passes,order_of_magnitude_high,Cowboys v Sharks,24,home,211,211,season median ~ 29,Value is 7.28x the season median
team,2017,total_passes,Total Passes,order_of_magnitude_high,Cowboys v Storm,22,away,186,186,season median ~ 29,Value is 6.41x the season median
team,2017,total_passes,Total Passes,order_of_magnitude_high,Cowboys v Storm,22,home,228,228,season median ~ 29,Value is 7.86x the season median
team,2017,total_passes,Total Passes,order_of_magnitude_high,Cowboys v Titans,13,home,271,271,season median ~ 29,Value is 9.34x the season median
team,2017,total_passes,Total Passes,order_of_magnitude_high,Cowboys v Warriors,20,away,199,199,season median ~ 29,Value is 6.86x the season median
team,2017,total_passes,Total Passes,order_of_magnitude_high,Cowboys v Warriors,20,home,222,222,season median ~ 29,Value is 7.66x the season median
team,2017,total_passes,Total Passes,order_of_magnitude_high,Dragons v Cowboys,7,away,194,194,season median ~ 29,Value is 6.69x the season median
team,2017,total_passes,Total Passes,order_of_magnitude_high,Dragons v Cowboys,7,home,189,189,season median ~ 29,Value is 6.52x the season median
team,2017,total_passes,Total Passes,order_of_magnitude_high,Dragons v Eels,2,away,217,217,season median ~ 29,Value is 7.48x the season median
team,2017,total_passes,Total Passes,order_of_magnitude_high,Dragons v Eels,2,home,153,153,season median ~ 29,Value is 5.28x the season median
team,2017,total_passes,Total Passes,order_of_magnitude_high,Dragons v Knights,16,away,187,187,season median ~ 29,Value is 6.45x the season median
team,2017,total_passes,Total Passes,order_of_magnitude_high,Dragons v Knights,16,home,187,187,season median ~ 29,Value is 6.45x the season median
team,2017,total_passes,Total Passes,order_of_magnitude_high,Dragons v Sea Eagles,20,away,184,184,season median ~ 29,Value is 6.34x the season median
team,2017,total_passes,Total Passes,order_of_magnitude_high,Dragons v Sea Eagles,20,home,238,238,season median ~ 29,Value is 8.21x the season median
team,2017,total_passes,Total Passes,order_of_magnitude_high,Dragons v Sharks,10,away,204,204,season median ~ 29,Value is 7.03x the season median
team,2017,total_passes,Total Passes,order_of_magnitude_high,Dragons v Sharks,10,home,233,233,season median ~ 29,Value is 8.03x the season median
team,2017,total_passes,Total Passes,order_of_magnitude_high,Dragons v Titans,23,away,196,196,season median ~ 29,Value is 6.76x the season median
team,2017,total_passes,Total Passes,order_of_magnitude_high,Dragons v Titans,23,home,223,223,season median ~ 29,Value is 7.69x the season median
team,2017,total_passes,Total Passes,order_of_magnitude_high,Dragons v Warriors,4,away,239,239,season median ~ 29,Value is 8.24x the season median
team,2017,total_passes,Total Passes,order_of_magnitude_high,Dragons v Warriors,4,home,185,185,season median ~ 29,Value is 6.38x the season median
team,2017,total_passes,Total Passes,order_of_magnitude_high,Eels v Broncos,21,away,210,210,season median ~ 29,Value is 7.24x the season median
team,2017,total_passes,Total Passes,order_of_magnitude_high,Eels v Broncos,21,home,216,216,season median ~ 29,Value is 7.45x the season median
team,2017,total_passes,Total Passes,order_of_magnitude_high,Eels v Bulldogs,17,away,207,207,season median ~ 29,Value is 7.14x the season median
team,2017,total_passes,Total Passes,order_of_magnitude_high,Eels v Bulldogs,17,home,183,183,season median ~ 29,Value is 6.31x the season median
team,2017,total_passes,Total Passes,order_of_magnitude_high,Eels v Warriors,13,away,197,197,season median ~ 29,Value is 6.79x the season median
team,2017,total_passes,Total Passes,order_of_magnitude_high,Eels v Warriors,13,home,175,175,season median ~ 29,Value is 6.03x the season median
team,2017,total_passes,Total Passes,order_of_magnitude_high,Knights v Broncos,19,away,205,205,season median ~ 29,Value is 7.07x the season median
team,2017,total_passes,Total Passes,order_of_magnitude_high,Knights v Broncos,19,home,179,179,season median ~ 29,Value is 6.17x the season median
team,2017,total_passes,Total Passes,order_of_magnitude_high,Knights v Dragons,21,away,194,194,season median ~ 29,Value is 6.69x the season median
team,2017,total_passes,Total Passes,order_of_magnitude_high,Knights v Dragons,21,home,235,235,season median ~ 29,Value is 8.10x the season median
team,2017,total_passes,Total Passes,order_of_magnitude_high,Knights v Sharks,26,away,206,206,season median ~ 29,Value is 7.10x the season median
team,2017,total_passes,Total Passes,order_of_magnitude_high,Knights v Sharks,26,home,191,191,season median ~ 29,Value is 6.59x the season median
team,2017,total_passes,Total Passes,order_of_magnitude_high,Knights v Storm,24,away,188,188,season median ~ 29,Value is 6.48x the season median
team,2017,total_passes,Total Passes,order_of_magnitude_high,Knights v Storm,24,home,198,198,season median ~ 29,Value is 6.83x the season median
team,2017,total_passes,Total Passes,order_of_magnitude_high,Knights v Titans,2,away,193,193,season median ~ 29,Value is 6.66x the season median
team,2017,total_passes,Total Passes,order_of_magnitude_high,Knights v Titans,2,home,199,199,season median ~ 29,Value is 6.86x the season median
team,2017,total_passes,Total Passes,order_of_magnitude_high,Knights v Warriors,22,away,183,183,season median ~ 29,Value is 6.31x the season median
team,2017,total_passes,Total Passes,order_of_magnitude_high,Knights v Warriors,22,home,174,174,season median ~ 29,Value is 6.00x the season median
team,2017,total_passes,Total Passes,order_of_magnitude_high,Raiders v Storm,20,away,201,201,season median ~ 29,Value is 6.93x the season median
team,2017,total_passes,Total Passes,order_of_magnitude_high,Raiders v Storm,20,home,214,214,season median ~ 29,Value is 7.38x the season median
team,2017,total_passes,Total Passes,order_of_magnitude_high,Sea Eagles v Broncos,10,away,229,229,season median ~ 29,Value is 7.90x the season median
team,2017,total_passes,Total Passes,order_of_magnitude_high,Sea Eagles v Broncos,10,home,193,193,season median ~ 29,Value is 6.66x the season median
team,2017,total_passes,Total Passes,order_of_magnitude_high,Sea Eagles v Bulldogs,4,away,172,172,season median ~ 29,Value is 5.93x the season median
team,2017,total_passes,Total Passes,order_of_magnitude_high,Sea Eagles v Bulldogs,4,home,219,219,season median ~ 29,Value is 7.55x the season median
team,2017,total_passes,Total Passes,order_of_magnitude_high,Sea Eagles v Dragons,6,away,213,213,season median ~ 29,Value is 7.34x the season median
team,2017,total_passes,Total Passes,order_of_magnitude_high,Sea Eagles v Dragons,6,home,206,206,season median ~ 29,Value is 7.10x the season median
team,2017,total_passes,Total Passes,order_of_magnitude_high,Sea Eagles v Knights,14,away,190,190,season median ~ 29,Value is 6.55x the season median
team,2017,total_passes,Total Passes,order_of_magnitude_high,Sea Eagles v Knights,14,home,214,214,season median ~ 29,Value is 7.38x the season median
team,2017,total_passes,Total Passes,order_of_magnitude_high,Sea Eagles v Storm,7,away,206,206,season median ~ 29,Value is 7.10x the season median
team,2017,total_passes,Total Passes,order_of_magnitude_high,Sea Eagles v Storm,7,home,212,212,season median ~ 29,Value is 7.31x the season median
team,2017,total_passes,Total Passes,order_of_magnitude_high,Sea Eagles v Warriors,17,away,202,202,season median ~ 29,Value is 6.97x the season median
team,2017,total_passes,Total Passes,order_of_magnitude_high,Sea Eagles v Warriors,17,home,193,193,season median ~ 29,Value is 6.66x the season median
team,2017,total_passes,Total Passes,order_of_magnitude_high,Sharks v Broncos,1,away,228,228,season median ~ 29,Value is 7.86x the season median
team,2017,total_passes,Total Passes,order_of_magnitude_high,Sharks v Broncos,1,home,203,203,season median ~ 29,Value is 7.00x the season median
team,2017,total_passes,Total Passes,order_of_magnitude_high,Sharks v Bulldogs,12,away,234,234,season median ~ 29,Value is 8.07x the season median
team,2017,total_passes,Total Passes,order_of_magnitude_high,Sharks v Bulldogs,12,home,228,228,season median ~ 29,Value is 7.86x the season median
team,2017,total_passes,Total Passes,order_of_magnitude_high,Sharks v Cowboys,11,away,247,247,season median ~ 29,Value is 8.52x the season median
team,2017,total_passes,Total Passes,order_of_magnitude_high,Sharks v Cowboys,11,home,185,185,season median ~ 29,Value is 6.38x the season median
team,2017,total_passes,Total Passes,order_of_magnitude_high,Sharks v Dragons,3,away,208,208,season median ~ 29,Value is 7.17x the season median
team,2017,total_passes,Total Passes,order_of_magnitude_high,Sharks v Dragons,3,home,244,244,season median ~ 29,Value is 8.41x the season median
team,2017,total_passes,Total Passes,order_of_magnitude_high,Sharks v Knights,5,away,157,157,season median ~ 29,Value is 5.41x the season median
team,2017,total_passes,Total Passes,order_of_magnitude_high,Sharks v Knights,5,home,238,238,season median ~ 29,Value is 8.21x the season median
team,2017,total_passes,Total Passes,order_of_magnitude_high,Sharks v Sea Eagles,16,away,222,222,season median ~ 29,Value is 7.66x the season median
team,2017,total_passes,Total Passes,order_of_magnitude_high,Sharks v Sea Eagles,16,home,204,204,season median ~ 29,Value is 7.03x the season median
team,2017,total_passes,Total Passes,order_of_magnitude_high,Sharks v Titans,8,away,209,209,season median ~ 29,Value is 7.21x the season median
team,2017,total_passes,Total Passes,order_of_magnitude_high,Sharks v Titans,8,home,222,222,season median ~ 29,Value is 7.66x the season median
team,2017,total_passes,Total Passes,order_of_magnitude_high,Storm v Cowboys,15,away,229,229,season median ~ 29,Value is 7.90x the season median
team,2017,total_passes,Total Passes,order_of_magnitude_high,Storm v Cowboys,15,home,170,170,season median ~ 29,Value is 5.86x the season median
team,2017,total_passes,Total Passes,order_of_magnitude_high,Storm v Titans,10,away,231,231,season median ~ 29,Value is 7.97x the season median
team,2017,total_passes,Total Passes,order_of_magnitude_high,Titans v Broncos,22,away,180,180,season median ~ 29,Value is 6.21x the season median
team,2017,total_passes,Total Passes,order_of_magnitude_high,Titans v Broncos,22,home,214,214,season median ~ 29,Value is 7.38x the season median
team,2017,total_passes,Total Passes,order_of_magnitude_high,Titans v Cowboys,4,away,179,179,season median ~ 29,Value is 6.17x the season median
team,2017,total_passes,Total Passes,order_of_magnitude_high,Titans v Cowboys,4,home,224,224,season median ~ 29,Value is 7.72x the season median
team,2017,total_passes,Total Passes,order_of_magnitude_high,Titans v Dragons,17,away,179,179,season median ~ 29,Value is 6.17x the season median
team,2017,total_passes,Total Passes,order_of_magnitude_high,Titans v Dragons,17,home,195,195,season median ~ 29,Value is 6.72x the season median
team,2017,total_passes,Total Passes,order_of_magnitude_high,Titans v Knights,9,away,164,164,season median ~ 29,Value is 5.66x the season median
team,2017,total_passes,Total Passes,order_of_magnitude_high,Titans v Knights,9,home,257,257,season median ~ 29,Value is 8.86x the season median
team,2017,total_passes,Total Passes,order_of_magnitude_high,Titans v Sea Eagles,11,away,195,195,season median ~ 29,Value is 6.72x the season median
team,2017,total_passes,Total Passes,order_of_magnitude_high,Titans v Sea Eagles,11,home,213,213,season median ~ 29,Value is 7.34x the season median
team,2017,total_passes,Total Passes,order_of_magnitude_high,Titans v Sharks,19,away,200,200,season median ~ 29,Value is 6.90x the season median
team,2017,total_passes,Total Passes,order_of_magnitude_high,Titans v Sharks,19,home,206,206,season median ~ 29,Value is 7.10x the season median
team,2017,total_passes,Total Passes,order_of_magnitude_high,Titans v Warriors,14,away,216,216,season median ~ 29,Value is 7.45x the season median
team,2017,total_passes,Total Passes,order_of_magnitude_high,Titans v Warriors,14,home,204,204,season median ~ 29,Value is 7.03x the season median
team,2017,total_passes,Total Passes,order_of_magnitude_high,Warriors v Broncos,12,away,183,183,season median ~ 29,Value is 6.31x the season median
team,2017,total_passes,Total Passes,order_of_magnitude_high,Warriors v Broncos,12,home,230,230,season median ~ 29,Value is 7.93x the season median
team,2017,total_passes,Total Passes,order_of_magnitude_high,Warriors v Dragons,11,away,202,202,season median ~ 29,Value is 6.97x the season median
team,2017,total_passes,Total Passes,order_of_magnitude_high,Warriors v Dragons,11,home,200,200,season median ~ 29,Value is 6.90x the season median
team,2017,total_passes,Total Passes,order_of_magnitude_high,Warriors v Knights,1,away,214,214,season median ~ 29,Value is 7.38x the season median
team,2017,total_passes,Total Passes,order_of_magnitude_high,Warriors v Knights,1,home,205,205,season median ~ 29,Value is 7.07x the season median
team,2017,total_passes,Total Passes,order_of_magnitude_high,Warriors v Sea Eagles,25,away,188,188,season median ~ 29,Value is 6.48x the season median
team,2017,total_passes,Total Passes,order_of_magnitude_high,Warriors v Sea Eagles,25,home,222,222,season median ~ 29,Value is 7.66x the season median
team,2017,total_passes,Total Passes,order_of_magnitude_high,Warriors v Sharks,21,away,193,193,season median ~ 29,Value is 6.66x the season median
team,2017,total_passes,Total Passes,order_of_magnitude_high,Warriors v Sharks,21,home,190,190,season median ~ 29,Value is 6.55x the season median
team,2017,total_passes,Total Passes,order_of_magnitude_high,Warriors v Titans,5,away,189,189,season median ~ 29,Value is 6.52x the season median
team,2017,total_passes,Total Passes,order_of_magnitude_high,Warriors v Titans,5,home,232,232,season median ~ 29,Value is 8.00x the season median
team,2018,missed_tackles,Missed Tackles,order_of_magnitude_high,Broncos v Dragons,26,away,266,266,season median ~ 15,Value is 17.73x the season median
team,2018,missed_tackles,Missed Tackles,order_of_magnitude_high,Broncos v Dragons,26,home,263,263,season median ~ 15,Value is 17.53x the season median
team,2018,penalty_goals,Penalty Goals,scoring_count_implausibly_high,Sea Eagles v Roosters,19,away,34,34,stat-specific sanity range,
team,2018,tackles_made,Tackles Made,order_of_magnitude_high,Broncos v Panthers,19,away,341,341,season median ~ 35,Value is 9.74x the season median
team,2018,tackles_made,Tackles Made,order_of_magnitude_high,Broncos v Panthers,19,home,282,282,season median ~ 35,Value is 8.06x the season median
team,2018,tackles_made,Tackles Made,order_of_magnitude_high,Broncos v Raiders,16,away,323,323,season median ~ 35,Value is 9.23x the season median
team,2018,tackles_made,Tackles Made,order_of_magnitude_high,Broncos v Raiders,16,home,311,311,season median ~ 35,Value is 8.89x the season median
team,2018,tackles_made,Tackles Made,order_of_magnitude_high,Broncos v Sharks,20,away,320,320,season median ~ 35,Value is 9.14x the season median
team,2018,tackles_made,Tackles Made,order_of_magnitude_high,Broncos v Sharks,20,home,375,375,season median ~ 35,Value is 10.71x the season median
team,2018,tackles_made,Tackles Made,order_of_magnitude_high,Broncos v Storm,7,away,308,308,season median ~ 35,Value is 8.80x the season median
team,2018,tackles_made,Tackles Made,order_of_magnitude_high,Broncos v Storm,7,home,255,255,season median ~ 35,Value is 7.29x the season median
team,2018,tackles_made,Tackles Made,order_of_magnitude_high,Broncos v Titans,4,away,323,323,season median ~ 35,Value is 9.23x the season median
team,2018,tackles_made,Tackles Made,order_of_magnitude_high,Broncos v Titans,4,home,344,344,season median ~ 35,Value is 9.83x the season median
team,2018,tackles_made,Tackles Made,order_of_magnitude_high,Broncos v Warriors,18,away,330,330,season median ~ 35,Value is 9.43x the season median
team,2018,tackles_made,Tackles Made,order_of_magnitude_high,Broncos v Warriors,18,home,317,317,season median ~ 35,Value is 9.06x the season median
team,2018,tackles_made,Tackles Made,order_of_magnitude_high,Bulldogs v Warriors,23,away,295,295,season median ~ 35,Value is 8.43x the season median
team,2018,tackles_made,Tackles Made,order_of_magnitude_high,Bulldogs v Warriors,23,home,346,346,season median ~ 35,Value is 9.89x the season median
team,2018,tackles_made,Tackles Made,order_of_magnitude_high,Cowboys v Broncos,22,away,314,314,season median ~ 35,Value is 8.97x the season median
team,2018,tackles_made,Tackles Made,order_of_magnitude_high,Cowboys v Broncos,22,home,267,267,season median ~ 35,Value is 7.63x the season median
team,2018,tackles_made,Tackles Made,order_of_magnitude_high,Cowboys v Panthers,4,away,314,314,season median ~ 35,Value is 8.97x the season median
team,2018,tackles_made,Tackles Made,order_of_magnitude_high,Cowboys v Panthers,4,home,283,283,season median ~ 35,Value is 8.09x the season median
team,2018,tackles_made,Tackles Made,order_of_magnitude_high,Dragons v Broncos,1,away,339,339,season median ~ 35,Value is 9.69x the season median
team,2018,tackles_made,Tackles Made,order_of_magnitude_high,Dragons v Broncos,1,home,240,240,season median ~ 35,Value is 6.86x the season median
team,2018,tackles_made,Tackles Made,order_of_magnitude_high,Dragons v Eels,16,away,387,387,season median ~ 35,Value is 11.06x the season median
team,2018,tackles_made,Tackles Made,order_of_magnitude_high,Dragons v Eels,16,home,350,350,season median ~ 35,Value is 10.00x the season median
team,2018,tackles_made,Tackles Made,order_of_magnitude_high,Dragons v Knights,4,away,368,368,season median ~ 35,Value is 10.51x the season median
team,2018,tackles_made,Tackles Made,order_of_magnitude_high,Dragons v Knights,4,home,289,289,season median ~ 35,Value is 8.26x the season median
team,2018,tackles_made,Tackles Made,order_of_magnitude_high,Dragons v Raiders,11,away,330,330,season median ~ 35,Value is 9.43x the season median
team,2018,tackles_made,Tackles Made,order_of_magnitude_high,Dragons v Raiders,11,home,285,285,season median ~ 35,Value is 8.14x the season median
team,2018,tackles_made,Tackles Made,order_of_magnitude_high,Dragons v Storm,9,away,304,304,season median ~ 35,Value is 8.69x the season median
team,2018,tackles_made,Tackles Made,order_of_magnitude_high,Dragons v Storm,9,home,230,230,season median ~ 35,Value is 6.57x the season median
team,2018,tackles_made,Tackles Made,order_of_magnitude_high,Dragons v Warriors,21,away,395,395,season median ~ 35,Value is 11.29x the season median
team,2018,tackles_made,Tackles Made,order_of_magnitude_high,Dragons v Warriors,21,home,352,352,season median ~ 35,Value is 10.06x the season median
team,2018,tackles_made,Tackles Made,order_of_magnitude_high,Dragons v Wests Tigers,18,away,347,347,season median ~ 35,Value is 9.91x the season median
team,2018,tackles_made,Tackles Made,order_of_magnitude_high,Dragons v Wests Tigers,18,home,359,359,season median ~ 35,Value is 10.26x the season median
team,2018,tackles_made,Tackles Made,order_of_magnitude_high,Eels v Sea Eagles,7,away,331,331,season median ~ 35,Value is 9.46x the season median
team,2018,tackles_made,Tackles Made,order_of_magnitude_high,Eels v Sea Eagles,7,home,248,248,season median ~ 35,Value is 7.09x the season median
team,2018,tackles_made,Tackles Made,order_of_magnitude_high,Eels v Warriors,11,away,351,351,season median ~ 35,Value is 10.03x the season median
team,2018,tackles_made,Tackles Made,order_of_magnitude_high,Eels v Warriors,11,home,296,296,season median ~ 35,Value is 8.46x the season median
team,2018,tackles_made,Tackles Made,order_of_magnitude_high,Knights v Broncos,5,away,330,330,season median ~ 35,Value is 9.43x the season median
team,2018,tackles_made,Tackles Made,order_of_magnitude_high,Knights v Broncos,5,home,327,327,season median ~ 35,Value is 9.34x the season median
team,2018,tackles_made,Tackles Made,order_of_magnitude_high,Knights v Dragons,25,away,395,395,season median ~ 35,Value is 11.29x the season median
team,2018,tackles_made,Tackles Made,order_of_magnitude_high,Knights v Dragons,25,home,287,287,season median ~ 35,Value is 8.20x the season median
team,2018,tackles_made,Tackles Made,order_of_magnitude_high,Knights v Sharks,12,away,255,255,season median ~ 35,Value is 7.29x the season median
team,2018,tackles_made,Tackles Made,order_of_magnitude_high,Knights v Sharks,12,home,318,318,season median ~ 35,Value is 9.09x the season median
team,2018,tackles_made,Tackles Made,order_of_magnitude_high,Knights v Titans,19,away,343,343,season median ~ 35,Value is 9.80x the season median
team,2018,tackles_made,Tackles Made,order_of_magnitude_high,Knights v Titans,19,home,313,313,season median ~ 35,Value is 8.94x the season median
team,2018,tackles_made,Tackles Made,order_of_magnitude_high,Panthers v Raiders,21,away,254,254,season median ~ 35,Value is 7.26x the season median
team,2018,tackles_made,Tackles Made,order_of_magnitude_high,Panthers v Raiders,21,home,262,262,season median ~ 35,Value is 7.49x the season median
team,2018,tackles_made,Tackles Made,order_of_magnitude_high,Rabbitohs v Wests Tigers,25,away,401,401,season median ~ 35,Value is 11.46x the season median
team,2018,tackles_made,Tackles Made,order_of_magnitude_high,Rabbitohs v Wests Tigers,25,home,236,236,season median ~ 35,Value is 6.74x the season median
team,2018,tackles_made,Tackles Made,order_of_magnitude_high,Raiders v Bulldogs,5,away,296,296,season median ~ 35,Value is 8.46x the season median
team,2018,tackles_made,Tackles Made,order_of_magnitude_high,Raiders v Bulldogs,5,home,323,323,season median ~ 35,Value is 9.23x the season median
team,2018,tackles_made,Tackles Made,order_of_magnitude_high,Raiders v Eels,6,away,371,371,season median ~ 35,Value is 10.60x the season median
team,2018,tackles_made,Tackles Made,order_of_magnitude_high,Raiders v Eels,6,home,299,299,season median ~ 35,Value is 8.54x the season median
team,2018,tackles_made,Tackles Made,order_of_magnitude_high,Raiders v Panthers,14,away,276,276,season median ~ 35,Value is 7.89x the season median
team,2018,tackles_made,Tackles Made,order_of_magnitude_high,Raiders v Panthers,14,home,353,353,season median ~ 35,Value is 10.09x the season median
team,2018,tackles_made,Tackles Made,order_of_magnitude_high,Roosters v Panthers,15,away,426,426,season median ~ 35,Value is 12.17x the season median
team,2018,tackles_made,Tackles Made,order_of_magnitude_high,Roosters v Panthers,15,home,263,263,season median ~ 35,Value is 7.51x the season median
team,2018,tackles_made,Tackles Made,order_of_magnitude_high,Roosters v Sea Eagles,9,away,270,270,season median ~ 35,Value is 7.71x the season median
team,2018,tackles_made,Tackles Made,order_of_magnitude_high,Roosters v Sea Eagles,9,home,323,323,season median ~ 35,Value is 9.23x the season median
team,2018,tackles_made,Tackles Made,order_of_magnitude_high,Roosters v Storm,16,away,336,336,season median ~ 35,Value is 9.60x the season median
team,2018,tackles_made,Tackles Made,order_of_magnitude_high,Roosters v Storm,16,home,302,302,season median ~ 35,Value is 8.63x the season median
team,2018,tackles_made,Tackles Made,order_of_magnitude_high,Roosters v Warriors,4,away,209,209,season median ~ 35,Value is 5.97x the season median
team,2018,tackles_made,Tackles Made,order_of_magnitude_high,Roosters v Warriors,4,home,352,352,season median ~ 35,Value is 10.06x the season median
team,2018,tackles_made,Tackles Made,order_of_magnitude_high,Sea Eagles v Bulldogs,22,away,359,359,season median ~ 35,Value is 10.26x the season median
team,2018,tackles_made,Tackles Made,order_of_magnitude_high,Sea Eagles v Bulldogs,22,home,319,319,season median ~ 35,Value is 9.11x the season median
team,2018,tackles_made,Tackles Made,order_of_magnitude_high,Sea Eagles v Eels,2,away,341,341,season median ~ 35,Value is 9.74x the season median
team,2018,tackles_made,Tackles Made,order_of_magnitude_high,Sea Eagles v Eels,2,home,205,205,season median ~ 35,Value is 5.86x the season median
team,2018,tackles_made,Tackles Made,order_of_magnitude_high,Sea Eagles v Knights,8,away,379,379,season median ~ 35,Value is 10.83x the season median
team,2018,tackles_made,Tackles Made,order_of_magnitude_high,Sea Eagles v Knights,8,home,317,317,season median ~ 35,Value is 9.06x the season median
team,2018,tackles_made,Tackles Made,order_of_magnitude_high,Sea Eagles v Roosters,19,away,318,318,season median ~ 35,Value is 9.09x the season median
team,2018,tackles_made,Tackles Made,order_of_magnitude_high,Sea Eagles v Roosters,19,home,295,295,season median ~ 35,Value is 8.43x the season median
team,2018,tackles_made,Tackles Made,order_of_magnitude_high,Sea Eagles v Titans,23,away,305,305,season median ~ 35,Value is 8.71x the season median
team,2018,tackles_made,Tackles Made,order_of_magnitude_high,Sea Eagles v Titans,23,home,297,297,season median ~ 35,Value is 8.49x the season median
team,2018,tackles_made,Tackles Made,order_of_magnitude_high,Sea Eagles v Warriors,14,away,343,343,season median ~ 35,Value is 9.80x the season median
team,2018,tackles_made,Tackles Made,order_of_magnitude_high,Sea Eagles v Warriors,14,home,341,341,season median ~ 35,Value is 9.74x the season median
team,2018,tackles_made,Tackles Made,order_of_magnitude_high,Sea Eagles v Wests Tigers,6,away,261,261,season median ~ 35,Value is 7.46x the season median
team,2018,tackles_made,Tackles Made,order_of_magnitude_high,Sea Eagles v Wests Tigers,6,home,340,340,season median ~ 35,Value is 9.71x the season median
team,2018,tackles_made,Tackles Made,order_of_magnitude_high,Sharks v Broncos,15,away,331,331,season median ~ 35,Value is 9.46x the season median
team,2018,tackles_made,Tackles Made,order_of_magnitude_high,Sharks v Broncos,15,home,330,330,season median ~ 35,Value is 9.43x the season median
team,2018,tackles_made,Tackles Made,order_of_magnitude_high,Sharks v Dragons,2,away,326,326,season median ~ 35,Value is 9.31x the season median
team,2018,tackles_made,Tackles Made,order_of_magnitude_high,Sharks v Dragons,2,home,304,304,season median ~ 35,Value is 8.69x the season median
team,2018,tackles_made,Tackles Made,order_of_magnitude_high,Sharks v Sea Eagles,21,away,290,290,season median ~ 35,Value is 8.29x the season median
team,2018,tackles_made,Tackles Made,order_of_magnitude_high,Sharks v Sea Eagles,21,home,280,280,season median ~ 35,Value is 8.00x the season median
team,2018,tackles_made,Tackles Made,order_of_magnitude_high,Storm v Knights,6,away,325,325,season median ~ 35,Value is 9.29x the season median
team,2018,tackles_made,Tackles Made,order_of_magnitude_high,Storm v Knights,6,home,257,257,season median ~ 35,Value is 7.34x the season median
team,2018,tackles_made,Tackles Made,order_of_magnitude_high,Titans v Dragons,3,away,261,261,season median ~ 35,Value is 7.46x the season median
team,2018,tackles_made,Tackles Made,order_of_magnitude_high,Titans v Dragons,3,home,309,309,season median ~ 35,Value is 8.83x the season median
team,2018,tackles_made,Tackles Made,order_of_magnitude_high,Titans v Panthers,22,away,336,336,season median ~ 35,Value is 9.60x the season median
team,2018,tackles_made,Tackles Made,order_of_magnitude_high,Titans v Panthers,22,home,318,318,season median ~ 35,Value is 9.09x the season median
team,2018,tackles_made,Tackles Made,order_of_magnitude_high,Titans v Sharks,8,away,323,323,season median ~ 35,Value is 9.23x the season median
team,2018,tackles_made,Tackles Made,order_of_magnitude_high,Titans v Sharks,8,home,380,380,season median ~ 35,Value is 10.86x the season median
team,2018,tackles_made,Tackles Made,order_of_magnitude_high,Titans v Warriors,20,away,352,352,season median ~ 35,Value is 10.06x the season median
team,2018,tackles_made,Tackles Made,order_of_magnitude_high,Titans v Warriors,20,home,287,287,season median ~ 35,Value is 8.20x the season median
team,2018,tackles_made,Tackles Made,order_of_magnitude_high,Warriors v Broncos,6,away,314,314,season median ~ 35,Value is 8.97x the season median
team,2018,tackles_made,Tackles Made,order_of_magnitude_high,Warriors v Broncos,6,home,333,333,season median ~ 35,Value is 9.51x the season median
team,2018,tackles_made,Tackles Made,order_of_magnitude_high,Warriors v Cowboys,5,away,327,327,season median ~ 35,Value is 9.34x the season median
team,2018,tackles_made,Tackles Made,order_of_magnitude_high,Warriors v Cowboys,5,home,351,351,season median ~ 35,Value is 10.03x the season median
team,2018,tackles_made,Tackles Made,order_of_magnitude_high,Warriors v Dragons,7,away,328,328,season median ~ 35,Value is 9.37x the season median
team,2018,tackles_made,Tackles Made,order_of_magnitude_high,Warriors v Dragons,7,home,359,359,season median ~ 35,Value is 10.26x the season median
team,2018,tackles_made,Tackles Made,order_of_magnitude_high,Warriors v Knights,22,away,381,381,season median ~ 35,Value is 10.89x the season median
team,2018,tackles_made,Tackles Made,order_of_magnitude_high,Warriors v Knights,22,home,314,314,season median ~ 35,Value is 8.97x the season median
team,2018,tackles_made,Tackles Made,order_of_magnitude_high,Warriors v Raiders,25,away,303,303,season median ~ 35,Value is 8.66x the season median
team,2018,tackles_made,Tackles Made,order_of_magnitude_high,Warriors v Raiders,25,home,312,312,season median ~ 35,Value is 8.91x the season median
team,2018,tackles_made,Tackles Made,order_of_magnitude_high,Warriors v Sharks,16,away,305,305,season median ~ 35,Value is 8.71x the season median
team,2018,tackles_made,Tackles Made,order_of_magnitude_high,Warriors v Sharks,16,home,360,360,season median ~ 35,Value is 10.29x the season median
team,2018,tackles_made,Tackles Made,order_of_magnitude_high,Warriors v Titans,2,away,321,321,season median ~ 35,Value is 9.17x the season median
team,2018,tackles_made,Tackles Made,order_of_magnitude_high,Warriors v Titans,2,home,330,330,season median ~ 35,Value is 9.43x the season median
team,2018,tackles_made,Tackles Made,order_of_magnitude_high,Wests Tigers v Eels,4,away,358,358,season median ~ 35,Value is 10.23x the season median
team,2018,tackles_made,Tackles Made,order_of_magnitude_high,Wests Tigers v Eels,4,home,295,295,season median ~ 35,Value is 8.43x the season median
team,2018,tackles_made,Tackles Made,order_of_magnitude_high,Wests Tigers v Roosters,1,away,339,339,season median ~ 35,Value is 9.69x the season median
team,2018,tackles_made,Tackles Made,order_of_magnitude_high,Wests Tigers v Roosters,1,home,337,337,season median ~ 35,Value is 9.63x the season median
team,2018,tackles_made,Tackles Made,order_of_magnitude_high,Wests Tigers v Sea Eagles,24,away,293,293,season median ~ 35,Value is 8.37x the season median
team,2018,tackles_made,Tackles Made,order_of_magnitude_high,Wests Tigers v Sea Eagles,24,home,341,341,season median ~ 35,Value is 9.74x the season median
team,2018,total_passes,Total Passes,order_of_magnitude_high,Broncos v Dragons,26,away,187,187,season median ~ 28,Value is 6.68x the season median
team,2018,total_passes,Total Passes,order_of_magnitude_high,Broncos v Dragons,26,home,173,173,season median ~ 28,Value is 6.18x the season median
team,2018,total_passes,Total Passes,order_of_magnitude_high,Broncos v Raiders,16,away,171,171,season median ~ 28,Value is 6.11x the season median
team,2018,total_passes,Total Passes,order_of_magnitude_high,Broncos v Raiders,16,home,206,206,season median ~ 28,Value is 7.36x the season median
team,2018,total_passes,Total Passes,order_of_magnitude_high,Broncos v Sharks,20,away,236,236,season median ~ 28,Value is 8.43x the season median
team,2018,total_passes,Total Passes,order_of_magnitude_high,Broncos v Sharks,20,home,171,171,season median ~ 28,Value is 6.11x the season median
team,2018,total_passes,Total Passes,order_of_magnitude_high,Broncos v Titans,4,away,193,193,season median ~ 28,Value is 6.89x the season median
team,2018,total_passes,Total Passes,order_of_magnitude_high,Broncos v Titans,4,home,201,201,season median ~ 28,Value is 7.18x the season median
team,2018,total_passes,Total Passes,order_of_magnitude_high,Broncos v Warriors,18,away,225,225,season median ~ 28,Value is 8.04x the season median
team,2018,total_passes,Total Passes,order_of_magnitude_high,Broncos v Warriors,18,home,210,210,season median ~ 28,Value is 7.50x the season median
team,2018,total_passes,Total Passes,order_of_magnitude_high,Bulldogs v Rabbitohs,18,away,256,256,season median ~ 28,Value is 9.14x the season median
team,2018,total_passes,Total Passes,order_of_magnitude_high,Bulldogs v Rabbitohs,18,home,226,226,season median ~ 28,Value is 8.07x the season median
team,2018,total_passes,Total Passes,order_of_magnitude_high,Bulldogs v Raiders,17,away,185,185,season median ~ 28,Value is 6.61x the season median
team,2018,total_passes,Total Passes,order_of_magnitude_high,Bulldogs v Raiders,17,home,181,181,season median ~ 28,Value is 6.46x the season median
team,2018,total_passes,Total Passes,order_of_magnitude_high,Bulldogs v Warriors,23,away,233,233,season median ~ 28,Value is 8.32x the season median
team,2018,total_passes,Total Passes,order_of_magnitude_high,Bulldogs v Warriors,23,home,153,153,season median ~ 28,Value is 5.46x the season median
team,2018,total_passes,Total Passes,order_of_magnitude_high,Cowboys v Broncos,22,away,155,155,season median ~ 28,Value is 5.54x the season median
team,2018,total_passes,Total Passes,order_of_magnitude_high,Cowboys v Broncos,22,home,213,213,season median ~ 28,Value is 7.61x the season median
team,2018,total_passes,Total Passes,order_of_magnitude_high,Dragons v Broncos,1,away,162,162,season median ~ 28,Value is 5.79x the season median
team,2018,total_passes,Total Passes,order_of_magnitude_high,Dragons v Broncos,1,home,208,208,season median ~ 28,Value is 7.43x the season median
team,2018,total_passes,Total Passes,order_of_magnitude_high,Dragons v Eels,16,away,219,219,season median ~ 28,Value is 7.82x the season median
team,2018,total_passes,Total Passes,order_of_magnitude_high,Dragons v Eels,16,home,215,215,season median ~ 28,Value is 7.68x the season median
team,2018,total_passes,Total Passes,order_of_magnitude_high,Dragons v Knights,4,away,187,187,season median ~ 28,Value is 6.68x the season median
team,2018,total_passes,Total Passes,order_of_magnitude_high,Dragons v Knights,4,home,249,249,season median ~ 28,Value is 8.89x the season median
team,2018,total_passes,Total Passes,order_of_magnitude_high,Dragons v Raiders,11,away,189,189,season median ~ 28,Value is 6.75x the season median
team,2018,total_passes,Total Passes,order_of_magnitude_high,Dragons v Raiders,11,home,197,197,season median ~ 28,Value is 7.04x the season median
team,2018,total_passes,Total Passes,order_of_magnitude_high,Dragons v Storm,9,away,184,184,season median ~ 28,Value is 6.57x the season median
team,2018,total_passes,Total Passes,order_of_magnitude_high,Dragons v Storm,9,home,178,178,season median ~ 28,Value is 6.36x the season median
team,2018,total_passes,Total Passes,order_of_magnitude_high,Dragons v Warriors,21,away,206,206,season median ~ 28,Value is 7.36x the season median
team,2018,total_passes,Total Passes,order_of_magnitude_high,Dragons v Warriors,21,home,246,246,season median ~ 28,Value is 8.79x the season median
team,2018,total_passes,Total Passes,order_of_magnitude_high,Eels v Warriors,11,away,174,174,season median ~ 28,Value is 6.21x the season median
team,2018,total_passes,Total Passes,order_of_magnitude_high,Eels v Warriors,11,home,215,215,season median ~ 28,Value is 7.68x the season median
team,2018,total_passes,Total Passes,order_of_magnitude_high,Knights v Broncos,5,away,196,196,season median ~ 28,Value is 7.00x the season median
team,2018,total_passes,Total Passes,order_of_magnitude_high,Knights v Broncos,5,home,203,203,season median ~ 28,Value is 7.25x the season median
team,2018,total_passes,Total Passes,order_of_magnitude_high,Knights v Dragons,25,away,146,146,season median ~ 28,Value is 5.21x the season median
team,2018,total_passes,Total Passes,order_of_magnitude_high,Knights v Dragons,25,home,268,268,season median ~ 28,Value is 9.57x the season median
team,2018,total_passes,Total Passes,order_of_magnitude_high,Knights v Sharks,12,away,235,235,season median ~ 28,Value is 8.39x the season median
team,2018,total_passes,Total Passes,order_of_magnitude_high,Knights v Sharks,12,home,209,209,season median ~ 28,Value is 7.46x the season median
team,2018,total_passes,Total Passes,order_of_magnitude_high,Knights v Titans,19,away,207,207,season median ~ 28,Value is 7.39x the season median
team,2018,total_passes,Total Passes,order_of_magnitude_high,Knights v Titans,19,home,222,222,season median ~ 28,Value is 7.93x the season median
team,2018,total_passes,Total Passes,order_of_magnitude_high,Rabbitohs v Wests Tigers,25,away,147,147,season median ~ 28,Value is 5.25x the season median
team,2018,total_passes,Total Passes,order_of_magnitude_high,Rabbitohs v Wests Tigers,25,home,291,291,season median ~ 28,Value is 10.39x the season median
team,2018,total_passes,Total Passes,order_of_magnitude_high,Raiders v Bulldogs,5,away,213,213,season median ~ 28,Value is 7.61x the season median
team,2018,total_passes,Total Passes,order_of_magnitude_high,Raiders v Bulldogs,5,home,166,166,season median ~ 28,Value is 5.93x the season median
team,2018,total_passes,Total Passes,order_of_magnitude_high,Raiders v Eels,6,away,189,189,season median ~ 28,Value is 6.75x the season median
team,2018,total_passes,Total Passes,order_of_magnitude_high,Raiders v Eels,6,home,199,199,season median ~ 28,Value is 7.11x the season median
team,2018,total_passes,Total Passes,order_of_magnitude_high,Raiders v Sharks,10,away,201,201,season median ~ 28,Value is 7.18x the season median
team,2018,total_passes,Total Passes,order_of_magnitude_high,Raiders v Sharks,10,home,159,159,season median ~ 28,Value is 5.68x the season median
team,2018,total_passes,Total Passes,order_of_magnitude_high,Roosters v Sea Eagles,9,away,210,210,season median ~ 28,Value is 7.50x the season median
team,2018,total_passes,Total Passes,order_of_magnitude_high,Roosters v Sea Eagles,9,home,176,176,season median ~ 28,Value is 6.29x the season median
team,2018,total_passes,Total Passes,order_of_magnitude_high,Roosters v Storm,16,away,205,205,season median ~ 28,Value is 7.32x the season median
team,2018,total_passes,Total Passes,order_of_magnitude_high,Roosters v Storm,16,home,201,201,season median ~ 28,Value is 7.18x the season median
team,2018,total_passes,Total Passes,order_of_magnitude_high,Sea Eagles v Bulldogs,22,away,226,226,season median ~ 28,Value is 8.07x the season median
team,2018,total_passes,Total Passes,order_of_magnitude_high,Sea Eagles v Bulldogs,22,home,233,233,season median ~ 28,Value is 8.32x the season median
team,2018,total_passes,Total Passes,order_of_magnitude_high,Sea Eagles v Knights,8,away,192,192,season median ~ 28,Value is 6.86x the season median
team,2018,total_passes,Total Passes,order_of_magnitude_high,Sea Eagles v Knights,8,home,231,231,season median ~ 28,Value is 8.25x the season median
team,2018,total_passes,Total Passes,order_of_magnitude_high,Sea Eagles v Roosters,19,away,192,192,season median ~ 28,Value is 6.86x the season median
team,2018,total_passes,Total Passes,order_of_magnitude_high,Sea Eagles v Roosters,19,home,203,203,season median ~ 28,Value is 7.25x the season median
team,2018,total_passes,Total Passes,order_of_magnitude_high,Sea Eagles v Warriors,14,away,225,225,season median ~ 28,Value is 8.04x the season median
team,2018,total_passes,Total Passes,order_of_magnitude_high,Sea Eagles v Warriors,14,home,223,223,season median ~ 28,Value is 7.96x the season median
team,2018,total_passes,Total Passes,order_of_magnitude_high,Sea Eagles v Wests Tigers,6,away,225,225,season median ~ 28,Value is 8.04x the season median
team,2018,total_passes,Total Passes,order_of_magnitude_high,Sea Eagles v Wests Tigers,6,home,162,162,season median ~ 28,Value is 5.79x the season median
team,2018,total_passes,Total Passes,order_of_magnitude_high,Sharks v Broncos,15,away,200,200,season median ~ 28,Value is 7.14x the season median
team,2018,total_passes,Total Passes,order_of_magnitude_high,Sharks v Broncos,15,home,223,223,season median ~ 28,Value is 7.96x the season median
team,2018,total_passes,Total Passes,order_of_magnitude_high,Sharks v Dragons,2,away,189,189,season median ~ 28,Value is 6.75x the season median
team,2018,total_passes,Total Passes,order_of_magnitude_high,Sharks v Dragons,2,home,208,208,season median ~ 28,Value is 7.43x the season median
team,2018,total_passes,Total Passes,order_of_magnitude_high,Sharks v Knights,24,away,203,203,season median ~ 28,Value is 7.25x the season median
team,2018,total_passes,Total Passes,order_of_magnitude_high,Sharks v Knights,24,home,246,246,season median ~ 28,Value is 8.79x the season median
team,2018,total_passes,Total Passes,order_of_magnitude_high,Sharks v Raiders,19,away,152,152,season median ~ 28,Value is 5.43x the season median
team,2018,total_passes,Total Passes,order_of_magnitude_high,Sharks v Raiders,19,home,239,239,season median ~ 28,Value is 8.54x the season median
team,2018,total_passes,Total Passes,order_of_magnitude_high,Sharks v Sea Eagles,21,away,193,193,season median ~ 28,Value is 6.89x the season median
team,2018,total_passes,Total Passes,order_of_magnitude_high,Sharks v Sea Eagles,21,home,215,215,season median ~ 28,Value is 7.68x the season median
team,2018,total_passes,Total Passes,order_of_magnitude_high,Titans v Broncos,17,away,228,228,season median ~ 28,Value is 8.14x the season median
team,2018,total_passes,Total Passes,order_of_magnitude_high,Titans v Broncos,17,home,184,184,season median ~ 28,Value is 6.57x the season median
team,2018,total_passes,Total Passes,order_of_magnitude_high,Titans v Dragons,3,away,211,211,season median ~ 28,Value is 7.54x the season median
team,2018,total_passes,Total Passes,order_of_magnitude_high,Titans v Dragons,3,home,167,167,season median ~ 28,Value is 5.96x the season median
team,2018,total_passes,Total Passes,order_of_magnitude_high,Titans v Knights,11,away,157,157,season median ~ 28,Value is 5.61x the season median
team,2018,total_passes,Total Passes,order_of_magnitude_high,Titans v Knights,11,home,200,200,season median ~ 28,Value is 7.14x the season median
team,2018,total_passes,Total Passes,order_of_magnitude_high,Titans v Panthers,22,away,229,229,season median ~ 28,Value is 8.18x the season median
team,2018,total_passes,Total Passes,order_of_magnitude_high,Titans v Panthers,22,home,226,226,season median ~ 28,Value is 8.07x the season median
team,2018,total_passes,Total Passes,order_of_magnitude_high,Titans v Sharks,8,away,213,213,season median ~ 28,Value is 7.61x the season median
team,2018,total_passes,Total Passes,order_of_magnitude_high,Titans v Sharks,8,home,217,217,season median ~ 28,Value is 7.75x the season median
team,2018,total_passes,Total Passes,order_of_magnitude_high,Titans v Warriors,20,away,189,189,season median ~ 28,Value is 6.75x the season median
team,2018,total_passes,Total Passes,order_of_magnitude_high,Titans v Warriors,20,home,223,223,season median ~ 28,Value is 7.96x the season median
team,2018,total_passes,Total Passes,order_of_magnitude_high,Warriors v Broncos,6,away,189,189,season median ~ 28,Value is 6.75x the season median
team,2018,total_passes,Total Passes,order_of_magnitude_high,Warriors v Broncos,6,home,206,206,season median ~ 28,Value is 7.36x the season median
team,2018,total_passes,Total Passes,order_of_magnitude_high,Warriors v Knights,22,away,215,215,season median ~ 28,Value is 7.68x the season median
team,2018,total_passes,Total Passes,order_of_magnitude_high,Warriors v Knights,22,home,231,231,season median ~ 28,Value is 8.25x the season median
team,2018,total_passes,Total Passes,order_of_magnitude_high,Warriors v Sharks,16,away,232,232,season median ~ 28,Value is 8.29x the season median
team,2018,total_passes,Total Passes,order_of_magnitude_high,Warriors v Sharks,16,home,172,172,season median ~ 28,Value is 6.14x the season median
team,2018,total_passes,Total Passes,order_of_magnitude_high,Warriors v Titans,2,away,241,241,season median ~ 28,Value is 8.61x the season median
team,2018,total_passes,Total Passes,order_of_magnitude_high,Warriors v Titans,2,home,217,217,season median ~ 28,Value is 7.75x the season median
team,2018,total_passes,Total Passes,order_of_magnitude_high,Wests Tigers v Sea Eagles,24,away,212,212,season median ~ 28,Value is 7.57x the season median
team,2018,total_passes,Total Passes,order_of_magnitude_high,Wests Tigers v Sea Eagles,24,home,194,194,season median ~ 28,Value is 6.93x the season median
team,2019,dummy_passes,Dummy Passes,order_of_magnitude_high,Knights v Bulldogs,17,away,55,55,season median ~ 11,Value is 5.00x the season median
team,2019,kicks,Kicks,order_of_magnitude_high,Dragons v Raiders,17,away,415,415,season median ~ 20,Value is 20.75x the season median
team,2019,kicks,Kicks,order_of_magnitude_high,Dragons v Raiders,17,home,467,467,season median ~ 20,Value is 23.35x the season median
team,2019,kicks,Kicks,order_of_magnitude_high,Dragons v Storm,16,away,733,733,season median ~ 20,Value is 36.65x the season median
team,2019,kicks,Kicks,order_of_magnitude_high,Dragons v Storm,16,home,457,457,season median ~ 20,Value is 22.85x the season median
team,2019,kicks,Kicks,order_of_magnitude_high,Panthers v Dragons,18,away,540,540,season median ~ 20,Value is 27.00x the season median
team,2019,kicks,Kicks,order_of_magnitude_high,Panthers v Dragons,18,home,690,690,season median ~ 20,Value is 34.50x the season median
team,2019,kicks,Kicks,order_of_magnitude_high,Panthers v Titans,17,away,568,568,season median ~ 20,Value is 28.40x the season median
team,2019,kicks,Kicks,order_of_magnitude_high,Panthers v Titans,17,home,512,512,season median ~ 20,Value is 25.60x the season median
team,2019,kicks,Kicks,order_of_magnitude_high,Storm v Cowboys,25,away,514,514,season median ~ 20,Value is 25.70x the season median
team,2019,kicks,Kicks,order_of_magnitude_high,Storm v Cowboys,25,home,583,583,season median ~ 20,Value is 29.15x the season median
team,2019,kicks,Kicks,order_of_magnitude_high,Storm v Sharks,17,away,376,376,season median ~ 20,Value is 18.80x the season median
team,2019,kicks,Kicks,order_of_magnitude_high,Storm v Sharks,17,home,556,556,season median ~ 20,Value is 27.80x the season median
team,2019,kicks,Kicks,order_of_magnitude_high,Titans v Storm,18,away,529,529,season median ~ 20,Value is 26.45x the season median
team,2019,kicks,Kicks,order_of_magnitude_high,Titans v Storm,18,home,488,488,season median ~ 20,Value is 24.40x the season median
team,2019,missed_tackles,Missed Tackles,order_of_magnitude_high,Broncos v Bulldogs,18,away,352,352,season median ~ 32,Value is 11.00x the season median
team,2019,missed_tackles,Missed Tackles,order_of_magnitude_high,Broncos v Bulldogs,18,home,268,268,season median ~ 32,Value is 8.38x the season median
team,2019,missed_tackles,Missed Tackles,order_of_magnitude_high,Broncos v Warriors,17,away,415,415,season median ~ 32,Value is 12.97x the season median
team,2019,missed_tackles,Missed Tackles,order_of_magnitude_high,Broncos v Warriors,17,home,435,435,season median ~ 32,Value is 13.59x the season median
team,2019,missed_tackles,Missed Tackles,order_of_magnitude_high,Cowboys v Broncos,21,away,305,305,season median ~ 32,Value is 9.53x the season median
team,2019,missed_tackles,Missed Tackles,order_of_magnitude_high,Cowboys v Broncos,21,home,343,343,season median ~ 32,Value is 10.72x the season median
team,2019,missed_tackles,Missed Tackles,order_of_magnitude_high,Cowboys v Bulldogs,24,away,337,337,season median ~ 32,Value is 10.53x the season median
team,2019,missed_tackles,Missed Tackles,order_of_magnitude_high,Cowboys v Bulldogs,24,home,339,339,season median ~ 32,Value is 10.59x the season median
team,2019,missed_tackles,Missed Tackles,order_of_magnitude_high,Cowboys v Dragons,1,away,387,387,season median ~ 32,Value is 12.09x the season median
team,2019,missed_tackles,Missed Tackles,order_of_magnitude_high,Cowboys v Dragons,1,home,318,318,season median ~ 32,Value is 9.94x the season median
team,2019,missed_tackles,Missed Tackles,order_of_magnitude_high,Cowboys v Rabbitohs,18,away,374,374,season median ~ 32,Value is 11.69x the season median
team,2019,missed_tackles,Missed Tackles,order_of_magnitude_high,Cowboys v Rabbitohs,18,home,286,286,season median ~ 32,Value is 8.94x the season median
team,2019,missed_tackles,Missed Tackles,order_of_magnitude_high,Cowboys v Wests Tigers,14,away,345,345,season median ~ 32,Value is 10.78x the season median
team,2019,missed_tackles,Missed Tackles,order_of_magnitude_high,Cowboys v Wests Tigers,14,home,309,309,season median ~ 32,Value is 9.66x the season median
team,2019,missed_tackles,Missed Tackles,order_of_magnitude_high,Eels v Warriors,19,away,389,389,season median ~ 32,Value is 12.16x the season median
team,2019,missed_tackles,Missed Tackles,order_of_magnitude_high,Eels v Warriors,19,home,375,375,season median ~ 32,Value is 11.72x the season median
team,2019,missed_tackles,Missed Tackles,order_of_magnitude_high,Knights v Sea Eagles,5,away,281,281,season median ~ 32,Value is 8.78x the season median
team,2019,missed_tackles,Missed Tackles,order_of_magnitude_high,Knights v Sea Eagles,5,home,365,365,season median ~ 32,Value is 11.41x the season median
team,2019,missed_tackles,Missed Tackles,order_of_magnitude_high,Knights v Titans,24,away,371,371,season median ~ 32,Value is 11.59x the season median
team,2019,missed_tackles,Missed Tackles,order_of_magnitude_high,Knights v Titans,24,home,288,288,season median ~ 32,Value is 9.00x the season median
team,2019,missed_tackles,Missed Tackles,order_of_magnitude_high,Panthers v Roosters,13,away,344,344,season median ~ 32,Value is 10.75x the season median
team,2019,missed_tackles,Missed Tackles,order_of_magnitude_high,Panthers v Roosters,13,home,332,332,season median ~ 32,Value is 10.38x the season median
team,2019,missed_tackles,Missed Tackles,order_of_magnitude_high,Rabbitohs v Bulldogs,22,away,330,330,season median ~ 32,Value is 10.31x the season median
team,2019,missed_tackles,Missed Tackles,order_of_magnitude_high,Rabbitohs v Bulldogs,22,home,371,371,season median ~ 32,Value is 11.59x the season median
team,2019,missed_tackles,Missed Tackles,order_of_magnitude_high,Rabbitohs v Sea Eagles,27,away,304,304,season median ~ 32,Value is 9.50x the season median
team,2019,missed_tackles,Missed Tackles,order_of_magnitude_high,Rabbitohs v Sea Eagles,27,home,291,291,season median ~ 32,Value is 9.09x the season median
team,2019,missed_tackles,Missed Tackles,order_of_magnitude_high,Raiders v Broncos,6,away,323,323,season median ~ 32,Value is 10.09x the season median
team,2019,missed_tackles,Missed Tackles,order_of_magnitude_high,Raiders v Broncos,6,home,373,373,season median ~ 32,Value is 11.66x the season median
team,2019,missed_tackles,Missed Tackles,order_of_magnitude_high,Raiders v Cowboys,11,away,334,334,season median ~ 32,Value is 10.44x the season median
team,2019,missed_tackles,Missed Tackles,order_of_magnitude_high,Raiders v Cowboys,11,home,325,325,season median ~ 32,Value is 10.16x the season median
team,2019,missed_tackles,Missed Tackles,order_of_magnitude_high,Raiders v Sea Eagles,23,away,287,287,season median ~ 32,Value is 8.97x the season median
team,2019,missed_tackles,Missed Tackles,order_of_magnitude_high,Raiders v Sea Eagles,23,home,288,288,season median ~ 32,Value is 9.00x the season median
team,2019,missed_tackles,Missed Tackles,order_of_magnitude_high,Roosters v Cowboys,17,away,355,355,season median ~ 32,Value is 11.09x the season median
team,2019,missed_tackles,Missed Tackles,order_of_magnitude_high,Roosters v Cowboys,17,home,397,397,season median ~ 32,Value is 12.41x the season median
team,2019,missed_tackles,Missed Tackles,order_of_magnitude_high,Roosters v Dragons,7,away,380,380,season median ~ 32,Value is 11.88x the season median
team,2019,missed_tackles,Missed Tackles,order_of_magnitude_high,Roosters v Dragons,7,home,299,299,season median ~ 32,Value is 9.34x the season median
team,2019,missed_tackles,Missed Tackles,order_of_magnitude_high,Roosters v Panthers,24,away,334,334,season median ~ 32,Value is 10.44x the season median
team,2019,missed_tackles,Missed Tackles,order_of_magnitude_high,Roosters v Panthers,24,home,326,326,season median ~ 32,Value is 10.19x the season median
team,2019,missed_tackles,Missed Tackles,order_of_magnitude_high,Roosters v Rabbitohs,26,away,387,387,season median ~ 32,Value is 12.09x the season median
team,2019,missed_tackles,Missed Tackles,order_of_magnitude_high,Roosters v Rabbitohs,26,home,318,318,season median ~ 32,Value is 9.94x the season median
team,2019,missed_tackles,Missed Tackles,order_of_magnitude_high,Sea Eagles v Broncos,9,away,311,311,season median ~ 32,Value is 9.72x the season median
team,2019,missed_tackles,Missed Tackles,order_of_magnitude_high,Sea Eagles v Broncos,9,home,338,338,season median ~ 32,Value is 10.56x the season median
team,2019,missed_tackles,Missed Tackles,order_of_magnitude_high,Sea Eagles v Bulldogs,8,away,362,362,season median ~ 32,Value is 11.31x the season median
team,2019,missed_tackles,Missed Tackles,order_of_magnitude_high,Sea Eagles v Bulldogs,8,home,285,285,season median ~ 32,Value is 8.91x the season median
team,2019,missed_tackles,Missed Tackles,order_of_magnitude_high,Sea Eagles v Eels,18,away,348,348,season median ~ 32,Value is 10.88x the season median
team,2019,missed_tackles,Missed Tackles,order_of_magnitude_high,Sea Eagles v Eels,18,home,274,274,season median ~ 32,Value is 8.56x the season median
team,2019,missed_tackles,Missed Tackles,order_of_magnitude_high,Sea Eagles v Raiders,7,away,359,359,season median ~ 32,Value is 11.22x the season median
team,2019,missed_tackles,Missed Tackles,order_of_magnitude_high,Sea Eagles v Raiders,7,home,282,282,season median ~ 32,Value is 8.81x the season median
team,2019,missed_tackles,Missed Tackles,order_of_magnitude_high,Sea Eagles v Roosters,2,away,324,324,season median ~ 32,Value is 10.13x the season median
team,2019,missed_tackles,Missed Tackles,order_of_magnitude_high,Sea Eagles v Roosters,2,home,330,330,season median ~ 32,Value is 10.31x the season median
team,2019,missed_tackles,Missed Tackles,order_of_magnitude_high,Sharks v Panthers,6,away,375,375,season median ~ 32,Value is 11.72x the season median
team,2019,missed_tackles,Missed Tackles,order_of_magnitude_high,Sharks v Panthers,6,home,303,303,season median ~ 32,Value is 9.47x the season median
team,2019,missed_tackles,Missed Tackles,order_of_magnitude_high,Sharks v Roosters,5,away,304,304,season median ~ 32,Value is 9.50x the season median
team,2019,missed_tackles,Missed Tackles,order_of_magnitude_high,Sharks v Roosters,5,home,358,358,season median ~ 32,Value is 11.19x the season median
team,2019,missed_tackles,Missed Tackles,order_of_magnitude_high,Warriors v Cowboys,6,away,315,315,season median ~ 32,Value is 9.84x the season median
team,2019,missed_tackles,Missed Tackles,order_of_magnitude_high,Warriors v Cowboys,6,home,411,411,season median ~ 32,Value is 12.84x the season median
team,2019,missed_tackles,Missed Tackles,order_of_magnitude_high,Warriors v Raiders,20,away,293,293,season median ~ 32,Value is 9.16x the season median
team,2019,missed_tackles,Missed Tackles,order_of_magnitude_high,Warriors v Raiders,20,home,397,397,season median ~ 32,Value is 12.41x the season median
team,2019,missed_tackles,Missed Tackles,order_of_magnitude_high,Wests Tigers v Panthers,9,away,380,380,season median ~ 32,Value is 11.88x the season median
team,2019,missed_tackles,Missed Tackles,order_of_magnitude_high,Wests Tigers v Panthers,9,home,316,316,season median ~ 32,Value is 9.88x the season median
team,2019,missed_tackles,Missed Tackles,order_of_magnitude_high,Wests Tigers v Sharks,25,away,300,300,season median ~ 32,Value is 9.38x the season median
team,2019,missed_tackles,Missed Tackles,order_of_magnitude_high,Wests Tigers v Sharks,25,home,343,343,season median ~ 32,Value is 10.72x the season median
team,2019,offloads,Offloads,order_of_magnitude_high,Dragons v Raiders,17,away,389,389,season median ~ 10,Value is 38.90x the season median
team,2019,offloads,Offloads,order_of_magnitude_high,Dragons v Raiders,17,home,360,360,season median ~ 10,Value is 36.00x the season median
team,2019,offloads,Offloads,order_of_magnitude_high,Dragons v Storm,16,away,387,387,season median ~ 10,Value is 38.70x the season median
team,2019,offloads,Offloads,order_of_magnitude_high,Dragons v Storm,16,home,359,359,season median ~ 10,Value is 35.90x the season median
team,2019,offloads,Offloads,order_of_magnitude_high,Panthers v Dragons,18,away,319,319,season median ~ 10,Value is 31.90x the season median
team,2019,offloads,Offloads,order_of_magnitude_high,Panthers v Dragons,18,home,453,453,season median ~ 10,Value is 45.30x the season median
team,2019,offloads,Offloads,order_of_magnitude_high,Panthers v Titans,17,away,426,426,season median ~ 10,Value is 42.60x the season median
team,2019,offloads,Offloads,order_of_magnitude_high,Panthers v Titans,17,home,449,449,season median ~ 10,Value is 44.90x the season median
team,2019,offloads,Offloads,order_of_magnitude_high,Storm v Cowboys,25,away,375,375,season median ~ 10,Value is 37.50x the season median
team,2019,offloads,Offloads,order_of_magnitude_high,Storm v Cowboys,25,home,417,417,season median ~ 10,Value is 41.70x the season median
team,2019,offloads,Offloads,order_of_magnitude_high,Storm v Sharks,17,away,290,290,season median ~ 10,Value is 29.00x the season median
team,2019,offloads,Offloads,order_of_magnitude_high,Storm v Sharks,17,home,391,391,season median ~ 10,Value is 39.10x the season median
team,2019,offloads,Offloads,order_of_magnitude_high,Titans v Storm,18,away,414,414,season median ~ 10,Value is 41.40x the season median
team,2019,offloads,Offloads,order_of_magnitude_high,Titans v Storm,18,home,369,369,season median ~ 10,Value is 36.90x the season median
team,2019,penalty_goals,Penalty Goals,scoring_count_implausibly_high,Dragons v Roosters,23,away,28,28,stat-specific sanity range,
team,2019,penalty_goals,Penalty Goals,scoring_count_implausibly_high,Roosters v Titans,20,home,28,28,stat-specific sanity range,
team,2019,penalty_goals,Penalty Goals,scoring_count_implausibly_high,Sea Eagles v Eels,18,home,26,26,stat-specific sanity range,
team,2019,penalty_goals,Penalty Goals,scoring_count_implausibly_high,Warriors v Raiders,20,away,30,30,stat-specific sanity range,
team,2020,missed_tackles,Missed Tackles,order_of_magnitude_high,Broncos v Storm,11,away,302,302,season median ~ 29,Value is 10.41x the season median
team,2020,missed_tackles,Missed Tackles,order_of_magnitude_high,Broncos v Storm,11,home,347,347,season median ~ 29,Value is 11.97x the season median
team,2020,missed_tackles,Missed Tackles,order_of_magnitude_high,Bulldogs v Cowboys,2,away,314,314,season median ~ 29,Value is 10.83x the season median
team,2020,missed_tackles,Missed Tackles,order_of_magnitude_high,Bulldogs v Cowboys,2,home,384,384,season median ~ 29,Value is 13.24x the season median
team,2020,missed_tackles,Missed Tackles,order_of_magnitude_high,Bulldogs v Panthers,20,away,362,362,season median ~ 29,Value is 12.48x the season median
team,2020,missed_tackles,Missed Tackles,order_of_magnitude_high,Bulldogs v Panthers,20,home,370,370,season median ~ 29,Value is 12.76x the season median
team,2020,missed_tackles,Missed Tackles,order_of_magnitude_high,Dragons v Roosters,13,away,373,373,season median ~ 29,Value is 12.86x the season median
team,2020,missed_tackles,Missed Tackles,order_of_magnitude_high,Dragons v Roosters,13,home,391,391,season median ~ 29,Value is 13.48x the season median
team,2020,missed_tackles,Missed Tackles,order_of_magnitude_high,Knights v Cowboys,15,away,414,414,season median ~ 29,Value is 14.28x the season median
team,2020,missed_tackles,Missed Tackles,order_of_magnitude_high,Knights v Cowboys,15,home,353,353,season median ~ 29,Value is 12.17x the season median
team,2020,missed_tackles,Missed Tackles,order_of_magnitude_high,Knights v Warriors,1,away,356,356,season median ~ 29,Value is 12.28x the season median
team,2020,missed_tackles,Missed Tackles,order_of_magnitude_high,Knights v Warriors,1,home,351,351,season median ~ 29,Value is 12.10x the season median
team,2020,missed_tackles,Missed Tackles,order_of_magnitude_high,Panthers v Eels,18,away,463,463,season median ~ 29,Value is 15.97x the season median
team,2020,missed_tackles,Missed Tackles,order_of_magnitude_high,Panthers v Eels,18,home,341,341,season median ~ 29,Value is 11.76x the season median
team,2020,missed_tackles,Missed Tackles,order_of_magnitude_high,Panthers v Raiders,13,away,365,365,season median ~ 29,Value is 12.59x the season median
team,2020,missed_tackles,Missed Tackles,order_of_magnitude_high,Panthers v Raiders,13,home,338,338,season median ~ 29,Value is 11.66x the season median
team,2020,missed_tackles,Missed Tackles,order_of_magnitude_high,Panthers v Roosters,1,away,373,373,season median ~ 29,Value is 12.86x the season median
team,2020,missed_tackles,Missed Tackles,order_of_magnitude_high,Panthers v Roosters,1,home,312,312,season median ~ 29,Value is 10.76x the season median
team,2020,missed_tackles,Missed Tackles,order_of_magnitude_high,Rabbitohs v Knights,10,away,397,397,season median ~ 29,Value is 13.69x the season median
team,2020,missed_tackles,Missed Tackles,order_of_magnitude_high,Rabbitohs v Knights,10,home,394,394,season median ~ 29,Value is 13.59x the season median
team,2020,missed_tackles,Missed Tackles,order_of_magnitude_high,Roosters v Storm,14,away,345,345,season median ~ 29,Value is 11.90x the season median
team,2020,missed_tackles,Missed Tackles,order_of_magnitude_high,Roosters v Storm,14,home,402,402,season median ~ 29,Value is 13.86x the season median
team,2020,missed_tackles,Missed Tackles,order_of_magnitude_high,Sea Eagles v Eels,10,away,378,378,season median ~ 29,Value is 13.03x the season median
team,2020,missed_tackles,Missed Tackles,order_of_magnitude_high,Sea Eagles v Eels,10,home,391,391,season median ~ 29,Value is 13.48x the season median
team,2020,missed_tackles,Missed Tackles,order_of_magnitude_high,Sea Eagles v Panthers,12,away,345,345,season median ~ 29,Value is 11.90x the season median
team,2020,missed_tackles,Missed Tackles,order_of_magnitude_high,Sea Eagles v Panthers,12,home,354,354,season median ~ 29,Value is 12.21x the season median
team,2020,missed_tackles,Missed Tackles,order_of_magnitude_high,Sharks v Cowboys,16,away,357,357,season median ~ 29,Value is 12.31x the season median
team,2020,missed_tackles,Missed Tackles,order_of_magnitude_high,Sharks v Cowboys,16,home,327,327,season median ~ 29,Value is 11.28x the season median
team,2020,missed_tackles,Missed Tackles,order_of_magnitude_high,Storm v Raiders,3,away,342,342,season median ~ 29,Value is 11.79x the season median
team,2020,missed_tackles,Missed Tackles,order_of_magnitude_high,Storm v Raiders,3,home,355,355,season median ~ 29,Value is 12.24x the season median
team,2020,missed_tackles,Missed Tackles,order_of_magnitude_high,Warriors v Broncos,8,away,398,398,season median ~ 29,Value is 13.72x the season median
team,2020,missed_tackles,Missed Tackles,order_of_magnitude_high,Warriors v Broncos,8,home,332,332,season median ~ 29,Value is 11.45x the season median
team,2020,missed_tackles,Missed Tackles,order_of_magnitude_high,Warriors v Eels,17,away,353,353,season median ~ 29,Value is 12.17x the season median
team,2020,missed_tackles,Missed Tackles,order_of_magnitude_high,Warriors v Eels,17,home,406,406,season median ~ 29,Value is 14.00x the season median
team,2020,missed_tackles,Missed Tackles,order_of_magnitude_high,Warriors v Sea Eagles,20,away,283,283,season median ~ 29,Value is 9.76x the season median
team,2020,missed_tackles,Missed Tackles,order_of_magnitude_high,Warriors v Sea Eagles,20,home,279,279,season median ~ 29,Value is 9.62x the season median
team,2020,missed_tackles,Missed Tackles,order_of_magnitude_high,Wests Tigers v Broncos,10,away,390,390,season median ~ 29,Value is 13.45x the season median
team,2020,missed_tackles,Missed Tackles,order_of_magnitude_high,Wests Tigers v Broncos,10,home,330,330,season median ~ 29,Value is 11.38x the season median
team,2020,missed_tackles,Missed Tackles,order_of_magnitude_high,Wests Tigers v Bulldogs,14,away,361,361,season median ~ 29,Value is 12.45x the season median
team,2020,missed_tackles,Missed Tackles,order_of_magnitude_high,Wests Tigers v Bulldogs,14,home,389,389,season median ~ 29,Value is 13.41x the season median
team,2020,missed_tackles,Missed Tackles,order_of_magnitude_high,Wests Tigers v Panthers,8,away,356,356,season median ~ 29,Value is 12.28x the season median
team,2020,missed_tackles,Missed Tackles,order_of_magnitude_high,Wests Tigers v Panthers,8,home,408,408,season median ~ 29,Value is 14.07x the season median
team,2020,penalty_goals,Penalty Goals,scoring_count_implausibly_high,Knights v Dragons,19,home,30,30,stat-specific sanity range,
team,2020,penalty_goals,Penalty Goals,scoring_count_implausibly_high,Warriors v Sea Eagles,20,home,26,26,stat-specific sanity range,
team,2020,penalty_goals,Penalty Goals,scoring_count_implausibly_high,Wests Tigers v Broncos,10,home,26,26,stat-specific sanity range,
team,2021,missed_tackles,Missed Tackles,order_of_magnitude_high,Bulldogs v Storm,5,away,334,334,season median ~ 32,Value is 10.44x the season median
team,2021,missed_tackles,Missed Tackles,order_of_magnitude_high,Bulldogs v Storm,5,home,312,312,season median ~ 32,Value is 9.75x the season median
team,2021,missed_tackles,Missed Tackles,order_of_magnitude_high,Bulldogs v Titans,20,away,341,341,season median ~ 32,Value is 10.66x the season median
team,2021,missed_tackles,Missed Tackles,order_of_magnitude_high,Bulldogs v Titans,20,home,312,312,season median ~ 32,Value is 9.75x the season median
team,2021,missed_tackles,Missed Tackles,order_of_magnitude_high,Bulldogs v Wests Tigers,21,away,330,330,season median ~ 32,Value is 10.31x the season median
team,2021,missed_tackles,Missed Tackles,order_of_magnitude_high,Bulldogs v Wests Tigers,21,home,343,343,season median ~ 32,Value is 10.72x the season median
team,2021,missed_tackles,Missed Tackles,order_of_magnitude_high,Dragons v Broncos,13,away,340,340,season median ~ 32,Value is 10.63x the season median
team,2021,missed_tackles,Missed Tackles,order_of_magnitude_high,Dragons v Broncos,13,home,301,301,season median ~ 32,Value is 9.41x the season median
team,2021,missed_tackles,Missed Tackles,order_of_magnitude_high,Dragons v Rabbitohs,20,away,280,280,season median ~ 32,Value is 8.75x the season median
team,2021,missed_tackles,Missed Tackles,order_of_magnitude_high,Dragons v Rabbitohs,20,home,391,391,season median ~ 32,Value is 12.22x the season median
team,2021,missed_tackles,Missed Tackles,order_of_magnitude_high,Dragons v Raiders,15,away,361,361,season median ~ 32,Value is 11.28x the season median
team,2021,missed_tackles,Missed Tackles,order_of_magnitude_high,Dragons v Raiders,15,home,334,334,season median ~ 32,Value is 10.44x the season median
team,2021,missed_tackles,Missed Tackles,order_of_magnitude_high,Knights v Sharks,6,away,349,349,season median ~ 32,Value is 10.91x the season median
team,2021,missed_tackles,Missed Tackles,order_of_magnitude_high,Knights v Sharks,6,home,418,418,season median ~ 32,Value is 13.06x the season median
team,2021,missed_tackles,Missed Tackles,order_of_magnitude_high,Knights v Titans,24,away,326,326,season median ~ 32,Value is 10.19x the season median
team,2021,missed_tackles,Missed Tackles,order_of_magnitude_high,Knights v Titans,24,home,351,351,season median ~ 32,Value is 10.97x the season median
team,2021,missed_tackles,Missed Tackles,order_of_magnitude_high,Panthers v Cowboys,1,away,383,383,season median ~ 32,Value is 11.97x the season median
team,2021,missed_tackles,Missed Tackles,order_of_magnitude_high,Panthers v Cowboys,1,home,302,302,season median ~ 32,Value is 9.44x the season median
team,2021,missed_tackles,Missed Tackles,order_of_magnitude_high,Panthers v Rabbitohs,23,away,383,383,season median ~ 32,Value is 11.97x the season median
team,2021,missed_tackles,Missed Tackles,order_of_magnitude_high,Panthers v Rabbitohs,23,home,321,321,season median ~ 32,Value is 10.03x the season median
team,2021,missed_tackles,Missed Tackles,order_of_magnitude_high,Rabbitohs v Bulldogs,18,away,366,366,season median ~ 32,Value is 11.44x the season median
team,2021,missed_tackles,Missed Tackles,order_of_magnitude_high,Rabbitohs v Bulldogs,18,home,283,283,season median ~ 32,Value is 8.84x the season median
team,2021,missed_tackles,Missed Tackles,order_of_magnitude_high,Rabbitohs v Dragons,25,away,411,411,season median ~ 32,Value is 12.84x the season median
team,2021,missed_tackles,Missed Tackles,order_of_magnitude_high,Rabbitohs v Dragons,25,home,378,378,season median ~ 32,Value is 11.81x the season median
team,2021,missed_tackles,Missed Tackles,order_of_magnitude_high,Raiders v Dragons,21,away,342,342,season median ~ 32,Value is 10.69x the season median
team,2021,missed_tackles,Missed Tackles,order_of_magnitude_high,Raiders v Dragons,21,home,337,337,season median ~ 32,Value is 10.53x the season median
team,2021,missed_tackles,Missed Tackles,order_of_magnitude_high,Roosters v Broncos,11,away,290,290,season median ~ 32,Value is 9.06x the season median
team,2021,missed_tackles,Missed Tackles,order_of_magnitude_high,Roosters v Broncos,11,home,338,338,season median ~ 32,Value is 10.56x the season median
team,2021,missed_tackles,Missed Tackles,order_of_magnitude_high,Sea Eagles v Dragons,18,away,343,343,season median ~ 32,Value is 10.72x the season median
team,2021,missed_tackles,Missed Tackles,order_of_magnitude_high,Sea Eagles v Dragons,18,home,264,264,season median ~ 32,Value is 8.25x the season median
team,2021,missed_tackles,Missed Tackles,order_of_magnitude_high,Sea Eagles v Panthers,4,away,280,280,season median ~ 32,Value is 8.75x the season median
team,2021,missed_tackles,Missed Tackles,order_of_magnitude_high,Sea Eagles v Panthers,4,home,305,305,season median ~ 32,Value is 9.53x the season median
team,2021,missed_tackles,Missed Tackles,order_of_magnitude_high,Sea Eagles v Rabbitohs,2,away,364,364,season median ~ 32,Value is 11.38x the season median
team,2021,missed_tackles,Missed Tackles,order_of_magnitude_high,Sea Eagles v Rabbitohs,2,home,341,341,season median ~ 32,Value is 10.66x the season median
team,2021,missed_tackles,Missed Tackles,order_of_magnitude_high,Sea Eagles v Warriors,9,away,317,317,season median ~ 32,Value is 9.91x the season median
team,2021,missed_tackles,Missed Tackles,order_of_magnitude_high,Sea Eagles v Warriors,9,home,275,275,season median ~ 32,Value is 8.59x the season median
team,2021,missed_tackles,Missed Tackles,order_of_magnitude_high,Sharks v Cowboys,4,away,387,387,season median ~ 32,Value is 12.09x the season median
team,2021,missed_tackles,Missed Tackles,order_of_magnitude_high,Sharks v Cowboys,4,home,273,273,season median ~ 32,Value is 8.53x the season median
team,2021,missed_tackles,Missed Tackles,order_of_magnitude_high,Storm v Broncos,4,away,370,370,season median ~ 32,Value is 11.56x the season median
team,2021,missed_tackles,Missed Tackles,order_of_magnitude_high,Storm v Broncos,4,home,303,303,season median ~ 32,Value is 9.47x the season median
team,2021,missed_tackles,Missed Tackles,order_of_magnitude_high,Storm v Sea Eagles,26,away,309,309,season median ~ 32,Value is 9.66x the season median
team,2021,missed_tackles,Missed Tackles,order_of_magnitude_high,Storm v Sea Eagles,26,home,226,226,season median ~ 32,Value is 7.06x the season median
team,2021,missed_tackles,Missed Tackles,order_of_magnitude_high,Titans v Cowboys,21,away,373,373,season median ~ 32,Value is 11.66x the season median
team,2021,missed_tackles,Missed Tackles,order_of_magnitude_high,Titans v Cowboys,21,home,254,254,season median ~ 32,Value is 7.94x the season median
team,2021,missed_tackles,Missed Tackles,order_of_magnitude_high,Titans v Rabbitohs,7,away,299,299,season median ~ 32,Value is 9.34x the season median
team,2021,missed_tackles,Missed Tackles,order_of_magnitude_high,Titans v Rabbitohs,7,home,354,354,season median ~ 32,Value is 11.06x the season median
team,2021,missed_tackles,Missed Tackles,order_of_magnitude_high,Wests Tigers v Dragons,12,away,424,424,season median ~ 32,Value is 13.25x the season median
team,2021,missed_tackles,Missed Tackles,order_of_magnitude_high,Wests Tigers v Dragons,12,home,313,313,season median ~ 32,Value is 9.78x the season median
team,2021,missed_tackles,Missed Tackles,order_of_magnitude_high,Wests Tigers v Eels,4,away,350,350,season median ~ 32,Value is 10.94x the season median
team,2021,missed_tackles,Missed Tackles,order_of_magnitude_high,Wests Tigers v Eels,4,home,332,332,season median ~ 32,Value is 10.38x the season median
team,2021,missed_tackles,Missed Tackles,order_of_magnitude_high,Wests Tigers v Sea Eagles,7,away,318,318,season median ~ 32,Value is 9.94x the season median
team,2021,missed_tackles,Missed Tackles,order_of_magnitude_high,Wests Tigers v Sea Eagles,7,home,348,348,season median ~ 32,Value is 10.88x the season median
team,2021,missed_tackles,Missed Tackles,order_of_magnitude_high,Wests Tigers v Sharks,23,away,284,284,season median ~ 32,Value is 8.88x the season median
team,2021,missed_tackles,Missed Tackles,order_of_magnitude_high,Wests Tigers v Sharks,23,home,283,283,season median ~ 32,Value is 8.84x the season median
team,2021,penalty_goals,Penalty Goals,scoring_count_implausibly_high,Rabbitohs v Storm,9,away,26,26,stat-specific sanity range,
team,2021,penalty_goals,Penalty Goals,scoring_count_implausibly_high,Rabbitohs v Warriors,19,home,34,34,stat-specific sanity range,
team,2021,penalty_goals,Penalty Goals,scoring_count_implausibly_high,Roosters v Sea Eagles,1,home,26,26,stat-specific sanity range,
team,2021,penalty_goals,Penalty Goals,scoring_count_implausibly_high,Sea Eagles v Cowboys,14,home,28,28,stat-specific sanity range,
team,2021,penalty_goals,Penalty Goals,scoring_count_implausibly_high,Sharks v Cowboys,4,home,36,36,stat-specific sanity range,
team,2021,penalty_goals,Penalty Goals,scoring_count_implausibly_high,Storm v Knights,18,home,30,30,stat-specific sanity range,
team,2021,penalty_goals,Penalty Goals,scoring_count_implausibly_high,Wests Tigers v Cowboys,5,away,28,28,stat-specific sanity range,
team,2022,missed_tackles,Missed Tackles,order_of_magnitude_high,Bulldogs v Panthers,5,away,268,268,season median ~ 34,Value is 7.88x the season median
team,2022,missed_tackles,Missed Tackles,order_of_magnitude_high,Bulldogs v Panthers,5,home,334,334,season median ~ 34,Value is 9.82x the season median
team,2022,missed_tackles,Missed Tackles,order_of_magnitude_high,Bulldogs v Roosters,8,away,367,367,season median ~ 34,Value is 10.79x the season median
team,2022,missed_tackles,Missed Tackles,order_of_magnitude_high,Bulldogs v Roosters,8,home,322,322,season median ~ 34,Value is 9.47x the season median
team,2022,missed_tackles,Missed Tackles,order_of_magnitude_high,Cowboys v Panthers,25,away,372,372,season median ~ 34,Value is 10.94x the season median
team,2022,missed_tackles,Missed Tackles,order_of_magnitude_high,Cowboys v Panthers,25,home,291,291,season median ~ 34,Value is 8.56x the season median
team,2022,missed_tackles,Missed Tackles,order_of_magnitude_high,Cowboys v Raiders,2,away,326,326,season median ~ 34,Value is 9.59x the season median
team,2022,missed_tackles,Missed Tackles,order_of_magnitude_high,Cowboys v Raiders,2,home,244,244,season median ~ 34,Value is 7.18x the season median
team,2022,missed_tackles,Missed Tackles,order_of_magnitude_high,Dragons v Broncos,25,away,299,299,season median ~ 34,Value is 8.79x the season median
team,2022,missed_tackles,Missed Tackles,order_of_magnitude_high,Dragons v Broncos,25,home,317,317,season median ~ 34,Value is 9.32x the season median
team,2022,missed_tackles,Missed Tackles,order_of_magnitude_high,Dragons v Panthers,2,away,386,386,season median ~ 34,Value is 11.35x the season median
team,2022,missed_tackles,Missed Tackles,order_of_magnitude_high,Dragons v Panthers,2,home,306,306,season median ~ 34,Value is 9.00x the season median
team,2022,missed_tackles,Missed Tackles,order_of_magnitude_high,Dragons v Roosters,7,away,377,377,season median ~ 34,Value is 11.09x the season median
team,2022,missed_tackles,Missed Tackles,order_of_magnitude_high,Dragons v Roosters,7,home,319,319,season median ~ 34,Value is 9.38x the season median
team,2022,missed_tackles,Missed Tackles,order_of_magnitude_high,Eels v Dragons,4,away,311,311,season median ~ 34,Value is 9.15x the season median
team,2022,missed_tackles,Missed Tackles,order_of_magnitude_high,Eels v Dragons,4,home,311,311,season median ~ 34,Value is 9.15x the season median
team,2022,missed_tackles,Missed Tackles,order_of_magnitude_high,Eels v Panthers,20,away,384,384,season median ~ 34,Value is 11.29x the season median
team,2022,missed_tackles,Missed Tackles,order_of_magnitude_high,Eels v Panthers,20,home,319,319,season median ~ 34,Value is 9.38x the season median
team,2022,missed_tackles,Missed Tackles,order_of_magnitude_high,Eels v Titans,1,away,294,294,season median ~ 34,Value is 8.65x the season median
team,2022,missed_tackles,Missed Tackles,order_of_magnitude_high,Eels v Titans,1,home,265,265,season median ~ 34,Value is 7.79x the season median
team,2022,missed_tackles,Missed Tackles,order_of_magnitude_high,Knights v Panthers,14,away,335,335,season median ~ 34,Value is 9.85x the season median
team,2022,missed_tackles,Missed Tackles,order_of_magnitude_high,Knights v Panthers,14,home,394,394,season median ~ 34,Value is 11.59x the season median
team,2022,missed_tackles,Missed Tackles,order_of_magnitude_high,Knights v Raiders,23,away,304,304,season median ~ 34,Value is 8.94x the season median
team,2022,missed_tackles,Missed Tackles,order_of_magnitude_high,Knights v Raiders,23,home,338,338,season median ~ 34,Value is 9.94x the season median
team,2022,missed_tackles,Missed Tackles,order_of_magnitude_high,Panthers v Broncos,6,away,363,363,season median ~ 34,Value is 10.68x the season median
team,2022,missed_tackles,Missed Tackles,order_of_magnitude_high,Panthers v Broncos,6,home,311,311,season median ~ 34,Value is 9.15x the season median
team,2022,missed_tackles,Missed Tackles,order_of_magnitude_high,Panthers v Cowboys,12,away,426,426,season median ~ 34,Value is 12.53x the season median
team,2022,missed_tackles,Missed Tackles,order_of_magnitude_high,Panthers v Cowboys,12,home,314,314,season median ~ 34,Value is 9.24x the season median
team,2022,missed_tackles,Missed Tackles,order_of_magnitude_high,Rabbitohs v Panthers,23,away,335,335,season median ~ 34,Value is 9.85x the season median
team,2022,missed_tackles,Missed Tackles,order_of_magnitude_high,Rabbitohs v Panthers,23,home,350,350,season median ~ 34,Value is 10.29x the season median
team,2022,missed_tackles,Missed Tackles,order_of_magnitude_high,Rabbitohs v Sea Eagles,8,away,292,292,season median ~ 34,Value is 8.59x the season median
team,2022,missed_tackles,Missed Tackles,order_of_magnitude_high,Rabbitohs v Sea Eagles,8,home,312,312,season median ~ 34,Value is 9.18x the season median
team,2022,missed_tackles,Missed Tackles,order_of_magnitude_high,Rabbitohs v Storm,19,away,383,383,season median ~ 34,Value is 11.26x the season median
team,2022,missed_tackles,Missed Tackles,order_of_magnitude_high,Rabbitohs v Storm,19,home,306,306,season median ~ 34,Value is 9.00x the season median
team,2022,missed_tackles,Missed Tackles,order_of_magnitude_high,Raiders v Dragons,22,away,319,319,season median ~ 34,Value is 9.38x the season median
team,2022,missed_tackles,Missed Tackles,order_of_magnitude_high,Raiders v Dragons,22,home,342,342,season median ~ 34,Value is 10.06x the season median
team,2022,missed_tackles,Missed Tackles,order_of_magnitude_high,Raiders v Warriors,19,away,356,356,season median ~ 34,Value is 10.47x the season median
team,2022,missed_tackles,Missed Tackles,order_of_magnitude_high,Raiders v Warriors,19,home,289,289,season median ~ 34,Value is 8.50x the season median
team,2022,missed_tackles,Missed Tackles,order_of_magnitude_high,Roosters v Dragons,18,away,317,317,season median ~ 34,Value is 9.32x the season median
team,2022,missed_tackles,Missed Tackles,order_of_magnitude_high,Roosters v Dragons,18,home,291,291,season median ~ 34,Value is 8.56x the season median
team,2022,missed_tackles,Missed Tackles,order_of_magnitude_high,Roosters v Sea Eagles,2,away,331,331,season median ~ 34,Value is 9.74x the season median
team,2022,missed_tackles,Missed Tackles,order_of_magnitude_high,Roosters v Sea Eagles,2,home,299,299,season median ~ 34,Value is 8.79x the season median
team,2022,missed_tackles,Missed Tackles,order_of_magnitude_high,Sea Eagles v Cowboys,15,away,291,291,season median ~ 34,Value is 8.56x the season median
team,2022,missed_tackles,Missed Tackles,order_of_magnitude_high,Sea Eagles v Cowboys,15,home,340,340,season median ~ 34,Value is 10.00x the season median
team,2022,missed_tackles,Missed Tackles,order_of_magnitude_high,Sea Eagles v Raiders,4,away,352,352,season median ~ 34,Value is 10.35x the season median
team,2022,missed_tackles,Missed Tackles,order_of_magnitude_high,Sea Eagles v Raiders,4,home,276,276,season median ~ 34,Value is 8.12x the season median
team,2022,missed_tackles,Missed Tackles,order_of_magnitude_high,Sea Eagles v Sharks,23,away,281,281,season median ~ 34,Value is 8.26x the season median
team,2022,missed_tackles,Missed Tackles,order_of_magnitude_high,Sea Eagles v Sharks,23,home,309,309,season median ~ 34,Value is 9.09x the season median
team,2022,missed_tackles,Missed Tackles,order_of_magnitude_high,Sea Eagles v Storm,16,away,301,301,season median ~ 34,Value is 8.85x the season median
team,2022,missed_tackles,Missed Tackles,order_of_magnitude_high,Sea Eagles v Storm,16,home,239,239,season median ~ 34,Value is 7.03x the season median
team,2022,missed_tackles,Missed Tackles,order_of_magnitude_high,Sharks v Bulldogs,24,away,329,329,season median ~ 34,Value is 9.68x the season median
team,2022,missed_tackles,Missed Tackles,order_of_magnitude_high,Sharks v Bulldogs,24,home,353,353,season median ~ 34,Value is 10.38x the season median
team,2022,missed_tackles,Missed Tackles,order_of_magnitude_high,Titans v Dragons,10,away,367,367,season median ~ 34,Value is 10.79x the season median
team,2022,missed_tackles,Missed Tackles,order_of_magnitude_high,Titans v Dragons,10,home,353,353,season median ~ 34,Value is 10.38x the season median
team,2022,missed_tackles,Missed Tackles,order_of_magnitude_high,Titans v Warriors,2,away,324,324,season median ~ 34,Value is 9.53x the season median
team,2022,missed_tackles,Missed Tackles,order_of_magnitude_high,Titans v Warriors,2,home,319,319,season median ~ 34,Value is 9.38x the season median
team,2022,missed_tackles,Missed Tackles,order_of_magnitude_high,Warriors v Cowboys,5,away,314,314,season median ~ 34,Value is 9.24x the season median
team,2022,missed_tackles,Missed Tackles,order_of_magnitude_high,Warriors v Cowboys,5,home,393,393,season median ~ 34,Value is 11.56x the season median
team,2022,missed_tackles,Missed Tackles,order_of_magnitude_high,Warriors v Panthers,15,away,351,351,season median ~ 34,Value is 10.32x the season median
team,2022,missed_tackles,Missed Tackles,order_of_magnitude_high,Warriors v Panthers,15,home,309,309,season median ~ 34,Value is 9.09x the season median
team,2022,missed_tackles,Missed Tackles,order_of_magnitude_high,Wests Tigers v Knights,21,away,369,369,season median ~ 34,Value is 10.85x the season median
team,2022,missed_tackles,Missed Tackles,order_of_magnitude_high,Wests Tigers v Knights,21,home,348,348,season median ~ 34,Value is 10.24x the season median
team,2022,penalty_goals,Penalty Goals,scoring_count_implausibly_high,Eels v Roosters,15,home,26,26,stat-specific sanity range,
team,2022,penalty_goals,Penalty Goals,scoring_count_implausibly_high,Rabbitohs v Warriors,21,home,36,36,stat-specific sanity range,
team,2023,dummy_passes,Dummy Passes,order_of_magnitude_high,Storm v Roosters,29,home,69,69,season median ~ 13,Value is 5.31x the season median
team,2023,missed_tackles,Missed Tackles,order_of_magnitude_high,Broncos v Eels,24,away,334,334,season median ~ 36,Value is 9.28x the season median
team,2023,missed_tackles,Missed Tackles,order_of_magnitude_high,Broncos v Eels,24,home,209,209,season median ~ 36,Value is 5.81x the season median
team,2023,missed_tackles,Missed Tackles,order_of_magnitude_high,Broncos v Storm,28,away,326,326,season median ~ 36,Value is 9.06x the season median
team,2023,missed_tackles,Missed Tackles,order_of_magnitude_high,Broncos v Storm,28,home,276,276,season median ~ 36,Value is 7.67x the season median
team,2023,missed_tackles,Missed Tackles,order_of_magnitude_high,Bulldogs v Raiders,10,away,280,280,season median ~ 36,Value is 7.78x the season median
team,2023,missed_tackles,Missed Tackles,order_of_magnitude_high,Bulldogs v Raiders,10,home,318,318,season median ~ 36,Value is 8.83x the season median
team,2023,missed_tackles,Missed Tackles,order_of_magnitude_high,Cowboys v Sharks,25,away,346,346,season median ~ 36,Value is 9.61x the season median
team,2023,missed_tackles,Missed Tackles,order_of_magnitude_high,Cowboys v Sharks,25,home,331,331,season median ~ 36,Value is 9.19x the season median
team,2023,missed_tackles,Missed Tackles,order_of_magnitude_high,Dolphins v Cowboys,26,away,311,311,season median ~ 36,Value is 8.64x the season median
team,2023,missed_tackles,Missed Tackles,order_of_magnitude_high,Dolphins v Cowboys,26,home,353,353,season median ~ 36,Value is 9.81x the season median
team,2023,missed_tackles,Missed Tackles,order_of_magnitude_high,Knights v Panthers,7,away,329,329,season median ~ 36,Value is 9.14x the season median
team,2023,missed_tackles,Missed Tackles,order_of_magnitude_high,Knights v Panthers,7,home,363,363,season median ~ 36,Value is 10.08x the season median
team,2023,missed_tackles,Missed Tackles,order_of_magnitude_high,Knights v Storm,21,away,307,307,season median ~ 36,Value is 8.53x the season median
team,2023,missed_tackles,Missed Tackles,order_of_magnitude_high,Knights v Storm,21,home,317,317,season median ~ 36,Value is 8.81x the season median
team,2023,missed_tackles,Missed Tackles,order_of_magnitude_high,Knights v Titans,11,away,322,322,season median ~ 36,Value is 8.94x the season median
team,2023,missed_tackles,Missed Tackles,order_of_magnitude_high,Knights v Titans,11,home,290,290,season median ~ 36,Value is 8.06x the season median
team,2023,missed_tackles,Missed Tackles,order_of_magnitude_high,Panthers v Broncos,31,away,367,367,season median ~ 36,Value is 10.19x the season median
team,2023,missed_tackles,Missed Tackles,order_of_magnitude_high,Panthers v Broncos,32,away,367,367,season median ~ 36,Value is 10.19x the season median
team,2023,missed_tackles,Missed Tackles,order_of_magnitude_high,Panthers v Broncos,31,home,311,311,season median ~ 36,Value is 8.64x the season median
team,2023,missed_tackles,Missed Tackles,order_of_magnitude_high,Panthers v Broncos,32,home,311,311,season median ~ 36,Value is 8.64x the season median
team,2023,missed_tackles,Missed Tackles,order_of_magnitude_high,Panthers v Sea Eagles,6,away,315,315,season median ~ 36,Value is 8.75x the season median
team,2023,missed_tackles,Missed Tackles,order_of_magnitude_high,Panthers v Sea Eagles,6,home,292,292,season median ~ 36,Value is 8.11x the season median
team,2023,missed_tackles,Missed Tackles,order_of_magnitude_high,Panthers v Sharks,22,away,407,407,season median ~ 36,Value is 11.31x the season median
team,2023,missed_tackles,Missed Tackles,order_of_magnitude_high,Panthers v Sharks,22,home,301,301,season median ~ 36,Value is 8.36x the season median
team,2023,missed_tackles,Missed Tackles,order_of_magnitude_high,Panthers v Wests Tigers,9,away,301,301,season median ~ 36,Value is 8.36x the season median
team,2023,missed_tackles,Missed Tackles,order_of_magnitude_high,Panthers v Wests Tigers,9,home,406,406,season median ~ 36,Value is 11.28x the season median
team,2023,missed_tackles,Missed Tackles,order_of_magnitude_high,Raiders v Sea Eagles,12,away,274,274,season median ~ 36,Value is 7.61x the season median
team,2023,missed_tackles,Missed Tackles,order_of_magnitude_high,Raiders v Sea Eagles,12,home,289,289,season median ~ 36,Value is 8.03x the season median
team,2023,missed_tackles,Missed Tackles,order_of_magnitude_high,Raiders v Sharks,3,away,356,356,season median ~ 36,Value is 9.89x the season median
team,2023,missed_tackles,Missed Tackles,order_of_magnitude_high,Raiders v Sharks,3,home,357,357,season median ~ 36,Value is 9.92x the season median
team,2023,missed_tackles,Missed Tackles,order_of_magnitude_high,Roosters v Sea Eagles,23,away,280,280,season median ~ 36,Value is 7.78x the season median
team,2023,missed_tackles,Missed Tackles,order_of_magnitude_high,Roosters v Sea Eagles,23,home,323,323,season median ~ 36,Value is 8.97x the season median
team,2023,missed_tackles,Missed Tackles,order_of_magnitude_high,Sea Eagles v Cowboys,20,away,345,345,season median ~ 36,Value is 9.58x the season median
team,2023,missed_tackles,Missed Tackles,order_of_magnitude_high,Sea Eagles v Cowboys,20,home,350,350,season median ~ 36,Value is 9.72x the season median
team,2023,missed_tackles,Missed Tackles,order_of_magnitude_high,Sea Eagles v Titans,9,away,339,339,season median ~ 36,Value is 9.42x the season median
team,2023,missed_tackles,Missed Tackles,order_of_magnitude_high,Sea Eagles v Titans,9,home,335,335,season median ~ 36,Value is 9.31x the season median
team,2023,missed_tackles,Missed Tackles,order_of_magnitude_high,Storm v Bulldogs,2,away,348,348,season median ~ 36,Value is 9.67x the season median
team,2023,missed_tackles,Missed Tackles,order_of_magnitude_high,Storm v Bulldogs,2,home,332,332,season median ~ 36,Value is 9.22x the season median
team,2023,missed_tackles,Missed Tackles,order_of_magnitude_high,Storm v Roosters,6,away,410,410,season median ~ 36,Value is 11.39x the season median
team,2023,missed_tackles,Missed Tackles,order_of_magnitude_high,Storm v Roosters,6,home,313,313,season median ~ 36,Value is 8.69x the season median
team,2023,missed_tackles,Missed Tackles,order_of_magnitude_high,Storm v Warriors,8,away,364,364,season median ~ 36,Value is 10.11x the season median
team,2023,missed_tackles,Missed Tackles,order_of_magnitude_high,Storm v Warriors,8,home,348,348,season median ~ 36,Value is 9.67x the season median
team,2023,missed_tackles,Missed Tackles,order_of_magnitude_high,Titans v Cowboys,22,away,336,336,season median ~ 36,Value is 9.33x the season median
team,2023,missed_tackles,Missed Tackles,order_of_magnitude_high,Titans v Cowboys,22,home,321,321,season median ~ 36,Value is 8.92x the season median
team,2023,missed_tackles,Missed Tackles,order_of_magnitude_high,Warriors v Bulldogs,4,away,357,357,season median ~ 36,Value is 9.92x the season median
team,2023,missed_tackles,Missed Tackles,order_of_magnitude_high,Warriors v Bulldogs,4,home,327,327,season median ~ 36,Value is 9.08x the season median
team,2023,missed_tackles,Missed Tackles,order_of_magnitude_high,Warriors v Roosters,9,away,392,392,season median ~ 36,Value is 10.89x the season median
team,2023,missed_tackles,Missed Tackles,order_of_magnitude_high,Warriors v Roosters,9,home,356,356,season median ~ 36,Value is 9.89x the season median
team,2023,missed_tackles,Missed Tackles,order_of_magnitude_high,Warriors v Sharks,20,away,375,375,season median ~ 36,Value is 10.42x the season median
team,2023,missed_tackles,Missed Tackles,order_of_magnitude_high,Warriors v Sharks,20,home,283,283,season median ~ 36,Value is 7.86x the season median
team,2023,missed_tackles,Missed Tackles,order_of_magnitude_high,Wests Tigers v Dragons,10,away,379,379,season median ~ 36,Value is 10.53x the season median
team,2023,missed_tackles,Missed Tackles,order_of_magnitude_high,Wests Tigers v Dragons,10,home,328,328,season median ~ 36,Value is 9.11x the season median
team,2023,missed_tackles,Missed Tackles,order_of_magnitude_high,Wests Tigers v Knights,2,away,326,326,season median ~ 36,Value is 9.06x the season median
team,2023,missed_tackles,Missed Tackles,order_of_magnitude_high,Wests Tigers v Knights,2,home,367,367,season median ~ 36,Value is 10.19x the season median
team,2023,missed_tackles,Missed Tackles,order_of_magnitude_high,Wests Tigers v Raiders,14,away,363,363,season median ~ 36,Value is 10.08x the season median
team,2023,missed_tackles,Missed Tackles,order_of_magnitude_high,Wests Tigers v Raiders,14,home,348,348,season median ~ 36,Value is 9.67x the season median
team,2023,penalty_goals,Penalty Goals,scoring_count_implausibly_high,Broncos v Wests Tigers,5,home,28,28,stat-specific sanity range,
team,2023,penalty_goals,Penalty Goals,scoring_count_implausibly_high,Bulldogs v Knights,18,away,30,30,stat-specific sanity range,
team,2023,penalty_goals,Penalty Goals,scoring_count_implausibly_high,Dolphins v Eels,17,away,42,42,stat-specific sanity range,
team,2023,penalty_goals,Penalty Goals,scoring_count_implausibly_high,Eels v Warriors,19,away,30,30,stat-specific sanity range,
team,2023,penalty_goals,Penalty Goals,scoring_count_implausibly_high,Panthers v Bulldogs,21,home,28,28,stat-specific sanity range,
team,2023,penalty_goals,Penalty Goals,scoring_count_implausibly_high,Sea Eagles v Dolphins,15,home,28,28,stat-specific sanity range,
team,2023,penalty_goals,Penalty Goals,scoring_count_implausibly_high,Sea Eagles v Wests Tigers,27,home,26,26,stat-specific sanity range,
team,2024,dummy_passes,Dummy Passes,order_of_magnitude_high,Dragons v Dolphins,17,away,67,67,season median ~ 11,Value is 6.09x the season median
team,2024,dummy_passes,Dummy Passes,order_of_magnitude_high,Raiders v Cowboys,15,away,59,59,season median ~ 11,Value is 5.36x the season median
team,2024,dummy_passes,Dummy Passes,order_of_magnitude_high,Raiders v Warriors,20,away,57,57,season median ~ 11,Value is 5.18x the season median
team,2024,dummy_passes,Dummy Passes,order_of_magnitude_high,Sharks v Wests Tigers,19,home,57,57,season median ~ 11,Value is 5.18x the season median
team,2024,dummy_passes,Dummy Passes,order_of_magnitude_high,Warriors v Eels,22,away,72,72,season median ~ 11,Value is 6.55x the season median
team,2024,missed_tackles,Missed Tackles,order_of_magnitude_high,Broncos v Bulldogs,21,away,277,277,season median ~ 35.5,Value is 7.80x the season median
team,2024,missed_tackles,Missed Tackles,order_of_magnitude_high,Broncos v Bulldogs,21,home,342,342,season median ~ 35.5,Value is 9.63x the season median
team,2024,missed_tackles,Missed Tackles,order_of_magnitude_high,Broncos v Panthers,18,away,348,348,season median ~ 35.5,Value is 9.80x the season median
team,2024,missed_tackles,Missed Tackles,order_of_magnitude_high,Broncos v Panthers,18,home,383,383,season median ~ 35.5,Value is 10.79x the season median
team,2024,missed_tackles,Missed Tackles,order_of_magnitude_high,Bulldogs v Eels,14,away,307,307,season median ~ 35.5,Value is 8.65x the season median
team,2024,missed_tackles,Missed Tackles,order_of_magnitude_high,Bulldogs v Eels,14,home,369,369,season median ~ 35.5,Value is 10.39x the season median
team,2024,missed_tackles,Missed Tackles,order_of_magnitude_high,Bulldogs v Knights,7,away,352,352,season median ~ 35.5,Value is 9.92x the season median
team,2024,missed_tackles,Missed Tackles,order_of_magnitude_high,Bulldogs v Knights,7,home,317,317,season median ~ 35.5,Value is 8.93x the season median
team,2024,missed_tackles,Missed Tackles,order_of_magnitude_high,Bulldogs v Sea Eagles,26,away,294,294,season median ~ 35.5,Value is 8.28x the season median
team,2024,missed_tackles,Missed Tackles,order_of_magnitude_high,Bulldogs v Sea Eagles,26,home,363,363,season median ~ 35.5,Value is 10.23x the season median
team,2024,missed_tackles,Missed Tackles,order_of_magnitude_high,Cowboys v Sharks,21,away,346,346,season median ~ 35.5,Value is 9.75x the season median
team,2024,missed_tackles,Missed Tackles,order_of_magnitude_high,Cowboys v Sharks,21,home,291,291,season median ~ 35.5,Value is 8.20x the season median
team,2024,missed_tackles,Missed Tackles,order_of_magnitude_high,Cowboys v Storm,26,away,287,287,season median ~ 35.5,Value is 8.08x the season median
team,2024,missed_tackles,Missed Tackles,order_of_magnitude_high,Cowboys v Storm,26,home,293,293,season median ~ 35.5,Value is 8.25x the season median
team,2024,missed_tackles,Missed Tackles,order_of_magnitude_high,Cowboys v Wests Tigers,12,away,352,352,season median ~ 35.5,Value is 9.92x the season median
team,2024,missed_tackles,Missed Tackles,order_of_magnitude_high,Cowboys v Wests Tigers,12,home,328,328,season median ~ 35.5,Value is 9.24x the season median
team,2024,missed_tackles,Missed Tackles,order_of_magnitude_high,Dolphins v Dragons,2,away,345,345,season median ~ 35.5,Value is 9.72x the season median
team,2024,missed_tackles,Missed Tackles,order_of_magnitude_high,Dolphins v Dragons,2,home,327,327,season median ~ 35.5,Value is 9.21x the season median
team,2024,missed_tackles,Missed Tackles,order_of_magnitude_high,Dolphins v Raiders,13,away,423,423,season median ~ 35.5,Value is 11.92x the season median
team,2024,missed_tackles,Missed Tackles,order_of_magnitude_high,Dolphins v Raiders,13,home,406,406,season median ~ 35.5,Value is 11.44x the season median
team,2024,missed_tackles,Missed Tackles,order_of_magnitude_high,Dolphins v Wests Tigers,5,away,326,326,season median ~ 35.5,Value is 9.18x the season median
team,2024,missed_tackles,Missed Tackles,order_of_magnitude_high,Dolphins v Wests Tigers,5,home,333,333,season median ~ 35.5,Value is 9.38x the season median
team,2024,missed_tackles,Missed Tackles,order_of_magnitude_high,Dragons v Cowboys,3,away,275,275,season median ~ 35.5,Value is 7.75x the season median
team,2024,missed_tackles,Missed Tackles,order_of_magnitude_high,Dragons v Cowboys,3,home,361,361,season median ~ 35.5,Value is 10.17x the season median
team,2024,missed_tackles,Missed Tackles,order_of_magnitude_high,Dragons v Panthers,21,away,305,305,season median ~ 35.5,Value is 8.59x the season median
team,2024,missed_tackles,Missed Tackles,order_of_magnitude_high,Dragons v Panthers,21,home,374,374,season median ~ 35.5,Value is 10.54x the season median
team,2024,missed_tackles,Missed Tackles,order_of_magnitude_high,Dragons v Wests Tigers,14,away,391,391,season median ~ 35.5,Value is 11.01x the season median
team,2024,missed_tackles,Missed Tackles,order_of_magnitude_high,Dragons v Wests Tigers,14,home,215,215,season median ~ 35.5,Value is 6.06x the season median
team,2024,missed_tackles,Missed Tackles,order_of_magnitude_high,Eels v Bulldogs,1,away,399,399,season median ~ 35.5,Value is 11.24x the season median
team,2024,missed_tackles,Missed Tackles,order_of_magnitude_high,Eels v Bulldogs,1,home,265,265,season median ~ 35.5,Value is 7.46x the season median
team,2024,missed_tackles,Missed Tackles,order_of_magnitude_high,Rabbitohs v Bulldogs,4,away,338,338,season median ~ 35.5,Value is 9.52x the season median
team,2024,missed_tackles,Missed Tackles,order_of_magnitude_high,Rabbitohs v Bulldogs,4,home,353,353,season median ~ 35.5,Value is 9.94x the season median
team,2024,missed_tackles,Missed Tackles,order_of_magnitude_high,Raiders v Sharks,8,away,352,352,season median ~ 35.5,Value is 9.92x the season median
team,2024,missed_tackles,Missed Tackles,order_of_magnitude_high,Raiders v Sharks,8,home,335,335,season median ~ 35.5,Value is 9.44x the season median
team,2024,missed_tackles,Missed Tackles,order_of_magnitude_high,Roosters v Bulldogs,16,away,374,374,season median ~ 35.5,Value is 10.54x the season median
team,2024,missed_tackles,Missed Tackles,order_of_magnitude_high,Roosters v Bulldogs,16,home,292,292,season median ~ 35.5,Value is 8.23x the season median
team,2024,missed_tackles,Missed Tackles,order_of_magnitude_high,Sea Eagles v Dragons,15,away,305,305,season median ~ 35.5,Value is 8.59x the season median
team,2024,missed_tackles,Missed Tackles,order_of_magnitude_high,Sea Eagles v Dragons,15,home,309,309,season median ~ 35.5,Value is 8.70x the season median
team,2024,missed_tackles,Missed Tackles,order_of_magnitude_high,Sea Eagles v Warriors,24,away,365,365,season median ~ 35.5,Value is 10.28x the season median
team,2024,missed_tackles,Missed Tackles,order_of_magnitude_high,Sea Eagles v Warriors,24,home,320,320,season median ~ 35.5,Value is 9.01x the season median
team,2024,missed_tackles,Missed Tackles,order_of_magnitude_high,Sharks v Raiders,4,away,333,333,season median ~ 35.5,Value is 9.38x the season median
team,2024,missed_tackles,Missed Tackles,order_of_magnitude_high,Sharks v Raiders,4,home,329,329,season median ~ 35.5,Value is 9.27x the season median
team,2024,missed_tackles,Missed Tackles,order_of_magnitude_high,Sharks v Roosters,11,away,333,333,season median ~ 35.5,Value is 9.38x the season median
team,2024,missed_tackles,Missed Tackles,order_of_magnitude_high,Sharks v Roosters,11,home,288,288,season median ~ 35.5,Value is 8.11x the season median
team,2024,missed_tackles,Missed Tackles,order_of_magnitude_high,Storm v Sharks,10,away,352,352,season median ~ 35.5,Value is 9.92x the season median
team,2024,missed_tackles,Missed Tackles,order_of_magnitude_high,Storm v Sharks,10,home,336,336,season median ~ 35.5,Value is 9.46x the season median
team,2024,missed_tackles,Missed Tackles,order_of_magnitude_high,Warriors v Bulldogs,25,away,313,313,season median ~ 35.5,Value is 8.82x the season median
team,2024,missed_tackles,Missed Tackles,order_of_magnitude_high,Warriors v Bulldogs,25,home,323,323,season median ~ 35.5,Value is 9.10x the season median
team,2024,missed_tackles,Missed Tackles,order_of_magnitude_high,Warriors v Dolphins,12,away,363,363,season median ~ 35.5,Value is 10.23x the season median
team,2024,missed_tackles,Missed Tackles,order_of_magnitude_high,Warriors v Dolphins,12,home,323,323,season median ~ 35.5,Value is 9.10x the season median
team,2024,missed_tackles,Missed Tackles,order_of_magnitude_high,Wests Tigers v Knights,10,away,336,336,season median ~ 35.5,Value is 9.46x the season median
team,2024,missed_tackles,Missed Tackles,order_of_magnitude_high,Wests Tigers v Knights,10,home,358,358,season median ~ 35.5,Value is 10.08x the season median
team,2024,missed_tackles,Missed Tackles,order_of_magnitude_high,Wests Tigers v Sharks,3,away,356,356,season median ~ 35.5,Value is 10.03x the season median
team,2024,missed_tackles,Missed Tackles,order_of_magnitude_high,Wests Tigers v Sharks,3,home,324,324,season median ~ 35.5,Value is 9.13x the season median
team,2024,missed_tackles,Missed Tackles,order_of_magnitude_high,Wests Tigers v Titans,15,away,371,371,season median ~ 35.5,Value is 10.45x the season median
team,2024,missed_tackles,Missed Tackles,order_of_magnitude_high,Wests Tigers v Titans,15,home,317,317,season median ~ 35.5,Value is 8.93x the season median
team,2024,penalty_goals,Penalty Goals,scoring_count_implausibly_high,Broncos v Raiders,7,home,28,28,stat-specific sanity range,
team,2024,penalty_goals,Penalty Goals,scoring_count_implausibly_high,Dragons v Roosters,8,away,30,30,stat-specific sanity range,
team,2024,penalty_goals,Penalty Goals,scoring_count_implausibly_high,Eels v Dragons,26,home,26,26,stat-specific sanity range,
team,2024,penalty_goals,Penalty Goals,scoring_count_implausibly_high,Roosters v Sea Eagles,21,home,28,28,stat-specific sanity range,
team,2025,missed_tackles,Missed Tackles,order_of_magnitude_high,Broncos v Bulldogs,8,away,399,399,season median ~ 32,Value is 12.47x the season median
team,2025,missed_tackles,Missed Tackles,order_of_magnitude_high,Broncos v Bulldogs,8,home,288,288,season median ~ 32,Value is 9.00x the season median
team,2025,missed_tackles,Missed Tackles,order_of_magnitude_high,Broncos v Dolphins,24,away,310,310,season median ~ 32,Value is 9.69x the season median
team,2025,missed_tackles,Missed Tackles,order_of_magnitude_high,Broncos v Dolphins,24,home,298,298,season median ~ 32,Value is 9.31x the season median
team,2025,missed_tackles,Missed Tackles,order_of_magnitude_high,Broncos v Storm,27,away,327,327,season median ~ 32,Value is 10.22x the season median
team,2025,missed_tackles,Missed Tackles,order_of_magnitude_high,Broncos v Storm,27,home,336,336,season median ~ 32,Value is 10.50x the season median
team,2025,missed_tackles,Missed Tackles,order_of_magnitude_high,Broncos v Titans,14,away,313,313,season median ~ 32,Value is 9.78x the season median
team,2025,missed_tackles,Missed Tackles,order_of_magnitude_high,Broncos v Titans,14,home,327,327,season median ~ 32,Value is 10.22x the season median
team,2025,missed_tackles,Missed Tackles,order_of_magnitude_high,Broncos v Wests Tigers,5,away,274,274,season median ~ 32,Value is 8.56x the season median
team,2025,missed_tackles,Missed Tackles,order_of_magnitude_high,Broncos v Wests Tigers,5,home,248,248,season median ~ 32,Value is 7.75x the season median
team,2025,missed_tackles,Missed Tackles,order_of_magnitude_high,Bulldogs v Sea Eagles,21,away,359,359,season median ~ 32,Value is 11.22x the season median
team,2025,missed_tackles,Missed Tackles,order_of_magnitude_high,Bulldogs v Sea Eagles,21,home,354,354,season median ~ 32,Value is 11.06x the season median
team,2025,missed_tackles,Missed Tackles,order_of_magnitude_high,Bulldogs v Warriors,23,away,307,307,season median ~ 32,Value is 9.59x the season median
team,2025,missed_tackles,Missed Tackles,order_of_magnitude_high,Bulldogs v Warriors,23,home,300,300,season median ~ 32,Value is 9.38x the season median
team,2025,missed_tackles,Missed Tackles,order_of_magnitude_high,Cowboys v Raiders,4,away,350,350,season median ~ 32,Value is 10.94x the season median
team,2025,missed_tackles,Missed Tackles,order_of_magnitude_high,Cowboys v Raiders,4,home,343,343,season median ~ 32,Value is 10.72x the season median
team,2025,missed_tackles,Missed Tackles,order_of_magnitude_high,Dolphins v Dragons,14,away,375,375,season median ~ 32,Value is 11.72x the season median
team,2025,missed_tackles,Missed Tackles,order_of_magnitude_high,Dolphins v Dragons,14,home,245,245,season median ~ 32,Value is 7.66x the season median
team,2025,missed_tackles,Missed Tackles,order_of_magnitude_high,Knights v Raiders,17,away,384,384,season median ~ 32,Value is 12.00x the season median
team,2025,missed_tackles,Missed Tackles,order_of_magnitude_high,Knights v Raiders,17,home,399,399,season median ~ 32,Value is 12.47x the season median
team,2025,missed_tackles,Missed Tackles,order_of_magnitude_high,Knights v Storm,19,away,322,322,season median ~ 32,Value is 10.06x the season median
team,2025,missed_tackles,Missed Tackles,order_of_magnitude_high,Knights v Storm,19,home,391,391,season median ~ 32,Value is 12.22x the season median
team,2025,missed_tackles,Missed Tackles,order_of_magnitude_high,Panthers v Broncos,9,away,398,398,season median ~ 32,Value is 12.44x the season median
team,2025,missed_tackles,Missed Tackles,order_of_magnitude_high,Panthers v Broncos,9,home,364,364,season median ~ 32,Value is 11.38x the season median
team,2025,missed_tackles,Missed Tackles,order_of_magnitude_high,Panthers v Storm,24,away,425,425,season median ~ 32,Value is 13.28x the season median
team,2025,missed_tackles,Missed Tackles,order_of_magnitude_high,Panthers v Storm,24,home,440,440,season median ~ 32,Value is 13.75x the season median
team,2025,missed_tackles,Missed Tackles,order_of_magnitude_high,Raiders v Broncos,2,away,343,343,season median ~ 32,Value is 10.72x the season median
team,2025,missed_tackles,Missed Tackles,order_of_magnitude_high,Raiders v Broncos,28,away,374,374,season median ~ 32,Value is 11.69x the season median
team,2025,missed_tackles,Missed Tackles,order_of_magnitude_high,Raiders v Broncos,2,home,325,325,season median ~ 32,Value is 10.16x the season median
team,2025,missed_tackles,Missed Tackles,order_of_magnitude_high,Raiders v Broncos,28,home,436,436,season median ~ 32,Value is 13.63x the season median
team,2025,missed_tackles,Missed Tackles,order_of_magnitude_high,Roosters v Raiders,13,away,298,298,season median ~ 32,Value is 9.31x the season median
team,2025,missed_tackles,Missed Tackles,order_of_magnitude_high,Roosters v Raiders,13,home,454,454,season median ~ 32,Value is 14.19x the season median
team,2025,missed_tackles,Missed Tackles,order_of_magnitude_high,Sea Eagles v Broncos,13,away,431,431,season median ~ 32,Value is 13.47x the season median
team,2025,missed_tackles,Missed Tackles,order_of_magnitude_high,Sea Eagles v Broncos,13,home,302,302,season median ~ 32,Value is 9.44x the season median
team,2025,missed_tackles,Missed Tackles,order_of_magnitude_high,Sharks v Knights,26,away,355,355,season median ~ 32,Value is 11.09x the season median
team,2025,missed_tackles,Missed Tackles,order_of_magnitude_high,Sharks v Knights,26,home,323,323,season median ~ 32,Value is 10.09x the season median
team,2025,missed_tackles,Missed Tackles,order_of_magnitude_high,Sharks v Rabbitohs,3,away,371,371,season median ~ 32,Value is 11.59x the season median
team,2025,missed_tackles,Missed Tackles,order_of_magnitude_high,Sharks v Rabbitohs,3,home,303,303,season median ~ 32,Value is 9.47x the season median
team,2025,missed_tackles,Missed Tackles,order_of_magnitude_high,Storm v Bulldogs,25,away,321,321,season median ~ 32,Value is 10.03x the season median
team,2025,missed_tackles,Missed Tackles,order_of_magnitude_high,Storm v Bulldogs,25,home,335,335,season median ~ 32,Value is 10.47x the season median
team,2025,missed_tackles,Missed Tackles,order_of_magnitude_high,Storm v Raiders,9,away,359,359,season median ~ 32,Value is 11.22x the season median
team,2025,missed_tackles,Missed Tackles,order_of_magnitude_high,Storm v Raiders,9,home,358,358,season median ~ 32,Value is 11.19x the season median
team,2025,missed_tackles,Missed Tackles,order_of_magnitude_high,Storm v Warriors,6,away,365,365,season median ~ 32,Value is 11.41x the season median
team,2025,missed_tackles,Missed Tackles,order_of_magnitude_high,Storm v Warriors,6,home,311,311,season median ~ 32,Value is 9.72x the season median
team,2025,missed_tackles,Missed Tackles,order_of_magnitude_high,Warriors v Broncos,7,away,384,384,season median ~ 32,Value is 12.00x the season median
team,2025,missed_tackles,Missed Tackles,order_of_magnitude_high,Warriors v Broncos,7,home,332,332,season median ~ 32,Value is 10.38x the season median
team,2025,missed_tackles,Missed Tackles,order_of_magnitude_high,Warriors v Roosters,3,away,448,448,season median ~ 32,Value is 14.00x the season median
team,2025,missed_tackles,Missed Tackles,order_of_magnitude_high,Warriors v Roosters,3,home,383,383,season median ~ 32,Value is 11.97x the season median
team,2025,penalty_goals,Penalty Goals,scoring_count_implausibly_high,Dolphins v Raiders,27,home,30,30,stat-specific sanity range,
team,2025,penalty_goals,Penalty Goals,scoring_count_implausibly_high,Eels v Knights,27,home,34,34,stat-specific sanity range,
team,2025,penalty_goals,Penalty Goals,scoring_count_implausibly_high,Knights v Panthers,23,away,26,26,stat-specific sanity range,
team,2025,penalty_goals,Penalty Goals,scoring_count_implausibly_high,Sharks v Titans,24,home,28,28,stat-specific sanity range,
team,2025,penalty_goals,Penalty Goals,scoring_count_implausibly_high,Storm v Eels,1,home,46,46,stat-specific sanity range,
team,2025,penalty_goals,Penalty Goals,scoring_count_implausibly_high,Storm v Wests Tigers,10,home,34,34,stat-specific sanity range,
team,2025,penalty_goals,Penalty Goals,scoring_count_implausibly_high,Titans v Wests Tigers,27,away,28,28,stat-specific sanity range,
team,2026,all_run_metres,All Run Metres,order_of_magnitude_high,Broncos v Dolphins,4,away,"2,137",2137,season median ~ 24,Value is 89.04x the season median
team,2026,all_run_metres,All Run Metres,order_of_magnitude_high,Broncos v Dolphins,4,home,"1,839",1839,season median ~ 24,Value is 76.63x the season median
team,2026,all_run_metres,All Run Metres,order_of_magnitude_high,Broncos v Eels,2,away,"1,525",1525,season median ~ 24,Value is 63.54x the season median
team,2026,all_run_metres,All Run Metres,order_of_magnitude_high,Broncos v Eels,2,home,"1,617",1617,season median ~ 24,Value is 67.38x the season median
team,2026,all_run_metres,All Run Metres,order_of_magnitude_high,Broncos v Panthers,1,away,"1,832",1832,season median ~ 24,Value is 76.33x the season median
team,2026,all_run_metres,All Run Metres,order_of_magnitude_high,Broncos v Panthers,1,home,"1,244",1244,season median ~ 24,Value is 51.83x the season median
team,2026,all_run_metres,All Run Metres,order_of_magnitude_high,Bulldogs v Dragons,1,away,"1,752",1752,season median ~ 24,Value is 73.00x the season median
team,2026,all_run_metres,All Run Metres,order_of_magnitude_high,Bulldogs v Dragons,1,home,"2,333",2333,season median ~ 24,Value is 97.21x the season median
team,2026,all_run_metres,All Run Metres,order_of_magnitude_high,Bulldogs v Knights,4,away,"1,700",1700,season median ~ 24,Value is 70.83x the season median
team,2026,all_run_metres,All Run Metres,order_of_magnitude_high,Bulldogs v Knights,4,home,"2,060",2060,season median ~ 24,Value is 85.83x the season median
team,2026,all_run_metres,All Run Metres,order_of_magnitude_high,Cowboys v Storm,4,away,"1,387",1387,season median ~ 24,Value is 57.79x the season median
team,2026,all_run_metres,All Run Metres,order_of_magnitude_high,Cowboys v Storm,4,home,"1,561",1561,season median ~ 24,Value is 65.04x the season median
team,2026,all_run_metres,All Run Metres,order_of_magnitude_high,Cowboys v Titans,3,away,"1,368",1368,season median ~ 24,Value is 57.00x the season median
team,2026,all_run_metres,All Run Metres,order_of_magnitude_high,Cowboys v Titans,3,home,"1,965",1965,season median ~ 24,Value is 81.88x the season median
team,2026,all_run_metres,All Run Metres,order_of_magnitude_high,Dolphins v Rabbitohs,1,away,"1,889",1889,season median ~ 24,Value is 78.71x the season median
team,2026,all_run_metres,All Run Metres,order_of_magnitude_high,Dolphins v Rabbitohs,1,home,"1,652",1652,season median ~ 24,Value is 68.83x the season median
team,2026,all_run_metres,All Run Metres,order_of_magnitude_high,Dolphins v Sea Eagles,5,away,"2,052",2052,season median ~ 24,Value is 85.50x the season median
team,2026,all_run_metres,All Run Metres,order_of_magnitude_high,Dolphins v Sea Eagles,5,home,"1,388",1388,season median ~ 24,Value is 57.83x the season median
team,2026,all_run_metres,All Run Metres,order_of_magnitude_high,Dolphins v Titans,2,away,"1,577",1577,season median ~ 24,Value is 65.71x the season median
team,2026,all_run_metres,All Run Metres,order_of_magnitude_high,Dolphins v Titans,2,home,"1,885",1885,season median ~ 24,Value is 78.54x the season median
team,2026,all_run_metres,All Run Metres,order_of_magnitude_high,Dragons v Storm,2,away,"1,718",1718,season median ~ 24,Value is 71.58x the season median
team,2026,all_run_metres,All Run Metres,order_of_magnitude_high,Dragons v Storm,2,home,"1,667",1667,season median ~ 24,Value is 69.46x the season median
team,2026,all_run_metres,All Run Metres,order_of_magnitude_high,Eels v Dragons,3,away,"2,039",2039,season median ~ 24,Value is 84.96x the season median
team,2026,all_run_metres,All Run Metres,order_of_magnitude_high,Eels v Dragons,3,home,"1,839",1839,season median ~ 24,Value is 76.63x the season median
team,2026,all_run_metres,All Run Metres,order_of_magnitude_high,Knights v Cowboys,1,away,"1,855",1855,season median ~ 24,Value is 77.29x the season median
team,2026,all_run_metres,All Run Metres,order_of_magnitude_high,Knights v Cowboys,1,home,"1,745",1745,season median ~ 24,Value is 72.71x the season median
team,2026,all_run_metres,All Run Metres,order_of_magnitude_high,Knights v Warriors,3,away,"1,841",1841,season median ~ 24,Value is 76.71x the season median
team,2026,all_run_metres,All Run Metres,order_of_magnitude_high,Knights v Warriors,3,home,"1,520",1520,season median ~ 24,Value is 63.33x the season median
team,2026,all_run_metres,All Run Metres,order_of_magnitude_high,Panthers v Eels,4,away,"1,503",1503,season median ~ 24,Value is 62.63x the season median
team,2026,all_run_metres,All Run Metres,order_of_magnitude_high,Panthers v Eels,4,home,"1,736",1736,season median ~ 24,Value is 72.33x the season median
team,2026,all_run_metres,All Run Metres,order_of_magnitude_high,Panthers v Sharks,2,away,"1,380",1380,season median ~ 24,Value is 57.50x the season median
team,2026,all_run_metres,All Run Metres,order_of_magnitude_high,Panthers v Sharks,2,home,"1,649",1649,season median ~ 24,Value is 68.71x the season median
team,2026,all_run_metres,All Run Metres,order_of_magnitude_high,Rabbitohs v Wests Tigers,3,away,"1,808",1808,season median ~ 24,Value is 75.33x the season median
team,2026,all_run_metres,All Run Metres,order_of_magnitude_high,Rabbitohs v Wests Tigers,3,home,"1,539",1539,season median ~ 24,Value is 64.13x the season median
team,2026,all_run_metres,All Run Metres,order_of_magnitude_high,Raiders v Bulldogs,3,away,"1,714",1714,season median ~ 24,Value is 71.42x the season median
team,2026,all_run_metres,All Run Metres,order_of_magnitude_high,Raiders v Bulldogs,3,home,"1,565",1565,season median ~ 24,Value is 65.21x the season median
team,2026,all_run_metres,All Run Metres,order_of_magnitude_high,Raiders v Sharks,4,away,"1,736",1736,season median ~ 24,Value is 72.33x the season median
team,2026,all_run_metres,All Run Metres,order_of_magnitude_high,Raiders v Sharks,4,home,"1,730",1730,season median ~ 24,Value is 72.08x the season median
team,2026,all_run_metres,All Run Metres,order_of_magnitude_high,Roosters v Panthers,3,away,"1,880",1880,season median ~ 24,Value is 78.33x the season median
team,2026,all_run_metres,All Run Metres,order_of_magnitude_high,Roosters v Panthers,3,home,"1,716",1716,season median ~ 24,Value is 71.50x the season median
team,2026,all_run_metres,All Run Metres,order_of_magnitude_high,Roosters v Rabbitohs,2,away,"1,515",1515,season median ~ 24,Value is 63.13x the season median
team,2026,all_run_metres,All Run Metres,order_of_magnitude_high,Roosters v Rabbitohs,2,home,"1,664",1664,season median ~ 24,Value is 69.33x the season median
team,2026,all_run_metres,All Run Metres,order_of_magnitude_high,Sea Eagles v Knights,2,away,"1,807",1807,season median ~ 24,Value is 75.29x the season median
team,2026,all_run_metres,All Run Metres,order_of_magnitude_high,Sea Eagles v Knights,2,home,"1,406",1406,season median ~ 24,Value is 58.58x the season median
team,2026,all_run_metres,All Run Metres,order_of_magnitude_high,Sea Eagles v Raiders,1,away,"1,697",1697,season median ~ 24,Value is 70.71x the season median
team,2026,all_run_metres,All Run Metres,order_of_magnitude_high,Sea Eagles v Raiders,1,home,"1,512",1512,season median ~ 24,Value is 63.00x the season median
team,2026,all_run_metres,All Run Metres,order_of_magnitude_high,Sea Eagles v Roosters,4,away,"2,094",2094,season median ~ 24,Value is 87.25x the season median
team,2026,all_run_metres,All Run Metres,order_of_magnitude_high,Sea Eagles v Roosters,4,home,"1,763",1763,season median ~ 24,Value is 73.46x the season median
team,2026,all_run_metres,All Run Metres,order_of_magnitude_high,Sharks v Titans,1,away,"1,187",1187,season median ~ 24,Value is 49.46x the season median
team,2026,all_run_metres,All Run Metres,order_of_magnitude_high,Sharks v Titans,1,home,"1,632",1632,season median ~ 24,Value is 68.00x the season median
team,2026,all_run_metres,All Run Metres,order_of_magnitude_high,Storm v Broncos,3,away,"1,674",1674,season median ~ 24,Value is 69.75x the season median
team,2026,all_run_metres,All Run Metres,order_of_magnitude_high,Storm v Broncos,3,home,"1,975",1975,season median ~ 24,Value is 82.29x the season median
team,2026,all_run_metres,All Run Metres,order_of_magnitude_high,Storm v Eels,1,away,"1,310",1310,season median ~ 24,Value is 54.58x the season median
team,2026,all_run_metres,All Run Metres,order_of_magnitude_high,Storm v Eels,1,home,"2,178",2178,season median ~ 24,Value is 90.75x the season median
team,2026,all_run_metres,All Run Metres,order_of_magnitude_high,Titans v Dragons,4,away,"1,619",1619,season median ~ 24,Value is 67.46x the season median
team,2026,all_run_metres,All Run Metres,order_of_magnitude_high,Titans v Dragons,4,home,"1,707",1707,season median ~ 24,Value is 71.13x the season median
team,2026,all_run_metres,All Run Metres,order_of_magnitude_high,Warriors v Raiders,2,away,"1,553",1553,season median ~ 24,Value is 64.71x the season median
team,2026,all_run_metres,All Run Metres,order_of_magnitude_high,Warriors v Raiders,2,home,"1,809",1809,season median ~ 24,Value is 75.38x the season median
team,2026,all_run_metres,All Run Metres,order_of_magnitude_high,Warriors v Roosters,1,away,"1,501",1501,season median ~ 24,Value is 62.54x the season median
team,2026,all_run_metres,All Run Metres,order_of_magnitude_high,Warriors v Roosters,1,home,"1,727",1727,season median ~ 24,Value is 71.96x the season median
team,2026,all_run_metres,All Run Metres,order_of_magnitude_high,Warriors v Wests Tigers,4,away,"1,643",1643,season median ~ 24,Value is 68.46x the season median
team,2026,all_run_metres,All Run Metres,order_of_magnitude_high,Warriors v Wests Tigers,4,home,"1,475",1475,season median ~ 24,Value is 61.46x the season median
team,2026,all_run_metres,All Run Metres,order_of_magnitude_high,Wests Tigers v Cowboys,2,away,"1,523",1523,season median ~ 24,Value is 63.46x the season median
team,2026,all_run_metres,All Run Metres,order_of_magnitude_high,Wests Tigers v Cowboys,2,home,"1,958",1958,season median ~ 24,Value is 81.58x the season median
team,2026,missed_tackles,Missed Tackles,order_of_magnitude_high,Dolphins v Rabbitohs,1,away,253,253,season median ~ 36,Value is 7.03x the season median
team,2026,missed_tackles,Missed Tackles,order_of_magnitude_high,Dolphins v Rabbitohs,1,home,377,377,season median ~ 36,Value is 10.47x the season median
team,2026,missed_tackles,Missed Tackles,order_of_magnitude_high,Knights v Cowboys,1,away,374,374,season median ~ 36,Value is 10.39x the season median
team,2026,missed_tackles,Missed Tackles,order_of_magnitude_high,Knights v Cowboys,1,home,381,381,season median ~ 36,Value is 10.58x the season median
team,2026,missed_tackles,Missed Tackles,order_of_magnitude_high,Panthers v Sharks,2,away,372,372,season median ~ 36,Value is 10.33x the season mediant
team,2026,missed_tackles,Missed Tackles,order_of_magnitude_high,Panthers v Sharks,2,home,358,358,season median ~ 36,Value is 9.94x the season median
team,2026,missed_tackles,Missed Tackles,order_of_magnitude_high,Raiders v Bulldogs,3,away,341,341,season median ~ 36,Value is 9.47x the season median
team,2026,missed_tackles,Missed Tackles,order_of_magnitude_high,Raiders v Bulldogs,3,home,369,369,season median ~ 36,Value is 10.25x the season median
team,2026,missed_tackles,Missed Tackles,order_of_magnitude_high,Sharks v Titans,1,away,340,340,season median ~ 36,Value is 9.44x the season median
team,2026,missed_tackles,Missed Tackles,order_of_magnitude_high,Sharks v Titans,1,home,308,308,season median ~ 36,Value is 8.56x the season median
team,2026,missed_tackles,Missed Tackles,order_of_magnitude_high,Storm v Broncos,3,away,343,343,season median ~ 36,Value is 9.53x the season median
team,2026,missed_tackles,Missed Tackles,order_of_magnitude_high,Storm v Broncos,3,home,361,361,season median ~ 36,Value is 10.03x the season median
team,2026,missed_tackles,Missed Tackles,order_of_magnitude_high,Warriors v Raiders,2,away,404,404,season median ~ 36,Value is 11.22x the season median
team,2026,missed_tackles,Missed Tackles,order_of_magnitude_high,Warriors v Raiders,2,home,327,327,season median ~ 36,Value is 9.08x the season median
team,2026,penalty_goals,Penalty Goals,scoring_count_implausibly_high,Sharks v Titans,1,home,34,34,stat-specific sanity range,
team,2026,post_contact_metres,Post Contact Metres,order_of_magnitude_high,Broncos v Dolphins,4,away,720,720,season median ~ 30,Value is 24.00x the season median
team,2026,post_contact_metres,Post Contact Metres,order_of_magnitude_high,Broncos v Dolphins,4,home,548,548,season median ~ 30,Value is 18.27x the season median
team,2026,post_contact_metres,Post Contact Metres,order_of_magnitude_high,Broncos v Eels,2,away,472,472,season median ~ 30,Value is 15.73x the season median
team,2026,post_contact_metres,Post Contact Metres,order_of_magnitude_high,Broncos v Eels,2,home,446,446,season median ~ 30,Value is 14.87x the season median
team,2026,post_contact_metres,Post Contact Metres,order_of_magnitude_high,Broncos v Panthers,1,away,557,557,season median ~ 30,Value is 18.57x the season median
team,2026,post_contact_metres,Post Contact Metres,order_of_magnitude_high,Broncos v Panthers,1,home,428,428,season median ~ 30,Value is 14.27x the season median
team,2026,post_contact_metres,Post Contact Metres,order_of_magnitude_high,Bulldogs v Dragons,1,away,610,610,season median ~ 30,Value is 20.33x the season median
team,2026,post_contact_metres,Post Contact Metres,order_of_magnitude_high,Bulldogs v Dragons,1,home,719,719,season median ~ 30,Value is 23.97x the season median
team,2026,post_contact_metres,Post Contact Metres,order_of_magnitude_high,Bulldogs v Knights,4,away,524,524,season median ~ 30,Value is 17.47x the season median
team,2026,post_contact_metres,Post Contact Metres,order_of_magnitude_high,Bulldogs v Knights,4,home,659,659,season median ~ 30,Value is 21.97x the season median
team,2026,post_contact_metres,Post Contact Metres,order_of_magnitude_high,Cowboys v Storm,4,away,541,541,season median ~ 30,Value is 18.03x the season median
team,2026,post_contact_metres,Post Contact Metres,order_of_magnitude_high,Cowboys v Storm,4,home,596,596,season median ~ 30,Value is 19.87x the season median
team,2026,post_contact_metres,Post Contact Metres,order_of_magnitude_high,Cowboys v Titans,3,away,445,445,season median ~ 30,Value is 14.83x the season median
team,2026,post_contact_metres,Post Contact Metres,order_of_magnitude_high,Cowboys v Titans,3,home,655,655,season median ~ 30,Value is 21.83x the season median
team,2026,post_contact_metres,Post Contact Metres,order_of_magnitude_high,Dolphins v Rabbitohs,1,away,504,504,season median ~ 30,Value is 16.80x the season median
team,2026,post_contact_metres,Post Contact Metres,order_of_magnitude_high,Dolphins v Rabbitohs,1,home,405,405,season median ~ 30,Value is 13.50x the season median
team,2026,post_contact_metres,Post Contact Metres,order_of_magnitude_high,Dolphins v Sea Eagles,5,away,657,657,season median ~ 30,Value is 21.90x the season median
team,2026,post_contact_metres,Post Contact Metres,order_of_magnitude_high,Dolphins v Sea Eagles,5,home,356,356,season median ~ 30,Value is 11.87x the season median
team,2026,post_contact_metres,Post Contact Metres,order_of_magnitude_high,Dolphins v Titans,2,away,521,521,season median ~ 30,Value is 17.37x the season median
team,2026,post_contact_metres,Post Contact Metres,order_of_magnitude_high,Dolphins v Titans,2,home,569,569,season median ~ 30,Value is 18.97x the season median
team,2026,post_contact_metres,Post Contact Metres,order_of_magnitude_high,Dragons v Storm,2,away,561,561,season median ~ 30,Value is 18.70x the season median
team,2026,post_contact_metres,Post Contact Metres,order_of_magnitude_high,Dragons v Storm,2,home,579,579,season median ~ 30,Value is 19.30x the season median
team,2026,post_contact_metres,Post Contact Metres,order_of_magnitude_high,Eels v Dragons,3,away,710,710,season median ~ 30,Value is 23.67x the season median
team,2026,post_contact_metres,Post Contact Metres,order_of_magnitude_high,Eels v Dragons,3,home,602,602,season median ~ 30,Value is 20.07x the season median
team,2026,post_contact_metres,Post Contact Metres,order_of_magnitude_high,Knights v Cowboys,1,away,659,659,season median ~ 30,Value is 21.97x the season median
team,2026,post_contact_metres,Post Contact Metres,order_of_magnitude_high,Knights v Cowboys,1,home,624,624,season median ~ 30,Value is 20.80x the season median
team,2026,post_contact_metres,Post Contact Metres,order_of_magnitude_high,Knights v Warriors,3,away,599,599,season median ~ 30,Value is 19.97x the season median
team,2026,post_contact_metres,Post Contact Metres,order_of_magnitude_high,Knights v Warriors,3,home,493,493,season median ~ 30,Value is 16.43x the season median
team,2026,post_contact_metres,Post Contact Metres,order_of_magnitude_high,Panthers v Eels,4,away,527,527,season median ~ 30,Value is 17.57x the season median
team,2026,post_contact_metres,Post Contact Metres,order_of_magnitude_high,Panthers v Eels,4,home,596,596,season median ~ 30,Value is 19.87x the season median
team,2026,post_contact_metres,Post Contact Metres,order_of_magnitude_high,Panthers v Sharks,2,away,424,424,season median ~ 30,Value is 14.13x the season median
team,2026,post_contact_metres,Post Contact Metres,order_of_magnitude_high,Panthers v Sharks,2,home,488,488,season median ~ 30,Value is 16.27x the season median
team,2026,post_contact_metres,Post Contact Metres,order_of_magnitude_high,Rabbitohs v Wests Tigers,3,away,643,643,season median ~ 30,Value is 21.43x the season median
team,2026,post_contact_metres,Post Contact Metres,order_of_magnitude_high,Rabbitohs v Wests Tigers,3,home,502,502,season median ~ 30,Value is 16.73x the season median
team,2026,post_contact_metres,Post Contact Metres,order_of_magnitude_high,Raiders v Bulldogs,3,away,483,483,season median ~ 30,Value is 16.10x the season median
team,2026,post_contact_metres,Post Contact Metres,order_of_magnitude_high,Raiders v Bulldogs,3,home,476,476,season median ~ 30,Value is 15.87x the season median
team,2026,post_contact_metres,Post Contact Metres,order_of_magnitude_high,Raiders v Sharks,4,away,620,620,season median ~ 30,Value is 20.67x the season median
team,2026,post_contact_metres,Post Contact Metres,order_of_magnitude_high,Raiders v Sharks,4,home,518,518,season median ~ 30,Value is 17.27x the season median
team,2026,post_contact_metres,Post Contact Metres,order_of_magnitude_high,Roosters v Panthers,3,away,497,497,season median ~ 30,Value is 16.57x the season median
team,2026,post_contact_metres,Post Contact Metres,order_of_magnitude_high,Roosters v Panthers,3,home,563,563,season median ~ 30,Value is 18.77x the season median
team,2026,post_contact_metres,Post Contact Metres,order_of_magnitude_high,Roosters v Rabbitohs,2,away,463,463,season median ~ 30,Value is 15.43x the season median
team,2026,post_contact_metres,Post Contact Metres,order_of_magnitude_high,Roosters v Rabbitohs,2,home,575,575,season median ~ 30,Value is 19.17x the season median
team,2026,post_contact_metres,Post Contact Metres,order_of_magnitude_high,Sea Eagles v Knights,2,away,502,502,season median ~ 30,Value is 16.73x the season median
team,2026,post_contact_metres,Post Contact Metres,order_of_magnitude_high,Sea Eagles v Knights,2,home,433,433,season median ~ 30,Value is 14.43x the season median
team,2026,post_contact_metres,Post Contact Metres,order_of_magnitude_high,Sea Eagles v Raiders,1,away,532,532,season median ~ 30,Value is 17.73x the season median
team,2026,post_contact_metres,Post Contact Metres,order_of_magnitude_high,Sea Eagles v Raiders,1,home,469,469,season median ~ 30,Value is 15.63x the season median
team,2026,post_contact_metres,Post Contact Metres,order_of_magnitude_high,Sea Eagles v Roosters,4,away,711,711,season median ~ 30,Value is 23.70x the season median
team,2026,post_contact_metres,Post Contact Metres,order_of_magnitude_high,Sea Eagles v Roosters,4,home,495,495,season median ~ 30,Value is 16.50x the season median
team,2026,post_contact_metres,Post Contact Metres,order_of_magnitude_high,Sharks v Titans,1,away,392,392,season median ~ 30,Value is 13.07x the season median
team,2026,post_contact_metres,Post Contact Metres,order_of_magnitude_high,Sharks v Titans,1,home,508,508,season median ~ 30,Value is 16.93x the season median
team,2026,post_contact_metres,Post Contact Metres,order_of_magnitude_high,Storm v Broncos,3,away,605,605,season median ~ 30,Value is 20.17x the season median
team,2026,post_contact_metres,Post Contact Metres,order_of_magnitude_high,Storm v Broncos,3,home,631,631,season median ~ 30,Value is 21.03x the season median
team,2026,post_contact_metres,Post Contact Metres,order_of_magnitude_high,Storm v Eels,1,away,397,397,season median ~ 30,Value is 13.23x the season median
team,2026,post_contact_metres,Post Contact Metres,order_of_magnitude_high,Storm v Eels,1,home,693,693,season median ~ 30,Value is 23.10x the season median
team,2026,post_contact_metres,Post Contact Metres,order_of_magnitude_high,Titans v Dragons,4,away,537,537,season median ~ 30,Value is 17.90x the season median
team,2026,post_contact_metres,Post Contact Metres,order_of_magnitude_high,Titans v Dragons,4,home,537,537,season median ~ 30,Value is 17.90x the season median
team,2026,post_contact_metres,Post Contact Metres,order_of_magnitude_high,Warriors v Raiders,2,away,514,514,season median ~ 30,Value is 17.13x the season median
team,2026,post_contact_metres,Post Contact Metres,order_of_magnitude_high,Warriors v Raiders,2,home,644,644,season median ~ 30,Value is 21.47x the season median
team,2026,post_contact_metres,Post Contact Metres,order_of_magnitude_high,Warriors v Roosters,1,away,452,452,season median ~ 30,Value is 15.07x the season median
team,2026,post_contact_metres,Post Contact Metres,order_of_magnitude_high,Warriors v Roosters,1,home,635,635,season median ~ 30,Value is 21.17x the season median
team,2026,post_contact_metres,Post Contact Metres,order_of_magnitude_high,Warriors v Wests Tigers,4,away,473,473,season median ~ 30,Value is 15.77x the season median
team,2026,post_contact_metres,Post Contact Metres,order_of_magnitude_high,Warriors v Wests Tigers,4,home,460,460,season median ~ 30,Value is 15.33x the season median
team,2026,post_contact_metres,Post Contact Metres,order_of_magnitude_high,Wests Tigers v Cowboys,2,away,495,495,season median ~ 30,Value is 16.50x the season median
team,2026,post_contact_metres,Post Contact Metres,order_of_magnitude_high,Wests Tigers v Cowboys,2,home,693,693,season median ~ 30,Value is 23.10x the season median
team,2026,time_in_possession,Time In Possession,time_in_possession_out_of_range,Broncos v Cowboys,6,away,92,92,stat-specific sanity range,
team,2026,time_in_possession,Time In Possession,time_in_possession_out_of_range,Broncos v Cowboys,6,home,76,76,stat-specific sanity range,
team,2026,time_in_possession,Time In Possession,time_in_possession_out_of_range,Broncos v Knights,22,away,64,64,stat-specific sanity range,
team,2026,time_in_possession,Time In Possession,time_in_possession_out_of_range,Broncos v Sharks,18,away,56,56,stat-specific sanity range,
team,2026,time_in_possession,Time In Possession,time_in_possession_out_of_range,Broncos v Storm,26,away,98,98,stat-specific sanity range,
team,2026,time_in_possession,Time In Possession,time_in_possession_out_of_range,Broncos v Warriors,24,away,82,82,stat-specific sanity range,
team,2026,time_in_possession,Time In Possession,time_in_possession_out_of_range,Bulldogs v Panthers,6,away,140,2.3333333333333335,stat-specific sanity range,
team,2026,time_in_possession,Time In Possession,time_in_possession_out_of_range,Bulldogs v Rabbitohs,24,away,58,58,stat-specific sanity range,
team,2026,time_in_possession,Time In Possession,time_in_possession_out_of_range,Bulldogs v Storm,12,away,98,98,stat-specific sanity range,
team,2026,time_in_possession,Time In Possession,time_in_possession_out_of_range,Bulldogs v Warriors,21,away,82,82,stat-specific sanity range,
team,2026,time_in_possession,Time In Possession,time_in_possession_out_of_range,Cowboys v Panthers,17,away,52,52,stat-specific sanity range,
team,2026,time_in_possession,Time In Possession,time_in_possession_out_of_range,Cowboys v Rabbitohs,12,away,58,58,stat-specific sanity range,
team,2026,time_in_possession,Time In Possession,time_in_possession_out_of_range,Cowboys v Sharks,8,away,56,56,stat-specific sanity range,
team,2026,time_in_possession,Time In Possession,time_in_possession_out_of_range,Dolphins v Panthers,7,away,92,92,stat-specific sanity range,
team,2026,time_in_possession,Time In Possession,time_in_possession_out_of_range,Dolphins v Panthers,7,home,86,86,stat-specific sanity range,
team,2026,time_in_possession,Time In Possession,time_in_possession_out_of_range,Dolphins v Sharks,19,away,56,56,stat-specific sanity range,
team,2026,time_in_possession,Time In Possession,time_in_possession_out_of_range,Dolphins v Storm,9,away,98,98,stat-specific sanity range,
team,2026,time_in_possession,Time In Possession,time_in_possession_out_of_range,Dolphins v Warriors,17,away,82,82,stat-specific sanity range,
team,2026,time_in_possession,Time In Possession,time_in_possession_out_of_range,Dragons v Knights,10,away,64,64,stat-specific sanity range,
team,2026,time_in_possession,Time In Possession,time_in_possession_out_of_range,Dragons v Sea Eagles,6,away,60,60,stat-specific sanity range,
team,2026,time_in_possession,Time In Possession,time_in_possession_out_of_range,Dragons v Sea Eagles,6,home,68,68,stat-specific sanity range,
team,2026,time_in_possession,Time In Possession,time_in_possession_out_of_range,Dragons v Sharks,23,away,100,1.6666666666666667,stat-specific sanity range,
team,2026,time_in_possession,Time In Possession,time_in_possession_out_of_range,Dragons v Sharks,23,home,68,68,stat-specific sanity range,
team,2026,time_in_possession,Time In Possession,time_in_possession_out_of_range,Dragons v Titans,21,away,62,62,stat-specific sanity range,
team,2026,time_in_possession,Time In Possession,time_in_possession_out_of_range,Dragons v Titans,21,home,68,68,stat-specific sanity range,
team,2026,time_in_possession,Time In Possession,time_in_possession_out_of_range,Dragons v Warriors,12,away,134,2.2333333333333334,stat-specific sanity range,
team,2026,time_in_possession,Time In Possession,time_in_possession_out_of_range,Dragons v Warriors,12,home,68,68,stat-specific sanity range,
team,2026,time_in_possession,Time In Possession,time_in_possession_out_of_range,Dragons v Wests Tigers,18,away,92,92,stat-specific sanity range,
team,2026,time_in_possession,Time In Possession,time_in_possession_out_of_range,Dragons v Wests Tigers,18,home,68,68,stat-specific sanity range,
team,2026,time_in_possession,Time In Possession,time_in_possession_out_of_range,Eels v Panthers,21,away,52,52,stat-specific sanity range,
team,2026,time_in_possession,Time In Possession,time_in_possession_out_of_range,Eels v Rabbitohs,17,away,58,58,stat-specific sanity range,
team,2026,time_in_possession,Time In Possession,time_in_possession_out_of_range,Eels v Sharks,26,away,56,56,stat-specific sanity range,
team,2026,time_in_possession,Time In Possession,time_in_possession_out_of_range,Eels v Storm,11,away,98,98,stat-specific sanity range,
team,2026,time_in_possession,Time In Possession,time_in_possession_out_of_range,Eels v Titans,6,away,62,62,stat-specific sanity range,
team,2026,time_in_possession,Time In Possession,time_in_possession_out_of_range,Eels v Titans,6,home,94,94,stat-specific sanity range,
team,2026,time_in_possession,Time In Possession,time_in_possession_out_of_range,Eels v Warriors,9,away,82,82,stat-specific sanity range,
team,2026,time_in_possession,Time In Possession,time_in_possession_out_of_range,Eels v Wests Tigers,5,away,92,92,stat-specific sanity range,
team,2026,time_in_possession,Time In Possession,time_in_possession_out_of_range,Eels v Wests Tigers,5,home,94,94,stat-specific sanity range,
team,2026,time_in_possession,Time In Possession,time_in_possession_out_of_range,Knights v Dolphins,18,home,64,64,stat-specific sanity range,
team,2026,time_in_possession,Time In Possession,time_in_possession_out_of_range,Knights v Dragons,16,home,64,64,stat-specific sanity range,
team,2026,time_in_possession,Time In Possession,time_in_possession_out_of_range,Knights v Eels,13,home,64,64,stat-specific sanity range,
team,2026,time_in_possession,Time In Possession,time_in_possession_out_of_range,Knights v Panthers,8,away,52,52,stat-specific sanity range,
team,2026,time_in_possession,Time In Possession,time_in_possession_out_of_range,Knights v Panthers,8,home,64,64,stat-specific sanity range,
team,2026,time_in_possession,Time In Possession,time_in_possession_out_of_range,Knights v Rabbitohs,9,away,58,58,stat-specific sanity range,
team,2026,time_in_possession,Time In Possession,time_in_possession_out_of_range,Knights v Rabbitohs,9,home,64,64,stat-specific sanity range,
team,2026,time_in_possession,Time In Possession,time_in_possession_out_of_range,Knights v Raiders,5,away,67,67,stat-specific sanity range,
team,2026,time_in_possession,Time In Possession,time_in_possession_out_of_range,Knights v Raiders,5,home,100,1.6666666666666667,stat-specific sanity range,
team,2026,time_in_possession,Time In Possession,time_in_possession_out_of_range,Knights v Roosters,21,home,64,64,stat-specific sanity range,
team,2026,time_in_possession,Time In Possession,time_in_possession_out_of_range,Knights v Sea Eagles,25,home,64,64,stat-specific sanity range,
team,2026,time_in_possession,Time In Possession,time_in_possession_out_of_range,Knights v Titans,24,home,64,64,stat-specific sanity range,
team,2026,time_in_possession,Time In Possession,time_in_possession_out_of_range,Knights v Wests Tigers,17,home,64,64,stat-specific sanity range,
team,2026,time_in_possession,Time In Possession,time_in_possession_out_of_range,Panthers v Broncos,20,home,52,52,stat-specific sanity range,
team,2026,time_in_possession,Time In Possession,time_in_possession_out_of_range,Panthers v Dragons,11,home,52,52,stat-specific sanity range,
team,2026,time_in_possession,Time In Possession,time_in_possession_out_of_range,Panthers v Rabbitohs,18,away,58,58,stat-specific sanity range,
team,2026,time_in_possession,Time In Possession,time_in_possession_out_of_range,Panthers v Rabbitohs,18,home,52,52,stat-specific sanity range,
team,2026,time_in_possession,Time In Possession,time_in_possession_out_of_range,Panthers v Raiders,22,home,52,52,stat-specific sanity range,
team,2026,time_in_possession,Time In Possession,time_in_possession_out_of_range,Panthers v Roosters,24,home,52,52,stat-specific sanity range,
team,2026,time_in_possession,Time In Possession,time_in_possession_out_of_range,Panthers v Sea Eagles,9,home,52,52,stat-specific sanity range,
team,2026,time_in_possession,Time In Possession,time_in_possession_out_of_range,Panthers v Storm,5,away,136,2.2666666666666666,stat-specific sanity range,
team,2026,time_in_possession,Time In Possession,time_in_possession_out_of_range,Panthers v Storm,5,home,140,2.3333333333333335,stat-specific sanity range,
team,2026,time_in_possession,Time In Possession,time_in_possession_out_of_range,Panthers v Warriors,13,away,82,82,stat-specific sanity range,
team,2026,time_in_possession,Time In Possession,time_in_possession_out_of_range,Panthers v Warriors,13,home,52,52,stat-specific sanity range,
team,2026,time_in_possession,Time In Possession,time_in_possession_out_of_range,Panthers v Wests Tigers,27,home,52,52,stat-specific sanity range,
team,2026,time_in_possession,Time In Possession,time_in_possession_out_of_range,Panthers v Wests Tigers,28,home,52,52,stat-specific sanity range,
team,2026,time_in_possession,Time In Possession,time_in_possession_out_of_range,Panthers v Wests Tigers,29,home,52,52,stat-specific sanity range,
team,2026,time_in_possession,Time In Possession,time_in_possession_out_of_range,Panthers v Wests Tigers,30,home,52,52,stat-specific sanity range,
team,2026,time_in_possession,Time In Possession,time_in_possession_out_of_range,Panthers v Wests Tigers,31,home,52,52,stat-specific sanity range,
team,2026,time_in_possession,Time In Possession,time_in_possession_out_of_range,Panthers v Wests Tigers,32,home,52,52,stat-specific sanity range,
team,2026,time_in_possession,Time In Possession,time_in_possession_out_of_range,Rabbitohs v Broncos,15,home,58,58,stat-specific sanity range,
team,2026,time_in_possession,Time In Possession,time_in_possession_out_of_range,Rabbitohs v Bulldogs,5,home,78,78,stat-specific sanity range,
team,2026,time_in_possession,Time In Possession,time_in_possession_out_of_range,Rabbitohs v Dolphins,11,home,58,58,stat-specific sanity range,
team,2026,time_in_possession,Time In Possession,time_in_possession_out_of_range,Rabbitohs v Dragons,7,home,58,58,stat-specific sanity range,
team,2026,time_in_possession,Time In Possession,time_in_possession_out_of_range,Rabbitohs v Eels,23,home,58,58,stat-specific sanity range,
team,2026,time_in_possession,Time In Possession,time_in_possession_out_of_range,Rabbitohs v Knights,19,away,64,64,stat-specific sanity range,
team,2026,time_in_possession,Time In Possession,time_in_possession_out_of_range,Rabbitohs v Knights,19,home,58,58,stat-specific sanity range,
team,2026,time_in_possession,Time In Possession,time_in_possession_out_of_range,Rabbitohs v Raiders,6,away,67,67,stat-specific sanity range,
team,2026,time_in_possession,Time In Possession,time_in_possession_out_of_range,Rabbitohs v Raiders,6,home,78,78,stat-specific sanity range,
team,2026,time_in_possession,Time In Possession,time_in_possession_out_of_range,Rabbitohs v Roosters,27,home,58,58,stat-specific sanity range,
team,2026,time_in_possession,Time In Possession,time_in_possession_out_of_range,Rabbitohs v Roosters,28,home,58,58,stat-specific sanity range,
team,2026,time_in_possession,Time In Possession,time_in_possession_out_of_range,Rabbitohs v Roosters,29,home,58,58,stat-specific sanity range,
team,2026,time_in_possession,Time In Possession,time_in_possession_out_of_range,Rabbitohs v Roosters,30,home,58,58,stat-specific sanity range,
team,2026,time_in_possession,Time In Possession,time_in_possession_out_of_range,Rabbitohs v Roosters,31,home,58,58,stat-specific sanity range,
team,2026,time_in_possession,Time In Possession,time_in_possession_out_of_range,Rabbitohs v Roosters,32,home,58,58,stat-specific sanity range,
team,2026,time_in_possession,Time In Possession,time_in_possession_out_of_range,Rabbitohs v Storm,21,away,98,98,stat-specific sanity range,
team,2026,time_in_possession,Time In Possession,time_in_possession_out_of_range,Rabbitohs v Storm,21,home,58,58,stat-specific sanity range,
team,2026,time_in_possession,Time In Possession,time_in_possession_out_of_range,Rabbitohs v Warriors,25,away,82,82,stat-specific sanity range,
team,2026,time_in_possession,Time In Possession,time_in_possession_out_of_range,Rabbitohs v Warriors,25,home,58,58,stat-specific sanity range,
team,2026,time_in_possession,Time In Possession,time_in_possession_out_of_range,Raiders v Knights,23,away,64,64,stat-specific sanity range,
team,2026,time_in_possession,Time In Possession,time_in_possession_out_of_range,Raiders v Panthers,10,away,52,52,stat-specific sanity range,
team,2026,time_in_possession,Time In Possession,time_in_possession_out_of_range,Raiders v Rabbitohs,20,away,58,58,stat-specific sanity range,
team,2026,time_in_possession,Time In Possession,time_in_possession_out_of_range,Raiders v Storm,7,away,98,98,stat-specific sanity range,
team,2026,time_in_possession,Time In Possession,time_in_possession_out_of_range,Roosters v Knights,7,away,64,64,stat-specific sanity range,
team,2026,time_in_possession,Time In Possession,time_in_possession_out_of_range,Roosters v Sharks,16,away,56,56,stat-specific sanity range,
team,2026,time_in_possession,Time In Possession,time_in_possession_out_of_range,Roosters v Storm,20,away,98,98,stat-specific sanity range,
team,2026,time_in_possession,Time In Possession,time_in_possession_out_of_range,Sea Eagles v Rabbitohs,14,away,58,58,stat-specific sanity range,
team,2026,time_in_possession,Time In Possession,time_in_possession_out_of_range,Sea Eagles v Sharks,21,away,56,56,stat-specific sanity range,
team,2026,time_in_possession,Time In Possession,time_in_possession_out_of_range,Sea Eagles v Storm,17,away,98,98,stat-specific sanity range,
team,2026,time_in_possession,Time In Possession,time_in_possession_out_of_range,Sharks v Bulldogs,11,home,56,56,stat-specific sanity range,
team,2026,time_in_possession,Time In Possession,time_in_possession_out_of_range,Sharks v Dragons,14,home,56,56,stat-specific sanity range,
team,2026,time_in_possession,Time In Possession,time_in_possession_out_of_range,Sharks v Knights,20,away,64,64,stat-specific sanity range,
team,2026,time_in_possession,Time In Possession,time_in_possession_out_of_range,Sharks v Knights,20,home,56,56,stat-specific sanity range,
team,2026,time_in_possession,Time In Possession,time_in_possession_out_of_range,Sharks v Rabbitohs,22,away,58,58,stat-specific sanity range,
team,2026,time_in_possession,Time In Possession,time_in_possession_out_of_range,Sharks v Rabbitohs,22,home,56,56,stat-specific sanity range,
team,2026,time_in_possession,Time In Possession,time_in_possession_out_of_range,Sharks v Raiders,24,home,56,56,stat-specific sanity range,
team,2026,time_in_possession,Time In Possession,time_in_possession_out_of_range,Sharks v Roosters,6,away,81,81,stat-specific sanity range,
team,2026,time_in_possession,Time In Possession,time_in_possession_out_of_range,Sharks v Roosters,6,home,100,1.6666666666666667,stat-specific sanity range,
team,2026,time_in_possession,Time In Possession,time_in_possession_out_of_range,Sharks v Storm,27,away,98,98,stat-specific sanity range,
team,2026,time_in_possession,Time In Possession,time_in_possession_out_of_range,Sharks v Storm,28,away,98,98,stat-specific sanity range,
team,2026,time_in_possession,Time In Possession,time_in_possession_out_of_range,Sharks v Storm,29,away,98,98,stat-specific sanity range,
team,2026,time_in_possession,Time In Possession,time_in_possession_out_of_range,Sharks v Storm,30,away,98,98,stat-specific sanity range,
team,2026,time_in_possession,Time In Possession,time_in_possession_out_of_range,Sharks v Storm,31,away,98,98,stat-specific sanity range,
team,2026,time_in_possession,Time In Possession,time_in_possession_out_of_range,Sharks v Storm,32,away,98,98,stat-specific sanity range,
team,2026,time_in_possession,Time In Possession,time_in_possession_out_of_range,Sharks v Storm,27,home,56,56,stat-specific sanity range,
team,2026,time_in_possession,Time In Possession,time_in_possession_out_of_range,Sharks v Storm,28,home,56,56,stat-specific sanity range,
team,2026,time_in_possession,Time In Possession,time_in_possession_out_of_range,Sharks v Storm,29,home,56,56,stat-specific sanity range,
team,2026,time_in_possession,Time In Possession,time_in_possession_out_of_range,Sharks v Storm,30,home,56,56,stat-specific sanity range,
team,2026,time_in_possession,Time In Possession,time_in_possession_out_of_range,Sharks v Storm,31,home,56,56,stat-specific sanity range,
team,2026,time_in_possession,Time In Possession,time_in_possession_out_of_range,Sharks v Storm,32,home,56,56,stat-specific sanity range,
team,2026,time_in_possession,Time In Possession,time_in_possession_out_of_range,Sharks v Warriors,5,away,134,2.2333333333333334,stat-specific sanity range,
team,2026,time_in_possession,Time In Possession,time_in_possession_out_of_range,Sharks v Warriors,5,home,100,1.6666666666666667,stat-specific sanity range,
team,2026,time_in_possession,Time In Possession,time_in_possession_out_of_range,Sharks v Wests Tigers,9,home,56,56,stat-specific sanity range,
team,2026,time_in_possession,Time In Possession,time_in_possession_out_of_range,Storm v Bulldogs,22,home,98,98,stat-specific sanity range,
team,2026,time_in_possession,Time In Possession,time_in_possession_out_of_range,Storm v Knights,14,away,64,64,stat-specific sanity range,
team,2026,time_in_possession,Time In Possession,time_in_possession_out_of_range,Storm v Knights,14,home,98,98,stat-specific sanity range,
team,2026,time_in_possession,Time In Possession,time_in_possession_out_of_range,Storm v Panthers,25,away,52,52,stat-specific sanity range,
team,2026,time_in_possession,Time In Possession,time_in_possession_out_of_range,Storm v Panthers,25,home,98,98,stat-specific sanity range,
team,2026,time_in_possession,Time In Possession,time_in_possession_out_of_range,Storm v Rabbitohs,8,away,58,58,stat-specific sanity range,
team,2026,time_in_possession,Time In Possession,time_in_possession_out_of_range,Storm v Rabbitohs,8,home,98,98,stat-specific sanity range,
team,2026,time_in_possession,Time In Possession,time_in_possession_out_of_range,Storm v Raiders,16,home,98,98,stat-specific sanity range,
team,2026,time_in_possession,Time In Possession,time_in_possession_out_of_range,Storm v Roosters,13,home,98,98,stat-specific sanity range,
team,2026,time_in_possession,Time In Possession,time_in_possession_out_of_range,Storm v Sea Eagles,23,home,98,98,stat-specific sanity range,
team,2026,time_in_possession,Time In Possession,time_in_possession_out_of_range,Storm v Titans,19,home,98,98,stat-specific sanity range,
team,2026,time_in_possession,Time In Possession,time_in_possession_out_of_range,Storm v Warriors,6,away,134,2.2333333333333334,stat-specific sanity range,
team,2026,time_in_possession,Time In Possession,time_in_possession_out_of_range,Storm v Warriors,6,home,136,2.2666666666666666,stat-specific sanity range,
team,2026,time_in_possession,Time In Possession,time_in_possession_out_of_range,Storm v Wests Tigers,10,home,98,98,stat-specific sanity range,
team,2026,time_in_possession,Time In Possession,time_in_possession_out_of_range,Titans v Broncos,5,away,76,76,stat-specific sanity range,
team,2026,time_in_possession,Time In Possession,time_in_possession_out_of_range,Titans v Broncos,5,home,62,62,stat-specific sanity range,
team,2026,time_in_possession,Time In Possession,time_in_possession_out_of_range,Titans v Knights,11,away,64,64,stat-specific sanity range,
team,2026,time_in_possession,Time In Possession,time_in_possession_out_of_range,Titans v Panthers,16,away,52,52,stat-specific sanity range,
team,2026,time_in_possession,Time In Possession,time_in_possession_out_of_range,Titans v Rabbitohs,26,away,58,58,stat-specific sanity range,
team,2026,time_in_possession,Time In Possession,time_in_possession_out_of_range,Titans v Sharks,25,away,56,56,stat-specific sanity range,
team,2026,time_in_possession,Time In Possession,time_in_possession_out_of_range,Titans v Warriors,22,away,82,82,stat-specific sanity range,
team,2026,time_in_possession,Time In Possession,time_in_possession_out_of_range,Warriors v Broncos,11,home,82,82,stat-specific sanity range,
team,2026,time_in_possession,Time In Possession,time_in_possession_out_of_range,Warriors v Cowboys,16,home,82,82,stat-specific sanity range,
team,2026,time_in_possession,Time In Possession,time_in_possession_out_of_range,Warriors v Dolphins,8,home,82,82,stat-specific sanity range,
team,2026,time_in_possession,Time In Possession,time_in_possession_out_of_range,Warriors v Dragons,20,home,82,82,stat-specific sanity range,
team,2026,time_in_possession,Time In Possession,time_in_possession_out_of_range,Warriors v Knights,26,away,64,64,stat-specific sanity range,
team,2026,time_in_possession,Time In Possession,time_in_possession_out_of_range,Warriors v Knights,26,home,82,82,stat-specific sanity range,
team,2026,time_in_possession,Time In Possession,time_in_possession_out_of_range,Warriors v Panthers,23,away,52,52,stat-specific sanity range,
team,2026,time_in_possession,Time In Possession,time_in_possession_out_of_range,Warriors v Panthers,23,home,82,82,stat-specific sanity range,
team,2026,time_in_possession,Time In Possession,time_in_possession_out_of_range,Warriors v Sea Eagles,27,home,82,82,stat-specific sanity range,
team,2026,time_in_possession,Time In Possession,time_in_possession_out_of_range,Warriors v Sea Eagles,28,home,82,82,stat-specific sanity range,
team,2026,time_in_possession,Time In Possession,time_in_possession_out_of_range,Warriors v Sea Eagles,29,home,82,82,stat-specific sanity range,
team,2026,time_in_possession,Time In Possession,time_in_possession_out_of_range,Warriors v Sea Eagles,30,home,82,82,stat-specific sanity range,
team,2026,time_in_possession,Time In Possession,time_in_possession_out_of_range,Warriors v Sea Eagles,32,home,82,82,stat-specific sanity range,
team,2026,time_in_possession,Time In Possession,time_in_possession_out_of_range,Warriors v Sharks,15,away,56,56,stat-specific sanity range,
team,2026,time_in_possession,Time In Possession,time_in_possession_out_of_range,Warriors v Sharks,15,home,82,82,stat-specific sanity range,
team,2026,time_in_possession,Time In Possession,time_in_possession_out_of_range,Warriors v Titans,7,home,82,82,stat-specific sanity range,
team,2026,time_in_possession,Time In Possession,time_in_possession_out_of_range,Wests Tigers v Knights,6,away,100,1.6666666666666667,stat-specific sanity range,
team,2026,time_in_possession,Time In Possession,time_in_possession_out_of_range,Wests Tigers v Knights,6,home,92,92,stat-specific sanity range,
team,2026,time_in_possession,Time In Possession,time_in_possession_out_of_range,Wests Tigers v Panthers,14,away,52,52,stat-specific sanity range,
team,2026,time_in_possession,Time In Possession,time_in_possession_out_of_range,Wests Tigers v Warriors,19,away,82,82,stat-specific sanity range,
